物件種別,物件コード,問合せコード,外部物件区分,外部物件コード,現況,公開状態,エラー,賃料,間取,所在階,築年月,物件名,フリガナ,所在地,管理費,共益費,敷金,礼金,保証金,敷引,更新料,面積（土地）,面積（専有）,坪数(代表),坪単価(代表),物件確認日,登録日,更新日,自社先物,取引態様,業者名,元付担当者,TEL,駐車場,物件メモ,郵便番号
貸地,R00176-025949,,,,更地,公開可,無,550000,,階,-,さいたま市緑区大字間宮の貸地【679坪】,,埼玉県さいたま市緑区大字間宮675,,,,1.00,4.00,,1.00,2247.00,,679.71,810,2026/07/13,"2026/06/16 10:00","2026/07/30 12:22",先物(仲介),,株式会社イコム,-,"=""048-799-3200""",空有,,3360965
工場,R00176-025899,,,,空,公開可,無,660000,,階,1982年01月,北足立郡伊奈町大字小室の貸工場【150坪】,,埼玉県北足立郡伊奈町大字小室7172-1,,,3.00,1.00,,,1.00,1362.42,496.02,150.04,4399,2026/07/06,"2026/06/03 11:43","2026/07/30 12:13",先物(仲介),,株式会社スペース・ランド,-,"=""049-292-9320""",空有,【所在地】埼玉県北足立郡伊奈町大字小室字池堤7172-1　他,3620806
貸地,R00176-024782,,,,更地,アーカイブ(成約),無,850000,,階,-,日高市大字田波目の貸地【2795坪】,,埼玉県日高市大字田波目1,,,2.00,1.00,,,1.00,9240.00,,2795.1,305,2026/07/29,"2025/09/01 11:32","2026/07/29 17:59",先物(仲介),,海栄（株）,-,"=""080-8240-3272""",,担当者：080-8240-3272（固定電話留守電は中国語）,3501201
貸地,R00176-025432,,,,更地,アーカイブ(成約),無,894900,,階,-,八潮市大字南川崎の貸地【471坪】,,埼玉県八潮市大字南川崎706-1,,,1.00,1.00,,,1.00,1557.00,,470.99,1901,2026/07/29,"2026/02/16 10:41","2026/07/29 17:58",先物(仲介),,（株）小栗,-,"=""048-997-7439""",,【所在地】所埼玉県八潮市大字南川崎706-1、他4筆,3400814
貸地,R00176-025874,,,,更地,アーカイブ(成約),無,330000,,階,-,さいたま市岩槻区大字小溝の貸地【459坪】,,埼玉県さいたま市岩槻区大字小溝1108-1,,,2.00,1.00,,,1.10,1520.00,,459.8,718,2026/07/29,"2026/05/29 10:22","2026/07/29 17:53",先物(仲介),,株式会社TRKカンパニー,-,"=""070-8979-2193""",,"2026/5/29　車両置場可、資材置場は用途により応相談（元付：(株)TRKカンパニー）
　　　　　　 担当：新井様｜070-8979-2193
【グーグルマップ】さいたま市岩槻区小溝1424の道路挟んで向かい側
【所在地】埼玉県さいたま市岩槻区大字小溝字新田1108-1　他3筆
※2026/5/29　広告確認中のためマッチングのみ｜(株)TRKカンパニー",3390003
貸地,R00176-023878,,,,その他,アーカイブ(成約),無,437100,,階,-,所沢市東狭山ケ丘5丁目の貸地【1249坪】,,埼玉県所沢市東狭山ケ丘５丁目932-1,,,2.00,480800,,,,4130.00,,1249.32,350,2026/07/29,"2025/02/12 09:56","2026/07/29 17:48",先物(仲介),,（株）七戸住宅,-,"=""04-2925-1980""",,,3591106
貸地,R00176-025002,,,,更地,アーカイブ(成約),無,550000,,階,-,越谷市大字南荻島の貸地【601坪】,,埼玉県越谷市大字南荻島660-1,,,4.00,2.00,,,1.00,1987.00,,601.06,916,2026/07/29,"2025/10/20 11:14","2026/07/29 17:44",先物(仲介),,保永商事エステート事業部,-,"=""048-961-5555""",,2026/6/24　元フットサルのコートでトラック置き場は不向き（地盤）、資材置場OKだが業種要相談（騒音など不可）,3430804
事務所(建物一部),R00176-025326,,,,空,アーカイブ(成約),無,589600,,4階,1993年04月,大田区東海3丁目の貸事務所【66坪】,,東京都大田区東海３丁目9-2,,11000,,,6.00,,,,221.48,66.99,8801,2026/06/24,"2026/01/20 13:33","2026/07/29 17:43",先物(仲介),,株式会社シティ・ハウジング?テナントセンター,-,"=""03-3745-0228""",空有,・4階部分,1430001
倉庫,R00176-025629,,,,使用中,公開可,無,1710000,,階,1988年07月,川越市むさし野の貸倉庫【405坪】,,埼玉県川越市むさし野39-18,44000,,3.00,1.00,,,,,1339.77,405.28,4220,2026/07/29,"2026/04/02 11:20","2026/07/29 17:41",先物(仲介),,ヤマトクリエイト株式会社,-,"=""049-291-5611""",,"2026/5/28　申込みあり　二番手可
■C棟
",3501170
倉庫,R00176-025471,,,,,アーカイブ(成約),無,4442416,,2階,2024年08月,江戸川区東葛西9丁目の貸倉庫【483坪】,,東京都江戸川区東葛西９丁目23-37,,,4.00,1.00,,,,,1597.23,483.16,9195,2026/06/25,"2026/02/24 11:30","2026/07/29 17:41",先物(仲介),,イーソーコ株式会社,-,"=""03-5439-9401""",,・2階部分（一区画）,1340084
倉庫,R00176-025503,,,,空,公開可,無,550000,,階,1992年10月,草加市両新田西町の貸倉庫【92坪】,,埼玉県草加市両新田西町403-1,,,1.00,1.00,,,1.00,289.55,307.00,92.86,5923,2026/07/29,"2026/03/03 11:49","2026/07/29 17:40",先物(仲介),,（有）大和不動産,-,"=""048-921-7878""",空有,,3400027
倉庫,R00176-025374,,,,空,アーカイブ(成約),無,858000,,階,2007年07月,川口市大字石神の貸倉庫【125坪】,,埼玉県川口市大字石神695,,20000,,,4.00,,,,416.00,125.84,6819,2026/07/29,"2026/02/03 10:50","2026/07/29 17:37",先物(仲介),,（株）日本リアリスト,-,"=""03-3667-1391""",空有,"2026/5/28　申込みあり
■A区画
【所在地】埼玉県川口市大字石神字海道西695",3330823
倉庫,R00176-025282,,,,空,アーカイブ(成約),無,715000,,1階,1976年09月,江戸川区中央3丁目の貸倉庫【76坪】,,東京都江戸川区中央３丁目9-7,,22000,,2.00,5.00,,1.50,,251.57,76.09,9396,2026/06/03,"2026/01/08 09:53","2026/07/29 17:30",先物(仲介),,株式会社豊徳,-,"=""03-3964-0861""",無,・1階B区画,1320021
倉庫,R00176-025114,,,,空,アーカイブ(成約),無,2376000,,階,1993年11月,江戸川区江戸川6丁目の貸倉庫【358坪】,,東京都江戸川区江戸川６丁目13-2,,,,1.00,6.00,,1.00,768.91,1186.26,358.84,6622,2026/06/18,"2025/11/11 13:00","2026/07/29 17:27",先物(仲介),,（株）タープ不動産,-,"=""03-5844-6300""",空有,,1340013
倉庫,R00176-025411,,,,空,アーカイブ(成約),無,330000,,階,1973年05月,葛飾区西亀有2丁目の貸倉庫【73坪】,,東京都葛飾区西亀有２丁目56,,,2.00,2.00,,,,,241.92,73.18,4510,2026/06/25,"2026/02/10 11:40","2026/07/29 17:26",先物(仲介),,（株）ミサワ,-,"=""03-3838-3111""",,,1240002
店舗(建物一括),R00176-025663,,,,空,アーカイブ(成約),無,990000,,階,2001年01月,練馬区上石神井3丁目の貸店舗【71坪】,,東京都練馬区上石神井３丁目6-34,,,4.00,1.00,,1.00,,,237.21,71.75,13797,2026/06/25,"2026/04/10 09:50","2026/07/29 17:20",先物(仲介),,イワセ産興（株）阿佐ヶ谷駅前支店,-,"=""03-3393-7755""",空有,※2026/4/28　広告確認中のためマッチングのみ｜イワセ産興（株）,1770044
工場,R00176-025945,,,,,アーカイブ(成約),無,1600000,,階,1967年10月,板橋区小茂根5丁目の貸工場【226坪】,,東京都板橋区小茂根５丁目11-5,,,3.00,1.00,,1.00,1.00,,748.82,226.51,7064,2026/06/15,"2026/06/15 10:39","2026/07/29 17:16",先物(仲介),,青建住宅（株）,-,"=""03-6753-2708""",空有,"※住所：練馬区羽沢3丁目8-9、板橋区小茂根5丁目11-5
・板橋区小茂根の方で登録しています（練馬区羽沢では地図が出ない為）
※2026/6/15　広告確認中のためマッチングのみ｜青建住宅（株）",1730037
倉庫,R00176-024421,,,,使用中,アーカイブ(成約),無,5169400,,4階,2000年05月,荒川区南千住4丁目の貸倉庫【439坪】,,東京都荒川区南千住４丁目1-1,,,6.00,1.00,,,,,1452.62,439.41,11765,2026/06/17,"2025/06/05 10:17","2026/07/29 17:13",先物(仲介),,イーソーコ株式会社,ムライ,"=""03-5439-9401""",空有,"・4階部分（東側）
",1160003
店舗事務所(建物一部),R00176-024629,,,,使用中,公開可,無,429000,,1階,1990年01月,川崎市幸区下平間の貸店舗・事務所【27坪】,,神奈川県川崎市幸区下平間143-17,,,,2.00,5.00,,1.00,,92.09,27.85,15400,2026/07/29,"2025/07/28 09:53","2026/07/29 17:12",先物(仲介),,株式会社シティ・ハウジング?テナントセンター,-,"=""03-3745-0228""",,,2120053
店舗(建物一部),R00176-025053,,,,空,アーカイブ(成約),無,605000,,1階,1998年02月,北区志茂3丁目の貸店舗【34坪】,,東京都北区志茂３丁目14-1,,,,1.00,3000000,,1.00,,112.64,34.07,17756,2026/06/25,"2025/10/27 11:36","2026/07/29 17:09",先物(仲介),,ナキリ住建（株）,-,"=""03-3336-4832""",空無,※2025/10/27　広告確認中のためマッチングのみ｜ナキリ住建(株),1150042
店舗(建物一括),R00176-025722,,,,空,アーカイブ(成約),無,385000,,階,1971年09月,綾瀬市深谷中6丁目の貸店舗【42坪】,,神奈川県綾瀬市深谷中６丁目10-43,,,5.00,1.00,,,1.00,,142.14,42.99,8955,2026/07/06,"2026/04/23 10:27","2026/07/29 17:06",先物(仲介),,ファーストリンク株式会社,-,"=""045-511-7197""",空有,※マッチングのみ,2521107
店舗事務所(建物一括),R00176-024403,,,,居住中,アーカイブ(成約),無,550000,,階,1976年09月,秦野市名古木の貸店舗・事務所【186坪】,,神奈川県秦野市名古木384-6,,,3.00,550000,,,1.00,,615.39,186.15,2955,2026/07/06,"2025/05/30 09:36","2026/07/29 17:06",先物(仲介),,（株）ユーミーネット　本社,-,"=""0466-90-5732""",空有,,2570024
貸地,R00176-025883,,,,更地,公開可,無,485100,,階,-,厚木市愛甲東3丁目の貸地【441坪】,,神奈川県厚木市愛甲東３丁目,55000,,3.00,1.00,,,1.00,1459.00,,441.34,1100,2026/07/29,"2026/06/01 10:08","2026/07/29 17:05",先物(仲介),,(株)レイメイコンサルティング,-,"=""046-250-1177""",,"2026.7.6　インフラ　水道・電気アリ
・資料住所：愛甲東3丁目1584-1
・Googleマップ：https://maps.app.goo.gl/5w9juYkPsLS6h9sf8
　　　　　　　　（愛甲東3丁目20-11の西側辺り）",2430027
倉庫,R00176-025048,,,,空,公開可,無,385000,,2階,1984年04月,茅ヶ崎市本宿町の貸倉庫【63坪】,,神奈川県茅ヶ崎市本宿町2-32,,,,2.00,6.00,,1.00,,210.60,63.7,6044,2026/07/29,"2025/10/27 10:19","2026/07/29 17:04",先物(仲介),,湘南タクトホーム（株）,-,"=""0466-34-3411""",空有,"・C号室
※ネット広告禁止のためマッチング登録のみ",2530014
貸地,R00176-023797,,,,更地,公開可,無,445000,,階,-,横浜市瀬谷区阿久和南4丁目の貸地【298坪】,,神奈川県横浜市瀬谷区阿久和南４丁目6-3,,,3.00,1.00,,,55000,986.00,,298.26,1492,2026/07/29,"2025/01/28 10:51","2026/07/29 17:04",先物(仲介),,（株）マリンボックス,-,"=""0466-41-2133""",,※2025/1/28　広告確認中のためマッチングのみ｜(株)マリンボックス,2460026
倉庫,R00176-025450,,,,使用中,公開可,無,3730892,,階,1993年01月,平塚市大神8丁目の貸倉庫【847坪】,,神奈川県平塚市大神８丁目19-25,,,4.00,1.00,,,,2148.35,2803.07,847.92,4401,2026/07/29,"2026/02/18 09:39","2026/07/29 17:03",先物(仲介),,株式会社シーアールイー　本社,-,"=""03-5572-6604""",,,2540012
店舗(建物一括),R00176-024205,,,,空,公開可,無,1210000,,階,2004年12月,横浜市緑区長津田みなみ台5丁目の貸店舗【75坪】,,神奈川県横浜市緑区長津田みなみ台５丁目25-10,,,,1.00,10.00,,1.00,567.68,248.33,75.11,16108,2026/07/29,"2025/04/18 11:29","2026/07/29 16:59",先物(仲介),,（株）丸産技研,-,"=""045-983-0303""",空有,,2260018
倉庫,R00176-023681,,,,空,アーカイブ(成約),無,726000,,3階,1992年01月,大田区平和島5丁目の貸倉庫【87坪】,,東京都大田区平和島５丁目11-1,,,6.00,1.00,,1.00,,,290.90,87.99,8251,2026/06/18,"2025/01/07 11:32","2026/07/29 16:59",先物(仲介),,イーソーコ株式会社,-,"=""03-5439-9401""",,・3階一区画,1430006
倉庫,R00176-023694,,,,空,公開可,無,1247800,,2階,1990年12月,川崎市川崎区東扇島の貸倉庫【270坪】,,神奈川県川崎市川崎区東扇島13-1,,89133,,1.00,3.00,1.00,1.00,,893.50,270.28,4617,2026/07/29,"2025/01/10 10:13","2026/07/29 16:57",先物(仲介),,合同会社彩虹舎,-,"=""03-6810-8728""",,"2025.5.26　荷役が条件

・203号室",2100869
工場,R00176-025977,,,,空,アーカイブ(成約),無,352260,,1階,1975年06月,大田区西六郷3丁目の貸工場【32坪】,,東京都大田区西六郷３丁目19-10,5500,,3.00,1.00,,1.00,1.00,,106.13,32.1,10973,2026/06/23,"2026/06/23 11:06","2026/07/29 16:56",先物(仲介),,（有）アーク・イン・シオダ,-,"=""03-3733-6661""",,※2026/6/23　広告確認中のためマッチングのみ｜(有)アーク・イン・シオダ,1440056
倉庫,R00176-024360,,,,空,アーカイブ(成約),無,396000,,2階,1983年08月,大田区大森南4丁目の貸倉庫【40坪】,,東京都大田区大森南４丁目10-20,,,6.00,1.00,,1.00,1.00,,133.21,40.29,9828,2026/06/24,"2025/05/22 11:16","2026/07/29 16:50",先物(仲介),,（株）コタニ興業,-,"=""045-593-3721""",無,・2階部分,1430013
貸地,R00176-023881,,,,更地,公開可,無,780000,,階,-,横浜市泉区上飯田町の貸地【567坪】,,神奈川県横浜市泉区上飯田町2234-8,,,,2.00,3.00,,,1876.61,,567.67,1375,2026/07/29,"2025/02/12 10:37","2026/07/29 16:29",先物(仲介),,（株）日本地所,-,"=""045-301-3311""",,"2025.10.16　トレーラーハウス相談可。
元付：オーナー様より宅地にしたと聞いていたが、調べるとまだ変更がかかっていない為、お話が進んだ際に確認が必要。",2450018
貸地,R00176-024834,,,,更地,アーカイブ(成約),無,630000,,階,-,吉川市中央1丁目の貸地【350坪】,,埼玉県吉川市中央１丁目10-14,,,2.00,2.00,,,,1159.00,,350.59,1797,2026/07/29,"2025/09/11 10:07","2026/07/29 16:28",先物(仲介),,（株）石田興産　埼玉支店,-,"=""048-948-6866""",,"2026/2/24　駐車場最適、資材置場は用途による
所在地：中央1丁目10-14.15",3420061
倉庫,R00176-025793,,,,,公開可,無,363000,,階,1990年06月,鶴ヶ島市脚折町4丁目の貸倉庫【78坪】,,埼玉県鶴ヶ島市脚折町４丁目15-28,,,,2.00,,,1.00,488.00,260.14,78.69,4613,2026/07/29,"2026/05/12 11:29","2026/07/29 16:24",先物(仲介),,有限会社ハツカリ住建,-,"=""049-286-2200""",空有,,3502211
貸地,R00176-025209,,,,その他,公開可,無,546000,,階,-,川越市大字中福の貸地【778坪】,,埼玉県川越市大字中福893,,,3.00,1.00,,,1.00,2574.00,,778.63,702,2026/07/29,"2025/12/09 10:11","2026/07/29 16:24",先物(仲介),,横田建設株式会社,-,"=""049-242-3592""",,,3501156
倉庫,R00176-023013,,,,居住中,公開可,無,385000,,階,1991年10月,吉川市大字上内川の貸倉庫【68坪】,,埼玉県吉川市大字上内川346-1,,,2.00,1.00,,,1.00,,226.49,68.51,5620,2026/07/29,"2024/08/20 10:53","2026/07/29 16:23",先物(仲介),,株式会社東海住宅建設,-,"=""04-7129-8211""",空有,,3420001
倉庫,R00176-025844,,,,空,アーカイブ(成約),無,572858,,階,1964年11月,和光市白子3丁目の貸倉庫【79坪】,,埼玉県和光市白子３丁目36-47,,,,1.00,4.00,,1.00,889.25,264.46,79.99,7161,2026/07/29,"2026/05/25 09:56","2026/07/29 16:21",先物(仲介),,（株）タープ不動産,-,"=""03-5844-6300""",空有,"2026/6/24　申込みあり　二番手可
■3号棟
※通路奥の建物のため、写真が撮れないため接道写真のみになっています。",3510101
倉庫,R00176-025845,,,,空,公開可,無,699413,,階,1964年11月,和光市白子3丁目の貸倉庫【97坪】,,埼玉県和光市白子３丁目36-47,,,,1.00,4.00,,1.00,889.25,323.40,97.82,7150,2026/07/29,"2026/05/25 10:05","2026/07/29 16:20",先物(仲介),,（株）タープ不動産,-,"=""03-5844-6300""",空有,■2号棟,3510101
倉庫,R00176-025467,,,,空,アーカイブ(成約),無,1963500,,階,1970年01月,久喜市菖蒲町小林の貸倉庫【594坪】,,埼玉県久喜市菖蒲町小林908,,,,1.00,,,,,1966.94,594.99,3301,2026/07/29,"2026/02/24 10:14","2026/07/29 16:18",先物(仲介),,久保田倉庫（有）,-,"=""0270-23-1057""",,,3460115
倉庫,R00176-023150,,,,空,公開可,無,3630000,,階,1984年07月,さいたま市北区吉野町2丁目の貸倉庫【412坪】,,埼玉県さいたま市北区吉野町２丁目223-8,,,3.00,1.00,,,,806.42,1365.15,412.95,8791,2026/07/29,"2024/09/12 11:53","2026/07/29 16:16",先物(仲介),,久保田倉庫（有）,-,"=""0270-23-1057""",空有,,3310811
貸地,R00176-025177,,,,,公開可,無,500000,,階,-,藤沢市遠藤の貸地【436坪】,,神奈川県藤沢市遠藤6596,,,,1.00,3.00,,1.00,1442.00,,436.2,1147,2026/07/29,"2025/12/02 09:35","2026/07/29 15:52",先物(仲介),,ウスイホーム（株）湘南台賃貸センター,-,"=""0466-41-9250""",,,2520816
貸地,R00176-025494,,,,更地,公開可,無,385000,,階,-,横浜市緑区長津田3丁目の貸地【199坪】,,神奈川県横浜市緑区長津田３丁目64-2,,,,2.00,3.00,,0.50,661.00,,199.95,1926,2026/07/29,"2026/03/03 09:59","2026/07/29 15:51",先物(仲介),,株式会社加瀬テナントサービス,-,"=""045-534-8232""",,,2260027
貸地,R00176-024429,,,,更地,公開可,無,671300,,階,-,高座郡寒川町一之宮9丁目の貸地【839坪】,,神奈川県高座郡寒川町一之宮９丁目29-18,,,,1.10,3.00,,1.10,2774.01,,839.13,800,2026/07/29,"2025/06/09 10:27","2026/07/29 15:51",先物(仲介),,（株）アサヒ地建　,-,"=""046-220-4422""",,,2530111
店舗事務所(建物一部),R00176-023393,,,,使用中,公開可,無,462792,,階,2001年03月,横浜市西区浅間町5丁目の貸店舗・事務所【35坪】,,神奈川県横浜市西区浅間町５丁目384-3,,,,1.10,10.00,,1.10,,115.92,35.06,13198,2026/07/29,"2024/11/01 11:31","2026/07/29 15:50",先物(仲介),,東急リバブル（株）オフィス店舗賃貸センター,伊東様：070-3191-9918,"=""050-3628-7211""",,"・1-2階部分
※営業時間内（9:30-18:00）は担当者伊藤さん携帯へ連絡：070-3191-9918",2200072
貸地,R00176-025258,,,,更地,公開可,無,1045000,,階,-,大和市深見西8丁目の貸地【628坪】,,神奈川県大和市深見西８丁目5,,,3135000,1045000,,,1.00,2079.00,,628.89,1662,2026/07/29,"2025/12/25 09:43","2026/07/29 15:49",先物(仲介),,（株）市萬,物件確認専用ダイヤル,"=""050-3159-7483""",,※2025/12/25　広告確認中のためマッチングのみ｜(株)一萬,2420018
貸地,R00176-023592,,,,更地,アーカイブ(成約),無,300000,,階,-,厚木市温水の貸地【328坪】,,神奈川県厚木市温水137-1,,,,,,,1.00,1087.00,,328.81,913,2026/07/07,"2024/12/10 10:18","2026/07/29 15:47",先物(仲介),,（有）県央土地建物,-,"=""046-294-4022""",,※2026/7/6　アットホーム転載可物件｜(有)県央土地建物,2430033
貸地,R00176-025493,,,,更地,公開可,無,4500000,,階,-,横浜市旭区上白根町の貸地【2511坪】,,神奈川県横浜市旭区上白根町1116-2,,,2.00,1.00,,,1.00,8304.03,,2511.96,1792,2026/07/29,"2026/03/03 09:53","2026/07/29 15:46",先物(仲介),,（株）八朗平,-,"=""042-796-2333""",,"・所在地：上?根町 1116-2外",2410001
貸地,R00176-025070,,,,,アーカイブ(成約),無,693000,,階,-,横浜市瀬谷区下瀬谷1丁目の貸地【475坪】,,神奈川県横浜市瀬谷区下瀬谷１丁目36-5,,,3.00,1.00,,,,1573.50,,475.98,1456,2026/07/07,"2025/10/30 10:39","2026/07/29 15:46",先物(仲介),,株式会社シーアールイ―,-,"=""03-5572-6604""",,,2460035
貸地,R00176-025318,,,,更地,公開可,無,380000,,階,-,横浜市戸塚区上矢部町の貸地【240坪】,,神奈川県横浜市戸塚区上矢部町1033,,,4.00,1.00,,,1.00,796.00,,240.79,1579,2026/07/29,"2026/01/20 10:42","2026/07/29 15:44",先物(仲介),,（有）浅川測量設計不動産事務所,-,"=""045-804-3233""",,※2026/1/20　広告確認中のためマッチングのみ｜(有)浅川測量設計不動産事務所,2450053
貸地,R00176-024746,,,,更地,公開可,無,660000,,階,-,厚木市酒井の貸地【438坪】,,神奈川県厚木市酒井1009-2,,,,2.00,3.00,,0.50,1451.00,,438.92,1504,2026/07/29,"2025/08/25 10:06","2026/07/29 15:44",先物(仲介),,株式会社加瀬テナントサービス,-,"=""045-534-8232""",,"2025.11.28　申し込みあり→二番手
2025.10.７　申し込みあり→二番手
※地図は正確ではありません。確認お願いします。",2430022
店舗事務所(建物一部),R00176-023830,,,,空,公開可,無,550000,,1階,1986年10月,横浜市緑区白山1丁目の貸店舗・事務所【35坪】,,神奈川県横浜市緑区白山１丁目2-15,55000,,,2.00,10.00,,,,116.64,35.28,15588,2026/07/29,"2025/02/04 10:35","2026/07/29 15:42",先物(仲介),,（株）オキムス,物確：050-3187-9897,"=""045-533-5670""",無,"・101号室
※2025/10/29　レインズ広告可物件｜(株)オキムス",2260006
貸地,R00176-025694,,,,更地,公開可,無,385000,,階,-,厚木市三田の貸地【356坪】,,神奈川県厚木市三田2162,,,1.00,1.00,,,0.50,1179.00,,356.64,1080,2026/07/29,"2026/04/17 10:18","2026/07/29 15:41",先物(仲介),,（有）プロジェクトＫ,-,"=""046-230-0390""",,"※2026/4/17　レインズ広告可物件｜(有)プロジェクトK
※大型不可・資材置場不可",2430211
貸地,R00176-025695,,,,,公開可,無,330000,,階,-,厚木市三田の貸地【344坪】,,神奈川県厚木市三田2164,,,1.00,1.00,,,0.50,1140.00,,344.85,957,2026/07/29,"2026/04/17 10:18","2026/07/29 15:40",先物(仲介),,（有）プロジェクトＫ,-,"=""046-230-0390""",,"※2026/4/17　レインズ広告可物件｜(有)プロジェクトK
※大型不可（資材置場は要確認）",2430211
貸地,R00176-025913,,,,更地,公開可,無,1000000,,階,-,平塚市入野の貸地【1180坪】,,神奈川県平塚市入野824-3,,,3.00,1.00,,,,3903.00,,1180.65,847,2026/07/29,"2026/06/08 10:06","2026/07/29 15:38",先物(仲介),,GｉｖｅＲｅ（株）,-,"=""0467-40-6760""",,,2591216
貸地,R00176-023774,,,,更地,アーカイブ(成約),無,999000,,階,-,横浜市泉区新橋町の貸地【642坪】,,神奈川県横浜市泉区新橋町1272-1,,,,1.00,3.00,,1.10,2123.82,,642.45,1555,2026/07/07,"2025/01/24 09:49","2026/07/29 15:36",先物(仲介),,（株）ハウスプランニング,-,"=""046-876-9404""",,"・Googleマップ：https://maps.app.goo.gl/PuqJfFGmZQSqSovP6
※2025/1/24　at-home転載可物件｜(株)ハウスプランニング",2450009
倉庫,R00176-025800,,,,居住中,公開可,無,3520000,,階,2003年01月,厚木市岡田5丁目の貸倉庫【485坪】,,神奈川県厚木市岡田５丁目5-12,,,3.00,1.00,,,1.00,,1604.42,485.33,7253,2026/07/29,"2026/05/13 10:11","2026/07/29 15:35",先物(仲介),,（株）ケン・コーポレーション　横浜支店,門脇様：070-3143-8748,"=""045-650-7890""",,,2430021
倉庫,R00176-023686,,,,空,公開可,無,1319600,,13階,1988年02月,川崎市幸区堀川町の貸倉庫【79坪】,,神奈川県川崎市幸区堀川町580-16,,,10.00,,,,,,264.40,79.98,16499,2026/07/29,"2025/01/08 10:52","2026/07/29 15:28",先物(仲介),,（株）Ｒｏｏｍ,-,"=""03-5946-2103""",空有,・13階部分一区画貸し,2120013
倉庫,R00176-025799,,,,空,公開可,無,2972300,,9階,1988年02月,川崎市幸区堀川町の貸倉庫【79坪】,,神奈川県川崎市幸区堀川町580-16,,,12.00,,,,,,264.40,79.98,37163,2026/07/29,"2026/05/13 09:56","2026/07/29 15:27",先物(仲介),,（株）Ｒｏｏｍ,-,"=""03-5946-2103""",空有,・9階部分（1区画）,2120013
貸地,R00176-024852,,,,その他,公開可,無,386100,,階,-,横浜市都筑区大棚町の貸地【269坪】,,神奈川県横浜市都筑区大棚町56,,,,1.00,3.00,,1.00,892.00,,269.83,1431,2026/07/29,"2025/09/17 10:33","2026/07/29 15:25",先物(仲介),,(有)ハセガワ企画,-,"=""045-942-9700""",,,2240027
貸地,R00176-025435,,,,更地,公開可,無,4500000,,階,-,横浜市旭区上白根町の貸地【2511坪】,,神奈川県横浜市旭区上白根町1108-1,,,2.00,,,,1.00,8304.03,,2511.96,1792,2026/07/29,"2026/02/16 12:22","2026/07/29 15:25",先物(仲介),,リード株式会社,-,"=""045-308-9656""",,,2410001
貸地,R00176-025095,,,,更地,公開可,無,550000,,階,-,厚木市妻田北2丁目の貸地【604坪】,,神奈川県厚木市妻田北２丁目5,6000,,3.00,1.00,,,1.00,1999.00,,604.69,910,2026/07/29,"2025/11/07 10:11","2026/07/29 15:22",先物(仲介),,(株)レイメイコンサルティング,-,"=""046-250-1177""",,※掲載NG｜(株)レイメイコンサルティング,2430812
貸地,R00176-025541,,,,更地,公開可,無,830000,,階,-,大和市深見西3丁目の貸地【293坪】,,神奈川県大和市深見西３丁目745-4,,,,1.00,6.00,,,969.75,,293.34,2830,2026/07/29,"2026/03/13 09:22","2026/07/29 15:18",先物(仲介),,（株）プロフィット,-,"=""03-6804-5301""",,"・C号地
・場所：グーグルマップでは、深見西3丁目4
",2420018
貸地,R00176-025934,,,,更地,アーカイブ(成約),無,448000,,階,-,横浜市保土ケ谷区上菅田町の貸地【268坪】,,神奈川県横浜市保土ケ谷区上菅田町,,,,2.00,3.00,,1.00,887.79,,268.55,1669,2026/07/07,"2026/06/12 09:44","2026/07/29 15:18",先物(仲介),,（株）Ｇｉｒａｓｏｌｅ,-,"=""045-513-1020""",,・Googleマップ：https://maps.app.goo.gl/FbDxzatnMwe46bcZ6,2400051
貸地,R00176-025933,,,,古家付,公開可,無,350000,,階,-,横浜市港北区高田町の貸地【101坪】,,神奈川県横浜市港北区高田町2151-2,,,2.00,1.00,,,,337.00,,101.94,3434,2026/07/29,"2026/06/11 10:46","2026/07/29 15:17",先物(仲介),,（有）飛鳥興業,-,"=""044-751-3939""",,※2026/6/11　at-home転載可物件｜(有)飛鳥興業,2230063
工場,R00176-025812,,,,使用中,公開可,無,3520000,,1階,1981年06月,相模原市中央区田名の貸工場【709坪】,,神奈川県相模原市中央区田名3331,,,3.00,1.00,,,,3570.72,2346.97,709.95,4959,2026/07/29,"2026/05/18 10:26","2026/07/29 15:16",先物(仲介),,くみあい商事株式会社,-,"=""042-776-1234""",空有,"・Googleマップ：https://maps.app.goo.gl/CrbbxjAyP99H778D6
　※枝番3330で表示されます
・所在地：田名3331-1外",2520244
貸地,R00176-025817,,,,更地,公開可,無,740000,,階,-,厚木市酒井の貸地【386坪】,,神奈川県厚木市酒井3311-2,,,3.00,1.00,,,,1277.59,,386.47,1915,2026/07/29,"2026/05/19 09:40","2026/07/29 15:15",先物(仲介),,株式会社シーアールイー　本社,-,"=""03-5572-6604""",,,2430022
倉庫,R00176-024558,,,,使用中,公開可,無,2326500,,1階,1969年12月,平塚市大神9丁目の貸倉庫【470坪】,,神奈川県平塚市大神９丁目,,,3.00,1.00,,,,,1555.00,470.38,4946,2026/07/29,"2025/07/04 11:20","2026/07/29 15:15",先物(仲介),,（有）アイアイエステート,-,"=""045-594-8451""",,"・場所：グーグルマップでは、大神2571（横浜埠頭（株） 平塚営業所）
（平塚市大神9丁目14）
・1階部分AB",2540012
貸地,R00176-025725,,,,更地,公開可,無,300000,,階,-,愛甲郡愛川町角田の貸地【332坪】,,神奈川県愛甲郡愛川町角田23,,,,2.00,5.00,,1.00,1100.00,,332.75,902,2026/07/29,"2026/04/24 10:09","2026/07/29 15:14",先物(仲介),,（株）サンヨーホーム,-,"=""042-755-3446""",,"・所在地：愛甲郡愛川町角田22番、23番
※2026/4/24　広告確認中のためマッチングのみ｜(株)サンヨーホーム",2430301
貸地,R00176-025495,,,,更地,公開可,無,410000,,階,-,茅ヶ崎市堤の貸地【342坪】,,神奈川県茅ヶ崎市堤1456,,,3.00,1.00,,,,1131.00,,342.12,1199,2026/07/29,"2026/03/03 10:13","2026/07/29 15:13",先物(仲介),,GｉｖｅＲｅ（株）,-,"=""0467-40-6760""",,,2530006
倉庫,R00176-024753,,,,空,アーカイブ(成約),無,355300,,1階,1996年02月,横浜市神奈川区反町1丁目の貸倉庫【31坪】,,神奈川県横浜市神奈川区反町１丁目7-3,,35200,8.00,2.00,,2.00,1.00,182.52,103.40,31.27,11360,2026/07/07,"2025/08/26 10:01","2026/07/29 15:09",先物(仲介),,（株）浜伸,-,"=""045-316-6341""",,,2210825
貸地,R00176-025811,,,,,公開可,無,644600,,階,-,横浜市港北区新吉田町の貸地【293坪】,,神奈川県横浜市港北区新吉田町3998,,,3.00,1.00,,,1.10,969.06,,293.14,2199,2026/07/29,"2026/05/18 10:08","2026/07/29 15:06",先物(仲介),,（株）コタニ興業,-,"=""045-593-3721""",,,2230056
店舗事務所(建物一括),R00176-024341,,,,空,公開可,無,2200000,,階,1989年06月,相模原市中央区相模原3丁目の貸店舗・事務所【317坪】,,神奈川県相模原市中央区相模原３丁目9-16,,,10.00,1.00,,,,330.61,1048.36,317.12,6938,2026/07/29,"2025/05/20 09:51","2026/07/29 15:06",先物(仲介),,有限会社トラストワン,-,"=""045-943-7011""",,※2025/5/20　広告確認中のためマッチングのみ｜(有)トラストワン,2520231
倉庫,R00176-024593,,,,使用中,公開可,無,2750000,,階,1962年03月,座間市ひばりが丘4丁目の貸倉庫【625坪】,,神奈川県座間市ひばりが丘４丁目25-11,,,,1.00,6.00,,1.00,2231.54,2068.46,625.7,4396,2026/07/29,"2025/07/17 09:55","2026/07/29 15:05",先物(仲介),,（株）ライフグランツ,-,"=""042-705-2001""",空有,2025.9.30　構造計算書はない為、床荷重不明。,2520003
倉庫,R00176-024899,,,,空,アーカイブ(成約),無,803000,,階,1974年07月,横浜市瀬谷区卸本町の貸倉庫【111坪】,,神奈川県横浜市瀬谷区卸本町9279-25,,,6.00,1.00,,,,440.18,370.02,111.93,7175,2026/07/08,"2025/09/29 09:21","2026/07/29 15:03",先物(仲介),,横浜不動産情報株式会社,-,"=""045-314-0314""",空有,"・C-3（連棟式の一部）
※マッチングのみ（掲載NG業者｜横浜不動産情報（株））",2460001
倉庫,R00176-024622,,,,空,公開可,無,12762500,,1階,2023年01月,横浜市金沢区幸浦1丁目の貸倉庫【2348坪】,,神奈川県横浜市金沢区幸浦１丁目,,528314,6.00,,,,,,7763.19,2348.36,5435,2026/07/29,"2025/07/25 09:45","2026/07/29 14:59",先物(仲介),,（株）日本エステートリサーチ,-,"=""03-5402-7590""",,"・1階E区画
・Googleマップ枝番：8-3",2360003
貸地,R00176-024535,,,,その他,公開可,無,300000,,階,-,相模原市緑区葉山島の貸地【230坪】,,神奈川県相模原市緑区葉山島783-1,,,4.00,2.00,,,1.00,763.00,,230.8,1300,2026/07/29,"2025/07/01 10:55","2026/07/29 14:59",先物(仲介),,（有）恵明ハウジング,-,"=""042-754-3241""",,※2025/7/1　広告確認中のためマッチングのみ｜(有)恵明ハウジング,2520114
倉庫,R00176-024382,,,,空,公開可,無,11844300,,2階,2023年03月,川崎市川崎区東扇島の貸倉庫【2203坪】,,神奈川県川崎市川崎区東扇島,,484764,6.00,,,,,,7284.19,2203.46,5376,2026/07/29,"2025/05/27 11:16","2026/07/29 14:56",先物(仲介),,（株）日本エステートリサーチ,-,"=""03-5402-7590""",,"・2階A区画
・枝番：21",2100869
倉庫,R00176-023707,,,,空,公開可,無,5014548,,2階,1990年12月,川崎市川崎区東扇島の貸倉庫【1085坪】,,神奈川県川崎市川崎区東扇島13-1,,358182,,1.00,3.00,,1.00,5000.04,3588.80,1085.61,4620,2026/07/29,"2025/01/14 10:53","2026/07/29 14:55",先物(仲介),,合同会社彩虹舎,080-6658-8954,"=""03-6810-8728""",,"2025.5.26　荷役が条件

・2階部分（201、202、203）",2100869
倉庫,R00176-024916,,,,空,公開可,無,970200,,階,1987年11月,横須賀市根岸町4丁目の貸倉庫【147坪】,,神奈川県横須賀市根岸町４丁目12,,,,1.00,6.00,,1.00,,486.00,147.01,6600,2026/07/29,"2025/10/02 11:51","2026/07/29 14:52",先物(仲介),,株式会社テンポジャパン,-,"=""03-5427-6355""",空有,,2390807
倉庫,R00176-024509,,,,空,公開可,無,3545520,,階,2024年08月,入間郡毛呂山町大字葛貫の貸倉庫【753坪】,,埼玉県入間郡毛呂山町大字葛貫515-1,,,,1.00,6.00,,,22872.75,2491.21,753.59,4705,2026/07/29,"2025/06/25 10:57","2026/07/29 14:51",先物(仲介),,株式会社拓洋,-,"=""048-995-4147""",空有,,3500445
工場,R00176-025928,,,,空,公開可,無,506000,,階,1972年09月,横浜市都筑区池辺町の貸工場【45坪】,,神奈川県横浜市都筑区池辺町3452,,,,3.00,3.00,,1.00,,152.06,45.99,11001,2026/07/29,"2026/06/11 09:33","2026/07/29 14:51",先物(仲介),,株式会社見村鉄骨グループ,-,"=""044-588-5231""",空有,"・1区画貸し
※2026/6/11　at-home広告可物件｜(株)?村鉄?グループ",2240053
倉庫,R00176-025912,,,,使用中,公開可,無,1778845,,1階,1987年01月,加須市飯積の貸倉庫【490坪】,,埼玉県加須市飯積435-1,,,,1778845,6468528,,,15735.58,1619.96,490.03,3631,2026/07/29,"2026/06/08 09:51","2026/07/29 14:50",先物(仲介),,株式会社拓洋,-,"=""048-995-4147""",,・南棟A-3、A-4,3491211
工場,R00176-025813,,,,空,公開可,無,330000,,3階,1991年06月,横浜市都筑区川向町の貸工場【56坪】,,神奈川県横浜市都筑区川向町922-33,,6000,5.00,2.00,,1.00,1.00,,187.00,56.56,5834,2026/07/29,"2026/05/18 10:47","2026/07/29 14:49",先物(仲介),,（株）優栄ブルーハウジング,-,"=""045-211-4141""",,"・3階部分
※2026/5/18　at-home転載可物件｜（株）優栄ブルーハウジング",2240044
貸地,R00176-025751,,,,更地,公開可,無,750000,,階,-,越谷市七左町8丁目の貸地【542坪】,,埼玉県越谷市七左町８丁目170-1,,,3.00,1.00,,,,1792.00,,542.08,1384,2026/07/29,"2026/05/01 09:36","2026/07/29 14:48",先物(仲介),,株式会社タカハシ,-,"=""048-297-3003""",,※2026/5/1　広告確認中のためマッチングのみ｜(株)タカハシ,3430851
倉庫,R00176-026036,,,,居住中,公開可,無,1650000,,階,1997年10月,厚木市岡田2丁目の貸倉庫【450坪】,,神奈川県厚木市岡田２丁目1649-1,,,3.00,1.00,,,,836.34,1489.58,450.59,3662,2026/07/29,"2026/07/07 10:21","2026/07/29 14:48",先物(仲介),,厚農商事（株）本店,-,"=""046-224-1555""",,"・Googleマップ：https://maps.app.goo.gl/7Hd1yLXFj4pu34647
・Googleマップ枝番：1-20",2430021
貸地,R00176-025313,,,,更地,公開可,無,357300,,階,-,吉川市大字三輪野江の貸地【396坪】,,埼玉県吉川市大字三輪野江1980-1,,,2.00,1.00,,,,1311.19,,396.63,901,2026/07/29,"2026/01/19 14:40","2026/07/29 14:45",先物(仲介),,（株）石田興産　埼玉支店,-,"=""048-948-6866""",,・枝番：1980-1他,3420027
倉庫,R00176-025940,,,,使用中,公開可,無,1362348,,階,1987年10月,三郷市戸ケ崎2丁目の貸倉庫【349坪】,,埼玉県三郷市戸ケ崎２丁目113,,,4.00,,,,,824.16,1154.79,349.32,3900,2026/07/29,"2026/06/12 10:37","2026/07/29 14:44",先物(仲介),,株式会社結コーポレーション,-,"=""03-6809-1693""",空有,2026/7/29　物件詳細確認は担当の杉山様まで,3410044
倉庫,R00176-023715,,,,空,公開可,無,990000,,階,1969年12月,横浜市戸塚区深谷町の貸倉庫【235坪】,,神奈川県横浜市戸塚区深谷町893-2,,,,1.00,3.00,,,,777.80,235.28,4208,2026/07/29,"2025/01/15 10:49","2026/07/29 14:36",先物(仲介),,株式会社加瀬テナントサービス,-,"=""045-534-8232""",空有,"2025.10.17　申し込み無し、現在は募集中
2025.6.3　2番手受付中。",2450067
倉庫,R00176-025805,,,,使用中,公開可,無,2411640,,2階,1969年12月,平塚市大神9丁目の貸倉庫【522坪】,,神奈川県平塚市大神９丁目14-12,,,3.00,1.00,,,1.00,4681.97,1725.62,522,4620,2026/07/29,"2026/05/15 09:40","2026/07/29 14:30",先物(仲介),,厚?倉庫株式会社,-,"=""046-233-5111""",,・2階部分,2540012
倉庫,R00176-025216,,,,空,アーカイブ(成約),無,337744,,1階,1988年03月,横浜市都筑区東山田4丁目の貸倉庫【38坪】,,神奈川県横浜市都筑区東山田４丁目40-5,,,3.00,1.00,,1.00,1.00,,126.91,38.39,8798,2026/07/29,"2025/12/10 09:39","2026/07/29 14:28",先物(仲介),,（株）コタニ興業,-,"=""045-593-3721""",空有,"20260127　2階はオーナー住居
・1階部分

2026/04/08　物確→申込有。3番手であればご紹介可能とのことでした
",2240023
工場,R00176-025000,,,,空,アーカイブ(成約),無,3674000,,2階,2000年01月,川崎市幸区塚越4丁目の貸工場【226坪】,,神奈川県川崎市幸区塚越４丁目320-1,,132000,6.00,1.00,,1.00,,,748.81,226.51,16220,2026/07/01,"2025/10/20 10:58","2026/07/29 14:26",先物(仲介),,（株）コタニ興業,-,"=""045-593-3721""",,"・2026/7/1　コタニ興業にて再募集開始を確認
・2025/12/1業者変更（コタニ興業⇒大和ハウス工業※直接やり取り可）小林さん指示
・2階C",2120024
倉庫,R00176-025642,,,,空,公開可,無,1430000,,階,1972年05月,横浜市磯子区森2丁目の貸倉庫【146坪】,,神奈川県横浜市磯子区森２丁目20-21,,,,1.00,3.00,,,,483.01,146.11,9788,2026/07/29,"2026/04/07 10:29","2026/07/29 14:25",先物(仲介),,株式会社加瀬テナントサービス,-,"=""045-534-8232""",空有,・1-2階部分と別棟倉庫1-2階部分,2350023
店舗事務所(建物一括),R00176-025990,,,,使用中,公開可,無,2500000,,階,2023年05月,藤沢市辻堂新町3丁目の貸店舗・事務所【124坪】,,神奈川県藤沢市辻堂新町３丁目2-35,120000,,,1.00,6.00,,1.00,,412.21,124.69,20050,2026/07/29,"2026/06/29 10:39","2026/07/29 14:24",先物(仲介),,株式会社エー・ビー・ケー,-,"=""045-252-7077""",空有,,2510042
工場,R00176-026016,,,,使用中,公開可,無,220000,,階,1976年10月,横浜市鶴見区鶴見中央３丁目の貸工場【20坪】,,神奈川県横浜市鶴見区鶴見中央３丁目4-15,,,2.00,1.00,,,1.00,,66.86,20.22,10878,2026/07/29,"2026/07/02 12:09","2026/07/29 14:23",自社,一般媒介,株式会社センチュリーダイソー,星,"=""03-6441-2258""",空有,"■2026/7/2　一般媒介物件｜星さん
　※1棟の半分の区画貸し",2300051
貸地,R00176-026002,,,,更地,公開可,無,430000,,階,-,平塚市片岡の貸地【430坪】,,神奈川県平塚市片岡406-1,,,3.00,1.00,,,,1422.00,,430.15,1000,2026/07/29,"2026/07/01 09:55","2026/07/29 14:19",先物(仲介),,株式会社　藤建,-,"=""0463-35-8787""",,※2026/7/1　広告確認中のためマッチングのみ｜(株)藤健,2591213
倉庫,R00176-025998,,,,空,公開可,無,380000,,1階,1990年06月,千葉市若葉区古泉町の貸倉庫【100坪】,,千葉県千葉市若葉区古泉町521-3,,,4.00,2.00,,,1.00,1052.06,331.24,100.2,3793,2026/07/29,"2026/06/30 11:11","2026/07/29 14:19",先物(仲介),,ゼクス株式会社,-,"=""047-468-8685""",,"・Googleマップ：https://maps.app.goo.gl/VHzV78nezvLAejQk8
※2026/6/30　at-home転載可物件｜ゼクス（株）
・売買あり：B00176-001604",2650042
貸地,R00176-024188,,,,更地,アーカイブ(成約),無,609000,,階,-,三郷市大広戸の貸地【608坪】,,埼玉県三郷市大広戸,,,3.00,,,,1.00,2013.00,,608.93,1001,2026/07/29,"2025/04/15 15:03","2026/07/29 14:10",先物(仲介),,"さいかつ農業協同組合 資産管理部 資産管理課 本店",-,"=""048-952-2104""",,2025/09/04　用途による,3410022
貸地,R00176-024962,,,,更地,アーカイブ(成約),無,418000,,階,-,所沢市北野新町1丁目の貸地【560坪】,,埼玉県所沢市北野新町１丁目9-1,,,3.00,1.00,,,1.10,1850.00,,559.62,747,2026/07/29,"2025/10/14 09:31","2026/07/29 12:27",先物(仲介),,株式会社ノザワ産業　所沢支店,-,"=""04-2995-1101""",,・転貸物件,3591155
貸地,R00176-024785,,,,古家付,公開可,無,360000,,階,-,三郷市鷹野4丁目の貸地【302坪】,,埼玉県三郷市鷹野４丁目305,,,3.00,1.00,,,1.00,1000.00,,302.5,1191,2026/07/29,"2025/09/01 14:27","2026/07/29 12:26",先物(仲介),,株式会社コジマ,-,"=""048-955-5827""",,"2025.9.17　造成工事の費用はテナント様負担。

2025/09/04　駐車場のみ。近隣住宅地のため資材置場NG。現時点で建物あり少しずつ解体予定（11月くらい）",3410035
貸地,R00176-024418,,,,更地,公開可,無,424800,,階,-,新座市畑中1丁目の貸地【236坪】,,埼玉県新座市畑中１丁目5671-1,,,3.00,1.10,,1.10,1.10,781.00,,236.25,1799,2026/07/29,"2025/06/04 10:39","2026/07/29 12:24",先物(仲介),,株式会社ワイジープランニング,-,"=""045-595-9518""",,※2025/6/4　広告確認中のためマッチングのみ｜(有)モリコーポレーション,3520012
倉庫,R00176-025919,,,,使用中,アーカイブ(成約),無,517000,,階,1995年12月,さいたま市南区内谷2丁目の貸倉庫【77坪】,,埼玉県さいたま市南区内谷２丁目2-3,,,4.00,1.00,,,1.10,568.00,256.50,77.59,6664,2026/07/29,"2026/06/09 09:53","2026/07/29 12:21",先物(仲介),,株式会社リンケージ,-,"=""03-3554-1811""",空有,2026/7/29　契約予定募集止め,3360034
店舗(建物一括),R00176-024801,,,,空,アーカイブ(成約),無,1980000,,階,1990年05月,入間郡三芳町大字藤久保の貸店舗【151坪】,,埼玉県入間郡三芳町大字藤久保696-1,,,8.00,1.00,,,1.00,1157.02,502.28,151.93,13032,2026/07/29,"2025/09/03 09:56","2026/07/29 12:21",先物(仲介),,株式会社リンケージ,-,"=""03-3554-1811""",空有,※2025/9/3　広告確認中のためマッチングのみ｜(株)リンゲージ,3540041
倉庫,R00176-025558,,,,空,アーカイブ(成約),無,1320000,,階,1991年03月,さいたま市南区辻5丁目の貸倉庫【185坪】,,埼玉県さいたま市南区辻５丁目7-24,,,4.00,1.00,,,1.00,407.43,613.04,185.44,7119,2026/07/29,"2026/03/17 09:50","2026/07/29 12:20",先物(仲介),,株式会社リンケージ,-,"=""03-3554-1811""",,※2026/3/17　広告確認中のためマッチングのみ｜(株)リンゲージ,3360026
貸地,R00176-025527,,,,更地,アーカイブ(成約),無,360000,,階,-,幸手市大字上吉羽の貸地【517坪】,,埼玉県幸手市大字上吉羽18-1,,,2.00,1.00,,,0.50,1711.00,,517.57,696,2026/07/29,"2026/03/10 10:24","2026/07/29 12:16",先物(仲介),,株式会社東武土地建物,-,"=""0480-42-0396""",,2026/6/15　申込みあり　二番手可,3400121
貸地,R00176-023730,,,,その他,公開可,無,240000,,階,-,吉川市大字須賀の貸地【366坪】,,埼玉県吉川市大字須賀289-1,,,3.00,1.00,,,1.00,1210.00,,366.02,656,2026/07/29,"2025/01/15 15:54","2026/07/29 12:14",先物(仲介),,さいかつ農業協同組合　資産管理部　資産管理課吉川店,-,"=""048-982-6767""",,,3420057
工場,R00176-025887,,,,空,公開可,無,1000000,,階,1988年03月,川口市元郷4丁目の貸工場【117坪】,,埼玉県川口市元郷４丁目25-7,,,,1.00,4.00,,,621.00,387.56,117.23,8530,2026/07/29,"2026/06/02 10:04","2026/07/29 10:46",先物(仲介),,（株）アジア国際不動産,-,"=""03-6284-3396""",空有,,3320011
貸地,R00176-023331,,,,更地,公開可,無,200000,,階,-,鴻巣市天神3丁目の貸地【397坪】,,埼玉県鴻巣市天神３丁目656,,,,1.00,4.00,,1.00,1315.00,,397.78,503,2026/07/29,"2024/10/18 11:14","2026/07/29 09:57",先物(仲介),,株式会社イコム,-,"=""048-799-3200""",,【ナビ住所】鴻巣市天神3丁目5-26,3650036
貸地,R00176-025515,,,,更地,アーカイブ(成約),無,360000,,階,-,八潮市大字八條の貸地【293坪】,,埼玉県八潮市大字八條3889,,,,1.00,4.00,,1.00,970.00,,293.42,1227,2026/07/29,"2026/03/06 09:29","2026/07/29 09:56",先物(仲介),,株式会社イコム,-,"=""048-799-3200""",,,3400801
倉庫,R00176-025123,,,,居住中,公開可,無,2090000,,階,1996年05月,千葉市稲毛区長沼原町の貸倉庫【249坪】,,千葉県千葉市稲毛区長沼原町681-2,,,4.00,,,,,1983.49,825.13,249.6,8374,2026/07/29,"2025/11/13 10:47","2026/07/29 09:20",先物(仲介),,サクラクリエイション（株）,-,"=""028-666-6675""",空有,※2026/7/29　広告不可のためマッチングのみ｜サクラクリエイション（株）,2630001
倉庫,R00176-025255,,,,空,アーカイブ(成約),無,5266600,,階,1990年01月,柏市十余二の貸倉庫【1253坪】,,千葉県柏市十余二380-15,,,3.00,1.00,,,,21157.88,4145.26,1253.94,4201,2026/07/28,"2025/12/24 10:14","2026/07/28 17:41",先物(仲介),,株式会社ナカノ商会,-,"=""03-5667-8871""",,,2770872
貸地,R00176-026042,,,,更地,公開可,無,400000,,階,-,横浜市泉区和泉町の貸地【268坪】,,神奈川県横浜市泉区和泉町7539-1,,,3.00,1.00,,,1.00,886.00,,268.01,1493,2026/07/28,"2026/07/09 10:09","2026/07/28 17:12",先物(仲介),,（株）ワイズ,-,"=""045-290-1881""",,,2450016
店舗(建物一括),R00176-025963,,,,空,公開可,無,1320000,,1階,2016年07月,横浜市泉区中田西1丁目の貸店舗【57坪】,,神奈川県横浜市泉区中田西１丁目6-7,,,10.00,1.00,,,1.00,886.20,191.63,57.96,22772,2026/07/22,"2026/06/19 09:40","2026/07/28 17:08",先物(仲介),,（株）アイワプランニング,-,"=""046-223-1400""",空有,※広告NG,2450015
工場,R00176-025627,,,,空,公開可,無,423500,,1階,1984年01月,横浜市鶴見区矢向1丁目の貸工場【29坪】,,神奈川県横浜市鶴見区矢向１丁目1-1,,,3.00,2.00,,,1.00,,97.80,29.58,14315,2026/07/28,"2026/04/02 09:58","2026/07/28 16:31",先物(仲介),,（株）タウンハウジング東京　新宿店,-,"=""03-3355-6100""",空有,"・2号室
・2026.7.28確認：駐車場シャッター前１台無料。屋上に２台まで確保可能（１台22,000円）",2300001
倉庫,R00176-025438,,,,使用中,公開可,無,20590772,,階,2024年08月,日高市大字原宿の貸倉庫【5117坪】,,埼玉県日高市大字原宿531,,,6.00,,,,,7837.00,16918.00,5117.69,4024,2026/07/28,"2026/02/17 10:36","2026/07/28 15:22",先物(仲介),,久保田倉庫（有）,-,"=""0270-23-1057""",,,3501205
倉庫,R00176-025264,,,,建築中,公開可,無,5586570,,1階,2026年10月,鶴ヶ島市大字高倉の貸倉庫【453坪】,,埼玉県鶴ヶ島市大字高倉1092-1,,,3.00,1.00,,,,,1498.00,453.14,12329,2026/07/28,"2026/01/06 09:45","2026/07/28 15:21",先物(仲介),,株式会社　奥井組,-,"=""04-2931-1092""",,"2026/7/28　賃料応相談　ご担当者ムネハラ様へ
2026/3/26　ご担当ムネハラ様080-4466-0630
2026.1.16業者変更：コジョソコ⇒奥井組（貸主）
地図：https://maps.app.goo.gl/ZaH5AxctZPm9kA3k6",3502223
倉庫,R00176-025836,,,,空,公開可,無,572000,,階,1982年02月,新座市栗原4丁目の貸倉庫【126坪】,,埼玉県新座市栗原４丁目10-21,,22000,1560000,,,1.00,,,418.70,126.65,4517,2026/07/28,"2026/05/21 11:08","2026/07/28 15:14",先物(仲介),,（株）北斗ハウジング,-,"=""04-2939-8881""",無,※2026/5/21　レインズ広告可物件｜(株)北斗ハウジング,3520035
倉庫,R00176-025437,,,,使用中,公開可,無,19085820,,階,2024年03月,加須市道目の貸倉庫【4741坪】,,埼玉県加須市道目1815,,,6.00,,,,,9472.00,15673.00,4741.08,4026,2026/07/28,"2026/02/17 10:04","2026/07/28 15:11",先物(仲介),,久保田倉庫（有）,-,"=""0270-23-1057""",空有,,3491157
倉庫,R00176-026010,,,,居住中,公開可,無,660000,,1階,2019年09月,川口市末広3丁目の貸倉庫【32坪】,,埼玉県川口市末広３丁目17-16,,,6.00,2.00,,1.00,1.00,277.47,107.64,32.56,20270,2026/07/28,"2026/07/02 10:09","2026/07/28 15:10",先物(仲介),,（株）ランドスタッフ,-,"=""048-782-7637""",空有,・場所：グーグルマップでは、川口市末広3丁目17-13,3320006
倉庫,R00176-026000,,,,空,公開可,無,1000000,,1階,1978年04月,川越市城下町の貸倉庫【127坪】,,埼玉県川越市城下町20-8,,,3.00,2.00,,,1.00,1539.91,421.92,127.63,7836,2026/07/28,"2026/07/01 09:09","2026/07/28 15:10",先物(仲介),,■三光物産株式会社,-,"=""049-226-3535""",空有,,3500853
貸地,R00176-023589,,,,更地,公開可,無,300000,,階,-,坂戸市大字片柳の貸地【193坪】,,埼玉県坂戸市大字片柳2311-1,,,,1.00,4.00,,1.00,640.70,,193.81,1548,2026/07/28,"2024/12/09 10:12","2026/07/28 15:09",先物(仲介),,株式会社イコム,-,"=""048-799-3200""",,【ナビ住所】坂戸市片柳２３１１,3500219
貸地,R00176-023112,,,,更地,公開可,無,347100,,階,-,川口市大字赤山の貸地【294坪】,,埼玉県川口市大字赤山571-1,,,,1.00,4.00,,1.00,974.00,,294.63,1179,2026/07/28,"2024/09/05 10:40","2026/07/28 15:08",先物(仲介),,株式会社イコム,-,"=""048-799-3200""",,"【ナビ住所】川口市大字赤山575

2025.4.11確認:申込有．２番手受付不可",3330825
貸地,R00176-025416,,,,更地,公開可,無,1400000,,階,-,八潮市大字鶴ケ曽根の貸地【1403坪】,,埼玉県八潮市大字鶴ケ曽根119-1,,,,1.00,4.00,,1.00,4640.00,,1403.6,998,2026/07/28,"2026/02/12 09:57","2026/07/28 15:08",先物(仲介),,株式会社イコム,-,"=""048-799-3200""",,,3400802
貸地,R00176-024283,,,,その他,公開可,無,330000,,階,-,川越市大字笠幡の貸地【499坪】,,埼玉県川越市大字笠幡2616-1,,,3.00,2.00,,,1.00,1650.00,,499.12,662,2026/07/28,"2025/05/09 10:09","2026/07/28 15:05",先物(仲介),,■三光物産株式会社,-,"=""049-226-3535""",,2025.7.28　インフラ何もなし。,3501175
倉庫,R00176-024172,,,,空,公開可,無,1980000,,階,1991年09月,新座市馬場4丁目の貸倉庫【437坪】,,埼玉県新座市馬場４丁目13-11,,,,1.00,4.00,,1.00,1954.66,1446.66,437.61,4525,2026/07/28,"2025/04/15 10:52","2026/07/28 14:42",先物(仲介),,有限会社不動ハウジング,-,"=""03-3928-2212""",空有,"2025.12.08　申込みではないが、検討している方あり
2025.9.30　調整区域の為、音が出る業種?",3520016
店舗事務所(建物一括),R00176-025389,,,,使用中,公開可,無,6490000,,階,2006年05月,相模原市緑区西橋本5丁目の貸店舗・事務所【1380坪】,,神奈川県相模原市緑区西橋本５丁目3-5,,,4.00,,,,,2190.18,4563.09,1380.33,4702,2026/07/28,"2026/02/05 13:48","2026/07/28 12:35",先物(仲介),,シービーアールイー株式会社,-,"=""03-5288-9830""",空有,※2026/2/5　at-home転載可物件｜貸主：(株)津久井製材ビル,2520131
店舗(建物一括),R00176-025924,,,,使用中,公開可,無,1001000,,階,1999年09月,取手市新取手１丁目の貸店舗【173坪】,,茨城県取手市新取手１丁目3-5,,,5000000,1.00,,,,1149.59,573.50,173.48,5770,2026/07/28,"2026/06/09 14:14","2026/07/28 12:09",先物(仲介),,浦和中央倉庫株式会社,-,"=""048-863-3811""",空有,,3020031
倉庫,R00176-025853,,,,空,アーカイブ(成約),無,10906400,,4階,2024年01月,ふじみ野市福岡新田の貸倉庫【2079坪】,,埼玉県ふじみ野市福岡新田150,,,4.00,,,,,,6875.03,2079.69,5245,2026/07/28,"2026/05/26 10:36","2026/07/28 09:24",先物(仲介),,（株）タープ不動産,-,"=""03-5844-6300""",空有,・J区画,3560014
倉庫,R00176-024092,,,,空,公開可,無,552000,,階,-,比企郡川島町大字中山の貸倉庫【150坪】,,埼玉県比企郡川島町大字中山845,,,,1.00,3.00,,1.00,1057.86,495.86,149.99,3681,2026/07/28,"2025/03/27 10:08","2026/07/28 09:24",先物(仲介),,（株）タープ不動産,-,"=""03-5844-6300""",空有,,3500165
倉庫,R00176-025580,,,,空,公開可,無,518000,,地下1階,1988年12月,新宿区上落合1丁目の貸倉庫【51坪】,,東京都新宿区上落合１丁目27-12,30000,,1.00,,,,,,171.22,51.79,10002,2026/07/28,"2026/03/23 09:43","2026/07/28 09:17",先物(仲介),,株式会社東洋財託,高,"=""070-8452-4391""",,"・地下1階部分
※2026/7/28　貸主広告NG｜貸主：（株）東洋財託",1610034
貸地,R00176-025364,,,,その他,公開可,無,1200000,,階,-,大田区西馬込2丁目の貸地【70坪】,,東京都大田区西馬込２丁目19-20,,,6.00,,,,,232.01,,70.18,17099,2026/07/24,"2026/01/30 11:04","2026/07/28 09:11",自社,一般媒介,株式会社センチュリーダイソー,星,"=""03-6441-2258""",,"■2026/7/28　賃料修正130万円⇒120万円
■2026/6/1　賃料変更：120万円⇒130万円
■2026/1/30　一般媒介｜担当：星さん",1430026
倉庫,R00176-025950,,,,使用中,アーカイブ(成約),無,990000,,階,1995年09月,富士見市鶴馬1丁目の貸倉庫【326坪】,,埼玉県富士見市鶴馬１丁目24-2,,,5.00,1.00,,,0.55,,1080.00,326.7,3031,2026/07/27,"2026/06/16 10:05","2026/07/27 18:01",先物(仲介),,株式会社谷澤総合コンサルタント,-,"=""049-262-8003""",空有,,3540021
倉庫,R00176-025215,,,,空,公開可,無,1860000,,階,2026年01月,本庄市若泉3丁目の貸倉庫【488坪】,,埼玉県本庄市若泉３丁目311-2,,,,1.00,6.00,,,2018.97,1614.87,488.49,3808,2026/07/27,"2025/12/10 09:27","2026/07/27 18:00",先物(仲介),,モラホールディングス,-,"=""03-6905-8918""",空有,・住所：若泉3丁目2,3670055
貸地,R00176-025997,,,,更地,アーカイブ(成約),無,940000,,階,-,横浜市鶴見区寛政町の貸地【134坪】,,神奈川県横浜市鶴見区寛政町19-19,,,2.00,1.00,,,1.00,446.14,,134.95,6966,2026/06/30,"2026/06/30 10:52","2026/07/27 17:59",先物(仲介),,（株）ＭＳアセットマネジメント,-,"=""044-400-1554""",,・Googleマップ：https://maps.app.goo.gl/m7ZvAXxUyw7wNxbQ9,2300034
貸地,R00176-025996,,,,更地,公開可,無,530000,,階,-,横浜市鶴見区寛政町の貸地【107坪】,,神奈川県横浜市鶴見区寛政町19-8,,,2.00,1.00,,,1.00,354.24,,107.15,4946,2026/07/27,"2026/06/30 10:52","2026/07/27 17:59",先物(仲介),,（株）ＭＳアセットマネジメント,-,"=""044-400-1554""",,・Googleマップ：https://maps.app.goo.gl/i7rCyWafZfywYK8o8,2300034
倉庫,R00176-023432,,,,空,アーカイブ(成約),無,1331000,,階,1988年02月,八潮市緑町1丁目の貸倉庫【219坪】,,埼玉県八潮市緑町１丁目17-12,,,,3.00,6.00,,1.00,1323.00,726.75,219.84,6055,2026/07/27,"2024/11/11 14:48","2026/07/27 17:58",先物(仲介),,ピタットハウス蕨店　メイホウホームテック（株）,-,"=""048-430-7141""",空有,※2024/11/11　広告確認中のためマッチングのみ｜メイホウホームテック（株）,3400808
店舗(建物一括),R00176-025995,,,,居住中,公開可,無,352000,,階,2022年08月,蕨市錦町5丁目の貸店舗【40坪】,,埼玉県蕨市錦町５丁目13-42,,,2.00,1.00,,,1.00,194.92,133.73,40.45,8702,2026/06/30,"2026/06/30 10:30","2026/07/27 17:39",先物(仲介),,（株）富吉マネジメント,-,"=""048-999-6198""",空有,※Googleマップだと13-43,3350005
工場,R00176-025991,,,,空,公開可,無,630000,,階,1999年09月,川越市芳野台2丁目の貸工場【124坪】,,埼玉県川越市芳野台２丁目8-29,,,,2.00,5.00,,1.00,680.00,411.86,124.58,5057,2026/07/27,"2026/06/29 10:43","2026/07/27 17:27",先物(仲介),,鉄建設株式会社,-,"=""049-226-6656""",空有,※2026/6/29　レインズ広告可物件｜鉄建設（株）,3500833
倉庫,R00176-025099,,,,建築中,公開可,無,8824662,,階,2026年09月,久喜市高柳の貸倉庫【2141坪】,,埼玉県久喜市高柳2933-1,,,6.00,1.00,,,,5846.81,7078.67,2141.29,4122,2026/07/27,"2025/11/07 10:56","2026/07/27 17:24",先物(仲介),,ディールエージェント株式会社,-,"=""03-3263-7180""",近有,,3491125
倉庫,R00176-025339,,,,空,保留,無,400000,,階,1988年01月,川口市前川2丁目の貸倉庫【82坪】,,埼玉県川口市前川２丁目3-24,,,,1.00,3.00,,,211.04,274.22,82.95,4823,2026/07/27,"2026/01/26 10:03","2026/07/27 17:21",先物(仲介),,（株）ロングライフ,-,"=""048-211-2231""",空有,,3330842
倉庫,R00176-025619,,,,空,公開可,無,1200000,,階,2025年01月,越谷市谷中町4丁目貸倉庫【136坪】,,埼玉県越谷市谷中町４丁目,,,1.00,1.00,,,1.00,962.00,450.00,136.12,8816,2026/07/27,"2026/03/31 10:50","2026/07/27 17:14",先物(仲介),,高成商事（株）,-,"=""048-767-4458""",空有,"グーグルマップ住所：埼玉県越谷市谷中町４丁目195-2の隣（元付確認済）
・物件確認は担当者へ（王様／080-5659-8886）｜高成商事（株）
※2026/3/31　レインズ広告可物件
",3430856
店舗(建物一括),R00176-025765,,,,空,アーカイブ(成約),無,220000,,1階,1988年12月,春日部市下柳の貸店舗【50坪】,,埼玉県春日部市下柳1996-1,,,3.00,1.00,,,1.00,374.78,168.27,50.9,4323,2026/07/27,"2026/05/08 10:08","2026/07/27 17:00",先物(仲介),,（株）太陽産業,-,"=""0280-33-6886""",空有,※2026/5/8　at-home転載可物件｜(株)太陽産業,3440122
倉庫,R00176-023846,,,,使用中,公開可,無,1164625,,階,1988年11月,深谷市上柴町東2丁目の貸倉庫【302坪】,,埼玉県深谷市上柴町東２丁目8-3,,,1.00,1.00,,,,1970.00,1000.00,302.5,3850,2026/07/27,"2025/02/06 10:37","2026/07/27 16:59",先物(仲介),,ダイヤホーム株式会社,-,"=""048-530-5266""",,2026/7/27　申込みあり,3660051
倉庫,R00176-025121,,,,空,アーカイブ(成約),無,1584000,,階,2026年03月,川口市大字新堀の貸倉庫【179坪】,,埼玉県川口市大字新堀656,,,,1.00,4.00,,1.00,1123.96,594.00,179.68,8816,2026/06/22,"2025/11/13 09:51","2026/07/27 16:56",先物(仲介),,（株）タープ不動産,-,"=""03-5844-6300""",空有,2026/7/27　契約予定　募集止め,3340061
工場,R00176-025632,,,,空,公開可,無,698000,,階,1963年03月,所沢市大字山口の貸工場【293坪】,,埼玉県所沢市大字山口1135-2,,,,1.00,4.00,,1.00,,968.71,293.03,2382,2026/07/27,"2026/04/03 10:21","2026/07/27 16:55",先物(仲介),,（株）タープ不動産,-,"=""03-5844-6300""",空有,,3591145
倉庫,R00176-025748,,,,空,アーカイブ(成約),無,2837450,,階,1974年10月,三郷市彦沢1丁目の貸倉庫【468坪】,,埼玉県三郷市彦沢１丁目128,,,,1.00,4.00,,,,1550.41,468.99,6051,2026/07/27,"2026/04/30 10:19","2026/07/27 16:55",先物(仲介),,（株）タープ不動産,-,"=""03-5844-6300""",空有,,3410057
倉庫,R00176-025713,,,,空,公開可,無,2189990,,2階,2019年03月,春日部市下柳の貸倉庫【462坪】,,埼玉県春日部市下柳1584-1,,,2.00,1.00,,,1.00,,1530.57,462.99,4731,2026/07/27,"2026/04/22 09:37","2026/07/27 16:49",先物(仲介),,ゼクス株式会社,-,"=""047-468-8685""",,"・2階部分
・定借：2029年7月31日まで
※2026/4/22　広告NGのためマッチングのみ｜貸主：ゼクス（株）",3440122
倉庫,R00176-025718,,,,空,アーカイブ(成約),無,950400,,階,2019年03月,春日部市下柳の貸倉庫【179坪】,,埼玉県春日部市下柳1584-1,,,2.00,1.00,,,1.00,,595.04,179.99,5281,2026/07/27,"2026/04/22 10:46","2026/07/27 16:49",先物(仲介),,ゼクス株式会社,-,"=""047-468-8685""",空有,"※2026/4/22　広告NGのためマッチングのみ｜(株)ゼクス
・定期借家契約：2029年7月31日まで",3440122
倉庫,R00176-025858,,,,空,アーカイブ(成約),無,440000,,階,1992年08月,久喜市八甫3丁目の貸倉庫【97坪】,,埼玉県久喜市八甫３丁目55-1,,,3.00,1.00,,1.00,1.00,928.06,322.00,97.4,4518,2026/07/27,"2026/05/27 10:38","2026/07/27 16:45",先物(仲介),,（株）スタイル・レゴ　テナント事業部,-,"=""043-420-8742""",空有,"2026/5/27　平屋建て、中2階に事務所あり（元付確認）
　",3400201
倉庫,R00176-025848,,,,空,公開可,無,396000,,1階,1970年10月,さいたま市桜区町谷3丁目の貸倉庫【40坪】,,埼玉県さいたま市桜区町谷３丁目1-13,,,,1.00,1.00,,,422.00,133.40,40.35,9814,2026/07/27,"2026/05/26 09:36","2026/07/27 16:43",先物(仲介),,スカイホーム株式会社,-,"=""050-1784-3103""",空有,"音声ガイダンス案内のみ（2026/7/27レインズ掲載あり）
・2026/5/25　HP転載可物件｜スカイホーム",3380836
倉庫,R00176-024859,,,,使用中,公開可,無,1044450,,階,2022年08月,蓮田市大字黒浜の貸倉庫【144坪】,,埼玉県蓮田市大字黒浜3624-1,,,,1.00,4.00,,1.00,,474.75,143.61,7273,2026/07/27,"2025/09/18 11:18","2026/07/27 16:33",先物(仲介),,（株）こゆき,-,"=""03-5939-7860""",空有,,3490101
貸地,R00176-024929,,,,更地,アーカイブ(成約),無,480000,,階,-,千葉市若葉区野呂町の貸地【1100坪】,,千葉県千葉市若葉区野呂町760-1,,,3.00,1.00,,,1.00,3637.40,,1100.31,437,2026/07/27,"2025/10/07 10:53","2026/07/27 16:32",先物(仲介),,ハウジングサーフ株式会社,-,"=""043-301-4377""",,・所在地：野呂町760-1他4筆,2650053
工場,R00176-025334,,,,使用中,アーカイブ(成約),無,1518000,,1階,1970年01月,川口市弥平2丁目の貸工場【250坪】,,埼玉県川口市弥平２丁目5-18,,,4554000,1518000,,,1.00,,828.70,250.68,6056,2026/07/27,"2026/01/22 10:52","2026/07/27 16:31",先物(仲介),,株式会社小原建興,-,"=""048-284-2298""",,,3320002
工場,R00176-025668,,,,使用中,アーカイブ(成約),無,4118400,,階,1974年03月,川口市末広1丁目の貸工場【623坪】,,埼玉県川口市末広１丁目,,,3.00,1.00,,,,1527.15,2060.95,623.43,6606,2026/07/27,"2026/04/13 12:51","2026/07/27 16:30",先物(仲介),,株式会社コネクトプラン,-,"=""03-6803-1984""",,"【所在地】埼玉県川口市末広１丁目22-5（元付確認済）
※2026/4/13　広告NGのためマッチングのみ｜(株)コネクトプラン",3320006
店舗(建物一括),R00176-023844,,,,空,公開可,無,1070000,,階,1982年10月,春日部市中央1丁目の貸店舗【103坪】,,埼玉県春日部市中央１丁目3-9,,,,1.00,3.00,,1.00,,340.85,103.1,10378,2026/07/27,"2025/02/06 09:48","2026/07/27 16:30",先物(仲介),,（株）ケーティーインセンスモール,-,"=""048-876-8401""",空有,,3440067
倉庫,R00176-025693,,,,空,公開可,無,308000,,1階,1989年04月,所沢市西狭山ケ丘2丁目の貸倉庫【94坪】,,埼玉県所沢市西狭山ケ丘２丁目2154-1,11000,,2.00,1.00,,,1.00,1000.00,314.00,94.98,3243,2026/07/27,"2026/04/17 09:55","2026/07/27 16:28",先物(仲介),,（株）クボちゃんホーム,-,"=""04-2948-5300""",空有,,3591163
工場,R00176-025631,,,,空,公開可,無,1540000,,階,1996年05月,八潮市大字木曽根の貸工場【268坪】,,埼玉県八潮市大字木曽根678-1,,,4.00,1.00,,,,842.40,886.48,268.16,5743,2026/07/27,"2026/04/03 10:03","2026/07/27 16:26",先物(仲介),,共同流通株式会社,-,"=""049-247-4311""",,,3400813
倉庫,R00176-024636,,,,空,公開可,無,1100000,,階,1973年10月,さいたま市大宮区三橋1丁目の貸倉庫【241坪】,,埼玉県さいたま市大宮区三橋１丁目997-1,,,4.00,1.00,,,,793.00,798.34,241.49,4555,2026/07/27,"2025/07/28 17:08","2026/07/27 16:25",先物(仲介),,共同流通株式会社,-,"=""049-247-4311""",空有,,3300856
倉庫,R00176-025983,,,,使用中,アーカイブ(成約),無,935000,,階,1999年03月,川口市大字安行小山の貸倉庫【140坪】,,埼玉県川口市大字安行小山20-1,,,4.00,1.00,,,,996.14,465.00,140.66,6648,2026/07/27,"2026/06/26 09:53","2026/07/27 16:23",先物(仲介),,共同流通株式会社,-,"=""049-247-4311""",空有,,3340055
店舗(建物一括),R00176-025766,,,,空,公開可,無,385000,,階,1988年03月,吉川市大字木売新田の貸店舗【50坪】,,埼玉県吉川市大字木売新田2-5,,,,,12.00,,,,167.17,50.56,7614,2026/07/27,"2026/05/08 10:16","2026/07/27 16:22",先物(仲介),,（株）カムティ　東京支社,-,"=""03-5860-9481""",空有,,3420044
倉庫,R00176-024821,,,,空,公開可,無,500000,,階,1979年11月,草加市小山1丁目の貸倉庫【125坪】,,埼玉県草加市小山１丁目28-8,,20000,5.00,2.00,,,1.00,330.00,414.00,125.23,3993,2026/07/27,"2025/09/09 10:34","2026/07/27 16:21",先物(仲介),,株式会社東建開発,-,"=""048-475-8798""",空有,"2026/6/22　申込みあり審査中　２番手可
2026/1/30　賃料変更500000円（レインズの図面600000円のまま）
※2025/9/9　広告確認中のためマッチングのみ｜(株)東建開発",3400045
工場,R00176-025487,,,,使用中,アーカイブ(成約),無,1650000,,階,1970年11月,狭山市新狭山1丁目の貸工場【590坪】,,埼玉県狭山市新狭山１丁目13-12,55000,,2.00,1.00,,,1.00,1857.19,1952.09,590.5,2795,2026/07/27,"2026/02/27 10:41","2026/07/27 16:19",先物(仲介),,株式会社ランド,-,"=""049-238-1321""",空有,"2026/5/28　申込みあり決まりそう
【グーグルマップ住所】狭山市新狭山１丁目13-14",3501331
貸地,R00176-025892,,,,更地,公開可,無,660000,,階,-,幸手市天神島1丁目の貸地【870坪】,,埼玉県幸手市天神島１丁目,,,3.00,1.00,,,,2877.00,,870.29,759,2026/07/27,"2026/06/02 10:53","2026/07/27 16:17",先物(仲介),,有限会社シティネット二十一,-,"=""0480-61-2086""",,2026/6/2　所在地枝番58、車両置場可、大型車進入可（元付確認）,3400152
倉庫,R00176-025737,,,,空,アーカイブ(成約),無,440000,,階,1985年07月,入間郡三芳町大字竹間沢の貸倉庫【76坪】,,埼玉県入間郡三芳町大字竹間沢989,,,3.00,1.00,,,1.00,,253.00,76.53,5750,2026/07/27,"2026/04/28 10:24","2026/07/27 16:16",先物(仲介),,株式会社リゾン　みずほ台店,-,"=""049-268-5911""",空有,,3540043
倉庫,R00176-025875,,,,空,公開可,無,396000,,1階,1973年01月,川口市大字榛松の貸倉庫【80坪】,,埼玉県川口市大字榛松1643-2,,,792000,396000,,,,,265.52,80.31,4931,2026/07/27,"2026/05/29 10:33","2026/07/27 16:15",先物(仲介),,株式会社イタバシ,-,"=""048-281-5246""",空有,"・1階部分
※定期借家契約：2028年8月31日※3ヶ月～最長2年、再契約不可（区画整理あり）
※2026/5/29　広告確認中のためマッチングのみ｜(株)イタバシ",3340062
倉庫,R00176-025764,,,,空,公開可,無,1650000,,階,1980年10月,吉川市大字中井の貸倉庫【855坪】,,埼玉県吉川市大字中井39,,,2.00,1.00,,,,1940.77,2826.81,855.11,1930,2026/07/27,"2026/05/08 09:55","2026/07/27 16:13",先物(仲介),,（株）石田興産　埼玉支店,-,"=""048-948-6866""",,・AとB棟,3420015
店舗(建物一括),R00176-025953,,,,空,アーカイブ(成約),無,385000,,1階,2009年08月,北葛飾郡杉戸町大字下高野の貸店舗【31坪】,,埼玉県北葛飾郡杉戸町大字下高野2826-1,,,3.00,1.00,,,0.50,,102.69,31.06,12394,2026/07/27,"2026/06/16 10:39","2026/07/27 16:12",先物(仲介),,（株）アメック,-,"=""0480-37-0705""",空有,,3450043
店舗事務所(建物一括),R00176-025382,,,,空,アーカイブ(成約),無,770000,,階,1976年01月,野田市柳沢の貸店舗・事務所【254坪】,,千葉県野田市柳沢246,,,3.00,1.00,3.00,,,619.72,839.73,254.01,3032,2026/07/27,"2026/02/05 11:00","2026/07/27 16:10",先物(仲介),,（株）東和開発,-,"=""047-364-6805""",,※2026/3/11　広告確認中のためマッチングのみ｜(株)東和開発,2780006
倉庫,R00176-024672,,,,空,アーカイブ(成約),無,880000,,階,1979年12月,朝霞市岡1丁目の貸倉庫【119坪】,,埼玉県朝霞市岡１丁目11,,22000,5.00,1.00,,,,,394.00,119.18,7384,2026/07/27,"2025/08/05 09:50","2026/07/27 16:10",先物(仲介),,アパマンショップ　朝霞店（株）リゾン　朝霞東口支店,-,"=""048-462-4811""",無,"2025/10/30　オーナーの確認事項多い
2025/09/26　内見の場合は予約制でオーナー様も立会い
",3510007
倉庫,R00176-025604,,,,空,アーカイブ(成約),無,1387000,,階,1992年07月,久喜市下清久の貸倉庫【338坪】,,埼玉県久喜市下清久403-1,,,4.00,1.00,,,1.00,2457.00,1120.00,338.8,4094,2026/07/27,"2026/03/26 10:59","2026/07/27 16:10",先物(仲介),,株式会社アノンズ,-,"=""046-264-8711""",空有,"【所在地】埼玉県久喜市下清久字鶴ノ谷403-1
※2026/4/9　広告確認中のためマッチングのみ｜(株)アノンズ",3460033
工場,R00176-023869,,,,使用中,アーカイブ(成約),無,3410000,,階,1984年04月,久喜市桜田5丁目の貸工場【813坪】,,埼玉県久喜市桜田５丁目18-10,,,12500000,,,,,8000.00,2689.20,813.48,4192,2026/07/27,"2025/02/10 10:24","2026/07/27 16:09",先物(仲介),,足利不動産（株）,-,"=""028-600-5133""",空有,,3400203
工場,R00176-023923,,,,空,アーカイブ(成約),無,429000,,階,1975年10月,川口市上青木西3丁目の貸工場【41坪】,,埼玉県川口市上青木西３丁目4-27,,,3.00,1.00,,,1.00,172.50,137.69,41.65,10300,2026/07/27,"2025/02/18 15:00","2026/07/27 16:08",先物(仲介),,（株）秋山不動産,-,"=""048-299-8417""",空有,※2025/2/18　広告NGのためマッチングのみ｜(株)秋山不動産,3330845
貸地,R00176-025324,,,,更地,アーカイブ(成約),無,660000,,階,-,野田市西三ケ尾の貸地【999坪】,,千葉県野田市西三ケ尾1057-1,,,,1.00,3.00,,1.00,3303.00,,999.15,661,2026/07/27,"2026/01/20 13:09","2026/07/27 16:06",先物(仲介),,（株）ＫＳコンサルタント,-,"=""03-5839-2871""",,"・場所：グーグルマップでは、西三ケ尾484-229（hair art Glitter）の北側
・番地：1057-1他",2780015
店舗(建物一括),R00176-024763,,,,空,公開可,無,550000,,階,2002年05月,越谷市千間台東2丁目の貸店舗【75坪】,,埼玉県越谷市千間台東２丁目13-31,,,,,,,1.00,358.16,250.08,75.64,7271,2026/07/27,"2025/08/28 10:54","2026/07/27 15:52",先物(仲介),,富士開発（株）　,-,"=""048-971-0001""",空有,,3430042
店舗事務所(建物一括),R00176-025767,,,,空,公開可,無,2200000,,階,1979年05月,熊谷市本町2丁目の貸店舗・事務所【296坪】,,埼玉県熊谷市本町２丁目95,,,6.00,1.00,,,1.00,,978.54,296,7433,2026/07/27,"2026/05/08 10:46","2026/07/27 15:51",先物(仲介),,（株）末広不動産　,-,"=""048-522-1112""",空有,※2026/5/8　広告確認中のためマッチングのみ｜(株)末広不動産,3600042
貸地,R00176-024884,,,,その他,公開可,無,418000,,階,-,行田市大字須加の貸地【1276坪】,,埼玉県行田市大字須加3208,,,,,,,,4220.82,,1276.79,328,2026/07/27,"2025/09/24 14:01","2026/07/27 15:31",先物(仲介),,東日本エステート株式会社,-,"=""048-550-7020""",,"2025/11/28　産業廃棄物不可
※R00176-022927、R00176-022928、R00176-022136と同エリア（募集区画違い）",3610004
倉庫,R00176-025012,,,,空,公開可,無,450000,,階,1987年02月,川口市上青木2丁目の貸倉庫【67坪】,,埼玉県川口市上青木２丁目17,,,,1.00,2.00,,,,223.05,67.47,6670,2026/07/27,"2025/10/21 10:14","2026/07/27 15:11",先物(仲介),,松井産業(株)三郷駅前店,-,"=""048-952-1181""",空有,Googleマップ住所：埼玉県川口市上青木2丁目17-1,3330844
店舗事務所(建物一括),R00176-025676,,,,空,公開可,無,780000,,階,1980年06月,横浜市西区桜木町5丁目の貸店舗・事務所【69坪】,,神奈川県横浜市西区桜木町５丁目24,,,1.00,3.00,,,,,230.12,69.61,11206,2026/07/27,"2026/04/14 11:14","2026/07/27 15:11",先物(仲介),,株式会社総合店舗開発,高橋　慶太：080-3511-3748,"=""045-326-2736""",無,※2026/4/14　レインズ広告可物件｜貸主：（株）コスモシステム,2200021
店舗事務所(建物一括),R00176-025511,,,,空,公開可,無,990000,,階,2001年08月,町田市本町田の貸店舗・事務所【186坪】,,東京都町田市本町田973-2,,,,1.00,6.00,,,,617.62,186.83,5299,2026/07/27,"2026/03/05 10:33","2026/07/27 15:05",先物(仲介),,えびす屋商事有限会社,-,"=""042-722-2215""",空有,20260616　内覧は元付へカギ取り,1940032
倉庫,R00176-025241,,,,空,公開可,無,1100000,,1階,1986年08月,吉川市大字上内川の貸倉庫【176坪】,,埼玉県吉川市大字上内川405-1,,,3.00,1.00,,,1.00,959.70,584.16,176.7,6225,2026/07/27,"2025/12/16 09:20","2026/07/27 14:56",先物(仲介),,（株）東信,-,"=""03-5834-8208""",空有,,3420001
貸地,R00176-023379,,,,その他,公開可,無,360000,,階,-,三郷市仁蔵の貸地【603坪】,,埼玉県三郷市仁蔵,,,3.00,,,,1.00,1996.00,,603.79,597,2026/07/27,"2024/10/29 11:47","2026/07/27 14:56",先物(仲介),,松井産業（株）三郷駅前店,-,"=""048-911-4850""",,"【グーグルマップ住所】埼玉県三郷市仁蔵505の隣
【所在地】埼玉県三郷市仁蔵字目子沼",3410023
店舗事務所(建物一括),R00176-025790,,,,居住中,公開可,無,650000,,階,1991年07月,横浜市戸塚区品濃町の貸店舗・事務所【44坪】,,神奈川県横浜市戸塚区品濃町5,,,,2.00,6.00,,1.00,127.75,145.96,44.15,14722,2026/07/27,"2026/05/12 10:55","2026/07/27 14:47",先物(仲介),,（株）龍リアルエステート,-,"=""045-550-3537""",空有,・枝番：5-2,2440801
貸地,R00176-023555,,,,更地,アーカイブ(成約),無,582000,,階,-,市川市堀之内5丁目の貸地【627坪】,,千葉県市川市堀之内５丁目9,,,,1.00,4.00,,1.50,2073.00,,627.08,929,2026/07/27,"2024/12/02 10:37","2026/07/27 14:27",先物(仲介),,貸地バンク（株）,-,"=""047-471-0034""",,"・2025.8.22　インフラ：井戸掘って使用していた実績あり。電気引込あり。
プレハブやトレーラーハウス等はかなり厳しいエリアの為、相談不可。
・2025.1.14申込みキャンセルになった為、1番手で受付。
外環から右折で入ってくる際、6Mの道幅に曲がるところが狭く、他の敷地をまたぐ可能性がある。その敷地の地主さんがうるさい方なので、基本的に2ｔまで。絶対に曲がり切れるというのであれば4ｔも現地確認後相談可。

・2025/1/14
　1番手申込あり。2番手であれば受け付け可。
　　　ただし、大型不可（2ｔ車まで可）
　　　間口部分がすみきりがなく、曲がりにくくなっているため要現地確認してください、との事。
　　　水道も引込無し
　　★元付：（株）丸井住宅／TEL 047-392-5576",2720837
貸地,R00176-025453,,,,更地,アーカイブ(成約),無,330000,,階,-,船橋市夏見7丁目の貸地【286坪】,,千葉県船橋市夏見７丁目761-1,,,,1.00,4.00,,1.00,948.00,,286.77,1151,2026/07/27,"2026/02/18 10:31","2026/07/27 14:21",先物(仲介),,株式会社イコム,-,"=""048-799-3200""",,,2730865
貸地,R00176-025501,,,,更地,アーカイブ(成約),無,390000,,階,-,白井市神々廻の貸地【1541坪】,,千葉県白井市神々廻1861-1,,,4.00,2.00,,,,5006.00,,1514.31,258,2026/07/27,"2026/03/03 11:33","2026/07/27 14:16",先物(仲介),,ゼクス株式会社,-,"=""047-468-8685""",,"・住所：神々廻1861-1、1861-3
※2026/3/3　at-home転載可物件｜ゼクス（株）",2701416
貸地,R00176-025806,,,,更地,アーカイブ(成約),無,2282350,,階,-,白井市白井の貸地【2282坪】,,千葉県白井市白井226-3,,,4.00,2.00,,,1.00,7544.90,,2282.33,1001,2026/07/27,"2026/05/15 10:10","2026/07/27 14:13",先物(仲介),,ゼクス株式会社,-,"=""047-468-8685""",,・所在地：白井市白井226-3～8、227,2701421
貸地,R00176-025815,,,,更地,アーカイブ(成約),無,350000,,階,-,船橋市豊富町の貸地【290坪】,,千葉県船橋市豊富町1472,,,3.00,,,,,961.00,,290.7,1204,2026/07/27,"2026/05/18 11:19","2026/07/27 14:12",先物(仲介),,（有）東葛プランナー,-,"=""04-7144-2157""",,,2740053
貸地,R00176-025807,,,,更地,アーカイブ(成約),無,1000000,,階,-,白井市白井の貸地【999坪】,,千葉県白井市白井226-3,,,4.00,2.00,,,1.00,3305.78,,999.99,1001,2026/07/27,"2026/05/15 10:10","2026/07/27 14:10",先物(仲介),,ゼクス株式会社,-,"=""047-468-8685""",,・所在地：白井市白井226-3～8、227,2701421
貸地,R00176-025455,,,,更地,公開可,無,475000,,階,-,東久留米市前沢1丁目の貸地【153坪】,,東京都東久留米市前沢１丁目5-21,5500,,,1.00,3.00,,,507.12,,153.4,3097,2026/07/27,"2026/02/18 10:53","2026/07/27 09:54",先物(仲介),,（株）アールコーポレーション,-,"=""042-420-9734""",,,2030032
貸地,R00176-024980,,,,更地,保留,無,280000,,階,-,八王子市川町の貸地【327坪】,,東京都八王子市川町437,,,2.00,1.00,,,1.00,1081.00,,327,857,2026/07/27,"2025/10/15 11:15","2026/07/27 09:51",先物(仲介),,エステイター（株）,-,"=""050-3503-1579""",,"※2026/7/27　賃料30万以下になったため公開保留
農転必要（今まで農転せずに賃貸している）
現況渡し（現況は砕石などなし）
・C区画
・番地：437、438、439、448、449、450
・Googleマップ：C区画　https://maps.app.goo.gl/NNkeHP3wh9gtu4TW7",1930821
貸地,R00176-025557,,,,更地,公開可,無,440000,,階,-,久喜市北中曽根の貸地【430坪】,,埼玉県久喜市北中曽根1317-11,,,3.00,1.00,,,1.00,1424.30,,430.85,1022,2026/07/24,"2026/03/17 09:32","2026/07/24 17:52",先物(仲介),,株式会社岡安不動産,-,"=""0480-85-2331""",,"2026/6/26　検討されている方いる
2026/4/28　大型車も可能　2026/9まで使用、賃貸開始は10月以降
・住所：北中曽根1317-11、1319-1 他/
/",3460036
貸地,R00176-025678,,,,更地,公開可,無,350000,,階,-,さいたま市西区西大宮3丁目の貸地【457坪】,,埼玉県さいたま市西区西大宮３丁目50-5,,,3.00,1.00,,,1.00,1511.93,,457.35,766,2026/07/24,"2026/04/14 11:34","2026/07/24 17:51",先物(仲介),,株式会社松澤地所,-,"=""049-256-9492""",,"■土地No.1
■土地No.2（隣地物件）R00176-025679：288.77坪／300,000万円
※2026/4/14　広告NGのためマッチングのみ｜(株)松澤地所",3310078
貸地,R00176-025682,,,,更地,公開可,無,550000,,階,-,さいたま市桜区西堀3丁目の貸地【338坪】,,埼玉県さいたま市桜区西堀３丁目24-10,,,,1.00,3.00,,1.00,1119.37,,338.6,1625,2026/07/24,"2026/04/15 09:22","2026/07/24 17:50",先物(仲介),,（株）ＡーＬＩＮＥ,-,"=""048-799-3941""",,,3380832
貸地,R00176-025126,,,,更地,公開可,無,400000,,階,-,所沢市東狭山ケ丘5丁目の貸地【1497坪】,,埼玉県所沢市東狭山ケ丘５丁目949-1,,,6.00,,,,1.10,4952.00,,1497.98,268,2026/07/24,"2025/11/14 10:13","2026/07/24 17:49",先物(仲介),,(株)塩月産業　田無南口店,-,"=""042-450-7188""",,"※2025/11/14　広告確認中のためマッチングのみ｜(株)塩?産業??無南?店
・Googleマップ：https://maps.app.goo.gl/cPSqzg242v5narx47",3591106
貸地,R00176-025228,,,,更地,公開可,無,660000,,階,-,朝霞市大字宮戸の貸地【453坪】,,埼玉県朝霞市大字宮戸95,,,2.00,1.00,,,,1500.00,,453.75,1455,2026/07/24,"2025/12/12 09:54","2026/07/24 17:49",先物(仲介),,株式会社ココ・エステート,-,"=""048-452-7722""",,・所在地：宮戸98番、96番,3510031
倉庫,R00176-025951,,,,空,公開可,無,462000,,階,1969年05月,吉川市大字川藤の貸倉庫【130坪】,,埼玉県吉川市大字川藤3609,,,3.00,1.00,,,1.00,492.00,432.25,130.75,3534,2026/07/24,"2026/06/16 10:12","2026/07/24 16:32",先物(仲介),,株式会社ビーズ,-,"=""048-263-2882""",空有,,3420005
倉庫,R00176-024236,,,,空,公開可,無,750000,,階,1974年12月,本庄市児玉町吉田林の貸倉庫【410坪】,,埼玉県本庄市児玉町吉田林434-1,,,,1.00,3.00,,1.00,,1356.22,410.25,1829,2026/07/24,"2025/04/25 09:49","2026/07/24 16:30",先物(仲介),,（株）BOA,-,"=""03-6908-7935""",,"■1号棟
※2025/9/24　広告NGのためマッチングのみ｜秋山不動産",3670211
工場,R00176-024887,,,,空,アーカイブ(成約),無,1200000,,階,1980年12月,鴻巣市袋の貸工場【266坪】,,埼玉県鴻巣市袋922-2,,,8.00,2.00,,,1.00,1052.26,881.74,266.72,4499,2026/07/24,"2025/09/25 09:44","2026/07/24 16:28",先物(仲介),,（株）BOA,-,"=""03-6908-7935""",,,3690131
倉庫,R00176-025779,,,,空,アーカイブ(成約),無,418000,,1階,1983年09月,新座市西堀3丁目の貸倉庫【76坪】,,埼玉県新座市西堀３丁目2,,3300,,2.00,3.00,,,,253.00,76.53,5462,2026/07/24,"2026/05/11 09:42","2026/07/24 16:24",先物(仲介),,（有）花里商事,-,"=""048-463-0007""",空有,2026/7/24　申し込み入ったので一旦募集停止,3520031
倉庫,R00176-025952,,,,空,公開可,無,297000,,階,1979年02月,入間郡三芳町大字竹間沢の貸倉庫【53坪】,,埼玉県入間郡三芳町大字竹間沢158,,,3.00,1.00,,,1.00,,178.00,53.84,5516,2026/07/24,"2026/06/16 10:31","2026/07/24 16:19",先物(仲介),,株式会社光ホーム,-,"=""04-2945-2622""",空有,"・1区画貸し
※2026/6/16　広告確認中のためマッチングのみ｜(株)光ホーム",3540043
倉庫,R00176-025370,,,,建築中,公開可,無,935000,,1階,2026年08月,川口市領家4丁目の貸倉庫【89坪】,,埼玉県川口市領家４丁目8-17,,,2.00,2.00,,,1.00,494.49,295.41,89.36,10464,2026/07/24,"2026/02/03 10:01","2026/07/24 16:12",先物(仲介),,有限会社ヤハタ物産,-,"=""048-223-4980""",,"・B棟
",3320004
工場,R00176-024204,,,,空,公開可,無,704000,,階,1970年04月,入間市大字南峯の貸工場【217坪】,,埼玉県入間市大字南峯362,,,2.00,1.00,,,1.10,,720.00,217.8,3233,2026/07/24,"2025/04/18 11:24","2026/07/24 16:11",先物(仲介),,有限会社ドリームプラン,-,"=""04-2938-6800""",空有,,3580046
倉庫,R00176-024538,,,,空,公開可,無,440000,,階,1988年02月,さいたま市岩槻区仲町2丁目の貸倉庫【52坪】,,埼玉県さいたま市岩槻区仲町２丁目863-1,,,3.00,2.00,,,,,173.44,52.46,8387,2026/07/24,"2025/07/01 11:37","2026/07/24 16:09",先物(仲介),,アネシスホーム（株）,-,"=""048-756-2222""",空有,※2025/7/1　at-home転載可物件｜アネシスホーム（株）,3390054
倉庫,R00176-025711,,,,空,公開可,無,1650000,,階,1990年10月,所沢市東所沢和田3丁目の貸倉庫【399坪】,,埼玉県所沢市東所沢和田３丁目25-1,,,8000000,2.00,,1.00,1.00,,1320.00,399.3,4133,2026/07/24,"2026/04/21 10:52","2026/07/24 16:08",先物(仲介),,(株)新倉不動産,-,"=""04-2944-5666""",空有,,3590023
工場,R00176-025994,,,,空,公開可,無,495000,,1階,1988年05月,川口市上青木6丁目の貸工場【75坪】,,埼玉県川口市上青木６丁目29-2,,,3.00,1.00,,,1.00,,250.52,75.78,6532,2026/07/24,"2026/06/30 10:04","2026/07/24 16:06",先物(仲介),,(株)市川不動産,-,"=""048-441-4754""",,20256/7/24　申込みあり　これから審査に入る,3330844
倉庫,R00176-025567,,,,空,アーカイブ(成約),無,330000,,階,1981年06月,南埼玉郡宮代町大字和戸の貸倉庫【83坪】,,埼玉県南埼玉郡宮代町大字和戸1691-1,,,3.00,,,,,,276.50,83.64,3946,2026/07/24,"2026/03/18 09:31","2026/07/24 16:02",先物(仲介),,(有)ハウスパートナー,-,"=""0480-25-0055""",空有,"2026/6/19　申込み2件あり　3番手
・場所：グーグルマップでは、宮代町国納771-3（株）田口工務店",3450836
倉庫,R00176-025771,,,,空,公開可,無,7974813,,階,1991年03月,三郷市茂田井の貸倉庫【1835坪】,,埼玉県三郷市茂田井220,,151686,,1.00,4.00,,,,6067.43,1835.39,4346,2026/07/24,"2026/05/08 11:45","2026/07/24 15:48",先物(仲介),,株式会社レーベン,-,"=""048-441-2368""",空有,"・A棟中央
",3410025
倉庫,R00176-025669,,,,空,公開可,無,2860000,,階,1970年10月,埼玉第57倉庫【506坪】,,埼玉県新座市野火止３丁目12-2,,,4.00,1.00,,,1.00,2333.45,1674.04,506.39,5648,2026/07/24,"2026/04/13 16:57","2026/07/24 15:48",自社,代理,株式会社センチュリーダイソー　埼玉支店,祷,"=""048-290-0776""",,■埼玉第57倉庫｜サブリース｜担当：祷（埼玉支店）,3520011
倉庫,R00176-025804,,,,使用中,公開可,無,825000,,階,1990年06月,埼玉第18倉庫【142坪】,,埼玉県戸田市笹目４丁目28-1,,,4.00,1.00,,,1.00,,469.84,142.12,5805,2026/07/24,"2026/05/14 11:36","2026/07/24 15:47",自社,代理,株式会社センチュリーダイソー,大山,"=""03-6441-2258""",空有,"【埼玉第18倉庫】サブリース物件｜担当：大山
2026/7/1　条件変更：93.5万円⇒82.5万円（税抜75万円）　広告料1カ月",3350034
店舗事務所(建物一括),R00176-024783,,,,空,公開可,無,780000,,階,1969年04月,行田市大字下忍の貸店舗・事務所【建物228坪】【土地663坪】,,埼玉県行田市大字下忍562-1,,,6.00,1.00,,,1.00,2194.13,754.66,228.28,3417,2026/07/24,"2025/09/01 12:06","2026/07/24 15:45",自社,専任媒介,株式会社センチュリーダイソー,星,"=""03-6441-2258""",空有,"■2026/5/11　賃料変更88万円→78万円（税込）
■2025/9/1　専任媒介契約｜担当：星さん
・地番：行田市大字下忍字京田562-1、563-1、589-1",3610037
倉庫,R00176-025902,,,,空,公開可,無,1859000,,階,1981年04月,さいたま市桜区町谷4丁目の貸倉庫【337坪】,,埼玉県さいたま市桜区町谷４丁目7,,,,1.00,3.00,,,,1116.40,337.71,5505,2026/07/24,"2026/06/04 09:34","2026/07/24 15:44",先物(仲介),,株式会社レーベン,-,"=""048-441-2368""",空有,"・2-3階部分
・Googleマップ枝番：7-9",3380836
貸地,R00176-025219,,,,その他,公開可,無,1100000,,階,-,比企郡川島町大字宮前の貸地【1200坪】,,埼玉県比企郡川島町大字宮前318,,,,1.00,3.00,,1.00,3966.94,,1199.99,917,2026/07/24,"2025/12/10 10:23","2026/07/24 15:43",先物(仲介),,株式会社タープ不動産情報,-,"=""03-5844-6300""",,,3500137
貸地,R00176-025532,,,,更地,公開可,無,851400,,階,-,三郷市仁蔵の貸地【773坪】,,埼玉県三郷市仁蔵181,,,2.00,1.00,,,,2558.67,,773.99,1101,2026/07/24,"2026/03/11 09:15","2026/07/24 15:43",先物(仲介),,株式会社レーベン,-,"=""048-441-2368""",,,3410023
倉庫,R00176-025906,,,,空,公開可,無,495000,,階,1967年01月,川口市大字安行藤八の貸倉庫【49坪】,,埼玉県川口市大字安行藤八185-1,,,2.00,2.00,,,1.00,,162.00,49,10102,2026/07/24,"2026/06/04 10:43","2026/07/24 15:40",先物(仲介),,良居株式会社,-,"=""03-5828-3088""",空有,,3340051
倉庫,R00176-025543,,,,空,公開可,無,550000,,階,1980年12月,深谷市岡1丁目の貸倉庫【338坪】,,埼玉県深谷市岡１丁目18-15,,,2.00,1.00,,1.00,1.00,,1119.44,338.63,1625,2026/07/24,"2026/03/13 10:25","2026/07/24 15:37",先物(仲介),,（株）オッズ・スペース,-,"=""03-5846-9399""",空有,,3690201
工場,R00176-024660,,,,使用中,公開可,無,990000,,階,1990年08月,八王子市楢原町の貸工場【328坪】,,東京都八王子市楢原町1423-1,55000,,,1.00,6.00,,,892.94,1086.30,328.6,3013,2026/07/24,"2025/07/31 10:41","2026/07/24 15:30",先物(仲介),,（株）博栄不動産,-,"=""042-666-8288""",空有,・検済みなし,1930803
倉庫,R00176-025861,,,,使用中,アーカイブ(成約),無,386100,,1階,1991年09月,江東区新砂3丁目の貸倉庫【45坪】,,東京都江東区新砂３丁目10-8,,38610,,1.00,4.00,,,,148.77,45,8580,2026/06/24,"2026/05/28 09:40","2026/07/24 13:19",先物(仲介),,（株）タープ不動産,-,"=""03-5844-6300""",,・1区画貸し,1360075
倉庫,R00176-025857,,,,,アーカイブ(成約),無,880000,,1階,-,江東区東雲2丁目の貸倉庫【99坪】,,東京都江東区東雲２丁目5-3,,,,1.00,4.00,,,,330.57,99.99,8801,2026/06/17,"2026/05/26 11:33","2026/07/24 13:18",先物(仲介),,（株）ＴＨＥ　ＬＩＦＥ,-,"=""045-594-8348""",,"・1階部分
※2026/5/26　レインズ広告可物件｜(株)THE LIFE",1350062
倉庫,R00176-025703,,,,空,アーカイブ(成約),無,396000,,階,-,墨田区東墨田3丁目の貸倉庫【51坪】,,東京都墨田区東墨田３丁目13-10,,,,,1584000,,,,171.14,51.76,7650,2026/06/24,"2026/04/20 11:15","2026/07/24 13:14",先物(仲介),,アーバンシステム管理株式会社,-,"=""03-3643-8130""",,,1310042
倉庫,R00176-025214,,,,空,アーカイブ(成約),無,1210000,,階,1988年12月,文京区小石川2丁目の貸倉庫【103坪】,,東京都文京区小石川２丁目12-8,,,,1.00,4.00,,1.00,,341.16,103.2,11725,2026/06/24,"2025/12/09 10:57","2026/07/24 13:09",先物(仲介),,（株）タープ不動産,-,"=""03-5844-6300""",空有,・地下1、1-2階部分,1120002
貸地,R00176-025062,,,,更地,アーカイブ(成約),無,330000,,階,-,羽村市羽の貸地【275坪】,,東京都羽村市羽4209-1,,,2.00,1.00,,,1.00,910.00,,275.27,1199,2026/06/24,"2025/10/28 11:41","2026/07/24 11:58",先物(仲介),,?留間商事株式会社,-,"=""042-560-3624""",,※2025/10/28　転載不可のためマッチングのみ｜?留間商事（株）,2050012
貸地,R00176-025999,,,,その他,アーカイブ(成約),無,397500,,階,-,八王子市宮下町の貸地【397坪】,,東京都八王子市宮下町792,,,2.00,1.00,,,,1314.10,,397.51,1000,2026/06/30,"2026/06/30 11:26","2026/07/24 11:51",先物(仲介),,昭和建設株式会社※広告NG業者,-,"=""042-621-0667""",,"※広告NG業者のためマッチングのみ
・場所：グーグルマップでは、宮下町795（株式会社スマイルカミオン）付近
・Googleマップ：https://maps.app.goo.gl/ijakcWRWhRNpUmcu5",1920005
貸地,R00176-026056,,,,更地,公開可,無,450000,,階,-,大和市上草柳の貸地【299坪】,,神奈川県大和市上草柳204-3,,,,1.10,2.00,,1.10,991.00,,299.77,1502,2026/07/14,"2026/07/14 10:29","2026/07/23 15:57",先物(仲介),,（株）アサヒ地建　,-,"=""046-220-4422""",,※2026/7/14　広告NGのためマッチングのみ｜貸主：（株）アサヒ地建,2420029
貸地,R00176-026055,,,,古家付,公開可,無,650000,,階,-,横浜市旭区今宿南町の貸地【349坪】,,神奈川県横浜市旭区今宿南町1880-1,,,4.00,1.00,,,1.00,1155.00,,349.38,1861,2026/07/14,"2026/07/14 10:05","2026/07/23 15:51",先物(仲介),,(株)セルフドア,-,"=""0467-84-6678""",,※2026//14　at-home転載可物件｜(株)セルフドア,2410034
貸地,R00176-026049,,,,,公開可,無,418000,,階,-,横浜市都筑区池辺町の貸地【225坪】,,神奈川県横浜市都筑区池辺町979,,,,2.00,3.00,,,743.81,,225,1858,2026/07/13,"2026/07/13 10:05","2026/07/23 15:48",先物(仲介),,株式会社加瀬テナントサービス,-,"=""045-534-8232""",,,2240053
倉庫,R00176-025483,,,,空,公開可,無,1892000,,1階,2005年06月,狭山市大字北入曽の貸倉庫【429坪】,,埼玉県狭山市大字北入曽826-1,,,4.00,1.00,,,,3592.52,1421.48,429.99,4401,2026/07/23,"2026/02/27 09:31","2026/07/23 15:18",先物(仲介),,株式会社シーアールイー　本社,-,"=""03-5572-6604""",,,3501315
倉庫,R00176-025555,,,,空,公開可,無,1200000,,階,2003年07月,武蔵村山市伊奈平1丁目の貸倉庫【143坪】,,東京都武蔵村山市伊奈平１丁目81-4,,,4.00,1.00,,,1.00,1520.88,474.70,143.59,8357,2026/07/23,"2026/03/16 11:26","2026/07/23 15:17",先物(仲介),,比留間商事（株）,-,"=""042-560-3624""",空有,・場所：グーグルマップでは、伊奈平1丁目74-1,2080023
倉庫,R00176-026009,,,,使用中,公開可,無,9753454,,階,2004年04月,川越市芳野台2丁目の貸倉庫【1699坪】,,埼玉県川越市芳野台２丁目8-46,560713,,4.00,1.00,,,,,5616.95,1699.12,5741,2026/07/23,"2026/07/02 10:01","2026/07/23 15:15",先物(仲介),,株式会社シーアールイー　本社,-,"=""03-5572-6604""",,"
",3500833
貸地,R00176-025859,,,,更地,公開可,無,330000,,階,-,越谷市大字大杉の貸地【866坪】,,埼玉県越谷市大字大杉87-1,,,5.00,1.00,,,,2863.00,,866.05,382,2026/07/23,"2026/05/27 11:11","2026/07/23 15:11",先物(仲介),,（有）小林不動産　,-,"=""048-964-3467""",,,3430005
貸地,R00176-025133,,,,その他,公開可,無,980000,,階,-,上尾市大字菅谷の貸地【1545坪】,,埼玉県上尾市大字菅谷173,,,3.00,1.00,,,,5109.00,,1545.47,635,2026/07/23,"2025/11/17 09:48","2026/07/23 15:11",先物(仲介),,株式会社アクシス２１,-,"=""048-871-8731""",,"【所在地】埼玉県上尾市大字菅谷173、174、175、176、194、195他3筆
※2025/11/17　広告NGのためマッチングのみ ｜アクシス不動産",3620003
貸地,R00176-025760,,,,更地,公開可,無,580000,,階,-,さいたま市岩槻区大字鹿室の貸地【1157坪】,,埼玉県さいたま市岩槻区大字鹿室1344-1,30000,,,2.00,2.00,,1.00,3828.00,,1157.97,501,2026/07/23,"2026/05/07 10:33","2026/07/23 15:11",先物(仲介),,ときわビル株式会社　岩槻支店,-,"=""048-749-0500""",,,3390001
貸地,R00176-025759,,,,更地,公開可,無,422000,,階,-,さいたま市岩槻区大字鹿室の貸地【843坪】,,埼玉県さいたま市岩槻区大字鹿室1351,22000,,,2.00,2.00,,1.00,2790.00,,843.97,501,2026/07/23,"2026/05/07 10:31","2026/07/23 15:10",先物(仲介),,ときわビル株式会社　岩槻支店,-,"=""048-749-0500""",,,3390001
倉庫,R00176-026040,,,,使用中,公開可,無,2167176,,1階,2019年09月,横浜市港北区樽町4丁目の貸倉庫【164坪】,,神奈川県横浜市港北区樽町４丁目13-26,,,6.00,1.10,,,,813.00,542.76,164.18,13200,2026/07/23,"2026/07/09 09:29","2026/07/23 15:06",先物(仲介),,寺田倉庫株式会社,-,"=""03-5479-1616""",空有,※2026/7/9　レインズ広告可物件｜元付：寺田倉庫,2220001
工場,R00176-025479,,,,使用中,公開可,無,3564000,,階,1976年04月,厚木市上依知の貸工場【676坪】,,神奈川県厚木市上依知1259-4,,,4.00,1.00,,,,1785.88,2235.28,676.17,5271,2026/07/23,"2026/02/26 09:57","2026/07/23 15:05",先物(仲介),,三晃トラスト（株）,-,"=""046-245-5121""",空有,,2430801
倉庫,R00176-025761,,,,使用中,公開可,無,13200000,,階,1993年10月,厚木市岡田の貸倉庫【3211坪】,,神奈川県厚木市岡田3148,,,6.00,1.00,,,,5462.60,10616.35,3211.44,4111,2026/07/23,"2026/05/07 10:48","2026/07/23 15:03",先物(仲介),,厚農商事（株）本店,-,"=""046-224-1555""",空有,,2430021
倉庫,R00176-025231,,,,使用中,公開可,無,1051000,,2階,1980年03月,江戸川区臨海町4丁目の貸倉庫【140坪】,,東京都江戸川区臨海町４丁目2-2,38500,,4.00,1.00,,,,,464.47,140.5,7481,2026/07/23,"2025/12/12 10:59","2026/07/23 14:55",先物(仲介),,（株）タープ不動産,-,"=""03-5844-6300""",無,・2階部分,1340086
倉庫,R00176-024572,,,,空,公開可,無,990000,,2階,1985年01月,横浜市港北区新吉田東4丁目の貸倉庫【79坪】,,神奈川県横浜市港北区新吉田東４丁目1-7,,,6.00,1.00,,1.00,1.00,,264.46,79.99,12376,2026/07/23,"2025/07/10 10:20","2026/07/23 14:54",先物(仲介),,（株）コタニ興業,-,"=""045-593-3721""",空有,・2階部分,2230058
倉庫,R00176-024227,,,,使用中,公開可,無,990000,,階,2001年05月,町田市野津田町の貸倉庫【286坪】,,東京都町田市野津田町120-1,,,,2.00,3.00,,1.00,1929.15,946.76,286.39,3457,2026/07/23,"2025/04/23 12:39","2026/07/23 14:53",先物(仲介),,（株）サウスキーハウス,-,"=""042-785-4471""",空有,※2026/6/4　at-home広告可物件｜(株)サウスキーハウス,1950063
倉庫,R00176-025061,,,,空,公開可,無,450000,,階,1993年05月,横浜市港北区綱島東3丁目の貸倉庫【44坪】,,神奈川県横浜市港北区綱島東３丁目5-58,,,,2.00,4.00,,1.00,153.70,146.67,44.36,10143,2026/07/23,"2025/10/28 10:49","2026/07/23 14:53",先物(仲介),,株式会社石原興業,-,"=""045-541-4180""",空有,"・1-2階部分
※マッチングのみ
",2230052
倉庫,R00176-025013,,,,空,公開可,無,341000,,階,1972年02月,横浜市都筑区早渕1丁目の貸倉庫【43坪】,,神奈川県横浜市都筑区早渕１丁目3-15,,,,2.00,4.00,,1.00,1172.66,145.35,43.96,7756,2026/07/23,"2025/10/21 10:18","2026/07/23 14:44",先物(仲介),,株式会社石原興業,-,"=""045-541-4180""",空有,※マッチングのみ,2240025
倉庫,R00176-025746,,,,,公開可,無,3668445,,1階,1974年01月,高座郡寒川町倉見の貸倉庫【666坪】,,神奈川県高座郡寒川町倉見2001-1,,,4.00,1.00,,,,3773.19,2204.92,666.98,5501,2026/07/23,"2026/04/30 09:42","2026/07/23 13:36",先物(仲介),,株式会社シーアールイ―,-,"=""03-5572-6604""",,・倉見5、6、7号,2530101
工場,R00176-025633,,,,居住中,公開可,無,1980000,,階,1974年07月,横浜市瀬谷区卸本町の貸工場【261坪】,,神奈川県横浜市瀬谷区卸本町9308-23,,,,1.00,3.00,,1.00,,863.97,261.35,7577,2026/07/23,"2026/04/03 10:27","2026/07/23 13:36",先物(仲介),,（株）俵屋,-,"=""042-737-0228""",空有,※2026/4/3　at-home転載可物件｜(株)俵屋,2460001
工場,R00176-025634,,,,空,公開可,無,1804000,,階,1990年01月,川崎市宮前区南野川2丁目の貸工場【226坪】,,神奈川県川崎市宮前区南野川２丁目48-20,,,,1.00,3.00,,1.00,572.77,749.34,226.67,7959,2026/07/23,"2026/04/03 10:53","2026/07/23 13:36",先物(仲介),,（株）俵屋,-,"=""042-737-0228""",空有,※2026/7/14　at-home転載可物件｜(株)俵屋,2160042
倉庫,R00176-024955,,,,空,公開可,無,748000,,階,2026年02月,吉川市大字高久の貸倉庫【79坪】,,埼玉県吉川市大字高久476,,,4.00,,,,,2200.00,262.50,79.4,9420,2026/07/23,"2025/10/10 09:58","2026/07/23 13:26",先物(仲介),,（株）日本リアリスト,-,"=""03-3667-1391""",空有,"・B区画
※2025/10/10　広告確認中のためマッチングのみ｜(株)日本リアリスト",3420035
倉庫,R00176-024957,,,,空,公開可,無,748000,,階,2026年02月,吉川市大字高久の貸倉庫【79坪】,,埼玉県吉川市大字高久476,,,4.00,,,,,2200.00,262.50,79.4,9420,2026/07/23,"2025/10/10 09:58","2026/07/23 13:25",先物(仲介),,（株）日本リアリスト,-,"=""03-3667-1391""",空有,"・D区画
※2025/10/10　広告確認中のためマッチングのみ｜(株)日本リアリスト",3420035
倉庫,R00176-024958,,,,空,公開可,無,748000,,階,2026年02月,吉川市大字高久の貸倉庫【79坪】,,埼玉県吉川市大字高久476,,,4.00,,,,,2200.00,262.50,79.4,9420,2026/07/23,"2025/10/10 09:58","2026/07/23 13:25",先物(仲介),,（株）日本リアリスト,-,"=""03-3667-1391""",空有,"・E区画
※2025/10/10　広告確認中のためマッチングのみ｜(株)日本リアリスト",3420035
貸地,R00176-025246,,,,更地,公開可,無,550000,,階,-,海老名市柏ケ谷5丁目の貸地【556坪】,,神奈川県海老名市柏ケ谷５丁目24-3,,,5.00,1.00,,1.00,1.00,1838.66,,556.19,989,2026/07/23,"2025/12/18 09:24","2026/07/23 12:39",先物(仲介),,（有）グッドウィル　,-,"=""045-943-1783""",,・Googleマップ：https://maps.app.goo.gl/vUNeXzUqh1Nb3Eqf6,2430402
倉庫,R00176-025856,,,,築後未入居,公開可,無,800000,,階,2025年06月,横浜市中区長者町9丁目の貸倉庫【27坪】,,神奈川県横浜市中区長者町９丁目,,,,1.00,6.00,,1.00,64.04,91.80,27.76,28809,2026/07/23,"2026/05/26 11:17","2026/07/23 12:38",先物(仲介),,吉田ビル（株）,-,"=""045-251-8070""",近有,・Googleマップ：https://maps.app.goo.gl/i6NgmdUXoVPtzdiR9,2310033
店舗事務所(建物一括),R00176-025588,,,,空,公開可,無,880000,,階,1988年06月,平塚市中里の貸店舗・事務所【144坪】,,神奈川県平塚市中里49-13,,,,,6.00,,0.50,482.17,479.32,144.99,6070,2026/07/23,"2026/03/24 10:31","2026/07/23 12:37",先物(仲介),,株式会社小浜土地建物,-,"=""0467-89-2622""",空有,※2026.3.24　広告確認中のためマッチングのみ｜(株)?浜?地建物,2540054
店舗(建物一括),R00176-025367,,,,空,公開可,無,396000,,1階,2003年07月,厚木市中荻野の貸店舗【25坪】,,神奈川県厚木市中荻野350-1,,,,2.00,10.00,,1.00,,84.30,25.5,15529,2026/07/23,"2026/02/02 09:47","2026/07/23 12:37",先物(仲介),,株式会社??コーポレーションＡｎｎｅｘ・１,-,"=""046-223-5000""",空有,"※2026/6/22　物確⇒募集中
　　　　　　　ただし、現況：飲食店で許可を取っているため原則、飲食店のみ可
　　　（多用途で許可とるのはかなり難しいとの事）
　　★元付：??コーポレーションＡｎｎｅｘ・１／TEL  046-223-5000
※2026/5/22　at-home転載可物件｜(株)西田コーポレーションAnnex･1",2430202
貸地,R00176-025855,,,,更地,公開可,無,500000,,階,-,横浜市泉区和泉町の貸地【325坪】,,神奈川県横浜市泉区和泉町1001-1,,,5.00,1.00,,,,1076.00,,325.49,1537,2026/07/23,"2026/05/26 10:58","2026/07/23 12:35",先物(仲介),,株式会社エヌクリエイト,-,"=""045-853-3385""",,,2450016
倉庫,R00176-025535,,,,空,公開可,無,327250,,4階,2024年02月,横浜市神奈川区羽沢南2丁目の貸倉庫【29坪】,,神奈川県横浜市神奈川区羽沢南２丁目44-7,,,6.00,,,,,,98.36,29.75,10999,2026/07/23,"2026/03/11 09:50","2026/07/23 12:33",先物(仲介),,寺田倉庫株式会社,-,"=""03-5479-1616""",,"・401a区画
※2026/3/11　レインズ広告可物件｜貸主：寺田倉庫（株）",2210866
貸地,R00176-025877,,,,更地,公開可,無,300000,,階,-,平塚市北豊田の貸地【381坪】,,神奈川県平塚市北豊田549-1,22000,,3.00,1.00,,,1.00,1261.00,,381.45,787,2026/07/23,"2026/05/29 10:52","2026/07/23 12:32",先物(仲介),,ＷＡＲＥＨＯＵＳＥ合同会社,-,"=""046-212-2988""",,"※2026/5/29　広告確認中のためマッチングのみ｜WAREHOUSE(同)
・Googleマップ：https://maps.app.goo.gl/Fn2Z4HeaYs59tMAe6",2540088
工場,R00176-025876,,,,使用中,公開可,無,880000,,1階,1996年10月,秦野市曽屋の貸工場【149坪】,,神奈川県秦野市曽屋901,,,,1.00,10.00,,1.00,,492.91,149.1,5902,2026/07/23,"2026/05/29 10:43","2026/07/23 12:32",先物(仲介),,ミサワホーム不動産株式会社,-,"=""050-3187-3753""",,※2026/5/29　at-home広告可物件｜ミサワホーム不動産（株）,2570031
貸地,R00176-025809,,,,更地,アーカイブ(成約),無,350000,,階,-,横浜市瀬谷区南瀬谷1丁目の貸地【143坪】,,神奈川県横浜市瀬谷区南瀬谷１丁目90-11,,,2.00,2.00,,,1.00,473.00,,143.08,2447,2026/07/23,"2026/05/18 09:44","2026/07/23 12:31",先物(仲介),,すまいる株式会社,-,"=""045-264-8150""",,"※2026/5/18　広告確認中のためマッチングのみ｜(株)すまいる
2026/06　飯田さん契約予定",2460034
店舗事務所(建物一括),R00176-025675,,,,空,アーカイブ(成約),無,308000,,1階,1997年04月,相模原市緑区長竹の貸店舗・事務所【46坪】,,神奈川県相模原市緑区長竹1189-4,,,,1.10,4.00,,1.10,406.33,152.86,46.24,6661,2026/06/25,"2026/04/14 10:47","2026/07/23 12:30",先物(仲介),,(有)八代,-,"=""042-784-3591""",空有,※2026/4/14　広告確認中のためマッチングのみ｜(有)八代,2520154
貸地,R00176-025884,,,,更地,アーカイブ(成約),無,300000,,階,-,愛甲郡愛川町田代の貸地【302坪】,,神奈川県愛甲郡愛川町田代2192-1,,,3.00,1.00,,,1.00,1000.00,,302.5,992,2026/06/25,"2026/06/01 10:33","2026/07/23 12:29",先物(仲介),,会知不動産（株）,-,"=""045-507-6840""",,※Googleマップ：https://maps.app.goo.gl/67LRsdJmfET6HJSU9,2430306
倉庫,R00176-025910,,,,空,公開可,無,3245000,,1階,1990年09月,伊勢原市小稲葉の貸倉庫【614坪】,,神奈川県伊勢原市小稲葉458,,,,1.00,3.00,,1.00,,2033.00,614.98,5277,2026/07/23,"2026/06/05 10:21","2026/07/23 12:28",先物(仲介),,株式会社加瀬テナントサービス,-,"=""045-534-8232""",空有,,2591122
倉庫,R00176-025890,,,,空,公開可,無,1980000,,階,1991年04月,横浜市瀬谷区阿久和西3丁目の貸倉庫【200坪】,,神奈川県横浜市瀬谷区阿久和西３丁目1-10,,,6.00,2.00,,1.00,,,661.20,200.01,9900,2026/07/23,"2026/06/02 10:40","2026/07/23 12:28",先物(仲介),,（株）コタニ興業,-,"=""045-593-3721""",空有,,2460025
店舗事務所(建物一括),R00176-025893,,,,空,公開可,無,495000,,階,1999年02月,横浜市戸塚区柏尾町の貸店舗・事務所【56坪】,,神奈川県横浜市戸塚区柏尾町953-5,,,,1.00,3.00,,1.00,130.76,185.88,56.22,8804,2026/07/23,"2026/06/02 11:02","2026/07/23 12:27",先物(仲介),,柏尾不動産（株）,-,"=""045-820-6670""",空有,,2440812
倉庫,R00176-025891,,,,使用中,公開可,無,3080000,,1階,1983年02月,横浜市金沢区幸浦1丁目の貸倉庫【238坪】,,神奈川県横浜市金沢区幸浦１丁目15-30,,,3.00,1.00,,,,2324.09,787.76,238.29,12926,2026/07/23,"2026/06/02 10:48","2026/07/23 12:23",先物(仲介),,株式会社シーアールイー　本社,-,"=""03-5572-6604""",空有,,2360003
貸地,R00176-025788,,,,更地,公開可,無,676000,,階,-,横浜市戸塚区汲沢町の貸地【223坪】,,神奈川県横浜市戸塚区汲沢町27-1,,,,1.00,3.00,,1.00,739.35,,223.65,3023,2026/07/23,"2026/05/12 10:21","2026/07/23 12:20",先物(仲介),,戸塚土地建物（株）,-,"=""045-777-6690""",,※2026/5/11　マイソク自社HPのみ可物件｜戸塚土地建物（株）,2450062
倉庫,R00176-024489,,,,空,公開可,無,385000,,1階,2023年02月,横浜市中区本牧原の貸倉庫【20坪】,,神奈川県横浜市中区本牧原25-7,2200,,3.00,,,,1.00,,68.56,20.73,18564,2026/07/23,"2025/06/20 09:50","2026/07/23 12:19",先物(仲介),,エリアリンク（株）本店,-,"=""050-3066-7769""",,※2026/5/12　レインズ広告可物件｜エリアリンク（株）,2310821
貸地,R00176-024878,,,,更地,公開可,無,310000,,階,-,横浜市戸塚区汲沢町の貸地【102坪】,,神奈川県横浜市戸塚区汲沢町27-1,,,,1.00,3.00,,1.00,338.53,,102.4,3028,2026/07/23,"2025/09/24 10:36","2026/07/23 12:16",先物(仲介),,戸塚土地建物（株）,-,"=""045-777-6690""",,"・Googleマップ：https://maps.app.goo.gl/Rmv6rno79rUjDt2H9
・2026/5/12　マイソクより自社HP掲載可物件｜戸塚土地建物（株）",2450062
倉庫,R00176-025787,,,,使用中,公開可,無,13200000,,1階,1973年01月,横浜市金沢区鳥浜町の貸倉庫【2395坪】,,神奈川県横浜市金沢区鳥浜町7,,,6.00,2.00,,,,,7919.30,2395.58,5511,2026/07/23,"2026/05/12 10:07","2026/07/23 12:01",先物(仲介),,（株）貴奈美,-,"=""045-900-5463""",空有,,2360002
倉庫,R00176-025786,,,,使用中,公開可,無,1925000,,階,1987年03月,平塚市大神6丁目の貸倉庫【364坪】,,神奈川県平塚市大神６丁目6-31,,,3.00,2.00,,,1.00,,1206.27,364.89,5276,2026/07/23,"2026/05/12 09:59","2026/07/23 12:00",先物(仲介),,（株）協和不動産,-,"=""0463-55-0551""",,,2540012
貸地,R00176-025350,,,,その他,公開可,無,330000,,階,-,横浜市泉区和泉町の貸地【329坪】,,神奈川県横浜市泉区和泉町1012-3,,,1000000,1.00,,,1.00,1089.00,,329.42,1002,2026/07/23,"2026/01/27 10:33","2026/07/23 12:00",先物(仲介),,（有）エスジーエー　おうち屋さん,-,"=""045-800-3280""",,※2026/1/27　広告確認中のためマッチングのみ｜(有)エスジーエー,2450016
店舗事務所(建物一括),R00176-023962,,,,空,公開可,無,407000,,階,2007年04月,小田原市中里の貸店舗・事務所【43坪】,,神奈川県小田原市中里131-11,,,,1.00,6.00,,,270.84,144.49,43.7,9312,2026/07/23,"2025/02/27 09:37","2026/07/23 11:59",先物(仲介),,有限会社ライフプランニング,-,"=""0465-46-1160""",空有,,2500872
倉庫,R00176-025783,,,,空,公開可,無,680000,,1階,1991年03月,横浜市鶴見区生麦1丁目の貸倉庫【72坪】,,神奈川県横浜市鶴見区生麦１丁目7,,,6.00,1.00,,,,,240.78,72.83,9337,2026/07/23,"2026/05/11 10:54","2026/07/23 11:58",先物(仲介),,誠和株式会社,-,"=""03-3868-0566""",,"・101
・所在地：横浜市鶴見区生麦１丁目7-11
※2026/5/11　広告NGのためマッチングのみ｜誠和（株）",2300052
貸地,R00176-025461,,,,,公開可,無,1398000,,階,-,横浜市緑区長津田町の貸地【998坪】,,神奈川県横浜市緑区長津田町5626,,,,1.00,3.00,,1.00,3300.00,,998.25,1401,2026/07/23,"2026/02/20 09:55","2026/07/23 11:57",先物(仲介),,（株）メイクリーン,-,"=""045-309-7315""",,"・枝番：5626他
※2026/2/20　マイソクより自社サイトのみ広告可物件｜(株)メイクリーン",2260026
貸地,R00176-025904,,,,その他,公開可,無,700000,,階,-,横浜市旭区上川井町の貸地【504坪】,,神奈川県横浜市旭区上川井町536,,,,1.00,2.00,,1.00,1668.00,,504.57,1388,2026/07/23,"2026/06/04 10:11","2026/07/23 11:56",先物(仲介),,株式会社タッグ総合企画開発,-,"=""046-261-5078""",,※2026/6/4　広告掲載厳禁｜タッグ総合企画開発,2410802
倉庫,R00176-025985,,,,空,公開可,無,440000,,1階,1979年01月,厚木市妻田西1丁目の貸倉庫【41坪】,,神奈川県厚木市妻田西１丁目19-22,33000,,,,10.00,,1.00,307.44,137.86,41.7,10551,2026/07/23,"2026/06/26 10:11","2026/07/23 11:56",先物(仲介),,（株）フロム・ゼロ,-,"=""03-6384-0200""",空有,,2430815
倉庫,R00176-024638,,,,居住中,公開可,無,385000,,2階,1991年10月,横浜市都筑区池辺町の貸倉庫【57坪】,,神奈川県横浜市都筑区池辺町4328,,,3.00,1.00,,,1.00,,188.80,57.11,6742,2026/07/23,"2025/07/29 09:32","2026/07/23 11:47",先物(仲介),,（株）グリーンハウジング,-,"=""045-935-7370""",空有,"・2階部分
※2025/7/29　at-home転載可物件｜(株)グリーンハウジング",2240053
工場,R00176-025419,,,,空,アーカイブ(成約),無,1386000,,階,1983年05月,横浜市金沢区福浦2丁目の貸工場【217坪】,,神奈川県横浜市金沢区福浦２丁目11-2,,,3.00,1.00,,,1.00,,720.00,217.8,6364,2026/06/22,"2026/02/13 10:37","2026/07/23 11:46",先物(仲介),,（株）総合店舗開発,-,"=""045-326-2736""",空有,・1-2階部分,2360004
倉庫,R00176-024427,,,,空,公開可,無,1265704,,2階,1975年01月,川崎市川崎区浮島町の貸倉庫【302坪】,,神奈川県川崎市川崎区浮島町4-2,,,2.00,1.00,,,,,999.40,302.31,4187,2026/07/23,"2025/06/09 09:37","2026/07/23 11:25",先物(仲介),,,-,"=""070-6555-3592""",,"2025.8.18　募集箇所2F、パレットに積込める商品のみ。
・20号倉庫",2100862
倉庫,R00176-025965,,,,使用中,アーカイブ(成約),無,2420000,,1階,1971年03月,相模原市中央区清新8丁目の貸倉庫【487坪】,,神奈川県相模原市中央区清新８丁目17-6,,,6.00,2.00,,,,,1610.00,487.02,4969,2026/06/22,"2026/06/22 09:44","2026/07/23 11:24",先物(仲介),,ハピネスホーム　,-,"=""042-400-7613""",空有,,2520216
工場,R00176-025896,,,,使用中,アーカイブ(成約),無,1980000,,階,2008年09月,江戸川区松本2丁目の貸工場【198坪】,,東京都江戸川区松本２丁目33-2,,,,1.00,4.00,,1.00,,656.56,198.6,9970,2026/07/22,"2026/06/02 11:56","2026/07/22 16:39",先物(仲介),,株式会社豊徳,-,"=""03-3964-0861""",空有,,1330043
倉庫,R00176-025086,,,,空,公開可,無,1035000,,階,2025年11月,野田市中里の貸倉庫【228坪】,,千葉県野田市中里418-1,,,,1.00,3.00,,1.00,658.87,756.00,228.69,4526,2026/07/21,"2025/11/05 10:26","2026/07/22 16:03",先物(仲介),,ゼクス株式会社,-,"=""047-468-8685""",,2026.7.22　1棟、EVなどない為、2Fへは階段利用。,2700237
倉庫,R00176-026060,,,,空,公開可,無,2190600,,階,2009年12月,川崎市中原区上丸子山王町の貸倉庫【199坪】,,神奈川県川崎市中原区上丸子山王町２丁目1048-9,,,6.00,1.00,,,,,658.34,199.14,11000,2026/07/16,"2026/07/16 09:21","2026/07/22 15:18",先物(仲介),,東京建物不動産販売　賃貸営業第二部,-,"=""03-6837-7535""",空有,,2110002
工場,R00176-026037,,,,空,公開可,無,462000,,階,1983年11月,大田区大森南4丁目の貸工場【53坪】,,東京都大田区大森南４丁目10-19,,,,1.00,6.00,,1.00,,176.70,53.45,8644,2026/07/07,"2026/07/07 10:38","2026/07/22 15:11",先物(仲介),,（株）ホクシンアクセス　,-,"=""03-3298-3861""",無,,1430013
貸地,R00176-026031,,,,更地,公開可,無,440000,,階,-,大田区大森中1丁目の貸地【81坪】,,東京都大田区大森中１丁目20-15,,,,1.00,1.00,,1.00,270.00,,81.67,5388,2026/07/06,"2026/07/06 10:56","2026/07/22 15:06",先物(仲介),,（株）ＧＩＡ,-,"=""03-5744-3299""",,,1430014
倉庫,R00176-026061,,,,居住中,公開可,無,7810000,,階,1991年02月,厚木市酒井の貸倉庫【2013坪】,,神奈川県厚木市酒井3138,,,6.00,1.00,,,,3621.49,6656.09,2013.46,3879,2026/07/16,"2026/07/16 10:17","2026/07/22 14:54",先物(仲介),,厚農商事（株）本店,-,"=""046-224-1555""",空有,,2430022
倉庫,R00176-026045,,,,使用中,公開可,無,1330560,,1階,1969年06月,海老名市今里2丁目の貸倉庫【223坪】,,神奈川県海老名市今里２丁目25-17,,,3.00,2.00,,,1.00,1291.00,739.00,223.54,5953,2026/07/10,"2026/07/10 09:30","2026/07/22 14:47",先物(仲介),,厚?倉庫株式会社,-,"=""046-233-5111""",,,2430423
倉庫,R00176-025900,,,,空,公開可,無,319000,,階,1968年11月,さいたま市見沼区大字南中野の貸倉庫【48坪】,,埼玉県さいたま市見沼区大字南中野247-1,,,,1.00,4.00,,1.00,,158.99,48.09,6633,2026/07/13,"2026/06/03 12:17","2026/07/22 13:38",先物(仲介),,株式会社イコム,-,"=""048-799-3200""",近有,"募集区画1-2階部分
3階は一般住居2DK×4部屋。1部屋は契約済み。3部屋は募集中(7月22日現在)",3370042
倉庫,R00176-025036,,,,空,公開可,無,660000,,階,1970年03月,桶川市坂田東2丁目の貸倉庫【184坪】,,埼玉県桶川市坂田東２丁目27-3,,,2.00,2.00,,,1.00,3580.36,607.50,183.76,3592,2026/07/22,"2025/10/23 10:25","2026/07/22 12:07",先物(仲介),,有限会社新谷工務店,-,"=""048-728-3577""",,・連棟式倉庫（区画貸し）,3630009
店舗(建物一括),R00176-025843,,,,使用中,公開可,無,440000,,1階,1989年02月,川口市並木1丁目の貸店舗【44坪】,,埼玉県川口市並木１丁目11-3,,,,1.00,3.00,,1.00,,145.58,44.03,9992,2026/07/22,"2026/05/25 09:40","2026/07/22 12:05",先物(仲介),,株式会社バンダイ　西川口店,-,"=""048-287-3339""",無,※2026/7/14　広告確認中のためマッチングのみ｜(株)バンダイ西川口店,3320034
工場,R00176-024515,,,,空,公開可,無,19800000,,階,1985年11月,立川市栄町6丁目の貸工場【2759坪】,,東京都立川市栄町６丁目1-3,,,12.00,,,,,,9122.52,2759.56,7176,2026/07/22,"2025/06/26 10:23","2026/07/22 12:04",先物(仲介),,東京建物不動産販売　賃貸営業第二部,-,"=""03-6837-7535""",空有,※2025/6/26　広告確認中のためマッチングのみ｜東京建物不動産販売株式会社?賃貸営業第?部?リーシング第?グループ,1900003
倉庫,R00176-024514,,,,空,公開可,無,17127000,,階,1989年10月,日野市新町5丁目の貸倉庫【2595坪】,,東京都日野市新町５丁目5-22,,,6.00,1.00,,,,,8578.52,2595,6600,2026/07/22,"2025/06/26 10:20","2026/07/22 12:03",先物(仲介),,東京建物不動産販売　賃貸営業第二部,-,"=""03-6837-7535""",,※2025/6/26　広告確認中のためマッチングのみ｜東京建物不動産販売株式会社?賃貸営業第?部?リーシング第?グループ,1910002
倉庫,R00176-025101,,,,空,公開可,無,4070000,,階,1973年11月,千代田区東神田2丁目の貸倉庫【241坪】,,東京都千代田区東神田２丁目8-12,,,,,10.00,,,,798.05,241.41,16860,2026/07/22,"2025/11/07 11:06","2026/07/22 12:03",先物(仲介),,東京建物不動産販売　賃貸営業第二部,-,"=""03-6837-7535""",,※2025/11/7　広告確認中のためマッチングのみ｜東京建物不動産販売株式会社?賃貸営業第?部?リーシング第?グループ,1010031
工場,R00176-024704,,,,使用中,公開可,無,2481226,,1階,1969年01月,厚木市三田1丁目の貸工場【410坪】,,神奈川県厚木市三田１丁目8,,,4.00,1.10,,,,,1355.77,410.12,6050,2026/07/22,"2025/08/19 10:41","2026/07/22 12:02",先物(仲介),,東京建物不動産販売　賃貸営業第二部,-,"=""03-6837-7535""",無,"・1階部分
・場所：グーグルマップでは、三田1丁目8-805-2（スヤマコーポレーション）
※2025/8/19　広告確認中のためマッチングのみ｜東京建物不動産販売株式会社?賃貸営業第?部?リーシング第?グループ",2430211
倉庫,R00176-025040,,,,空,公開可,無,1980000,,階,1993年11月,千葉市稲毛区長沼町の貸倉庫【277坪】,,千葉県千葉市稲毛区長沼町55-15,,,6.00,1.00,,,,826.68,916.20,277.15,7145,2026/07/22,"2025/10/24 09:55","2026/07/22 12:02",先物(仲介),,ジーエルアールインベストメント株式会社,-,"=""03-5797-7822""",空有,・売買：B00176-001536,2630005
倉庫,R00176-025386,,,,空,公開可,無,1792230,,階,2013年10月,墨田区亀沢4丁目の貸倉庫【108坪】,,東京都墨田区亀沢４丁目10-2,,,6.00,1.10,,,,,359.08,108.62,16500,2026/07/22,"2026/02/05 12:58","2026/07/22 11:50",先物(仲介),,東京建物不動産販売　賃貸営業第二部,-,"=""03-6837-7535""",,,1300014
倉庫,R00176-025293,,,,空,公開可,無,1485000,,1階,1968年12月,綾瀬市大上1丁目の貸倉庫【299坪】,,神奈川県綾瀬市大上１丁目5429-1,,,3.00,1.00,,,55000,,990.00,299.47,4959,2026/07/22,"2026/01/14 09:52","2026/07/22 11:49",先物(仲介),,株式会社ライズ,-,"=""042-741-5820""",,・Googleマップ：大上1丁目13,2521104
倉庫,R00176-024965,,,,空,公開可,無,770000,,階,1996年08月,千葉市中央区都町8丁目の貸倉庫【158坪】,,千葉県千葉市中央区都町８丁目2-20,,,5.00,,,,,,523.96,158.49,4859,2026/07/22,"2025/10/14 10:36","2026/07/22 11:48",先物(仲介),,三葉?業株式会社,-,"=""03-5823-0328""",空有,,2600001
倉庫,R00176-025932,,,,使用中,公開可,無,440000,,1階,1981年02月,相模原市中央区田名の貸倉庫【78坪】,,神奈川県相模原市中央区田名3510-1,,,3.00,1.00,,,1.00,,258.51,78.19,5627,2026/07/22,"2026/06/11 10:43","2026/07/22 11:48",先物(仲介),,株式会社ライズ,-,"=""042-741-5820""",空有,"・1階B
・所在地：相模原市中央区田名3510-1、3511-1
※2026/6/11　広告確認中のためマッチングのみ｜(株)ライズ",2520244
倉庫,R00176-024688,,,,空,公開可,無,338800,,1階,2021年03月,板橋区高島平1丁目の貸倉庫【20坪】,,東京都板橋区高島平１丁目53-16,,,,1.10,6.00,,,,67.89,20.53,16498,2026/07/22,"2025/08/07 10:22","2026/07/22 11:47",先物(仲介),,東京建物不動産販売　賃貸営業第二部,-,"=""03-6837-7535""",無,,1750082
貸地,R00176-023845,,,,更地,公開可,無,550000,,階,-,厚木市長谷の貸地【455坪】,,神奈川県厚木市長谷670-1,,,,1.00,5.00,,1.10,1506.24,,455.63,1208,2026/07/22,"2025/02/06 10:02","2026/07/22 10:59",先物(仲介),,（株）チュウオウコーポレーション,-,"=""046-221-0041""",,※2026/7/22　at-home広告可物件｜(株)チュウオウコーポレーション,2430036
倉庫,R00176-026063,,,,,公開可,無,915750,,階,1991年09月,宮城県仙台市若林区荒井５丁目の貸倉庫【185坪】,,宮城県仙台市若林区荒井５丁目,33000,,6.00,1.00,,,,,612.55,185.29,4943,2026/07/17,"2026/07/17 10:03","2026/07/22 09:31",自社,一般媒介,株式会社センチュリーダイソー,飯田,"=""03-6441-2258""",空有,"■2026/7/17　オーナー募集依頼物件｜担当：飯田さん
・1階部分の区画貸し
・Googleマップ住所：〒984-0032 宮城県仙台市若林区荒井５丁目１６－１（斎喜倉庫第６）
　https://maps.app.goo.gl/YxZFiRsUUcYuNfg5A",9840032
倉庫,R00176-026064,,,,,公開可,無,1192400,,階,1991年09月,宮城県仙台市若林区荒井５丁目の貸倉庫【271坪】,,宮城県仙台市若林区荒井５丁目,33000,,6.00,1.00,,,,,896.05,271.05,4400,2026/07/21,"2026/07/17 10:06","2026/07/22 09:31",自社,一般媒介,株式会社センチュリーダイソー,飯田,"=""03-6441-2258""",空有,"■2026/7/17　オーナー募集依頼物件｜担当：飯田さん
・4階部分
・Googleマップ住所：〒984-0032 宮城県仙台市若林区荒井５丁目１６－１（斎喜倉庫第６）
　https://maps.app.goo.gl/YxZFiRsUUcYuNfg5A",9840032
倉庫,R00176-025978,,,,空,公開可,無,240000,,階,1991年12月,葛飾区堀切７丁目の貸倉庫【23坪】,,東京都葛飾区堀切７丁目5-18,,,2.00,1.00,,,1.00,,78.66,23.79,10087,2026/07/29,"2026/06/23 11:09","2026/07/22 09:24",自社,一般媒介,株式会社センチュリーダイソー,星,"=""03-6441-2258""",空有,"■2026/7/13　条件変更　賃料：300,000円（税込）⇒240,000円（税込）
　　　　　　　 　　　　　契約期間：2年⇒3年
■2026/6/23　一般媒介｜担当：星さん",1240006
貸地,R00176-025818,,,,更地,公開可,無,365000,,階,-,平塚市大神5丁目の貸地【281坪】,,神奈川県平塚市大神５丁目,,,,1.00,6.00,,,930.00,,281.32,1298,2026/07/21,"2026/05/19 09:48","2026/07/21 17:41",先物(仲介),,(有)宮大不動産,-,"=""0463-54-2926""",,"・Googleマップ枝番：9
・Googleマップ：https://maps.app.goo.gl/8TegTTHSzg1LMSqe7
・街区番号37",2540012
貸地,R00176-025729,,,,更地,公開可,無,340000,,階,-,藤沢市打戻の貸地【262坪】,,神奈川県藤沢市打戻2052-1,,,3.00,1.00,,,,869.00,,262.87,1294,2026/07/21,"2026/04/27 10:11","2026/07/21 17:41",先物(仲介),,GｉｖｅＲｅ（株）,-,"=""0467-40-6760""",,Googleマップ：https://maps.app.goo.gl/4wGu58hStArpoTnp6,2520824
貸地,R00176-025732,,,,更地,公開可,無,360000,,階,-,茅ヶ崎市浜之郷の貸地【299坪】,,神奈川県茅ヶ崎市浜之郷4-1,,,3.00,1.00,,,,990.00,,299.47,1203,2026/07/21,"2026/04/27 10:46","2026/07/21 17:40",先物(仲介),,GｉｖｅＲｅ（株）,-,"=""0467-40-6760""",,・Googleマップ：https://maps.app.goo.gl/7jSJsvcCLZTRQiMV6,2530086
貸地,R00176-025828,,,,更地,公開可,無,630900,,階,-,横浜市都筑区早渕3丁目の貸地【286坪】,,神奈川県横浜市都筑区早渕３丁目4704,,,3.00,1.00,,1.00,1.00,948.00,,286.77,2201,2026/07/21,"2026/05/20 09:36","2026/07/21 17:37",先物(仲介),,（株）コタニ興業,-,"=""045-593-3721""",,,2240025
貸地,R00176-025749,,,,更地,公開可,無,1500000,,階,-,横浜市都筑区牛久保町の貸地【486坪】,,神奈川県横浜市都筑区牛久保町1597-1,,,,1.00,6.00,,,1606.89,,486.08,3086,2026/07/21,"2026/04/30 10:37","2026/07/21 17:36",先物(仲介),,（株）プロフィット,-,"=""03-6804-5301""",,※2026/4/30　広告確認中のためマッチングのみ｜(株)プロフィット,2240011
貸地,R00176-025810,,,,古家付,公開可,無,350000,,階,-,横浜市旭区矢指町の貸地【100坪】,,神奈川県横浜市旭区矢指町1935-12,,,,2.00,3.00,,0.50,331.81,,100.37,3488,2026/07/21,"2026/05/18 09:53","2026/07/21 17:36",先物(仲介),,株式会社加瀬テナントサービス,-,"=""045-534-8232""",,,2410811
貸地,R00176-025728,,,,更地,公開可,無,1120000,,階,-,横浜市泉区和泉町の貸地【561坪】,,神奈川県横浜市泉区和泉町5995-1,,,2.00,1.00,,,1.00,1857.00,,561.74,1994,2026/07/21,"2026/04/27 09:59","2026/07/21 17:35",先物(仲介),,(株)アクシャル,-,"=""045-315-0211""",,"・住所：和泉町5995-1、5994-1、5996-7
※2026/4/27　広告確認中のためマッチングのみ｜(株)アクシャル",2450016
店舗事務所(建物一部),R00176-024862,,,,空,公開可,無,1243440,,1階,1988年03月,横浜市都筑区見花山の貸店舗・事務所【113坪】,,神奈川県横浜市都筑区見花山40-22,,,10.00,1.00,,,1.00,,373.71,113.04,11000,2026/07/21,"2025/09/19 09:51","2026/07/21 17:35",先物(仲介),,株式会社タウンハウジング,-,"=""03-5687-1915""",空有,"20260416　小林顧客申込中
2025.12.15　引続き2番手、受付中。
2025.11.20　お申込み1件あり、オーナー様が使用用途のところで審査中の為、引き続き募集中。",2240066
貸地,R00176-024055,,,,更地,公開可,無,498000,,階,-,横浜市泉区新橋町の貸地【314坪】,,神奈川県横浜市泉区新橋町1272-1,,,,1.10,3.00,,1.10,1040.10,,314.63,1583,2026/07/21,"2025/03/18 10:29","2026/07/21 17:34",先物(仲介),,（株）ハウスプランニング,-,"=""046-876-9404""",,"・A区画
・Googleマップ：https://maps.app.goo.gl/PuqJfFGmZQSqSovP6
※2025/7/8　at-home転載可物件｜(株)ハウスプランニング",2450009
貸地,R00176-023328,,,,更地,公開可,無,598000,,階,-,川崎市高津区久末の貸地【352坪】,,神奈川県川崎市高津区久末651-1,,,1.00,2.00,,,1.00,1166.28,,352.79,1696,2026/07/21,"2024/10/18 10:23","2026/07/21 17:33",先物(仲介),,（株）セイユーコミュニティー,-,"=""042-744-1107""",,"・2号地
・道幅4ｔダンプくらいまで。
2025.1.13　用途は資材置き場のみ。車両置き場は?",2130026
店舗(建物一部),R00176-023276,,,,空,公開可,無,550000,,1階,1968年08月,相模原市中央区相模原1丁目の貸店舗【30坪】,,神奈川県相模原市中央区相模原１丁目2-6,,,6.00,1.00,,,,,101.48,30.69,17917,2026/07/21,"2024/10/10 09:56","2026/07/21 17:31",先物(仲介),,（株）ゼロ,-,"=""042-705-8020""",,"・1階部分
2025/1/20　確認（星）1階のみ募集中。駐車場は別途7台程あるが、金額等は応相談。",2520231
貸地,R00176-025308,,,,更地,公開可,無,310000,,階,-,厚木市三田の貸地【443坪】,,神奈川県厚木市三田2961-1,,,2.00,1.00,,,,1466.00,,443.46,700,2026/07/21,"2026/01/16 10:41","2026/07/21 17:30",先物(仲介),,（有）相湘ハウジング,-,"=""0463-61-4900""",,・所在地：2961-1他,2430211
貸地,R00176-025254,,,,更地,公開可,無,858000,,階,-,横浜市都筑区勝田町の貸地【412坪】,,神奈川県横浜市都筑区勝田町643,,,4.00,1.00,,1.00,1.00,1362.46,,412.14,2082,2026/07/21,"2025/12/24 10:06","2026/07/21 17:29",先物(仲介),,（有）グッドウィル　,-,"=""045-943-1783""",,,2240034
貸地,R00176-023581,,,,更地,公開可,無,780000,,階,-,小田原市東町1丁目の貸地【427坪】,,神奈川県小田原市東町１丁目147-2,,,,,12000000,,,1413.07,,427.45,1825,2026/07/21,"2024/12/06 09:56","2026/07/21 17:28",先物(仲介),,東西地所株式会社,-,"=""0465-34-8750""",,"・地番：東町1丁目147-2他
・Googleマップ枝番：19
※2024/12/6　レインズ広告可物件｜東西地所（株）",2500003
貸地,R00176-025122,,,,更地,公開可,無,320800,,階,-,厚木市愛甲3丁目の貸地【324坪】,,神奈川県厚木市愛甲３丁目2494,,,,2.00,3.00,,0.50,1071.08,,324,991,2026/07/21,"2025/11/13 10:19","2026/07/21 17:16",先物(仲介),,株式会社加瀬テナントサービス,-,"=""045-534-8232""",,"・場所：グーグルマップでは、愛甲3丁目8-24（トータル道路 機械置場）の道路挟んで西側",2430035
貸地,R00176-024687,,,,更地,公開可,無,476300,,階,-,相模原市緑区川尻の貸地【476坪】,,神奈川県相模原市緑区川尻4032-1,,,,2.00,3.00,,0.50,1575.22,,476.5,1000,2026/07/21,"2025/08/07 10:11","2026/07/21 17:15",先物(仲介),,株式会社加瀬テナントサービス,-,"=""045-534-8232""",,・所在地：4032-1、他,2520111
工場,R00176-025001,,,,空,アーカイブ(成約),無,4356000,,2階,2000年01月,川崎市幸区塚越4丁目の貸工場【265坪】,,神奈川県川崎市幸区塚越４丁目320-1,,143000,6.00,1.00,,1.00,,,878.62,265.78,16390,2026/07/21,"2025/10/20 11:13","2026/07/21 17:13",先物(仲介),,（株）コタニ興業,-,"=""045-593-3721""",,"・2026/2/27　コタニ興業にて再募集開始
・2025/12/1業者変更（コタニ興業⇒大和ハウス工業※直接やり取り可）小林さん指示
　→2026/1/21成約済
・2階D区画",2120024
倉庫,R00176-025402,,,,使用中,公開可,無,2259900,,階,1980年02月,横浜市金沢区幸浦2丁目の貸倉庫【250坪】,,神奈川県横浜市金沢区幸浦２丁目21-1,,143000,,1.00,6.00,,1.00,,827.78,250.4,9026,2026/07/27,"2026/02/10 09:35","2026/07/21 17:12",先物(仲介),,（株）ライク,-,"=""045-349-4031""",空有,・1-2階部分（一部）,2360003
貸地,R00176-024110,,,,更地,アーカイブ(成約),無,330000,,階,-,相模原市南区新磯野の貸地【299坪】,,神奈川県相模原市南区新磯野174,,,2.00,1.00,,,1.00,991.00,,299.77,1101,2026/06/18,"2025/04/01 10:53","2026/07/21 17:11",先物(仲介),,（有）ヤマシンホーム,-,"=""042-748-1001""",,,2520325
貸地,R00176-024745,,,,更地,公開可,無,680000,,階,-,綾瀬市大上9丁目の貸地【532坪】,,神奈川県綾瀬市大上９丁目6129-1,3000,,3.00,1.00,,,1.00,1760.10,,532.43,1278,2026/07/21,"2025/08/25 09:48","2026/07/21 17:10",先物(仲介),,（株）マリンボックス,-,"=""0466-41-2133""",,"・場所：グーグルマップでは、大上9丁目1-1（アールエス・マシン）の東側
・所在地：6129番地1
※2025/8/25　広告確認中のためマッチングのみ｜(株)マリンボックス",2521104
店舗(建物一部),R00176-024366,,,,空,公開可,無,350000,,1階,1977年04月,横浜市保土ケ谷区天王町1丁目の貸店舗【25坪】,,神奈川県横浜市保土ケ谷区天王町１丁目6-1,20000,,,1.00,900000,,1.00,,83.33,25.2,13885,2026/07/21,"2025/05/23 09:42","2026/07/21 17:10",先物(仲介),,長谷部開発（株）,-,"=""03-3442-7411""",,※2025/5/23　広告確認中のためマッチングのみ｜長谷部開発（株）,2400003
倉庫,R00176-024765,,,,使用中,公開可,無,770000,,階,1991年12月,三浦郡葉山町上山口の貸倉庫【87坪】,,神奈川県三浦郡葉山町上山口2178-2,,,5.00,1.00,,,1.00,,289.93,87.7,8780,2026/07/21,"2025/08/28 11:34","2026/07/21 17:09",先物(仲介),,ファーストリンク株式会社,-,"=""045-511-7197""",空有,※マッチングのみ,2400115
事務所(建物一部),R00176-024454,,,,空,公開可,無,545985,,1階,1979年11月,川崎市中原区小杉御殿町2丁目の貸事務所【33坪】,,神奈川県川崎市中原区小杉御殿町２丁目67-6,,,,1.00,3.00,,,,109.39,33.09,16500,2026/07/21,"2025/06/13 10:19","2026/07/21 17:09",先物(仲介),,（株）ブルーム,-,"=""03-6434-7102""",,※2025/6/13　広告確認中のためマッチングのみ｜(株)ブルーム,2110068
倉庫,R00176-024455,,,,使用中,公開可,無,2909060,,階,1994年10月,小田原市桑原の貸倉庫【755坪】,,神奈川県小田原市桑原570-2,,,2.00,1.00,,,1.00,,2498.17,755.69,3850,2026/07/21,"2025/06/13 10:23","2026/07/21 17:07",先物(仲介),,（株）ファクトリンク,-,"=""045-717-8842""",空有,,2500861
貸地,R00176-025739,,,,更地,アーカイブ(成約),無,320000,,階,-,厚木市三田の貸地【319坪】,,神奈川県厚木市三田1919,,,2.00,1.00,,,1.00,1057.00,,319.74,1001,2026/06/18,"2026/04/28 10:51","2026/07/21 17:06",先物(仲介),,（有）県央土地建物,-,"=""046-294-4022""",,,2430211
貸地,R00176-024975,,,,更地,アーカイブ(成約),無,330000,,階,-,横浜市神奈川区三枚町の貸地【175坪】,,神奈川県横浜市神奈川区三枚町766-1,,,,2.00,3.00,,0.50,580.30,,175.54,1880,2026/06/18,"2025/10/15 10:29","2026/07/21 17:05",先物(仲介),,株式会社加瀬テナントサービス,-,"=""045-534-8232""",,"・B区画
・所在地：三枚町766-1の一部",2210862
工場,R00176-025837,,,,空,公開可,無,2420000,,1階,1970年03月,高座郡寒川町田端の貸工場【350坪】,,神奈川県高座郡寒川町田端4019-11,,,4.00,1.00,,,1.00,,1157.62,350.18,6911,2026/07/21,"2026/05/22 09:36","2026/07/21 17:05",先物(仲介),,（株）小菅不動産　本店,-,"=""046-267-0765""",空有,・場所：グーグルマップでは、田端1718,2530114
店舗事務所(建物一括),R00176-023808,,,,空,公開可,無,1892000,,階,1994年09月,横浜市中区野毛町3丁目の貸事務所【139坪】,,神奈川県横浜市中区野毛町３丁目159,,,,2.00,5.00,,1.00,118.77,461.87,139.71,13542,2026/07/21,"2025/01/29 10:06","2026/07/21 17:02",先物(仲介),,シナネンアクシア株式会社,-,"=""03-5367-2105""",無,※2025/11/10　at-home転載可物件｜シナネンアクシア(株),2310064
貸地,R00176-025173,,,,更地,公開可,無,495000,,階,-,横浜市都筑区南山田町の貸地【300坪】,,神奈川県横浜市都筑区南山田町4231-1,,,,2.00,3.00,,0.50,991.74,,300,1650,2026/07/21,"2025/12/01 09:40","2026/07/21 16:59",先物(仲介),,株式会社加瀬テナントサービス,-,"=""045-534-8232""",,・所在地：南山田町4231-1、他,2240026
倉庫,R00176-025847,,,,空,公開可,無,1000000,,階,2009年06月,大和市上草柳6丁目の貸倉庫【143坪】,,神奈川県大和市上草柳６丁目6-20,,,3.00,1.00,,,1.00,,475.01,143.69,6960,2026/07/21,"2026/05/25 10:56","2026/07/21 16:57",先物(仲介),,（株）グランドワーク,-,"=""046-274-9832""",空有,,2420029
工場,R00176-025830,,,,空,公開可,無,330000,,1階,2005年07月,大和市代官4丁目の貸工場【32坪】,,神奈川県大和市代官４丁目19-25,,4400,3.00,2.00,,,1.00,,107.65,32.56,10134,2026/07/21,"2026/05/20 09:55","2026/07/21 16:57",先物(仲介),,（株）小菅不動産　本店,-,"=""046-267-0765""",空有,"・4号
・所在地：大和市代官4-19-25、26",2420025
倉庫,R00176-025523,,,,空,アーカイブ(成約),無,385000,,階,1997年08月,横浜市緑区青砥町の貸倉庫【36坪】,,神奈川県横浜市緑区青砥町265-1,,,,1.00,6.00,,1.10,109.09,120.96,36.59,10522,2026/06/19,"2026/03/10 09:33","2026/07/21 16:52",先物(仲介),,（株）シンメイト,-,"=""045-411-5225""",空有,,2260022
工場,R00176-025846,,,,空,公開可,無,412500,,1階,1971年09月,横浜市都筑区池辺町の貸工場【37坪】,,神奈川県横浜市都筑区池辺町3354,,,,3.00,3.00,,1.00,,124.00,37.51,10998,2026/07/21,"2026/05/25 10:38","2026/07/21 16:52",先物(仲介),,株式会社見村鉄骨グループ,-,"=""044-588-5231""",空有,・2026/5/25　at-home転載可物件｜(株)?村鉄?グループ,2240053
店舗(建物一括),R00176-025962,,,,使用中,公開可,無,2420000,,階,2001年07月,藤沢市鵠沼海岸1丁目の貸店舗【127坪】,,神奈川県藤沢市鵠沼海岸１丁目16-3,,,,1.00,17600000,,1.00,871.32,421.22,127.41,18993,2026/07/21,"2026/06/19 09:34","2026/07/21 16:51",先物(仲介),,（株）北日本管財,-,"=""03-3470-4508""",空有,,2510037
店舗事務所(建物一括),R00176-025961,,,,空,公開可,無,2810500,,階,2003年10月,平塚市宮の前の貸店舗・事務所【272坪】,,神奈川県平塚市宮の前2-1,,,,1.00,6.00,,,,901.49,272.7,10307,2026/07/21,"2026/06/18 10:17","2026/07/21 16:50",先物(仲介),,アークホームズ（株）　,坂本,"=""03-3233-4881""",空有,※2026/6/18　広告確認中のためマッチングのみ｜アークホームズ（株）,2540035
貸地,R00176-026034,,,,更地,公開可,無,485000,,階,-,朝霞市大字台の貸地【295坪】,,埼玉県朝霞市大字台286-1,,,3.00,2.00,,,1.00,978.00,,295.84,1640,2026/07/07,"2026/07/07 09:47","2026/07/21 16:15",先物(仲介),,荒井商事株式会社　東武練馬店,-,"=""03-3934-1190""",,"Googleマップ：https://maps.app.goo.gl/bvajbce92vKRDM6Z7
※2026/7/7　貸主広告NGのためマッチングのみ｜荒井商事（株）
",3510003
倉庫,R00176-026033,,,,空,公開可,無,1128600,,1階,1983年03月,所沢市大字中富の貸倉庫【227坪】,,埼玉県所沢市大字中富1557,,,4.00,1.00,,,1.00,,752.40,227.6,4959,2026/07/21,"2026/07/07 09:44","2026/07/21 16:13",先物(仲介),,株式会社コジョソコ,-,"=""045-530-9890""",空有,,3590002
倉庫,R00176-026008,,,,空,公開可,無,550000,,1階,1990年08月,所沢市大字南永井の貸倉庫【95坪】,,埼玉県所沢市大字南永井526-7,,,3.00,1.00,,,1.00,,315.60,95.46,5762,2026/07/02,"2026/07/02 09:37","2026/07/21 16:09",先物(仲介),,（株）増木　不動産事業部,-,"=""048-481-3133""",空有,,3590011
貸地,R00176-025987,,,,更地,公開可,無,400000,,階,-,所沢市大字下富の貸地【525坪】,,埼玉県所沢市大字下富619-5,,,,1.00,4.00,,1.00,1737.00,,525.44,762,2026/07/06,"2026/06/29 09:38","2026/07/21 15:57",先物(仲介),,株式会社イコム,-,"=""048-799-3200""",,・所在地：619-5、他,3590001
倉庫,R00176-026048,,,,,公開可,無,4840665,,階,1990年07月,戸田市笹目南町の貸倉庫【800坪】,,埼玉県戸田市笹目南町6-2,154000,,4.00,1.00,,,,1874.54,2644.99,800.1,6051,2026/07/13,"2026/07/13 09:28","2026/07/21 15:44",先物(仲介),,株式会社シーアールイ―,-,"=""03-5572-6604""",,,3350035
倉庫,R00176-025561,,,,空,保留,無,770000,,階,1976年08月,鴻巣市人形2丁目の貸倉庫【210坪】,,埼玉県鴻巣市人形２丁目,,,3.00,,,,1.00,,695.60,210.41,3660,2026/07/21,"2026/03/17 10:17","2026/07/21 15:28",先物(仲介),,（株）佐藤不動産※広告NG業者,-,"=""048-541-0574""",空有,"【グーグルマップ】埼玉県鴻巣市人形2丁目1-76の隣
※広告NG業者",3650037
工場,R00176-024903,,,,空,公開可,無,764755,,階,1969年07月,吉川市大字川藤の貸工場【309坪】,,埼玉県吉川市大字川藤3610,,,4.00,1.00,,,1.00,995.03,1022.46,309.29,2473,2026/07/21,"2025/09/30 09:19","2026/07/21 15:26",先物(仲介),,株式会社コジョソコ,-,"=""045-530-9890""",空有,,3420005
倉庫,R00176-025458,,,,使用中,公開可,無,3172158,,階,1997年04月,加須市大桑2丁目の貸倉庫【801坪】,,埼玉県加須市大桑２丁目15-1,,,4.00,1.00,,,,4497.00,2648.09,801.04,3961,2026/07/21,"2026/02/19 10:12","2026/07/21 15:13",先物(仲介),,株式会社シーアールイ―,-,"=""03-5572-6604""",,,3470010
貸地,R00176-024378,,,,更地,公開可,無,1000000,,階,-,狭山市大字堀兼の貸地【3088坪】,,埼玉県狭山市大字堀兼2548-1,,,5.00,1.00,,,1.00,10210.00,,3088.52,324,2026/07/21,"2025/05/27 10:10","2026/07/21 15:05",先物(仲介),,（株）ワンズ・ライフ,-,"=""049-247-8686""",,"・枝番：2548-1他
※2025/5/27　広告確認中のためマッチングのみ｜(株)ワンズ・ライフ",3501312
貸地,R00176-023054,,,,更地,公開可,無,330000,,階,-,久喜市北青柳の貸地【629坪】,,埼玉県久喜市北青柳1460-1,,,,1.00,4.00,,1.00,2082.00,,629.8,524,2026/07/21,"2024/08/26 10:41","2026/07/21 15:05",先物(仲介),,株式会社イコム,-,"=""048-799-3200""",,"【ナビ住所】北青柳1464
・地番：北青柳1460-1、他",3460024
倉庫,R00176-025665,,,,空,公開可,無,1855051,,4階,1991年09月,横浜市戸塚区上矢部町の貸倉庫【306坪】,,神奈川県横浜市戸塚区上矢部町1968-4,,,,1.00,4.00,,,,1013.65,306.62,6050,2026/07/21,"2026/04/13 10:03","2026/07/21 14:59",先物(仲介),,株式会社コジョソコ,-,"=""045-530-9890""",空無,・4階部分,2450053
貸地,R00176-025679,,,,更地,公開可,無,300000,,階,-,さいたま市西区西大宮3丁目の貸地【288坪】,,埼玉県さいたま市西区西大宮３丁目50-5,,,3.00,1.00,,,1.00,954.63,,288.77,1039,2026/07/21,"2026/04/14 11:37","2026/07/21 14:48",先物(仲介),,株式会社松澤地所,-,"=""049-256-9492""",,"■土地No.2
■土地No.1（隣地物件）R00176-025678：457.35坪／350,000万円
※2026/4/14　広告NGのためマッチングのみ｜(株)松澤地所",3310078
倉庫,R00176-025684,,,,空,公開可,無,473000,,1階,1976年09月,江戸川区中央3丁目の貸倉庫【59坪】,,東京都江戸川区中央３丁目9-7,22000,,,2.00,4.00,,1.50,,198.19,59.95,7890,2026/07/21,"2026/04/15 09:49","2026/07/21 13:38",先物(仲介),,（株）タープ不動産,-,"=""03-5844-6300""",,・1階A区画,1320021
倉庫,R00176-025396,,,,空,公開可,無,2702700,,地下1階,1990年03月,品川区勝島1丁目の貸倉庫【188坪】,,東京都品川区勝島１丁目2-1,,,6.00,1.00,,,,,624.20,188.82,14314,2026/07/21,"2026/02/06 10:43","2026/07/21 13:37",先物(仲介),,寺田倉庫株式会社,-,"=""03-5479-1616""",,"・地下1階部分（倉庫1）
※2026/4/14　at-home転載可物件｜貸主：寺田倉庫",1400012
倉庫,R00176-025392,,,,空,公開可,無,965250,,地下1階,1990年03月,品川区勝島1丁目の貸倉庫【67坪】,,東京都品川区勝島１丁目2-1,,,6.00,1.00,,,,,223.00,67.45,14310,2026/07/21,"2026/02/06 10:13","2026/07/21 13:37",先物(仲介),,Ｊ・Ｔ・Ｓ株式会社,-,"=""042-516-8231""",,・地下1階部分（倉庫2）,1400012
倉庫,R00176-025755,,,,空,公開可,無,669200,,地下1階,1990年03月,品川区勝島1丁目の貸倉庫【46坪】,,東京都品川区勝島１丁目2-1,,,6.00,1.00,,,,,154.71,46.79,14300,2026/07/21,"2026/05/01 10:04","2026/07/21 13:36",先物(仲介),,寺田倉庫株式会社,-,"=""03-5479-1616""",,"・地下1階部分（倉庫3）
※2026/4/14　at-home転載可物件｜貸主：寺田倉庫",1400012
倉庫,R00176-025754,,,,空,公開可,無,414200,,地下1階,1990年03月,品川区勝島1丁目の貸倉庫【25坪】,,東京都品川区勝島１丁目2-1,,,6.00,1.00,,,,,82.98,25.1,16502,2026/07/21,"2026/05/01 10:04","2026/07/21 13:35",先物(仲介),,寺田倉庫株式会社,-,"=""03-5479-1616""",,"・地下1階部分（倉庫6）
※2026/4/14　at-home転載可物件｜貸主：寺田倉庫",1400012
倉庫,R00176-025872,,,,空,公開可,無,720000,,階,2025年11月,野田市中里の貸倉庫【149坪】,,千葉県野田市中里418-1,,,,1.00,3.00,,1.00,658.87,495.60,149.91,4803,2026/07/21,"2026/05/28 11:38","2026/07/21 13:34",先物(仲介),,ゼクス株式会社,-,"=""047-468-8685""",空有,・分割案⑧　1-2階部分,2700237
倉庫,R00176-025871,,,,空,公開可,無,650000,,階,2025年11月,野田市中里の貸倉庫【149坪】,,千葉県野田市中里418-1,,,,1.00,3.00,,1.00,658.87,495.60,149.91,4336,2026/07/21,"2026/05/28 11:33","2026/07/21 13:34",先物(仲介),,ゼクス株式会社,-,"=""047-468-8685""",空有,・分割案⑦　1-2階部分,2700237
倉庫,R00176-025868,,,,空,公開可,無,450000,,階,2025年11月,野田市中里の貸倉庫【78坪】,,千葉県野田市中里418-1,,,,1.00,3.00,,1.00,658.87,260.40,78.77,5713,2026/07/21,"2026/05/28 11:12","2026/07/21 13:33",先物(仲介),,ゼクス株式会社,-,"=""047-468-8685""",空有,・分割案④　1-2階部分,2700237
倉庫,R00176-023321,,,,空,公開可,無,1100000,,2階,1986年10月,昭島市松原町2丁目の貸倉庫【258坪】,,東京都昭島市松原町２丁目13-17,,,6.00,,,,1.00,,853.99,258.33,4259,2026/07/21,"2024/10/17 13:22","2026/07/21 13:30",先物(仲介),,（株）クレドハウジング　本店,-,"=""047-704-8360""",,"・2階部分
※2024/10/17　広告確認中のためマッチングのみ｜(株)クレドハウジング 本店",1960003
倉庫,R00176-025782,,,,,公開可,無,1056330,,1階,1977年06月,伊勢原市白根の貸倉庫【213坪】,,神奈川県伊勢原市白根614-1,9900,,4.00,1.00,,,,1268.00,705.47,213.4,4950,2026/07/21,"2026/05/11 10:38","2026/07/21 13:30",先物(仲介),,株式会社シーアールイ―,-,"=""03-5572-6604""",空有,・所在地：神奈川県伊勢原市白根614-1、615-1,2591147
倉庫,R00176-025712,,,,使用中,公開可,無,776160,,1階,1989年11月,江東区大島5丁目の貸倉庫【47坪】,,東京都江東区大島５丁目47-5,,,,1.00,8.00,,1.00,732.01,155.51,47.04,16500,2026/07/21,"2026/04/21 11:04","2026/07/21 13:28",先物(仲介),,ジェーユー・ハウジング（株）,-,"=""03-6659-2881""",,"・1階部分
※2026/4/21　広告確認中のためマッチングのみ｜ジェーユー・ハウジング（株）本店",1360072
倉庫,R00176-025403,,,,空,公開可,無,770000,,階,1982年03月,相模原市中央区田名の貸倉庫【123坪】,,神奈川県相模原市中央区田名3371-22,,,,2.00,6.00,,1.00,,406.65,123.01,6260,2026/07/21,"2026/02/10 10:04","2026/07/21 13:27",先物(仲介),,（株）総合店舗開発,-,"=""045-326-2736""",,,2520244
倉庫,R00176-025716,,,,使用中,公開可,無,770000,,1階,1969年08月,横浜市港北区新羽町の貸倉庫【37坪】,,神奈川県横浜市港北区新羽町4455-1,,3000,,1.00,3.00,,1.00,,123.36,37.31,20635,2026/07/21,"2026/04/22 10:42","2026/07/21 13:27",先物(仲介),,株式会社コジョソコ,-,"=""045-530-9890""",空有,・1階部分,2230057
倉庫,R00176-025972,,,,空,公開可,無,605000,,1階,1989年01月,野田市七光台の貸倉庫【148坪】,,千葉県野田市七光台165-7,22000,,3.00,2.00,,,1.00,,490.21,148.28,4080,2026/07/21,"2026/06/23 10:26","2026/07/21 13:26",先物(仲介),,忠栄土地建物（株）,-,"=""04-7127-1000""",,・第4区画,2780051
倉庫,R00176-024595,,,,空,公開可,無,330000,,1階,1989年11月,横浜市港北区原宿3丁目の貸倉庫【22坪】,,神奈川県横浜市戸塚区原宿３丁目5-24,,,,1.00,800000,,,,73.80,22.32,14782,2026/07/21,"2025/07/17 10:30","2026/07/21 13:18",先物(仲介),,（有）マルヤ,-,"=""045-231-2344""",,※2025/7/17　広告確認中のためマッチングのみ｜(有)マルヤ,2450063
倉庫,R00176-025959,,,,空,公開可,無,319000,,階,1973年11月,川崎市高津区宇奈根の貸倉庫【35坪】,,神奈川県川崎市高津区宇奈根728,5500,,,1.00,3.00,,1.00,,118.81,35.94,8876,2026/07/21,"2026/06/18 09:43","2026/07/21 13:15",先物(仲介),,（株）エヌアセット　溝の口南口店,-,"=""050-3196-8186""",空有,"・1-2階一部分貸し
※2026/6/18　広告確認中のためマッチングのみ｜(株)エヌアセット溝口南店",2130031
店舗(建物一括),R00176-023729,,,,空,公開可,無,418000,,階,1953年10月,中野区鷺宮3丁目の貸店舗【13坪】,,東京都中野区鷺宮３丁目15-3,,,,2.00,10.00,,,,45.00,13.61,30708,2026/07/21,"2025/01/15 14:49","2026/07/21 12:59",先物(仲介),,（株）総合店舗開発,-,"=""045-326-2736""",,,1650032
倉庫,R00176-023596,,,,空,公開可,無,2530000,,階,1994年11月,横浜市神奈川区菅田町の貸倉庫【246坪】,,神奈川県横浜市神奈川区菅田町2624,,,2.00,2.00,,,1.00,2236.14,816.48,246.98,10244,2026/07/21,"2024/12/10 10:59","2026/07/21 12:53",先物(仲介),,（株）スマホーム,安藤,"=""045-315-4601""",,2025.9.9確認：１階の冷凍・冷蔵設備は残置物（現在も使用している）/２階は事務所と従業員の寮として使用していた/リフト無,2210864
倉庫,R00176-025881,,,,空,アーカイブ(成約),無,350000,,階,1984年07月,葛飾区堀切1丁目の貸倉庫【68坪】,,東京都葛飾区堀切１丁目37,,,,1.00,3.00,,1.00,,226.00,68.36,5120,2026/07/21,"2026/05/29 11:39","2026/07/21 12:52",先物(仲介),,（有）マルミ商事,-,"=""03-3602-0376""",,"・1-2階部分（非賃貸部分あり）
・枝番：37-7",1240006
倉庫,R00176-024925,,,,,公開可,無,2640000,,階,2019年01月,柏市大島田2丁目の貸倉庫【199坪】,,千葉県柏市大島田２丁目7-1,,,6.00,,,,1.65,889.00,660.00,199.65,13224,2026/07/21,"2025/10/07 09:59","2026/07/21 12:33",先物(仲介),,ピタットハウス代々木店　（株）ジェイ・エス・プラス,-,"=""03-5302-5575""",,※2025/10/7　広告確認中のためマッチングのみ｜(株)ジェイ・エス・プラス,2770922
店舗(建物一括),R00176-025616,,,,空,公開可,無,495000,,階,1975年03月,三郷市戸ケ崎3丁目の貸店舗【110坪】,,埼玉県三郷市戸ケ崎３丁目501-3,,,3.00,1.00,,,1.00,,365.24,110.48,4481,2026/07/21,"2026/03/31 09:44","2026/07/21 12:32",先物(仲介),,株式会社コネクトプラン,担当携帯：080-3488-6868,"=""03-6803-1984""",,"2026/6/22　申込みあり　二番手可
・場所：グーグルマップでは、戸ケ崎3丁目502-2（フジヤ）
※2026/3/31　広告NGのためマッチングのみ｜(株)コネクトプラン",3410044
店舗(建物一括),R00176-026011,,,,空,公開可,無,990000,,階,2000年12月,柏市藤ケ谷新田の貸店舗【163坪】,,千葉県柏市藤ケ谷新田24-1,,,,1.00,3.00,,1.00,1240.00,539.76,163.27,6064,2026/07/21,"2026/07/02 10:19","2026/07/21 10:13",先物(仲介),,ゼクス株式会社,-,"=""047-468-8685""",空有,"※R00176-024253の一括貸し
・検済みなし（調整区域）
・7/21物確時→募集中
　スポーツジム?業種はオーナー様的には相談可能だが、検済み無しで調整区域のため行政の許可は厳しい可能性があり自己責任になると思われます、との事でした。
　★元付：ゼクス（株）／TEL 047-468-8685
",2770932
店舗事務所(建物一括),R00176-026015,,,,使用中,公開可,無,550000,,階,1992年08月,足立区本木1丁目の貸店舗・事務所【89坪】,,東京都足立区本木１丁目13-15,,,3.00,1.00,,1.00,1.10,175.34,296.61,89.72,6130,2026/07/02,"2026/07/02 11:08","2026/07/17 17:18",先物(仲介),,日本フェアトレード（株）,-,"=""03-6447-5683""",,,1230853
倉庫,R00176-024314,,,,空,公開可,無,1008150,,階,1995年01月,飯能市大字芦苅場の貸倉庫【235坪】,,埼玉県飯能市大字芦苅場369-1,,,2.00,1.00,,,,,776.87,235,4290,2026/07/17,"2025/05/14 13:55","2026/07/17 16:19",先物(仲介),,イーソーコ株式会社,-,"=""03-5439-9401""",空有,,3570013
倉庫,R00176-023033,,,,空,公開可,無,1980000,,階,1999年09月,座間市相武台2丁目の貸倉庫【299坪】,,神奈川県座間市相武台２丁目41-26,,,6.00,2.00,,1.00,1.00,635.00,990.21,299.53,6611,2026/07/17,"2024/08/22 10:02","2026/07/17 16:12",先物(仲介),,（株）コタニ興業,-,"=""045-593-3721""",空有,,2520011
工場,R00176-025719,,,,空,公開可,無,539000,,階,1993年12月,鴻巣市広田の貸工場【165坪】,,埼玉県鴻巣市広田2717,,,2.00,1.00,,,1.00,1400.00,548.00,165.77,3252,2026/07/17,"2026/04/23 10:02","2026/07/17 15:37",先物(仲介),,株式会社Ｔ－Ｌｉｆｅ,-,"=""048-264-7000""",空有,,3650005
貸地,R00176-024940,,,,その他,公開可,無,462000,,階,-,所沢市大字下富の貸地【600坪】,,埼玉県所沢市大字下富1008-4,,,,1.00,3.00,,1.00,1984.00,,600.16,770,2026/07/17,"2025/10/08 12:39","2026/07/17 15:15",先物(仲介),,株式会社豊徳,-,"=""03-3964-0861""",,,3590001
倉庫,R00176-025165,,,,空,公開可,無,306300,,地下1階,1978年08月,新宿区西新宿4丁目の貸倉庫【16坪】,,東京都新宿区西新宿４丁目14-3,,36036,,1.00,10.00,,1.00,,54.17,16.38,18693,2026/07/17,"2025/11/26 11:43","2026/07/17 13:35",先物(仲介),,（株）きめたハウジング　新宿営業所,-,"=""03-5369-3196""",,・地下1階部分,1600023
倉庫,R00176-026065,,,,使用中,公開可,無,880000,,階,1976年12月,草加市青柳3丁目の貸倉庫【60坪】,,埼玉県草加市青柳３丁目12-26,,,3.00,1.00,,,1.00,,201.33,60.9,14450,2026/07/17,"2026/07/17 10:26","2026/07/17 10:58",先物(仲介),,（株）Ｒａｐｐｏｒｔ,-,"=""03-6721-5951""",空有,"※掲載NG
【所在地】倉庫：埼玉県草加市青柳3丁目12-26、敷地：青柳3丁目12-25",3400002
倉庫,R00176-025920,,,,空,公開可,無,1265000,,1階,1992年06月,野田市谷津の貸倉庫【202坪】,,千葉県野田市谷津474-1,,,2.00,1.00,,,1.00,2422.90,668.00,202.07,6261,2026/07/24,"2026/06/09 09:55","2026/07/17 09:44",先物(仲介),,有限会社共進住宅,-,"=""04-7173-1971""",,"※R00176-025390の別区画
※Googleマップ枝番：747-1
※2026/6/9　広告確認中のためマッチングのみ｜(有)共進住宅

・売買あり：B00176-001606",2780046
倉庫,R00176-025390,,,,空,公開可,無,660000,,1階,1992年06月,野田市谷津の貸倉庫【81坪】,,千葉県野田市谷津474-1,,,2.00,1.00,1000000,,1.00,742.50,270.00,81.67,8081,2026/07/24,"2026/02/05 13:56","2026/07/17 09:44",先物(仲介),,有限会社共進住宅,-,"=""04-7173-1971""",,"・A区画（R00176-025920の一区画）
※Googleマップ枝番：747-1
※2026/2/5　広告確認中のためマッチングのみ｜(有)共進住宅

・売買あり：B00176-001606",2780046
倉庫,R00176-026032,,,,空,公開可,無,495000,,階,1976年07月,さいたま市緑区大間木3丁目の貸倉庫【61坪】,,埼玉県さいたま市緑区大間木３丁目41-21,,,,,5.00,,1.00,461.07,203.90,61.67,8026,2026/07/28,"2026/07/07 09:41","2026/07/16 15:29",先物(仲介),,（株）エイワンホーム,-,"=""048-881-8187""",空有,※2026/7/7　広告要相談のためマッチングのみ　｜(株)エイワンホーム,3360923
倉庫,R00176-025463,,,,空,公開可,無,1430000,,階,1999年08月,深谷市岡1丁目の貸倉庫【655坪】,,埼玉県深谷市岡１丁目18-4,,,,1.00,2.00,,1.00,,2165.35,655.01,2184,2026/07/16,"2026/02/20 10:29","2026/07/16 15:26",先物(仲介),,スカイホーム株式会社,-,"=""050-1784-3103""",空有,"【所在地】埼玉県深谷市岡１丁目18-4、18-15
※2026/2/20　マイソクよりレインズ以外掲載可物件｜スカイホーム",3690201
貸地,R00176-026017,,,,更地,公開可,無,435000,,階,-,さいたま市岩槻区大字横根の貸地【363坪】,,埼玉県さいたま市岩槻区大字横根316-1,,,,1.00,4.00,,1.00,1200.00,,363,1199,2026/07/16,"2026/07/03 09:36","2026/07/16 15:16",先物(仲介),,株式会社イコム,-,"=""048-799-3200""",,,3390036
倉庫,R00176-025802,,,,使用中,公開可,無,395000,,階,1988年03月,越谷市大間野町2丁目の貸倉庫【114坪】,,埼玉県越谷市大間野町２丁目11-7,,,3.00,1.00,,,1.00,274.44,377.63,114.23,3458,2026/07/16,"2026/05/14 09:46","2026/07/16 15:10",先物(仲介),,翔洋株式会社,-,"=""080-3707-5568""",空有,,3430844
倉庫,R00176-025617,,,,空,公開可,無,398000,,階,1981年02月,草加市松江6丁目の貸倉庫【58坪】,,埼玉県草加市松江６丁目1-3,,,5.00,1.00,,,1.00,185.21,192.11,58.11,6849,2026/07/16,"2026/03/31 10:12","2026/07/16 15:10",先物(仲介),,翔洋（株）,-,"=""03-6661-8555""",空有,※2026/3/31　レインズ広告可物件｜翔洋（株）,3400013
倉庫,R00176-024573,,,,空,公開可,無,1320000,,階,1985年01月,横浜市港北区新吉田東4丁目の貸倉庫【120坪】,,神奈川県横浜市港北区新吉田東４丁目1-7,,,6.00,1.00,,1.00,1.00,,397.10,120.12,10989,2026/07/16,"2025/07/10 10:20","2026/07/16 14:47",先物(仲介),,（株）コタニ興業,-,"=""045-593-3721""",空有,・1-2階部分,2230058
倉庫,R00176-025648,,,,使用中,公開可,無,1500000,,階,1996年02月,鎌ケ谷市東道野辺4丁目の貸倉庫【523坪】,,千葉県鎌ケ谷市東道野辺４丁目16-33,,,,1.00,3.00,,1.00,910.00,1729.17,523.07,2868,2026/07/16,"2026/04/07 11:52","2026/07/16 13:35",先物(仲介),,（株）東和土地,-,"=""047-444-3111""",近有,※2026/4/7　広告確認中のためマッチングのみ｜(株)東和土地,2730115
倉庫,R00176-025647,,,,使用中,公開可,無,1400000,,階,1996年06月,鎌ケ谷市丸山2丁目の貸倉庫【503坪】,,千葉県鎌ケ谷市丸山２丁目10-67,,,,1.00,3.00,,1.00,868.74,1666.00,503.96,2778,2026/07/16,"2026/04/07 11:36","2026/07/16 13:34",先物(仲介),,（株）東和土地,-,"=""047-444-3111""",無,,2730103
倉庫,R00176-025385,,,,空,公開可,無,892430,,階,1999年11月,墨田区亀沢3丁目の貸倉庫【81坪】,,東京都墨田区亀沢３丁目3-6,,,6.00,1.10,,,,,268.20,81.13,11000,2026/07/16,"2026/02/05 12:00","2026/07/16 13:33",先物(仲介),,東京建物不動産販売　賃貸営業第二部,-,"=""03-6837-7535""",,"・1-2階部分
※2026/2/5　広告確認中のためマッチングのみ｜東京建物不動産販売株式会社?賃貸営業第?部?ビルリーシンググループ",1300014
倉庫,R00176-025895,,,,空,公開可,無,550000,,階,1995年11月,調布市調布ケ丘3丁目の貸倉庫【67坪】,,東京都調布市調布ケ丘３丁目70-8,,,6.00,1.00,,,,,222.11,67.18,8186,2026/07/16,"2026/06/02 11:40","2026/07/16 13:32",先物(仲介),,株式会社調布みつぎ不動産研究所,-,"=""042-481-1211""",無,"・地下1-1階部分
・場所：グーグルマップでは、調布ケ丘3丁目70-7
※2026/6/2　自社HPのみ掲載可物件（マイソクより）｜(株)調布みつぎ不動産研究所",1820021
店舗事務所(建物一括),R00176-026023,,,,居住中,公開可,無,660000,,階,2006年06月,藤沢市藤沢1丁目の貸店舗・事務所【42坪】,,神奈川県藤沢市藤沢１丁目2-1,,,,660000,6.00,,1.00,,141.18,42.7,15455,2026/07/16,"2026/07/06 09:43","2026/07/16 13:28",先物(仲介),,（株）ユーミーネット　本社,-,"=""0466-90-5732""",空有,,2510052
倉庫,R00176-024772,,,,,公開可,無,500500,,階,1979年01月,板橋区若木1丁目の貸倉庫【56坪】,,東京都板橋区若木１丁目8-23,,,7.00,1.00,,,,,188.24,56.94,8790,2026/07/16,"2025/08/29 10:50","2026/07/16 13:24",先物(仲介),,（株）トラスト　,-,"=""03-5832-9959""",空有,・4号棟,1740065
倉庫,R00176-026062,,,,空,公開可,無,750000,,階,1976年11月,久喜市高柳の貸倉庫【302坪】,,埼玉県久喜市高柳2334-1,,,2.00,,,,,,1000.00,302.5,2480,2026/07/16,"2026/07/16 10:27","2026/07/16 11:38",先物(仲介),,日本ランドビジョンDP,-,"=""048-971-6066""",空有,※2026/7/16　広告確認中のためマッチングのみ｜日本ランドビジョンDP(同),3491125
貸地,R00176-025492,,,,更地,アーカイブ(成約),無,495000,,階,-,横浜市港北区小机町の貸地【279坪】,,神奈川県横浜市港北区小机町1644-1,,,3.00,1.00,,,1.00,925.00,,279.81,1770,2026/06/17,"2026/03/03 09:40","2026/07/15 17:58",先物(仲介),,神奈川中央住宅（株）,-,"=""045-941-1000""",,"20260617　車両置き場のみ　農転および砕石敷まで貸主負担で実施
※2026/3/3　at-home転載可物件｜神奈川中央住宅（株）",2220036
貸地,R00176-025303,,,,更地,公開可,無,429000,,階,-,横浜市都筑区勝田町の貸地【206坪】,,神奈川県横浜市都筑区勝田町643,,,4.00,1.00,,1.00,1.00,681.25,,206.07,2082,2026/07/15,"2026/01/15 10:36","2026/07/15 17:57",先物(仲介),,（有）グッドウィル　,-,"=""045-943-1783""",,,2240034
貸地,R00176-025943,,,,更地,アーカイブ(成約),無,316800,,階,-,川崎市多摩区長尾3丁目の貸地【143坪】,,神奈川県川崎市多摩区長尾３丁目1176-1,,,,2.00,3.00,,0.50,474.43,,143.51,2208,2026/06/15,"2026/06/15 09:51","2026/07/15 17:41",先物(仲介),,株式会社加瀬テナントサービス,-,"=""045-534-8232""",,"・場所：グーグルマップでは、長尾3丁目3-1の西側あたり
・所在地：川崎市多摩区長尾3丁目1176-1、他",2140023
倉庫,R00176-025762,,,,空,アーカイブ(成約),無,1210000,,1階,1976年04月,千葉市美浜区新港の貸倉庫【451坪】,,千葉県千葉市美浜区新港140,,,3.00,1.00,,,1.10,1494.00,1494.00,451.93,2678,2026/07/15,"2026/05/07 11:05","2026/07/15 17:18",先物(仲介),,（有）エステートタムラ,-,"=""047-455-3223""",空有,,2610002
倉庫,R00176-025894,,,,使用中,アーカイブ(成約),無,715000,,1階,1969年06月,千葉市若葉区若松町の貸倉庫【112坪】,,千葉県千葉市若葉区若松町794-4,35750,,3.00,1.00,,,1.00,1090.00,370.78,112.16,6375,2026/07/15,"2026/06/02 11:17","2026/07/15 17:15",先物(仲介),,ティアラ・エステート株式会社,-,"=""043-488-4561""",空有,,2640021
倉庫,R00176-023572,,,,空,公開可,無,1980000,,階,2009年09月,さいたま市桜区桜田1丁目の貸倉庫【169坪】,,埼玉県さいたま市桜区桜田１丁目1,,,,1000000,3.00,,1.00,,561.60,169.88,11656,2026/07/15,"2024/12/04 15:31","2026/07/15 16:07",先物(仲介),,株式会社ティ・エス・プランニング,-,"=""048-839-1100""",空有,"【グーグルマップ住所】さいたま市桜区桜田1丁目1-23
※マイソクは(有)武蔵ですが、物件問い合わせ等は全て、貸主：株式会社ティ・エス・プランニング／TEL:048－839ｰ1100へお願いします。",3380833
倉庫,R00176-025414,,,,空,アーカイブ(成約),無,1100000,,階,1980年02月,戸田市笹目4丁目の貸倉庫【145坪】,,埼玉県戸田市笹目４丁目34-13,55000,,,1.10,6.00,,1.00,535.92,479.76,145.12,7580,2026/07/15,"2026/02/10 15:39","2026/07/15 15:45",先物(仲介),,ＡＣＲＥ（株）丸の内支社※広告NG業者,-,"=""03-5860-3660""",空有,※広告NG業者,3350034
倉庫,R00176-025554,,,,使用中,公開可,無,330000,,階,1969年02月,鶴ヶ島市大字三ツ木の貸倉庫【140坪】,,埼玉県鶴ヶ島市大字三ツ木25-4,,,,1.10,3.00,,1.10,,463.49,140.2,2354,2026/07/15,"2026/03/16 11:26","2026/07/15 15:45",先物(仲介),,ＡＣＲＥ（株）丸の内支社※広告NG業者,-,"=""03-5860-3660""",空有,"・マッチングのみ
※広告NG業者",3502217
店舗事務所(建物一括),R00176-025573,,,,空,アーカイブ(成約),無,385000,,1階,1992年04月,さいたま市見沼区深作1丁目の貸店舗・事務所【10坪】,,埼玉県さいたま市見沼区深作１丁目27-8,,16500,,2.00,1050000,,1.10,,34.91,10.56,36458,2026/07/15,"2026/03/19 10:02","2026/07/15 15:44",先物(仲介),,ＡＣＲＥ（株）丸の内支社※広告NG業者,-,"=""03-5860-3660""",空有,"※マッチングのみ
※広告NG業者",3370003
倉庫,R00176-025958,,,,使用中,公開可,無,1087680,,階,1991年01月,八潮市大字二丁目の貸倉庫【190坪】,,埼玉県八潮市大字二丁目438-1,,,3955200,1087680,,,,648.48,629.19,190.32,5715,2026/07/22,"2026/06/18 09:30","2026/07/15 15:42",先物(仲介),,浦和中央倉庫株式会社,-,"=""048-863-3811""",,,3400811
倉庫,R00176-025509,,,,空,公開可,無,1680000,,階,1987年08月,蓮田市西新宿1丁目の貸倉庫【401坪】,,埼玉県蓮田市西新宿１丁目48-1,,,6.00,1.00,,,,1660.42,1328.25,401.79,4182,2026/07/15,"2026/03/05 10:12","2026/07/15 15:41",先物(仲介),,（株）ＲＩＳＣＡＰＥ,-,"=""03-5776-3539""",,,3490141
倉庫,R00176-025586,,,,使用中,アーカイブ(成約),無,2200000,,階,1993年01月,春日部市粕壁東５丁目の貸倉庫【755坪】,,埼玉県春日部市粕壁東５丁目7-37,,,6.00,1.00,,,,3210.39,2498.69,755.85,2911,2026/07/15,"2026/03/24 10:12","2026/07/15 15:40",先物(仲介),,（株）ＲＩＳＣＡＰＥ,-,"=""03-5776-3539""",空有,,3440062
倉庫,R00176-024443,,,,使用中,公開可,無,5544000,,階,2005年03月,入間市大字上藤沢の貸倉庫【2439坪】,,埼玉県入間市大字上藤沢803-1,,,,1.00,6.00,,,26248.30,8066.02,2439.97,2273,2026/07/15,"2025/06/10 11:43","2026/07/15 15:38",先物(仲介),,イーソーコ株式会社,-,"=""03-5439-9401""",空有,,3580013
倉庫,R00176-025316,,,,空,公開可,無,1014827,,階,2026年03月,川口市大字安行領家の貸倉庫【83坪】,,埼玉県川口市大字安行領家1047,,,,,6.00,,1.00,,277.26,83.87,12100,2026/07/15,"2026/01/20 10:02","2026/07/15 15:36",先物(仲介),,株式会社アースウィンド本社,-,"=""03-5524-1666""",空有,・B棟,3340058
倉庫,R00176-025315,,,,空,公開可,無,1004179,,階,2026年03月,川口市大字安行領家の貸倉庫【82坪】,,埼玉県川口市大字安行領家1047,,,,,6.00,,1.00,,274.35,82.99,12100,2026/07/15,"2026/01/20 10:02","2026/07/15 15:36",先物(仲介),,株式会社アースウィンド本社,-,"=""03-5524-1666""",空有,・C棟,3340058
貸地,R00176-023646,,,,更地,公開可,無,242000,,階,-,さいたま市岩槻区大字釣上新田の貸地【282坪】,,埼玉県さいたま市岩槻区大字釣上新田662,,,2.00,1.00,,,1.00,933.00,,282.23,858,2026/07/15,"2024/12/23 10:43","2026/07/15 15:33",先物(仲介),,株式会社Ｔ－Ｌｉｆｅ,-,"=""048-264-7000""",,"2026/2/20　駐車場使用のみ。資材置場NG
【所在地】埼玉県さいたま市岩槻区大字釣上新田660-1　外6筆",3390025
貸地,R00176-025834,,,,その他,公開可,無,400000,,階,-,桶川市大字加納の貸地【640坪】,,埼玉県桶川市大字加納799,,,3.00,1.00,,,,2116.00,,640.09,625,2026/07/15,"2026/05/21 10:04","2026/07/15 15:30",先物(仲介),,※広告NG業者※アクシス不動産／（株）アクシス２１,-,"=""048-871-8731""",,※2026/5/21　広告NG業者のためマッチングのみ｜アクシス不動産,3630001
貸地,R00176-023792,,,,更地,公開可,無,470000,,階,-,春日部市永沼の貸地【707坪】,,埼玉県春日部市永沼,,,3.00,1.00,,,,2339.00,,707.54,665,2026/07/15,"2025/01/28 09:36","2026/07/15 15:30",先物(仲介),,※広告NG業者※アクシス不動産／（株）アクシス２１,-,"=""048-871-8731""",,"・場所：グーグルマップでは、永沼520-1（株式会社 共同）の道路挟んで南側あたり
※2025/1/28　広告NGのためマッチングのみ｜アクシス不動産",3440123
貸地,R00176-024199,,,,更地,公開可,無,260000,,階,-,春日部市樋籠の貸地【259坪】,,埼玉県春日部市樋籠532-1,,,3.00,1.00,,,,857.00,,259.24,1003,2026/07/15,"2025/04/18 10:39","2026/07/15 15:29",先物(仲介),,※広告NG業者※アクシス不動産／（株）アクシス２１,-,"=""048-871-8731""",,"【所在地】春日部市樋籠532-1　他4筆
※2025/4/18　広告NGのためマッチングのみ｜アクシス不動産",3440002
貸地,R00176-025671,,,,更地,公開可,無,300000,,階,-,さいたま市岩槻区大字末田の貸地【299坪】,,埼玉県さいたま市岩槻区大字末田1944-1,,,3.00,1.00,,,,991.00,,299.77,1001,2026/07/15,"2026/04/14 09:52","2026/07/15 15:29",先物(仲介),,※広告NG業者※アクシス不動産／（株）アクシス２１,-,"=""048-871-8731""",,"※マッチングのみ（広告NG）｜アクシス不動産
・所在地（地番）：さいたま市岩槻区末田1944-1/1944-3/1947-1",3390021
貸地,R00176-025931,,,,その他,公開可,無,300000,,階,-,さいたま市岩槻区大字相野原の貸地【778坪】,,埼玉県さいたま市岩槻区大字相野原136-1,,,3.00,1.00,,,,2574.00,,778.63,386,2026/07/15,"2026/06/11 10:22","2026/07/15 15:28",先物(仲介),,※広告NG業者※アクシス不動産／（株）アクシス２１,-,"=""048-871-8731""",,"※2026/6/11　広告NG業者のためマッチングのみ｜アクシス不動産
【所在地】埼玉県さいたま市岩槻区大字相野原136-1，136-3",3390071
貸地,R00176-025289,,,,更地,アーカイブ(成約),無,400000,,階,-,さいたま市岩槻区大字表慈恩寺の貸地【869坪】,,埼玉県さいたま市岩槻区大字表慈恩寺912-1,,,3.00,1.00,,,,2875.00,,869.68,460,2026/07/15,"2026/01/13 09:45","2026/07/15 15:28",先物(仲介),,※広告NG業者※アクシス不動産／（株）アクシス２１,-,"=""048-871-8731""",,"【所在地】さいたま市岩槻区大字表慈恩寺912-1　他3筆
※2026/1/13　広告NGのためマッチングのみ｜アクシス不動産",3390008
貸地,R00176-025222,,,,更地,公開可,無,300000,,階,-,上尾市菅谷6丁目の貸地【539坪】,,埼玉県上尾市菅谷６丁目150,,,3.00,1.00,,,,1783.00,,539.35,557,2026/07/15,"2025/12/11 10:43","2026/07/15 15:27",先物(仲介),,※広告NG業者※アクシス不動産,-,"=""048-871-8731""",,"【所在地】埼玉県上尾市菅谷６丁目150，151、152
※2025/12/11　広告NG業者のためマッチングのみ｜アクシス不動産",3620003
貸地,R00176-024935,,,,更地,公開可,無,300000,,階,-,さいたま市北区今羽町の貸地【585坪】,,埼玉県さいたま市北区今羽町315-1,,,3.00,1.00,,,,1935.00,,585.33,513,2026/07/15,"2025/10/08 09:43","2026/07/15 15:26",先物(仲介),,株式会社アクシス２１,-,"=""048-871-8731""",,"【所在地】埼玉県さいたま市北区今羽町315-1　他2筆
※2025/10/8　広告NGのためマッチングのみ｜アクシス不動産",3310801
貸地,R00176-024979,,,,その他,公開可,無,300000,,階,-,さいたま市岩槻区大字笹久保新田の貸地【447坪】,,埼玉県さいたま市岩槻区大字笹久保新田1154,,,3.00,1.00,,,,1480.00,,447.7,671,2026/07/15,"2025/10/15 11:10","2026/07/15 15:26",先物(仲介),,株式会社アクシス２１,-,"=""048-871-8731""",,"【所在地】さいたま市岩槻区大字笹久保新田1154、1157
※2025/10/15　広告NG業者のためマッチングのみ｜(株)アクシス21（アクシス不動産）",3390035
倉庫,R00176-024683,,,,空,保留,無,2168515,,階,1971年08月,さいたま市桜区田島8丁目の貸倉庫【541坪】,,埼玉県さいたま市桜区田島８丁目21-1,,,6.00,1.00,,,,2168.68,1788.92,541.14,4008,2026/07/15,"2025/08/06 12:24","2026/07/15 15:19",先物(仲介),,イーソーコ株式会社,-,"=""03-5439-9401""",,"■1号倉庫
※定期借家契約：2027年3月末まで（→公開保留にしました）",3380837
倉庫,R00176-025024,,,,空,公開可,無,1692920,,階,1979年07月,北葛飾郡杉戸町大字本郷の貸倉庫【394坪】,,埼玉県北葛飾郡杉戸町大字本郷584-1,,,3.00,1.00,,,,,1304.53,394.62,4290,2026/07/15,"2025/10/22 10:00","2026/07/15 15:19",先物(仲介),,（有）タマ・ロジスティックス,-,"=""0428-78-4736""",,"杉戸倉庫1号
杉戸倉庫2号　R00176-025025
",3450023
倉庫,R00176-025724,,,,空,公開可,無,1210000,,階,1966年11月,所沢市大字南永井の貸倉庫【511坪】,,埼玉県所沢市大字南永井525,,,4.00,1.00,,,,,1689.58,511.09,2368,2026/07/15,"2026/04/24 10:07","2026/07/15 15:09",先物(仲介),,共同流通株式会社,-,"=""049-247-4311""",,,3590011
貸地,R00176-024267,,,,更地,公開可,無,347500,,階,-,所沢市三ケ島5丁目の貸地【380坪】,,埼玉県所沢市三ケ島５丁目810-1,,,,1.00,4.00,,1.00,1258.00,,380.54,914,2026/07/15,"2025/05/07 11:02","2026/07/15 14:07",先物(仲介),,株式会社イコム,-,"=""048-799-3200""",,,3591164
貸地,R00176-024137,,,,更地,公開可,無,233000,,階,-,上尾市大字地頭方の貸地【356坪】,,埼玉県上尾市大字地頭方449-1,,,,1.00,4.00,,1.00,1177.00,,356.04,655,2026/07/15,"2025/04/08 09:43","2026/07/15 14:07",先物(仲介),,株式会社イコム,-,"=""048-799-3200""",,"・Googleマップ：地https://maps.app.goo.gl/a5TVPvMKszedduVe6
※ナビ住所：地頭方482
※2026/6/30　物件画像が近隣の別区画になっていたため削除しました",3620051
倉庫,R00176-025956,,,,,公開可,無,682000,,階,1974年12月,埼玉第58倉庫【123坪】,,埼玉県入間市大字上藤沢516-1,,,,1.00,4.00,,1.00,,408.74,123.64,5516,2026/07/07,"2026/06/17 10:22","2026/07/15 12:26",自社,代理,株式会社センチュリーダイソー,小林,"=""03-6441-2258""",空有,"■2026/7/7　埼玉58｜エンドのみ公開
■2026/6/17　サブリース候補物件｜担当：小林さん（非公開中）",3580013
貸地,R00176-026059,,,,古家付,公開可,無,900000,,階,-,坂戸市大字善能寺の貸地【900坪】,,埼玉県坂戸市大字善能寺407-1,,,6.00,1.00,,2.00,1.00,2975.53,,900.09,1000,2026/07/15,"2026/07/15 10:18","2026/07/15 11:23",先物(仲介),,ファインエステート株式会社,-,"=""049-288-1101""",,※2026/7/15　広告NG｜ファインエステート（株）,3500256
工場,R00176-024700,,,,空,公開可,無,330000,,階,1971年02月,横浜市鶴見区元宮1丁目の貸工場【31坪】,,神奈川県横浜市鶴見区元宮１丁目1-11,,,3.00,2.00,,,1.00,,105.78,31.99,10313,2026/07/15,"2025/08/19 09:39","2026/07/15 11:16",先物(仲介),,株式会社横浜コミュニティー,-,"=""045-542-3443""",空有,"・NO.11
※2026/3/3　広告確認中のためマッチングのみ｜(株)横浜コミュニティー",2300004
倉庫,R00176-025630,,,,空,アーカイブ(成約),無,3850000,,階,1971年03月,埼玉第56倉庫【722坪】,,埼玉県朝霞市泉水１丁目6-17,,,4.00,1.00,,,1.00,2826.00,2386.13,721.8,5334,2026/07/14,"2026/04/02 16:06","2026/07/15 10:21",自社,代理,株式会社センチュリーダイソー　埼玉支店,祷,"=""048-290-0776""",空有,"■埼玉第56倉庫｜サブリース｜担当：祷（埼玉支店）
2棟一括貸し
分割／A棟【416坪】1,760,000円｜R00176-025688
分割／B棟【305坪】2,310,000円｜R00176-025686",3510024
倉庫,R00176-025686,,,,空,アーカイブ(成約),無,2310000,,階,1971年03月,埼玉第56倉庫／B棟【305坪】,,埼玉県朝霞市泉水１丁目6-17,,,4.00,1.00,,,1.00,,1009.55,305.38,7565,2026/07/14,"2026/04/15 12:13","2026/07/15 10:20",自社,代理,株式会社センチュリーダイソー　埼玉支店,祷,"=""048-290-0776""",空有,"■埼玉第56倉庫／B棟｜サブリース｜担当：祷（埼玉支店）
　A棟【416坪】1,760,000円｜R00176-025686
　2棟一括貸し【722坪】3850,000円｜R00176-025630",3510024
倉庫,R00176-025688,,,,空,アーカイブ(成約),無,1760000,,階,1971年03月,埼玉第56倉庫／A棟【416坪】,,埼玉県朝霞市泉水１丁目6-17,,,4.00,1.00,,,1.00,,1376.58,416.41,4227,2026/07/14,"2026/04/15 12:17","2026/07/15 10:20",自社,代理,株式会社センチュリーダイソー　埼玉支店,祷,"=""048-290-0776""",空有,"■埼玉第56倉庫／A棟｜サブリース｜担当：祷（埼玉支店）
　B棟【305坪】2,310,000円｜R00176-025686
　2棟一括貸し【722坪】3,850,000円｜R00176-025630",3510024
倉庫,R00176-026007,,,,空,アーカイブ(成約),無,1100000,,階,2026年07月,川口市大字峯の貸倉庫【101坪】,,埼玉県川口市大字峯494-1,,,4.00,1.00,,,,465.69,335.03,101.34,10854,2026/07/15,"2026/07/01 17:48","2026/07/15 09:20",自社,一般媒介,株式会社センチュリーダイソー　埼玉支店,祷,"=""048-290-0776""",,■一般媒介物件｜担当：祷さん,3340056
倉庫,R00176-025886,,,,使用中,公開可,無,3771400,,階,1972年01月,入間郡三芳町大字北永井の貸倉庫【1087坪】,,埼玉県入間郡三芳町大字北永井421-1,,,,1.00,6.00,,,,3596.30,1087.88,3467,2026/07/14,"2026/06/02 09:43","2026/07/14 16:31",先物(仲介),,（株）タープ不動産,-,"=""03-5844-6300""",空有,・1区画（1階+中2階+事務所）※中2階ありの募集,3540044
倉庫,R00176-025518,,,,空,アーカイブ(成約),無,4400000,,1階,1989年07月,久喜市六万部の貸倉庫【1247坪】,,埼玉県久喜市六万部778-1,,,4.00,1.00,,,1.00,4800.76,4125.00,1247.81,3527,2026/07/14,"2026/03/06 10:00","2026/07/14 16:31",先物(仲介),,幸栄不動産（株）,-,"=""03-3910-4451""",,2026/7/14　他決で募集終了,3460037
倉庫,R00176-025947,,,,空,公開可,無,594000,,1階,1986年11月,さいたま市桜区大字五関の貸倉庫【109坪】,,埼玉県さいたま市桜区大字五関378,,,3.00,1.00,,,1.00,,361.02,109.2,5440,2026/07/21,"2026/06/16 09:24","2026/07/14 16:06",先物(仲介),,（株）ユーミープロパティ　大宮店　,-,"=""048-782-6772""",,※2026/7/14　レインズ広告可物件｜(株)ユーミープロパティ,3380815
倉庫,R00176-025925,,,,使用中,公開可,無,1438569,,階,1992年04月,草加市瀬崎7丁目の貸倉庫【237坪】,,埼玉県草加市瀬崎７丁目25-7,,,,1.00,4.00,,,1257.00,786.04,237.77,6051,2026/07/14,"2026/06/10 10:42","2026/07/14 15:51",先物(仲介),,株式会社拓洋,-,"=""048-995-4147""",,,3400022
倉庫,R00176-025106,,,,空,公開可,無,300000,,階,1965年06月,深谷市榛沢の貸倉庫【169坪】,,埼玉県深谷市榛沢189-12,,,1.00,,,,1.00,1178.56,561.97,169.99,1765,2026/07/14,"2025/11/11 10:20","2026/07/14 15:50",先物(仲介),,（株）ほんじょう不動産,-,"=""0495-71-7013""",空有,※2025/11/11　広告確認中のためマッチングのみ｜(株)ほんじょう不動産,3690223
工場,R00176-025984,,,,空,公開可,無,350000,,1階,1994年01月,加須市柳生の貸工場【95坪】,,埼玉県加須市柳生2607,,,,1.00,2.00,,0.50,1386.52,317.35,95.99,3646,2026/07/14,"2026/06/26 09:58","2026/07/14 15:50",先物(仲介),,（有）イシカワコーポレーション,-,"=""0276-91-4611""",空有,"・場所：グーグルマップでは、柳生2608
　　　　",3491201
倉庫,R00176-025911,,,,使用中,公開可,無,1778845,,1階,1987年01月,加須市飯積の貸倉庫【490坪】,,埼玉県加須市飯積435-1,,,,1778845,6468528,,,15735.58,1619.96,490.03,3631,2026/07/14,"2026/06/08 09:50","2026/07/14 15:48",先物(仲介),,株式会社拓洋,-,"=""048-995-4147""",,・南棟A-1、A-2,3491211
倉庫,R00176-025549,,,,使用中,公開可,無,1615821,,1階,1981年01月,加須市飯積の貸倉庫【445坪】,,埼玉県加須市飯積435-1,,,,1615821,5875716,,,15735.58,1471.53,445.13,3630,2026/07/14,"2026/03/16 09:47","2026/07/14 15:48",先物(仲介),,株式会社拓洋,-,"=""048-995-4147""",,■8号,3491211
貸地,R00176-025239,,,,その他,公開可,無,300000,,階,-,鶴ヶ島市大字藤金の貸地【328坪】,,埼玉県鶴ヶ島市大字藤金515-1,,,5.00,1.00,,,1.00,1087.00,,328.81,913,2026/07/14,"2025/12/15 10:13","2026/07/14 15:43",先物(仲介),,株式会社アジア不動産,-,"=""049-232-7556""",,※2025/12/15　広告NGのためマッチングのみ｜(株)アジア不動産,3502206
貸地,R00176-023422,,,,更地,公開可,無,365000,,階,-,越谷市レイクタウン6丁目の貸地【365坪】,,埼玉県越谷市レイクタウン６丁目19-1,,,3.00,1.00,,,,1208.54,,365.58,999,2026/07/14,"2024/11/08 10:17","2026/07/14 15:42",先物(仲介),,田園住宅サービス株式会社,-,"=""048-965-4888""",,"・住所：レイクタウン6丁目19-1、2
※2026/5/7　at-home転載可物件｜田園住居サービス（株）
20250306　小林顧客申込みました",3430828
貸地,R00176-024814,,,,更地,公開可,無,669900,,階,-,三郷市大広戸の貸地【609坪】,,埼玉県三郷市大広戸953,,,3.00,1.00,,,,2013.00,,608.93,1101,2026/07/14,"2025/09/08 10:36","2026/07/14 15:42",先物(仲介),,(株)永生地所,-,"=""048-994-1888""",,"※物確：レインズ・ATBBに掲載されていれば募集中
・所在地：935番他",3410022
店舗(建物一括),R00176-025986,,,,空,公開可,無,385000,,1階,1986年07月,豊島区要町2丁目の貸店舗【14坪】,,東京都豊島区要町２丁目21-3,,,6.00,1.00,,,,154.35,49.51,14.97,25707,2026/07/14,"2026/06/26 10:28","2026/07/14 14:25",先物(仲介),,株式会社リンケージ,-,"=""03-3554-1811""",無,※2026/6/26　広告確認中のためマッチングのみ｜(株)リンゲージ,1710043
貸地,R00176-026058,,,,,公開可,無,720000,,階,-,国分寺市戸倉2丁目の貸地【183坪】,,東京都国分寺市戸倉２丁目24-65,,,2.00,1.00,,,1.00,607.20,,183.67,3920,2026/07/14,"2026/07/14 11:08","2026/07/14 12:18",先物(仲介),,東洋地所（株）中野本社,-,"=""03-5937-4502""",,,1850003
貸地,R00176-026057,,,,更地,公開可,無,550000,,階,-,稲城市東長沼の貸地【196坪】,,東京都稲城市東長沼2027-2,,,6.00,1.00,,,,650.00,,196.62,2798,2026/07/14,"2026/07/14 10:47","2026/07/14 12:13",先物(仲介),,芦川商事（株）,-,"=""042-377-1711""",,,2060802
工場,R00176-026054,,,,使用中,公開可,無,1980000,,階,1990年01月,秦野市菩提の貸工場【452坪】,,神奈川県秦野市菩提7-2,,,3.00,1.00,,,1.00,2514.41,1497.26,452.92,4372,2026/07/14,"2026/07/14 09:55","2026/07/14 11:47",先物(仲介),,株式会社コジョソコ,-,"=""045-530-9890""",空有,,2591302
工場,R00176-026053,,,,使用中,公開可,無,429000,,1階,1983年01月,蓮田市貝塚の貸工場【116坪】,,埼玉県蓮田市大字貝塚4-1,,,,1.00,3.00,,1.00,823.98,383.79,116.09,3696,2026/07/14,"2026/07/14 09:48","2026/07/14 11:41",先物(仲介),,（株）ものくり商事,-,"=""048-822-3316""",空有,※2026/7/14　広告確認中のためマッチングのみ｜(株)ものくり商事,3490132
貸地,R00176-026052,,,,古家付,公開可,無,450000,,階,-,さいたま市岩槻区大字野孫の貸地【342坪】,,埼玉県さいたま市岩槻区大字野孫558,,,,1.00,3.00,,1.00,1131.47,,342.26,1315,2026/07/14,"2026/07/14 09:47","2026/07/14 11:36",先物(仲介),,株式会社オールワンズライフ,-,"=""050-5784-3009""",,,3390023
倉庫,R00176-025582,,,,使用中,公開可,無,0,,階,2000年11月,愛甲郡愛川町中津の貸倉庫【1790坪】,,神奈川県愛甲郡愛川町中津4026-1,,,,1.00,6.00,,,20400.00,9368.62,2834,,2026/07/14,"2026/03/23 11:55","2026/07/14 11:28",先物(仲介),,株式会社センチュリーダイソー,小林,"=""03-6441-2258""",,"■2026/3/23　掲載依頼物件｜担当：小林さん　※貸主：スーパーレックス様
・住所：中津字桜台4026-1
※R00176-016402の別区画",2430303
倉庫,R00176-025610,,,,空,公開可,無,6138000,,階,2016年03月,相模原市緑区小倉の貸倉庫【1240坪】,,神奈川県相模原市緑区小倉1508-4,,,,1.00,6.00,,,9917.35,4099.35,1240.05,4950,2026/07/14,"2026/03/30 09:47","2026/07/14 11:27",自社,一般媒介,株式会社センチュリーダイソー,小林,"=""03-6441-2258""",空有,"■2026/3/30　掲載依頼｜担当：小林｜貸主：スーパーレックス
・契約形態：寄託契約もしくは、賃貸借契約",2520115
倉庫,R00176-025614,,,,空,公開可,無,8065622,,階,1993年04月,相模原市中央区清新８丁目の貸倉庫【1527坪】,,神奈川県相模原市中央区清新８丁目20-52,,,,1.00,6.00,,,,5049.85,1527.57,5281,2026/07/14,"2026/03/30 11:18","2026/07/14 11:26",先物(仲介),,株式会社センチュリーダイソー,小林,"=""03-6441-2258""",,"■2026/3/30　掲載依頼｜担当：小林｜貸主：スーパーレックス
・契約形態：寄託契約",2520216
貸地,R00176-023305,,,,更地,公開可,無,70000,,階,-,厚木市上荻野の貸地【140坪】,,神奈川県厚木市上荻野5153,,,3.00,1.00,,,1.00,466.00,,140.96,497,2026/07/14,"2024/10/16 11:01","2026/07/14 11:24",自社,一般媒介,株式会社センチュリーダイソー,小林,"=""03-6441-2258""",,"■2025/12/02　賃料変更　12万円⇒7万円
■2024/12/23　賃料変更　14万円⇒12万円
■2024/10/16　一般媒介｜担当：小林さん
・Googleマップ：紅梅学園の南側
　https://maps.app.goo.gl/xNR4pTJkV54kUViB8",2430201
店舗事務所(建物一括),R00176-025785,,,,使用中,公開可,無,330000,,階,1989年07月,足柄上郡大井町金子の貸店舗・事務所【95坪】,,神奈川県足柄上郡大井町金子3075,,,,2.00,8.00,,1.00,719.00,315.84,95.54,3454,2026/07/14,"2026/05/11 17:24","2026/07/14 11:23",自社,一般媒介,株式会社センチュリーダイソー,小林,"=""03-6441-2258""",空有,"■2026/5/11　募集依頼　担当：小林
【オーナー様情報】
　お名前：ヤナガワ様（R00176-020356と同オーナー様）
　電話：090-2679-3014",2580019
貸地,R00176-026046,,,,更地,公開可,無,396000,,階,-,横浜市港北区新吉田町の貸地【179坪】,,神奈川県横浜市港北区新吉田町3524,,,,2.00,2.00,,1.00,595.00,,179.98,2201,2026/07/13,"2026/07/10 09:41","2026/07/14 11:22",先物(仲介),,（株）石原興業　※広告NG※,-,"=""050-3526-2119""",,※広告NG※,2230056
倉庫,R00176-025406,,,,空,公開可,無,1870000,,階,1993年11月,江戸川区江戸川6丁目の貸倉庫【238坪】,,東京都江戸川区江戸川６丁目13-2,,,,1.00,6.00,,1.00,768.91,787.92,238.34,7846,2026/07/14,"2026/02/10 10:35","2026/07/14 11:09",先物(仲介),,（株）タープ不動産,-,"=""03-5844-6300""",空有,・2棟：2階建ての一棟、5階建ての1-2階部分,1340013
倉庫,R00176-025091,,,,空,公開可,無,995500,,1階,1990年11月,茅ヶ崎市中島の貸倉庫【240坪】,,神奈川県茅ヶ崎市中島1192-1,,,4.00,1.00,,,0.50,1751.81,794.85,240.44,4141,2026/07/14,"2025/11/06 10:11","2026/07/14 11:02",先物(仲介),,株式会社　天野屋,-,"=""045-272-8304""",,・2026/7/14　広告NG｜(株)天野屋,2530073
倉庫,R00176-024556,,,,空,公開可,無,1320000,,階,-,足立区鹿浜4丁目の貸倉庫【159坪】,,東京都足立区鹿浜４丁目24-5,,,2.00,2.00,,,1.00,870.00,527.55,159.58,8272,2026/07/14,"2025/07/04 10:26","2026/07/14 10:52",先物(仲介),,有限会社洪栄商事,-,"=""03-3899-3914""",空有,※20206/7/14　広告確認中のためマッチングのみ｜(有)洪栄商事,1230864
倉庫,R00176-023170,,,,使用中,公開可,無,550000,,階,1990年06月,大田区中央3丁目の貸倉庫【53坪】,,東京都大田区中央３丁目31-4,,,,1.00,6.00,,1.00,,176.68,53.44,10291,2026/07/14,"2024/09/18 12:00","2026/07/14 10:45",先物(仲介),,（株）アースウィンド五反田店,-,"=""03-5719-5666""",空有,・1-2階部分,1430024
倉庫,R00176-025314,,,,空,公開可,無,748000,,階,1986年08月,さいたま市岩槻区大字黒谷の貸倉庫【204坪】,,埼玉県さいたま市岩槻区大字黒谷1837,,,3.00,1.00,,,1.00,1000.00,675.10,204.21,3663,2026/07/02,"2026/01/20 09:41","2026/07/14 09:20",先物(仲介),,株式会社Ｔ－Ｌｉｆｅ,-,"=""048-264-7000""",空有,2026/7　A宮本さん契約予定,3390033
倉庫,R00176-026050,,,,空,公開可,無,385000,,1階,2024年07月,柏市藤心の貸倉庫【34坪】,,千葉県柏市藤心141,,2000,2.00,2.00,,,,730.60,114.00,34.48,11165,2026/07/13,"2026/07/13 10:06","2026/07/14 08:22",先物(仲介),,有限会社共進住宅,-,"=""04-7173-1971""",,・B区画,2770034
倉庫,R00176-025312,,,,空,公開可,無,558173,,階,2026年03月,川口市大字安行領家の貸倉庫【46坪】,,埼玉県川口市大字安行領家1047,,,,,6.00,,1.00,,152.52,46.13,12099,2026/07/13,"2026/01/19 12:08","2026/07/13 17:00",先物(仲介),,株式会社アースウィンド本社,-,"=""03-5524-1666""",空有,2026/6/19　A棟は2階はなく1階のみ（建物は2階建て）,3340058
倉庫,R00176-025699,,,,使用中,公開可,無,3300000,,1階,1995年10月,日高市大字新堀新田の貸倉庫【702坪】,,埼玉県日高市大字新堀新田24-1,,,4.00,1.00,,,,5352.00,2321.95,702.38,4699,2026/07/13,"2026/04/20 10:24","2026/07/13 15:33",先物(仲介),,共同流通株式会社,-,"=""049-247-4311""",,,3501204
倉庫,R00176-025975,,,,空,公開可,無,880000,,階,1988年02月,八潮市大字浮塚の貸倉庫【203坪】,,埼玉県八潮市大字浮塚854-8,,,2.00,1.00,,,1.00,656.53,672.17,203.33,4328,2026/07/13,"2026/06/23 10:52","2026/07/13 15:31",先物(仲介),,地建総業株式会社,-,"=""048-997-7511""",空有,,3400835
倉庫,R00176-026051,,,,空,公開可,無,495000,,階,1988年04月,越谷市川柳町1丁目の貸倉庫【61坪】,,埼玉県越谷市川柳町１丁目474-1,,,3.00,1.00,,,1.00,337.11,202.20,61.16,8093,2026/07/13,"2026/07/13 10:26","2026/07/13 15:20",先物(仲介),,（株）ライブリック不動産,-,"=""048-940-0980""",空有,,3430827
貸地,R00176-024213,,,,更地,公開可,無,1530000,,階,-,朝霞市大字上内間木の貸地【899坪】,,埼玉県朝霞市大字上内間木381-1,,,3.00,1.00,,,1.00,2972.00,,899.03,1702,2026/07/13,"2025/04/22 09:37","2026/07/13 15:06",先物(仲介),,株式会社コジョソコ,-,"=""045-530-9890""",,"2026.1.8　資材置場は置く物によるため事前確認必要
2025.5.29　大型車両通行の道幅厳しそうなので、現地ご確認くださいとのこと。",3510001
工場,R00176-025447,,,,使用中,公開可,無,1100000,,階,1992年01月,江戸川区南葛西4丁目の貸工場【85坪】,,東京都江戸川区南葛西４丁目1-2,,,,2.00,4.00,,,,281.93,85.28,12899,2026/07/13,"2026/02/17 13:25","2026/07/13 15:06",先物(仲介),,（株）タープ不動産,-,"=""03-5844-6300""",空有,,1340085
貸地,R00176-023769,,,,更地,公開可,無,330000,,階,-,越谷市宮本町5丁目の貸地【269坪】,,埼玉県越谷市宮本町５丁目5-128,,,,1.00,4.00,,1.00,891.00,,269.52,1225,2026/07/13,"2025/01/22 10:24","2026/07/13 09:19",先物(仲介),,株式会社イコム,-,"=""048-799-3200""",,"2025.6.27　プレハブ設置、テナント様の責任の下であれば相談可。

・場所：グーグルマップでは、宮本町5丁目155-1（ハードオフ 越谷草加バイパス店）の道路挟んで東側あたり",3430806
倉庫,R00176-023775,,,,空,アーカイブ(成約),無,341000,,階,1980年04月,横浜市泉区上飯田町の貸倉庫【120坪】,,神奈川県横浜市泉区上飯田町2364,,,,1.00,5.00,,1.00,,397.48,120.23,2837,2026/07/13,"2025/01/24 10:02","2026/07/13 09:09",先物(仲介),,株式会社ライフ・ドゥ,-,"=""045-680-0424""",空有,,2450018
貸地,R00176-025989,,,,更地,公開可,無,550000,,階,-,横浜市都筑区東方町の貸地【245坪】,,神奈川県横浜市都筑区東方町807,,,,1.00,3.00,,1.00,810.00,,245.02,2245,2026/07/13,"2026/06/29 10:37","2026/07/10 17:45",先物(仲介),,センチュリー21　ひまわり不動産,-,"=""045-941-8739""",,・住所：東方町807、808-1、809-1,2240045
倉庫,R00176-025371,,,,建築中,公開可,無,935000,,1階,2026年08月,川口市領家4丁目の貸倉庫【89坪】,,埼玉県川口市領家４丁目8-17,,,2.00,2.00,,,1.00,494.93,295.41,89.36,10464,2026/07/10,"2026/02/03 10:01","2026/07/10 15:28",先物(仲介),,有限会社ヤハタ物産,-,"=""048-223-4980""",,"・C棟
",3320004
倉庫,R00176-025707,,,,空,公開可,無,1200000,,1階,2026年02月,越谷市谷中町4丁目の貸倉庫【160坪】,,埼玉県越谷市谷中町４丁目195-1,,,1.00,1.00,,,1.00,962.00,529.99,160.32,7485,2026/07/10,"2026/04/21 09:56","2026/07/10 15:24",先物(仲介),,（株）オーマイホーム　,-,"=""048-940-6728""",,※2026/4/21　広告確認中のためマッチングのみ｜(株)オーマイホーム,3430856
倉庫,R00176-025272,,,,使用中,公開可,無,1500000,,階,-,鶴ヶ島市大字高倉の貸倉庫【363坪】,,埼玉県鶴ヶ島市大字高倉1,,,2.00,1.00,,,1.00,4800.00,1200.00,363,4133,2026/07/10,"2026/01/06 11:58","2026/07/10 15:09",先物(仲介),,海栄株式会社,-,"=""080-8240-3272""",,【グーグルマップ住所】鶴ヶ島市大字高倉330-1,3502223
倉庫,R00176-025223,,,,使用中,公開可,無,400000,,階,2013年01月,児玉郡上里町大字金久保の貸倉庫【58坪】,,埼玉県児玉郡上里町大字金久保174-1,,,3.00,1.00,,,1.00,504.62,192.00,58.08,6888,2026/07/10,"2025/12/11 13:03","2026/07/10 15:06",自社,一般媒介,株式会社センチュリーダイソー,祷,"=""048-290-0776""",,■2025/12/11　一般媒介物件｜担当：祷さん,3690301
倉庫,R00176-025224,,,,使用中,公開可,無,996338,,階,2012年02月,児玉郡上里町大字金久保の貸倉庫【165坪】,,埼玉県児玉郡上里町大字金久保179-1,,,3.00,1.00,,,1.00,998.00,546.60,165.34,6026,2026/07/10,"2025/12/11 13:07","2026/07/10 15:06",自社,一般媒介,株式会社センチュリーダイソー,祷,"=""048-290-0776""",,■2025/12/11　一般媒介物件｜担当：祷さん,3690301
貸地,R00176-025816,,,,その他,公開可,無,198000,,階,-,さいたま市西区大字中野林の貸地【144坪】,,埼玉県さいたま市西区大字中野林620-1,,,4.00,2.00,,,1.00,479.00,,144.89,1367,2026/07/10,"2026/05/18 17:55","2026/07/10 15:05",自社,一般媒介,株式会社センチュリーダイソー,飯田,"=""03-6441-2258""",,■2026/5/18　オーナー掲載依頼物件｜担当：飯田　※公開保留中※,3310057
事務所(建物一部),R00176-025156,,,,空,公開可,無,132000,,階,1990年01月,草加市青柳６丁目の貸事務所【9坪】,,埼玉県草加市青柳６丁目54-6,,,4.00,1.00,,,1.00,,32.83,9.93,13292,2026/07/10,"2025/11/25 11:57","2026/07/10 15:05",自社,一般媒介,株式会社センチュリーダイソー,星,"=""03-6441-2258""",空有,"■2025/11/25　一般媒介物件｜担当：星さん
　JCビル2階202号室",3400002
店舗(建物一部),R00176-025377,,,,建築中,公開可,無,660000,,階,2026年11月,川口市戸塚東２丁目の貸店舗【50坪】,,埼玉県川口市戸塚東２丁目9-6,,10000,6.00,1.00,,,,412.00,167.43,50.64,13032,2026/07/10,"2026/02/04 11:18","2026/07/10 15:04",自社,一般媒介,株式会社センチュリーダイソー,飯田,"=""03-6441-2258""",空有,■2026/2/4　オーナー反響｜一般媒介｜担当：飯田,3330802
倉庫,R00176-025578,,,,建築中,公開可,無,,,階,2026年08月,羽生市大字神戸の貸倉庫【1910坪】,,埼玉県羽生市大字神戸893,,,,,,,,16283.31,6315.00,1910.28,,2026/07/10,"2026/03/19 16:23","2026/07/10 15:04",先物(仲介),,株式会社センチュリーダイソー,山崎,"=""03-6441-2258""",,"・Googleマップ：https://maps.app.goo.gl/nG9Bq6fwfPXtmKhn9
・住所：埼玉県羽生市大字神戸字前893
■2026/3/19　掲載依頼物件｜担当：山崎さん",3480024
事務所(建物一括),R00176-025852,,,,,公開可,無,440000,,階,-,八潮市大字伊勢野の貸事務所【20坪】,,埼玉県八潮市大字伊勢野612-7,,,3.00,1.00,,,1.00,164.00,68.35,20.67,21281,2026/07/10,"2026/05/26 10:32","2026/07/10 15:03",先物(仲介),,株式会社センチュリーダイソー,小林,"=""03-6441-2258""",空有,"■2026/5/26　掲載依頼物件｜担当：小林さん
・Googleマップ：https://maps.app.goo.gl/Uzd6UFTkV5BTS6bH9",3400821
事務所(建物一部),R00176-024183,,,,空,公開可,無,77000,,階,1990年01月,草加市青柳６丁目の貸事務所【4坪】,,埼玉県草加市青柳６丁目54-6,,,4.00,1.00,,,1.00,,13.01,3.93,19566,2026/07/10,"2025/04/15 12:29","2026/07/10 15:02",自社,一般媒介,株式会社センチュリーダイソー,星,"=""03-6441-2258""",空有,"■2025/10/31　一般媒介物件｜担当：星さん
・「☆別途契約駐車場3台相談可」→「駐車スペース１台有（別途費用）」　へ変更
・契約期間→２年間　へ変更
・用途地域→第一種中高層住居専用地域　へ変更
・備考の電気代→１万円／月　へ変更
・備考の「■鍵交換：相談」→削除
・備考「■設備：エアコン・共用トイレ・共用洗面台」→共用洗面台は削除

■2025/4/15　一般媒介物件｜担当：星さん
　JCビル2階204号室",3400002
貸地,R00176-024175,,,,その他,公開可,無,164731,,階,-,さいたま市岩槻区大字金重の貸地【235坪】,,埼玉県さいたま市岩槻区大字金重162-6,,,3.00,1.00,,,1.00,777.98,,235.33,700,2026/07/10,"2025/04/15 11:12","2026/07/10 15:02",自社,一般媒介,株式会社センチュリーダイソー,飯田,"=""03-6441-2258""",,"■2025/4/15　一般媒介物件｜担当：飯田さん
・地番：字東162番6、他3筆
　Googleマップ：https://maps.app.goo.gl/ZiLoyBHfi7vZbePJ9（竹林部分）",3390075
倉庫,R00176-025981,,,,空,公開可,無,180000,,階,1997年10月,東松山市大字石橋の貸倉庫【26坪】,,埼玉県東松山市大字石橋1496-2,,,4.00,1.00,,,1.00,268.14,88.68,26.82,6710,2026/07/10,"2026/06/25 09:59","2026/07/10 15:01",自社,一般媒介,株式会社センチュリーダイソー,星,"=""03-6441-2258""",空有,"■2026/6/25　一般媒介物件｜担当：星さん
・Googleマップ：https://maps.app.goo.gl/KKR8aXuYCmPsqQff7",3550072
倉庫,R00176-025600,,,,建築中,公開可,無,239800,,階,2026年09月,埼玉第53倉庫／A区画【30坪】,,埼玉県川口市大字藤兵衛新田81-3,3850,,5.00,1.00,,,1.00,626.79,99.36,30.05,7979,2026/07/10,"2026/03/26 10:18","2026/07/10 14:36",自社,代理,株式会社センチュリーダイソー,飯田,"=""03-6441-2258""",,"・2026/7/8時点　募集中
　12月賃発/お盆明け内装完成予定/9月1W内覧会予定　　　　　　　
■2026/4/16　建築確認承認下りたためロジコロのみ公開
■2026/3/26　※非公開※　埼玉第53倉庫／A区画｜サブリース｜担当：飯田さん
・物件所在地：埼玉県川口市大字藤兵衛新田字中通81-3
　　　　　　　戸塚東部特定土地区画整理事業区域内　29街区6-2画地、29街区5画地、
　　　　　　　29街区6-1画地、29街区6-3画地、29街区7-1画地の計5筆
・Googleマップ：https://maps.app.goo.gl/XzrJLEvThEa7h4yV7
　　　　　　　　（中の島ポンプ様の隣地｜藤兵衛新田８２－１）",3330803
倉庫,R00176-025601,,,,建築中,公開可,無,239800,,階,2026年09月,埼玉第53倉庫／B区画【30坪】,,埼玉県川口市大字藤兵衛新田81-3,3850,,5.00,1.00,,,1.00,626.79,99.36,30.05,7979,2026/07/10,"2026/03/26 10:21","2026/07/10 14:36",自社,代理,株式会社センチュリーダイソー,飯田,"=""03-6441-2258""",,"・2026/7/8時点　募集中
　12月賃発/お盆明け内装完成予定/9月1W内覧会予定
■2026/4/16　建築確認承認下りたためロジコロのみ公開
■2026/3/26　※非公開※　埼玉第53倉庫／B区画｜サブリース｜担当：飯田さん
・物件所在地：埼玉県川口市大字藤兵衛新田字中通81-3
　　　　　　　戸塚東部特定土地区画整理事業区域内　29街区6-2画地、29街区5画地、
　　　　　　　29街区6-1画地、29街区6-3画地、29街区7-1画地の計5筆
・Googleマップ：https://maps.app.goo.gl/XzrJLEvThEa7h4yV7
　　　　　　　　（中の島ポンプ様の隣地｜藤兵衛新田８２－１）",3330803
倉庫,R00176-025602,,,,建築中,公開可,無,239800,,階,2026年09月,埼玉第53倉庫／C区画【30坪】,,埼玉県川口市大字藤兵衛新田81-3,3850,,5.00,1.00,,,1.00,626.79,99.36,30.05,7979,2026/07/10,"2026/03/26 10:28","2026/07/10 14:36",自社,代理,株式会社センチュリーダイソー,飯田,"=""03-6441-2258""",,"・2026/7/8時点　募集中
　12月賃発/お盆明け内装完成予定/9月1W内覧会予定
■2026/4/16　建築確認承認下りたためロジコロのみ公開
■2026/3/26　※非公開※　埼玉第53倉庫／C区画｜サブリース｜担当：飯田さん
・物件所在地：埼玉県川口市大字藤兵衛新田字中通81-3
　　　　　　　戸塚東部特定土地区画整理事業区域内　29街区6-2画地、29街区5画地、
　　　　　　　29街区6-1画地、29街区6-3画地、29街区7-1画地の計5筆
・Googleマップ：https://maps.app.goo.gl/XzrJLEvThEa7h4yV7
　　　　　　　　（中の島ポンプ様の隣地｜藤兵衛新田８２－１）",3330803
倉庫,R00176-025603,,,,建築中,公開可,無,239800,,階,2026年09月,埼玉第53倉庫／D区画【30坪】,,埼玉県川口市大字藤兵衛新田81-3,3850,,5.00,1.00,,,1.00,626.79,99.36,30.05,7979,2026/07/10,"2026/03/26 10:34","2026/07/10 14:35",自社,代理,株式会社センチュリーダイソー,飯田,"=""03-6441-2258""",,"・2026/7/8時点　募集中
　12月賃発/お盆明け内装完成予定/9月1W内覧会予定
■2026/4/16　建築確認承認下りたためロジコロのみ公開
■2026/3/26　※非公開※　埼玉第53倉庫／D区画｜サブリース｜担当：飯田さん
・物件所在地：埼玉県川口市大字藤兵衛新田字中通81-3
　　　　　　　戸塚東部特定土地区画整理事業区域内　29街区6-2画地、29街区5画地、
　　　　　　　29街区6-1画地、29街区6-3画地、29街区7-1画地の計5筆
・Googleマップ：https://maps.app.goo.gl/XzrJLEvThEa7h4yV7
　　　　　　　　（中の島ポンプ様の隣地｜藤兵衛新田８２－１）",3330803
倉庫,R00176-026047,,,,使用中,公開可,無,1750000,,階,1984年08月,越谷市東町3丁目の貸倉庫【362坪】,,埼玉県越谷市東町３丁目205,,,,1.00,3.00,,1.00,1012.37,1198.54,362.55,4827,2026/07/10,"2026/07/10 10:05","2026/07/10 10:34",先物(仲介),,ＲＩＤＥＯＮ（株）,-,"=""048-915-1821""",空有,,3430826
倉庫,R00176-026041,,,,使用中,公開可,無,3520000,,階,1971年10月,川口市大字安行原の貸倉庫【976坪】,,埼玉県川口市大字安行原2115,,,3.00,1.00,,,1.00,3305.79,3226.45,976,3607,2026/07/09,"2026/07/09 09:58","2026/07/10 09:27",先物(仲介),,株式会社ビーズ,-,"=""048-263-2882""",空有,,3340057
倉庫,R00176-024401,,,,空,アーカイブ(成約),無,990000,,階,1979年10月,中央区新川1丁目の貸倉庫【115坪】,,東京都中央区新川１丁目10-5,,,,2.00,8.00,,,,382.65,115.75,8553,2026/07/10,"2025/05/29 12:58","2026/07/10 09:19",先物(仲介),,オークラヤ不動産株式会社,-,"=""03-3231-0075""",,,1040033
倉庫,R00176-026039,,,,空,公開可,無,1400000,,階,1998年08月,川口市大字榛松の貸倉庫【180坪】,,埼玉県川口市大字榛松1931,,,,1.00,3.00,,1.00,1343.00,596.00,180.29,7766,2026/07/08,"2026/07/08 10:38","2026/07/10 09:17",先物(仲介),,ピーアール株式会社　本店,-,"=""048-753-1777""",空有,"※元付確認：
■レインズ・ATBBの建物面積298㎡（1階部分の面積）と記載されているが、
正しくは1F、2Fの1棟貸しで596㎡（180坪）
■事務所はオーナー使用のためトイレのみ使用可（トイレ設置予定）",3340062
倉庫,R00176-026001,,,,使用中,公開可,無,548900,,1階,1988年07月,八潮市大字八條の貸倉庫【99坪】,,埼玉県八潮市大字八條1219-4,5500,,4.00,,,,1.00,,329.94,99.8,5500,2026/07/01,"2026/07/01 09:42","2026/07/10 09:12",先物(仲介),,さいかつ農業協同組合　資産管理部　資産管理課八潮店,-,"=""048-996-2104""",,,3400801
倉庫,R00176-025615,,,,空,公開可,無,1980000,,階,1987年06月,川口市芝下2丁目の貸倉庫【294坪】,,埼玉県川口市芝下２丁目19-7,,,,1.00,4.00,,1.00,661.15,972.28,294.11,6733,2026/07/09,"2026/03/31 09:34","2026/07/09 17:39",先物(仲介),,（株）タープ不動産,-,"=""03-5844-6300""",空有,,3330848
倉庫,R00176-024052,,,,使用中,公開可,無,594000,,階,2009年03月,春日部市水角の貸倉庫【192坪】,,埼玉県春日部市水角1110-1,,,4.00,1.00,,,1.00,1014.61,635.00,192.08,3093,2026/07/09,"2025/03/18 09:53","2026/07/09 17:12",先物(仲介),,株式会社ビーズ,-,"=""048-263-2882""",空有,,3440127
貸地,R00176-025199,,,,更地,公開可,無,400000,,階,-,松戸市上矢切の貸地【258坪】,,千葉県松戸市上矢切493-1,,,,,3.00,,1.00,854.72,,258.55,1548,2026/07/09,"2025/12/05 11:21","2026/07/09 17:10",先物(仲介),,（株）東和開発,-,"=""047-364-6805""",,,2710094
倉庫,R00176-025769,,,,空,アーカイブ(成約),無,6532200,,階,1991年03月,三郷市茂田井の貸倉庫【1263坪】,,埼玉県三郷市茂田井220,,104425,4.00,1.00,,1.00,,,4177.00,1263.54,5170,2026/06/02,"2026/05/08 11:09","2026/07/09 17:09",先物(仲介),,株式会社レーベン,-,"=""048-441-2368""",,"・B棟south
",3410025
倉庫,R00176-025770,,,,空,アーカイブ(成約),無,6671200,,階,1991年03月,三郷市茂田井の貸倉庫【1263坪】,,埼玉県三郷市茂田井220,,104425,4.00,1.00,,1.00,,,4177.00,1263.54,5280,2026/06/02,"2026/05/08 11:09","2026/07/09 17:08",先物(仲介),,株式会社レーベン,-,"=""048-441-2368""",,"・B棟north
",3410025
店舗(建物一括),R00176-023539,,,,居住中,アーカイブ(成約),無,350000,,階,1994年03月,春日部市大沼4丁目の貸店舗【59坪】,,埼玉県春日部市大沼４丁目12-1,,,3.00,3.00,,,1.00,157.05,196.20,59.35,5898,2026/07/09,"2024/11/29 09:34","2026/07/09 17:07",先物(仲介),,ホームタウン株式会社,-,"=""048-735-0088""",空有,,3440038
貸地,R00176-024849,,,,更地,公開可,無,350000,,階,-,さいたま市見沼区大字小深作の貸地【298坪】,,埼玉県さいたま市見沼区大字小深作890,,,3.00,1.00,,,,987.00,,298.56,1173,2026/07/09,"2025/09/17 10:22","2026/07/09 17:06",先物(仲介),,株式会社アクシス２１,-,"=""048-871-8731""",,※2025/9/17　広告NGのためマッチングのみ｜アクシス不動産,3370005
貸地,R00176-024889,,,,更地,公開可,無,460000,,階,-,さいたま市岩槻区大字上野の貸地【666坪】,,埼玉県さいたま市岩槻区大字上野907-1,,,3.00,1.00,,,,2204.00,,666.71,690,2026/07/09,"2025/09/25 10:16","2026/07/09 17:06",先物(仲介),,※広告NG業者※アクシス不動産／（株）アクシス２１,-,"=""048-871-8731""",,"※2025/9/25　広告NGのためマッチングのみ｜アクシス不動産
・所在地/地番：さいたま市岩槻区上野907-1 他2筆",3390073
貸地,R00176-024832,,,,更地,公開可,無,540000,,階,-,さいたま市緑区間宮の貸地【676坪】,,埼玉県さいたま市緑区大字間宮269,,,3.00,1.00,,,,2236.00,,676.39,799,2026/07/09,"2025/09/11 09:22","2026/07/09 17:05",先物(仲介),,※広告NG業者※アクシス不動産,-,"=""048-871-8731""",,"住所：埼玉県さいたま市緑区大字間宮269/270-1/271-1
※2025/9/11　広告NGのためマッチングのみ｜アクシス不動産",3360965
貸地,R00176-025736,,,,その他,公開可,無,980000,,階,-,さいたま市岩槻区大字馬込の貸地【1980坪】,,埼玉県さいたま市岩槻区大字馬込401,,,3.00,1.00,,,,6546.00,,1980.16,495,2026/07/09,"2026/04/28 10:22","2026/07/09 17:03",先物(仲介),,※広告NG業者※アクシス不動産／（株）アクシス２１,-,"=""048-871-8731""",,"・所在地：さいたま市岩槻区?字?込 401他22筆
※広告NGのためマッチングのみ｜(株)アクシス21",3390077
貸地,R00176-025540,,,,,公開可,無,1500000,,階,-,さいたま市岩槻区大字馬込の貸地【3056坪】,,埼玉県さいたま市岩槻区大字馬込378-1,,,3.00,1.00,,,,10105.00,,3056.76,491,2026/07/09,"2026/03/12 10:23","2026/07/09 16:59",先物(仲介),,※広告NG業者※アクシス不動産,-,"=""048-871-8731""",,"【所在地】埼玉県さいたま市岩槻区大字馬込378-1　他28筆
※2026.3.12　広告NGのためマッチングのみ｜アクシス不動産",3390077
倉庫,R00176-025745,,,,使用中,公開可,無,1628000,,階,1974年12月,草加市弁天4丁目の貸倉庫【296坪】,,埼玉県草加市弁天４丁目18-29,65120,,,1.00,4.00,,,,978.52,296,5500,2026/07/09,"2026/04/30 09:34","2026/07/09 16:59",先物(仲介),,（株）タープ不動産,-,"=""03-5844-6300""",空有,,3400004
貸地,R00176-025685,,,,更地,公開可,無,484000,,階,-,さいたま市桜区大字五関の貸地【615坪】,,埼玉県さいたま市桜区大字五関733,,,2.00,1.00,,,,2036.00,,615.89,786,2026/07/09,"2026/04/15 10:38","2026/07/09 16:58",先物(仲介),,株式会社ニッケンコーポレーション本店,-,"=""080-5507-8089""",,"・所在地：さいたま市桜区五関733他
※2026/4/15　広告NGのためマッチングのみ｜(株)ニッケンコーポレーション本店",3380815
貸地,R00176-025009,,,,更地,公開可,無,511500,,階,-,和光市白子3丁目の貸地【186坪】,,埼玉県和光市白子３丁目,,,3.00,2.00,,,1.00,614.00,,185.73,2754,2026/07/09,"2025/10/21 09:52","2026/07/09 16:58",先物(仲介),,株式会社リゾン　アパマンショップ和光店,-,"=""048-469-5211""",,2026/1/30　申込み～審査までが日数要する（オーナー以外にも確認する方がいるため）急ぎの方は難しい,3510101
貸地,R00176-023705,,,,更地,公開可,無,906000,,階,-,鶴ヶ島市大字太田ヶ谷の貸地【953坪】,,埼玉県鶴ヶ島市大字太田ヶ谷242,,,2.00,1.00,1.00,,1.00,3152.90,,953.75,950,2026/07/09,"2025/01/14 10:44","2026/07/09 16:57",先物(仲介),,（株）アジアハウジング,-,"=""049-245-0007""",,【所在地】埼玉県鶴ヶ島市大字太田ヶ谷242-1、242-4、242-11,3502214
店舗事務所(建物一括),R00176-025854,,,,空,公開可,無,990000,,階,1986年04月,さいたま市見沼区大字風渡野の貸店舗・事務所【153坪】,,埼玉県さいたま市見沼区大字風渡野672-11,,,3.00,1.00,,,1.00,,505.86,153.02,6470,2026/07/09,"2026/05/26 10:50","2026/07/09 16:56",先物(仲介),,株式会社プロシード,-,"=""048-960-6461""",空有,,3370017
店舗事務所(建物一括),R00176-025533,,,,空,公開可,無,8500000,,階,2004年03月,幸手市上高野1丁目の貸店舗・事務所【414坪】,,埼玉県幸手市上高野１丁目532-1,,,,2.00,10.00,,1.00,10189.60,1370.50,414.57,20503,2026/07/09,"2026/03/11 09:25","2026/07/09 16:54",先物(仲介),,（株）ⅤーＳｕｐｐｏｒｔ　みらいふ,-,"=""03-6770-0559""",空有,,3400155
貸地,R00176-024133,,,,更地,公開可,無,380000,,階,-,熊谷市肥塚の貸地【693坪】,,埼玉県熊谷市肥塚1388-1,,,2.00,1.00,,,1.00,2292.00,,693.33,549,2026/07/09,"2025/04/07 09:52","2026/07/09 16:53",先物(仲介),,株式会社エルアンドビー　,-,"=""048-520-1111""",,2025/11/28　・和食飲食店可能、コンビニ跡地なので上下水道通っている,3600015
貸地,R00176-025863,,,,その他,公開可,無,363000,,階,-,新座市畑中1丁目の貸地【99坪】,,埼玉県新座市畑中１丁目1,,,3.00,1.00,,,1.00,330.00,,99.82,3637,2026/07/09,"2026/05/28 10:08","2026/07/09 16:53",先物(仲介),,株式会社リンケージ,-,"=""03-3554-1811""",,"2026/5/28　1件申込みあり、ファミリーオート跡地、事務所使用可能
※2026/5/28　広告確認中のためマッチングのみ｜(株)リンゲージ",3520012
貸地,R00176-025758,,,,その他,公開可,無,2200000,,階,-,上尾市大字平塚の貸地【968坪】,,埼玉県上尾市大字平塚969-1,,,10.00,1.00,,,,3200.00,,968,2273,2026/07/09,"2026/05/07 10:00","2026/07/09 16:53",先物(仲介),,※広告NG業者※アクシス不動産／（株）アクシス２１,-,"=""048-871-8731""",,※2026/5/7　広告NGのためマッチングのみ｜アクシス不動産,3620011
貸地,R00176-025835,,,,その他,公開可,無,480000,,階,-,桶川市大字加納の貸地【809坪】,,埼玉県桶川市大字加納823-1,,,3.00,1.00,,,,2676.00,,809.49,593,2026/07/09,"2026/05/21 10:30","2026/07/09 16:52",先物(仲介),,※広告NG業者※アクシス不動産／（株）アクシス２１,-,"=""048-871-8731""",,"【所在地】埼玉県桶川市大字加納823-1、825
※2026/5/21　広告確認中のためマッチングのみ｜アクシス不動産",3630001
貸地,R00176-024432,,,,更地,公開可,無,980000,,階,-,久喜市古久喜の貸地【2472坪】,,埼玉県久喜市古久喜75,,,3.00,1.00,,,,8175.00,,2472.93,397,2026/07/09,"2025/06/09 11:02","2026/07/09 16:52",先物(仲介),,※広告NG業者※アクシス不動産／（株）アクシス２１,-,"=""048-871-8731""",,"【所在地】久喜市古久喜75，72他11筆
※広告NGのためマッチングのみ",3460001
貸地,R00176-024843,,,,更地,公開可,無,420000,,階,-,さいたま市?沼区宮ヶ?塔3丁目の貸地【526坪】,,埼玉県さいたま市見沼区宮ヶ谷塔３丁目424,,,3.00,1.00,,,,1742.00,,526.95,798,2026/07/09,"2025/09/12 10:32","2026/07/09 16:51",先物(仲介),,株式会社アクシス２１,-,"=""048-871-8731""",,※2025/9/12　広告NGのためマッチングのみ｜アクシス不動産,3370011
貸地,R00176-024499,,,,更地,公開可,無,450000,,階,-,上尾市大字瓦葺の貸地【575坪】,,埼玉県上尾市大字瓦葺909-2,,,3.00,1.00,,,,1904.00,,575.96,782,2026/07/09,"2025/06/23 10:45","2026/07/09 16:50",先物(仲介),,※広告NG業者※アクシス不動産／（株）アクシス２１,-,"=""048-871-8731""",,"【所在地】上尾市大字瓦葺909-2、913-2，916-3
※2025/6/23　広告NGのためマッチングのみ｜アクシス不動産",3620022
貸地,R00176-024888,,,,,公開可,無,800000,,階,-,上尾市大字平塚の貸地【1073坪】,,埼玉県上尾市大字平塚133,,,3.00,1.00,,,,3550.00,,1073.87,745,2026/07/09,"2025/09/25 09:56","2026/07/09 16:49",先物(仲介),,※広告NG業者※アクシス不動産／（株）アクシス２１,-,"=""048-871-8731""",,"・場所：グーグルマップでは、平塚2丁目119（大久保自動車学校）の道路挟んで南側あたり
・所在地/地番：上尾市大字平塚133、134
※2025/9/25　広告NGのためマッチングのみ｜アクシス不動産",3620011
店舗(建物一括),R00176-025909,,,,空,アーカイブ(成約),無,1050000,,階,1987年12月,さいたま市緑区大間木3丁目の貸店舗【227坪】,,埼玉県さいたま市緑区大間木３丁目46-13,,,,1.00,3.00,,1.00,,753.37,227.89,4608,2026/06/05,"2026/06/05 09:49","2026/07/09 16:46",先物(仲介),,（株）京禧,-,"=""03-3844-8828""",空有,・2026/6/5　at-home転載可物件｜(株)京禧,3360923
貸地,R00176-024646,,,,その他,公開可,無,400000,,階,-,さいたま市桜区大字塚本の貸地【369坪】,,埼玉県さいたま市桜区大字塚本112-1,,,3.00,1.00,,,,1220.00,,369.05,1084,2026/07/09,"2025/07/29 11:50","2026/07/09 16:44",先物(仲介),,株式会社アクシス２１,-,"=""048-871-8731""",,※転載NG業者のためマッチングのみ｜(株)アクシス21,3380816
貸地,R00176-023903,,,,更地,公開可,無,350000,,階,-,上尾市大字平塚の貸地【503坪】,,埼玉県上尾市大字平塚194-1,,,3.00,1.00,,,,1666.00,,503.96,695,2026/07/09,"2025/02/17 10:37","2026/07/09 16:44",先物(仲介),,※広告NG業者※アクシス不動産／（株）アクシス２１,-,"=""048-871-8731""",,"・所在地：194-1他4筆
【グーグルマップ】埼玉県上尾市平塚206-1　向かい側
※2025/2/17　広告NGのためマッチングのみ｜アクシス不動産
",3620011
貸地,R00176-024605,,,,更地,公開可,無,350000,,階,-,上尾市中分5丁目の貸地【490坪】,,埼玉県上尾市中分５丁目253,,,3.00,1.00,,,,1622.00,,490.65,714,2026/07/09,"2025/07/18 10:24","2026/07/09 16:43",先物(仲介),,株式会社アクシス２１,-,"=""048-871-8731""",,"【所在地】埼玉県上尾市中分５丁目253、292-1
※広告NGのためマッチングのみ｜アクシス不動産",3620067
貸地,R00176-025431,,,,,公開可,無,300000,,階,-,さいたま市桜区大字宿の貸地【372坪】,,埼玉県さいたま市桜区大字宿120-2,,,3.00,1.00,,,,1232.00,,372.68,805,2026/07/09,"2026/02/16 10:17","2026/07/09 16:42",先物(仲介),,※広告NG業者※アクシス不動産／（株）アクシス２１,-,"=""048-871-8731""",,"【所在地】埼玉県さいたま市桜区大字宿120-2、120-3、121-2
※2026/2/16　広告NGのためマッチングのみ｜アクシス不動産",3380814
貸地,R00176-025571,,,,,公開可,無,300000,,階,-,さいたま市見沼区大字御蔵の貸地【579坪】,,埼玉県さいたま市見沼区大字御蔵602,,,3.00,1.00,,,,1916.00,,579.59,518,2026/07/09,"2026/03/18 10:11","2026/07/09 16:41",先物(仲介),,※広告NG業者※アクシス不動産／（株）アクシス２１,-,"=""048-871-8731""",,"【所在地】埼玉県さいたま市見沼区大字御蔵602、603、604
※2026/3/18　広告NGのためマッチングのみ｜アクシス不動産",3370033
貸地,R00176-025889,,,,更地,公開可,無,880000,,階,-,入間市大字上藤沢の貸地【1021坪】,,埼玉県入間市大字上藤沢90-1,,,3.00,1.00,,,,3377.99,,1021.84,862,2026/07/09,"2026/06/02 10:16","2026/07/09 16:39",先物(仲介),,（株）司エステート　,-,"=""0428-78-2166""",,,3580013
店舗事務所(建物一括),R00176-025915,,,,空,公開可,無,495000,,階,1970年04月,久喜市古久喜の貸店舗・事務所【57坪】,,埼玉県久喜市古久喜49-1,,,,2.00,3.00,,1.00,,191.59,57.95,8541,2026/07/09,"2026/06/08 10:14","2026/07/09 16:38",先物(仲介),,株式会社シンコー流通サービス,-,"=""0480-22-7881""",空有,※2026/6/8　広告確認中のためマッチングのみ｜(株)シンコー流通サービス久喜店,3460001
店舗事務所(建物一括),R00176-025901,,,,空,公開可,無,385000,,階,2020年12月,久喜市久喜東2丁目の貸店舗・事務所【34坪】,,埼玉県久喜市久喜東２丁目28-15,,,3.00,1.00,,,1.00,,115.05,34.8,11063,2026/07/09,"2026/06/03 14:35","2026/07/09 16:38",先物(仲介),,（株）フジハウジング　,-,"=""0480-31-8451""",空有,"物件担当：フジハウジング ワタナベ様 TEL：080-9894-4622
家族葬×",3460016
貸地,R00176-025917,,,,,公開可,無,1035000,,階,-,三郷市彦成5丁目の貸地【906坪】,,埼玉県三郷市彦成５丁目106,,,4.00,1.00,,,,2997.00,,906.59,1142,2026/07/09,"2026/06/09 09:24","2026/07/09 16:37",先物(仲介),,（有）早稲田コーポレーション,-,"=""048-959-0918""",,"・住所：三郷市彦成5丁目106、107、108
※2026/6/9　広告確認中のためマッチングのみ｜(有)早稲田コーポレーション",3410003
貸地,R00176-025897,,,,更地,アーカイブ(成約),無,800000,,階,-,越谷市川柳町3丁目の貸地【309坪】,,埼玉県越谷市川柳町３丁目287-1,,,3.00,1.00,,,,1024.00,,309.76,2583,2026/06/03,"2026/06/03 10:27","2026/07/09 16:36",先物(仲介),,FTソリューション,-,"=""048-947-2575""",,2026/6/3　元付確認：車両置場・大型車可、資材置場可（リサイクルは不可）賃料応相談,3430827
倉庫,R00176-025709,,,,空,アーカイブ(成約),無,205000,,階,1975年01月,船橋市栄町2丁目の貸倉庫【30坪】,,千葉県船橋市栄町２丁目12,,,3.00,2.00,,,1.00,,100.00,30.25,6777,2026/07/09,"2026/04/21 10:34","2026/07/09 16:34",先物(仲介),,（株）リブート,-,"=""047-404-1192""",空有,"・枝番：12-5
※2026/4/21　at-home転載可物件｜(株)リブート",2730018
倉庫,R00176-024590,,,,使用中,公開可,無,1650000,,階,1997年03月,さいたま市西区三橋5丁目の貸倉庫【299坪】,,埼玉県さいたま市西区三橋５丁目921-1,,,4.00,1.00,,,,,991.23,299.84,5503,2026/07/09,"2025/07/15 11:42","2026/07/09 15:19",先物(仲介),,共同流通株式会社,-,"=""049-247-4311""",空有,,3310052
倉庫,R00176-025973,,,,空,公開可,無,660000,,1階,1985年01月,野田市七光台の貸倉庫【174坪】,,千葉県野田市七光台165-7,22000,,3.00,2.00,,,1.00,,576.94,174.52,3782,2026/07/15,"2026/06/23 10:27","2026/07/09 15:13",先物(仲介),,忠栄土地建物（株）,-,"=""04-7127-1000""",,・第1区画,2780051
貸地,R00176-025697,,,,更地,公開可,無,300000,,階,-,さいたま市緑区大字南部領の貸地【320坪】,,埼玉県さいたま市緑区大字南部領辻2729,,,3.00,1.00,,,,1061.00,,320.95,935,2026/07/09,"2026/04/17 11:29","2026/07/09 15:04",先物(仲介),,※広告NG業者※アクシス不動産／（株）アクシス２１,-,"=""048-871-8731""",,※2026/4/17　広告NGのためマッチングのみ｜アクシス不動産,3360973
倉庫,R00176-025970,,,,空,公開可,無,31514908,,階,1992年10月,厚木市船子の貸倉庫【6975坪】,,神奈川県厚木市船子602-9,,,,1.00,6.00,,,11599.65,23060.40,6975.77,4518,2026/07/15,"2026/06/23 09:38","2026/07/09 14:17",先物(仲介),,イーソーコ株式会社,-,"=""03-5439-9401""",空有,,2430034
貸地,R00176-026044,,,,更地,公開可,無,500000,,階,-,豊島区高松3丁目の貸地【74坪】,,東京都豊島区高松３丁目12-15,,,,1.00,2.00,,,247.84,,74.97,6670,2026/07/09,"2026/07/09 10:43","2026/07/09 13:07",先物(仲介),,（有）スターハウジング,-,"=""03-3976-2187""",,※2026/7/9　at-home転載可物件｜(有)スターハウジング,1710042
倉庫,R00176-026043,,,,使用中,公開可,無,1100000,,階,1980年05月,八王子市大和田町5丁目の貸倉庫【118坪】,,東京都八王子市大和田町５丁目17-33,,,,1.00,3.00,,1.00,,390.95,118.26,9302,2026/07/09,"2026/07/09 10:19","2026/07/09 13:04",先物(仲介),,（株）エスエストラスト,-,"=""042-644-6680""",空有,・1-2階部分,1920045
貸地,R00176-025954,,,,更地,公開可,無,340000,,階,-,船橋市夏見6丁目の貸地【299坪】,,千葉県船橋市夏見６丁目,,,,1.00,4.00,,1.50,991.00,,299.77,1135,2026/07/15,"2026/06/17 09:26","2026/07/08 16:48",先物(仲介),,貸地バンク（株）,-,"=""047-471-0034""",,"■2026/06/17広告掲載確認中
Googleマップ? https://maps.app.goo.gl/PwMxSRxyX1WvxeCY7
※千葉県船橋市夏見台６丁目７付近
※マイソクが「夏見6丁目」になっているのでマイソクに併せています。",2730865
店舗(建物一括),R00176-024788,,,,空,公開可,無,770000,,階,1993年03月,熊谷市広瀬の貸店舗【100坪】,,埼玉県熊谷市広瀬102-2,,,3.00,1.00,,,1.00,1580.00,333.16,100.78,7641,2026/07/08,"2025/09/02 10:00","2026/07/08 16:43",先物(仲介),,熊谷中央不動産（株）,-,"=""048-524-0105""",空有,"20256/5/26　飯田さん案内中
2025.9.9　井戸水",3600833
貸地,R00176-026022,,,,更地,公開可,無,357000,,階,-,船橋市飯山満町1丁目の貸地【356坪】,,千葉県船橋市飯山満町１丁目,,,,1.00,4.00,,1.50,1180.00,,356.95,1001,2026/07/03,"2026/07/03 10:58","2026/07/08 16:17",先物(仲介),,貸地バンク（株）,-,"=""047-471-0034""",,"Googleマップ? https://maps.app.goo.gl/BCryaNFCvv5KEpZXA",2740822
貸地,R00176-024995,,,,更地,公開可,無,485000,,階,-,比企郡川島町大字下伊草の貸地【788坪】,,埼玉県比企郡川島町大字下伊草,,,,1.00,4.00,,1.50,2606.69,,788.52,616,2026/07/07,"2025/10/20 09:41","2026/07/08 16:16",先物(仲介),,貸地バンク（株）,-,"=""047-471-0034""",,【所在地】埼玉県比企郡川島町大字下伊草新田,3500157
貸地,R00176-025067,,,,,公開可,無,350000,,階,-,川越市大字下広谷の貸地【535坪】,,埼玉県川越市大字下広谷131-1,,,3.00,1.00,,,,1769.00,,535.12,655,2026/07/08,"2025/10/30 09:38","2026/07/08 14:08",先物(仲介),,※広告NG業者※アクシス不動産,-,"=""048-871-8731""",,"マイソク住所：川越市下広谷 131-1/132-1/130-1
※2025/10/30　広告NGのためマッチングのみ｜アクシス不動産",3500804
倉庫,R00176-025608,,,,空,公開可,無,880000,,階,1988年07月,越谷市大字南荻島の貸倉庫【107坪】,,埼玉県越谷市大字南荻島895,,,3.00,1.00,,,1.00,2192.92,353.92,107.06,8220,2026/07/08,"2026/03/27 09:44","2026/07/08 14:06",先物(仲介),,株式会社タカハシ,-,"=""048-297-3003""",空有,,3430804
店舗事務所(建物一括),R00176-025968,,,,使用中,公開可,無,1934160,,階,1995年12月,千葉市緑区あすみが丘9丁目の貸店舗・事務所【241坪】,,千葉県千葉市緑区あすみが丘９丁目1-1,,,,2.00,10.00,,,,799.27,241.77,8000,2026/07/08,"2026/06/22 10:42","2026/07/08 13:01",先物(仲介),,（株）トゥビッグ,-,"=""03-6709-0340""",,,2670066
倉庫,R00176-025418,,,,空,保留,無,385000,,階,1980年04月,横浜市鶴見区汐入町1丁目の貸倉庫【42坪】,,神奈川県横浜市鶴見区汐入町１丁目1-1,,,,2.00,8.00,,,154.51,141.99,42.95,8964,2026/06/12,"2026/02/13 10:05","2026/07/08 12:07",先物(仲介),,順栄貿易合同会社,-,"=""03-5875-0519""",,"※2026/7/8　1-3の募集に変更になっているため非公開
・1-2階部分",2300043
店舗事務所(建物一括),R00176-024330,,,,空,アーカイブ(成約),無,770000,,階,2025年03月,川崎市多摩区登戸の貸店舗・事務所【69坪】,,神奈川県川崎市多摩区登戸2636-4,,,,1.00,3.00,,1.00,,230.22,69.64,11057,2026/06/11,"2025/05/16 10:48","2026/07/08 12:03",先物(仲介),,株式会社オフィス・オオカワ,-,"=""03-6907-4515""",,"※2026/6/11　業者変更｜(株)オフィス・オオカワ
※2026/1/6　レインズ転載可物件｜(株)俵屋",2140014
倉庫,R00176-025720,,,,居住中,アーカイブ(成約),無,561500,,1階,1983年08月,海老名市門沢橋3丁目の貸倉庫【102坪】,,神奈川県海老名市門沢橋３丁目6-10,9000,,4.00,1.00,,,,585.00,337.50,102.09,5500,2026/06/12,"2026/04/23 10:07","2026/07/08 12:00",先物(仲介),,株式会社シーアールイー　本社,-,"=""03-5572-6604""",,"物件担当：CRE／ニシダ様 TEL：070-8832-8880
内見は2026年6月頭から可能
依頼方法は2.3候補日を挙げてニシダ様にTEL",2430426
倉庫,R00176-025583,,,,使用中,アーカイブ(成約),無,770000,,1階,1993年08月,横浜市都筑区南山田町の貸倉庫【55坪】,,神奈川県横浜市都筑区南山田町4627-1,,,3.00,2.00,,,1.00,416.51,185.12,55.99,13751,2026/06/12,"2026/03/24 09:38","2026/07/08 11:49",先物(仲介),,すまいる株式会社,-,"=""045-264-8150""",空有,※2026/5/18　at-home転載可物件｜すまいる（株）,2240026
貸地,R00176-025611,,,,更地,アーカイブ(成約),無,385000,,階,-,厚木市愛名の貸地【349坪】,,神奈川県厚木市愛名12-1,,,2.00,1.00,,,1.00,1155.00,,349.38,1102,2026/06/12,"2026/03/30 09:49","2026/07/08 11:47",先物(仲介),,厚農商事（株）本店,-,"=""046-224-1555""",,,2430038
貸地,R00176-026038,,,,更地,公開可,無,352000,,階,-,足立区大谷田3丁目の貸地【36坪】,,東京都足立区大谷田３丁目9,,,1.00,1.00,,,1.00,122.00,,36.9,9539,2026/07/08,"2026/07/08 09:44","2026/07/08 11:15",先物(仲介),,アーバン・レックス（株）,-,"=""03-6659-2077""",,※2026/7/8　広告確認中のためマッチングのみ｜アーバン・レックス（株）,1200001
倉庫,R00176-025366,,,,空,公開可,無,874500,,階,1979年01月,仙台第4倉庫・工場／B区画【139坪】,,宮城県仙台市宮城野区扇町３丁目9-4,,,4.00,0.00,,,1.00,,462.00,139.75,6258,2026/05/18,"2026/01/30 15:07","2026/07/08 10:18",自社,代理,株式会社センチュリーダイソー,飯田,"=""03-6441-2258""",空有,"・2026/7/8時点　申込あり、契約に向けて商談中（1番手あり・2番手可で補修継続中）
■2026/5/18　募集条件変更
【現行】賃料845,000円（税別）、礼金１、敷金４、償却１
【改定】賃料795,000円（税別）、礼金０、敷金４、償却１
■仙台第4倉庫／B区画｜サブリース｜担当：飯田
　住居表示：宮城県仙台市宮城野区扇町三丁目９番４号",9830034
店舗事務所(建物一括),R00176-024274,,,,使用中,アーカイブ(成約),無,308000,,階,1988年08月,川口市大字芝の貸店舗・事務所【44坪】,,埼玉県川口市大字芝6224-1,,,3.00,1.00,,,1.00,198.35,145.46,44,7000,2026/07/08,"2025/05/08 10:38","2026/07/08 09:35",先物(仲介),,株式会社ビーズ,-,"=""048-263-2882""",空有,,3330866
倉庫,R00176-025993,,,,使用中,公開可,無,1760000,,階,1986年06月,川口市芝2丁目の貸倉庫【159坪】,,埼玉県川口市芝２丁目2-20,,,,1.00,6.00,,1.00,813.23,525.62,159,11070,2026/07/08,"2026/06/30 09:46","2026/07/08 09:34",先物(仲介),,株式会社ビーズ,-,"=""048-263-2882""",空有,,3330866
貸地,R00176-024846,,,,更地,公開可,無,300000,,階,-,さいたま市見沼区大字東門前の貸地【669坪】,,埼玉県さいたま市見沼区大字東門前433,,,2.00,1.00,,,1.00,2213.00,,669.43,449,2026/07/08,"2025/09/17 09:40","2026/07/08 09:33",先物(仲介),,株式会社ビーズ,-,"=""048-263-2882""",,・Googleマップ：https://maps.app.goo.gl/gXWzBvE13mTVae5VA,3370016
倉庫,R00176-023682,,,,空,公開可,無,495000,,階,1977年02月,新座市菅沢1丁目の貸倉庫【106坪】,,埼玉県新座市菅沢１丁目2-1,,,2.00,1.00,,,1.00,,352.80,106.72,4639,2026/07/07,"2025/01/07 11:55","2026/07/07 17:59",先物(仲介),,（株）増木　不動産事業部,-,"=""048-481-3133""",,"2025.8.1　4ｔ・10ｔ搬入?、2ｔ可。
2025.4.4　駐車スペース普通車2台

※2025/1/7　広告確認中のためマッチングのみ｜(株)増木",3520017
倉庫,R00176-025831,,,,空,公開可,無,536800,,階,1973年01月,入間市大字二本木の貸倉庫【122坪】,,埼玉県入間市大字二本木1273,,,,1.00,3.00,,,,405.60,122.69,4376,2026/07/07,"2026/05/20 10:20","2026/07/07 17:58",先物(仲介),,（有）タマ・ロジスティックス,-,"=""0428-78-4736""",,,3580015
貸地,R00176-026013,,,,更地,公開可,無,1080000,,階,-,千葉市稲毛区山王町の貸地【1355坪】,,千葉県千葉市稲毛区山王町257,,,,1.00,6.00,,1.00,4481.00,,1355.5,797,2026/07/02,"2026/07/02 10:50","2026/07/07 17:58",先物(仲介),,（株）与志建設,-,"=""043-286-0554""",,"・②
・所在地：山王町257他
※2026/7/2　広告確認中のためマッチングのみ｜(株)与志建設",2630002
倉庫,R00176-025926,,,,空,公開可,無,385000,,階,2003年01月,草加市吉町1丁目の貸倉庫【84坪】,,埼玉県草加市吉町１丁目5-21,,,4.00,1.00,,,1.00,,279.34,84.5,4557,2026/07/15,"2026/06/10 12:03","2026/07/07 17:45",自社,一般媒介,株式会社センチュリーダイソー　埼玉支店,祷,"=""048-290-0776""",空有,"看板設置（T-0004）
■2026/6/17　一般媒介物件｜担当：祷さん

",3400017
倉庫,R00176-025650,,,,使用中,公開可,無,737000,,階,1991年03月,埼玉第5倉庫【149坪】,,埼玉県さいたま市見沼区大字小深作343-1,,,4.00,1.00,,,1.00,826.00,493.00,149.13,4942,2026/07/07,"2026/04/07 16:11","2026/07/07 17:40",自社,代理,株式会社センチュリーダイソー,山崎,"=""03-6441-2258""",空有,■2026/4/7　【サブリース】埼玉第5倉庫｜担当：山崎,3370005
貸地,R00176-026012,,,,更地,公開可,無,2000000,,階,-,千葉市稲毛区山王町の貸地【2259坪】,,千葉県千葉市稲毛区山王町257,,,,1.00,6.00,,1.00,7469.00,,2259.37,886,2026/07/02,"2026/07/02 10:50","2026/07/07 17:31",先物(仲介),,（株）与志建設,-,"=""043-286-0554""",,"①区画
・所在地：山王町257他
※2026/7/2　広告確認中のためマッチングのみ｜(株)与志建設",2630002
倉庫,R00176-026035,,,,使用中,公開可,無,1100000,,階,2006年02月,川口市赤井4丁目の貸倉庫【211坪】,,埼玉県川口市赤井４丁目,,,3.00,1.00,,,1.00,,700.33,211.84,5193,2026/07/07,"2026/07/07 10:06","2026/07/07 17:24",先物(仲介),,株式会社ハーネス,-,"=""048-256-1431""",,"※2026/7/7　広告NG｜(株)ハーネス
・Googleマップ枝番：12-19",3340073
倉庫,R00176-025903,,,,空,アーカイブ(成約),無,550000,,階,2004年10月,戸田市大字新曽の貸倉庫【65坪】,,埼玉県戸田市大字新曽1313-1,,,1.00,1.00,,,,185.00,218.06,65.96,8338,2026/07/07,"2026/06/04 10:01","2026/07/07 17:23",先物(仲介),,株式会社平和不動産　事業用賃貸部※広告NG業者,-,"=""048-446-1000""",空有,※2026/6/4　広告NG業者のためマッチングのみ｜平和不動産,3350021
倉庫,R00176-025885,,,,使用中,公開可,無,308000,,階,1991年01月,戸田市美女木北3丁目の貸倉庫【34坪】,,埼玉県戸田市美女木北３丁目14-12,,,3.00,2.00,,,1.00,,115.70,34.99,8801,2026/07/07,"2026/06/01 11:35","2026/07/07 17:20",先物(仲介),,株式会社ニッケンコーポレーション本店,-,"=""080-5507-8089""",,"※2026/6/1　広告NGのためマッチングのみ｜(株)ニッケンコーポレーション本店
　物件担当：大泉様｜080-5507-8089",3350038
倉庫,R00176-025882,,,,使用中,公開可,無,2050451,,階,2007年03月,三郷市高州2丁目の貸倉庫【315坪】,,埼玉県三郷市高州２丁目285-3,,,6.00,1.00,,,,1004.73,1044.43,315.94,6490,2026/07/07,"2026/06/01 09:39","2026/07/07 17:19",先物(仲介),,ディールエージェント株式会社,野口,"=""03-3263-7180""",空有,,3410037
倉庫,R00176-025797,,,,使用中,アーカイブ(成約),無,693000,,階,1991年02月,三郷市半田の貸倉庫【145坪】,,埼玉県三郷市半田1289-2,,,1890000,693000,,,1.00,,480.96,145.49,4764,2026/07/07,"2026/05/12 14:45","2026/07/07 17:17",先物(仲介),,エンクルレント株式会社,-,"=""048-949-0666""",空有,※2026/5/12　広告確認中のためマッチングのみ｜エンクルレント株式会社?三郷中央店,3410012
倉庫,R00176-024956,,,,,アーカイブ(成約),無,748000,,階,2026年02月,吉川市大字高久の貸倉庫【79坪】,,埼玉県吉川市大字高久476,,,4.00,,,,,2200.00,262.50,79.4,9420,2026/07/07,"2025/10/10 09:58","2026/07/07 17:07",先物(仲介),,（株）日本リアリスト,-,"=""03-3667-1391""",空有,"・C区画
※2025/10/10　広告確認中のためマッチングのみ｜(株)日本リアリスト",3420035
貸地,R00176-025955,,,,更地,公開可,無,650000,,階,-,千葉市花見川区大日町の貸地【799坪】,,千葉県千葉市花見川区大日町1263,,,2.00,2.00,,,0.55,2642.04,,799.21,814,2026/07/15,"2026/06/17 09:29","2026/07/07 17:06",先物(仲介),,（株）ティーネットワーク石神井公園店,-,"=""03-3997-1789""",,"Googleマップ? https://maps.app.goo.gl/cgD5cqcDtjUeu2H59
・所在地：千葉市花見川区大日町 1264-4、1262-3・4・6、1263",2620004
倉庫,R00176-024759,,,,空,公開可,無,462000,,階,1983年04月,深谷市折之口の貸倉庫【173坪】,,埼玉県深谷市折之口162,,,4.00,1.00,,,,,573.56,173.5,2663,2026/07/07,"2025/08/27 09:57","2026/07/07 17:05",先物(仲介),,株式会社タウンハウジング,-,"=""03-5687-1915""",,,3660812
貸地,R00176-025916,,,,更地,公開可,無,385000,,階,-,千葉市花見川区幕張町4丁目の貸地【385坪】,,千葉県千葉市花見川区幕張町４丁目2060-3,,,,1.00,4.00,,1.00,1274.00,,385.38,1000,2026/07/27,"2026/06/08 10:35","2026/07/07 16:57",先物(仲介),,株式会社イコム,-,"=""048-799-3200""",,・所在地：千葉市花見川区幕張町４丁目2060-3、他,2620032
貸地,R00176-025964,,,,更地,公開可,無,300000,,階,-,加須市外野の貸地【391坪】,,埼玉県加須市外野245,,,2.00,,,1.00,1.00,1295.00,,391.73,766,2026/07/07,"2026/06/19 09:56","2026/07/07 15:55",先物(仲介),,（株）トラストエステート　ハウスランド,-,"=""0480-57-0055""",,,3470002
貸地,R00176-025553,,,,更地,公開可,無,990000,,階,-,入間市宮寺の貸地【1382坪】,,埼玉県入間市宮寺3014-6,,,3.00,1.00,,,1.00,4569.00,,1382.12,717,2026/07/07,"2026/03/16 10:41","2026/07/07 15:54",先物(仲介),,有限会社長武商事,-,"=""04-2934-5060""",,2026/6/23　申込みあり　二番手可,3580014
倉庫,R00176-025358,,,,使用中,公開可,無,3069000,,1階,1970年06月,横浜市都筑区大棚町の貸倉庫【309坪】,,神奈川県横浜市都筑区大棚町445-1,,,4.00,1.00,,,,,1024.79,309.99,9901,2026/07/28,"2026/01/30 09:39","2026/07/07 15:52",先物(仲介),,株式会社シーアールイー　本社,-,"=""03-5572-6604""",,,2240027
店舗事務所(建物一括),R00176-025819,,,,使用中,アーカイブ(成約),無,517000,,1階,1990年12月,相模原市中央区横山2丁目の貸店舗・事務所【47坪】,,神奈川県相模原市中央区横山２丁目15-9,8000,,4.00,1.00,,,1.00,,156.24,47.26,10939,2026/06/12,"2026/05/19 10:27","2026/07/07 15:49",先物(仲介),,コーシン企画,-,"=""042-750-2271""",空有,※2026/5/19　レインズネット広告可物件｜コーシン企画,2520242
倉庫,R00176-024824,,,,使用中,公開可,無,1980000,,階,1982年11月,厚木市戸室1丁目の貸倉庫【530坪】,,神奈川県厚木市戸室１丁目7-9,,,4.00,1.00,,,,1840.44,1754.00,530.58,3732,2026/07/15,"2025/09/09 11:17","2026/07/07 15:39",先物(仲介),,株式会社シーアールイー　リーシンググループ,-,"=""03-5572-6604""",空有,,2430031
倉庫,R00176-025838,,,,空,公開可,無,330000,,1階,1988年01月,千葉市花見川区柏井町の貸倉庫【71坪】,,千葉県千葉市花見川区柏井町909,,,,1.00,3.00,,1.00,,235.62,71.27,4630,2026/07/24,"2026/05/22 10:10","2026/07/07 14:06",先物(仲介),,株式会社豊徳,-,"=""03-3964-0861""",空有,,2620041
倉庫,R00176-024767,,,,空,アーカイブ(成約),無,345400,,階,2020年02月,横浜市港北区新羽町の貸倉庫【36坪】,,神奈川県横浜市港北区新羽町861-2,,44000,,2.00,4.00,,1.00,,120.00,36.3,9516,2026/06/01,"2025/08/28 11:50","2026/07/07 12:34",先物(仲介),,（株）コタニ興業,-,"=""045-593-3721""",空有,"2025.10.14　２番手可
・3階貸し",2230057
倉庫,R00176-025322,,,,空,アーカイブ(成約),無,1170000,,階,1992年05月,平塚市平塚5丁目の貸倉庫【150坪】,,神奈川県平塚市平塚５丁目6-30,,,3.00,,,,,530.71,498.85,150.9,7754,2026/06/01,"2026/01/20 11:35","2026/07/07 12:33",先物(仲介),,ジーエルアールインベストメント株式会社,-,"=""03-5797-7822""",空有,,2540052
倉庫,R00176-025488,,,,空,公開可,無,487500,,階,-,横浜市神奈川区三枚町の貸倉庫【88坪】,,神奈川県横浜市神奈川区三枚町601,,,3.00,1.00,,,1.00,,293.00,88.63,5501,2026/07/07,"2026/02/27 15:51","2026/07/07 12:32",自社,一般媒介,株式会社センチュリーダイソー,-,"=""03-6441-2258""",,"■2026/4/20　賃料変更￥540,000→￥487,500（5,500円／坪）
■2026/2/27　一般媒介物件｜担当：山崎
■昇降機　寸法
・120センチ×180センチ
・500kg迄",2210862
倉庫,R00176-025026,,,,空,アーカイブ(成約),無,6950000,,2階,2001年01月,川崎市幸区塚越4丁目の貸倉庫【464坪】,,神奈川県川崎市幸区塚越４丁目,,275000,6.00,,,,,,1536.00,464.64,14958,2026/06/02,"2025/10/22 10:14","2026/07/07 12:24",先物(仲介),,（株）ワイズ,-,"=""045-290-1881""",,"・2階ワンフロア貸し（CDEF区画）
・枝番：320-1
※2025/10/22　広告確認中のためマッチングのみ｜(株)ワイズ
",2120024
倉庫,R00176-024559,,,,空,アーカイブ(成約),無,450000,,階,2002年01月,相模原市南区下溝の貸倉庫【130坪】,,神奈川県相模原市南区下溝4401-1,,,3.00,1.00,,,1.00,,432.00,130.68,3444,2026/06/02,"2025/07/04 11:46","2026/07/07 12:21",先物(仲介),,（有）ヤマシンホーム,-,"=""042-748-1001""",空有,,2520335
貸地,R00176-025674,,,,更地,公開可,無,440000,,階,-,横浜市都筑区勝田町の貸地【191坪】,,神奈川県横浜市都筑区勝田町1301,,,,2.00,2.00,,1.00,634.00,,191.78,2295,2026/07/13,"2026/04/14 10:35","2026/07/07 12:20",先物(仲介),,株式会社石原興業,-,"=""045-541-4180""",,※2026/4/14　広告NG業者のためマッチングのみ｜(株)石原興業,2240034
貸地,R00176-025440,,,,更地,公開可,無,220000,,階,-,草加市柿木町の貸地【210坪】,,埼玉県草加市柿木町1574,,,2.00,2.00,,,1.00,696.27,,210.62,1045,2026/07/07,"2026/02/17 11:10","2026/07/07 09:32",先物(仲介),,有限会社正興不動産,-,"=""048-936-1515""",,,3400001
貸地,R00176-025624,,,,更地,公開可,無,441600,,階,-,草加市青柳6丁目の貸地【368坪】,,埼玉県草加市青柳６丁目3165-2,,,3.00,1.00,,,,1219.00,,368.74,1198,2026/07/07,"2026/04/01 10:36","2026/07/07 09:31",先物(仲介),,株式会社ヒカリホーム,-,"=""048-977-0879""",,,3400002
貸地,R00176-025814,,,,更地,公開可,無,500000,,階,-,千葉市若葉区高根町の貸地【818坪】,,千葉県千葉市若葉区高根町905-1,,,5.00,1.00,,,1.00,2706.00,,818.56,611,2026/07/27,"2026/05/18 11:02","2026/07/06 17:59",先物(仲介),,株式会社スタイル・レゴ,-,"=""043-301-6818""",,,2650061
貸地,R00176-026027,,,,更地,公開可,無,495000,,階,-,鴻巣市三ツ木の貸地【648坪】,,埼玉県鴻巣市三ツ木312-1,,,,1.00,,,,2145.00,,648.86,763,2026/07/06,"2026/07/06 10:07","2026/07/06 16:36",先物(仲介),,江間忠不動産株式会社,-,"=""03-3533-8241""",,※2026/7/6　広告確認中のためマッチングのみ｜江間忠不動産（株）,3650066
倉庫,R00176-026021,,,,空,公開可,無,378000,,階,1974年08月,桶川市大字加納の貸倉庫【32坪】,,埼玉県桶川市大字加納2166-1,20000,,3.00,2.20,,,,347.00,106.00,32.06,11789,2026/07/03,"2026/07/03 10:41","2026/07/06 16:29",先物(仲介),,株式会社エネグラッド,-,"=""03-6459-0132""",空有,※2026/7/3　マイソク自社HP広告可物件｜(株)エネグラッド,3630001
工場,R00176-025908,,,,空,公開可,無,495000,,1階,1979年07月,北本市石戸3丁目の貸工場【104坪】,,埼玉県北本市石戸３丁目38,,,3.00,1.00,,,1.00,,344.90,104.33,4745,2026/07/02,"2026/06/05 09:44","2026/07/06 16:24",先物(仲介),,株式会社コジョソコ,-,"=""045-530-9890""",空有,,3640024
倉庫,R00176-025907,,,,空,公開可,無,900000,,階,1985年04月,北本市二ツ家3丁目の貸倉庫【178坪】,,埼玉県北本市二ツ家３丁目150,,,,1.00,6.00,,,878.84,589.88,178.43,5044,2026/07/03,"2026/06/04 11:20","2026/07/06 16:20",先物(仲介),,株式会社アースパワー,-,"=""080-4334-3558""",空有,※2026/6/4　レインズ広告可物件｜(株)アースパワー,3640014
倉庫,R00176-025516,,,,空,公開可,無,980000,,階,2026年02月,さいたま市岩槻区大字末田の貸倉庫【106坪】,,埼玉県さいたま市岩槻区大字末田1621-1,,,2.00,1.00,,,1.00,1000.00,351.84,106.43,9208,2026/07/06,"2026/03/06 09:34","2026/07/06 15:14",先物(仲介),,高成商事（株）,-,"=""048-767-4458""",空有,"【グーグルマップ住所】埼玉県さいたま市岩槻区大字末田1650の隣
物件確認：担当者の王様まで　080-5659-8886
・枝番：1621-1他",3390021
倉庫,R00176-025517,,,,空,公開可,無,1100000,,階,2001年04月,久喜市久喜東2丁目の貸倉庫【210坪】,,埼玉県久喜市久喜東２丁目45-26,,,6.00,1.00,,,,,696.00,210.54,5225,2026/07/06,"2026/03/06 09:45","2026/07/06 15:12",先物(仲介),,イーソーコ株式会社,-,"=""03-5439-9401""",,,3460016
倉庫,R00176-024456,,,,使用中,公開可,無,400000,,階,1989年10月,比企郡嵐山町大字川島の貸倉庫【174坪】,,埼玉県比企郡嵐山町大字川島,,,1.00,1.00,,,1.00,651.98,576.79,174.47,2293,2026/07/06,"2025/06/13 10:59","2026/07/06 15:09",先物(仲介),,平物産株式会社,-,"=""049-292-3711""",,"【グーグルマップ】埼玉県比企郡嵐山町川島2318－4
※2026/2/9　広告確認中のためマッチングのみ｜平物産株式会社",3550213
貸地,R00176-025988,,,,その他,公開可,無,719000,,階,-,所沢市大字下富の貸地【817坪】,,埼玉県所沢市大字下富1009-4,,,3.00,1.00,,,1.00,2702.00,,817.35,880,2026/07/06,"2026/06/29 09:48","2026/07/06 14:58",先物(仲介),,株式会社谷澤総合コンサルタント,-,"=""049-262-8003""",,・住所：大字下富1009-4、7,3590001
貸地,R00176-025768,,,,更地,公開可,無,350000,,階,-,久喜市菖蒲町三箇の貸地【327坪】,,埼玉県久喜市菖蒲町三箇2329-1,,,3.00,1.00,,,1.50,1082.00,,327.3,1070,2026/07/06,"2026/05/08 11:03","2026/07/06 14:57",先物(仲介),,株式会社岡安不動産,-,"=""0480-85-2331""",,"・所在地：久喜市菖蒲町三箇2329-1、2329-2
※2026/5/8　広告確認中のためマッチングのみ｜(株)岡安不動産",3460104
貸地,R00176-024786,,,,その他,公開可,無,300000,,階,-,東松山市大字下唐子の貸地【952坪】,,埼玉県東松山市大字下唐子1932,,,4.00,1.00,,,,3149.50,,952.72,315,2026/07/06,"2025/09/01 15:00","2026/07/06 14:57",先物(仲介),,（有）オクト,-,"=""049-283-1531""",,【ナビ住所】東松山市大字下唐子1918-2（付近）,3550076
倉庫,R00176-025794,,,,空,公開可,無,350000,,1階,1983年03月,千葉市若葉区中野町の貸倉庫【89坪】,,千葉県千葉市若葉区中野町66-9,,,3.00,1.00,,,,899.71,295.51,89.39,3916,2026/07/24,"2026/05/12 11:38","2026/07/06 14:50",先物(仲介),,株式会社クレソンオフィス,-,"=""043-223-5788""",空有,※2026/5/12　広告確認中のためマッチングのみ｜(株)クレソンオフィス,2650051
貸地,R00176-025673,,,,更地,アーカイブ(成約),無,399300,,階,-,和光市下新倉5丁目の貸地【301坪】,,埼玉県和光市下新倉５丁目188,,,3.00,2.00,,,1.00,998.00,,301.89,1323,2026/07/06,"2026/04/14 10:16","2026/07/06 14:45",先物(仲介),,（株）リゾン　和光支店,-,"=""048-469-5211""",,"2026/6/3　申込みあり二番手可、但し区画整理地内のため立ち退きあり（期日未定）
2026/4/22　物確→募集中　4/30解約予定のためそれまでは現テナント様が使用
・場所：グーグルマップでは、下新倉5丁目19-50
　Googleマップ?https://maps.app.goo.gl/M9b13QLVpER1pDMX7
　※R00176-020401の隣地（前面道路から和光病院を見た右隣）",3510111
貸地,R00176-026030,,,,更地,公開可,無,490000,,階,-,松戸市大橋の貸地【699坪】,,千葉県松戸市大橋50,,,,490000,1470000,,1.05,2314.00,,699.98,701,2026/07/06,"2026/07/06 10:32","2026/07/06 11:12",先物(仲介),,株式会社　丸井住宅,-,"=""047-392-5576""",,・所在地：松戸市大橋50.51番,2702224
倉庫,R00176-026029,,,,使用中,公開可,無,3289660,,1階,2017年01月,柏市大島田2丁目の貸倉庫【787坪】,,千葉県柏市大島田２丁目,,173140,3.00,2.00,,,1.00,,2601.70,787.01,4180,2026/07/06,"2026/07/06 10:16","2026/07/06 11:06",先物(仲介),,ゼクス株式会社,-,"=""047-468-8685""",近有,"・1階一区画
・場所：グーグルマップでは、大島田2丁目18-6（GLP柏Ⅱ）
※定期借家契約：2027年2?28?",2770922
倉庫,R00176-026028,,,,使用中,公開可,無,2353340,,1階,2017年01月,柏市大島田2丁目の貸倉庫【563坪】,,千葉県柏市大島田２丁目,,123860,3.00,2.00,,,1.00,,1861.20,563.01,4180,2026/07/06,"2026/07/06 10:16","2026/07/06 11:06",先物(仲介),,ゼクス株式会社,-,"=""047-468-8685""",近有,"・1階一区画
・場所：グーグルマップでは、大島田2丁目18-6（GLP柏Ⅱ）
※定期借家契約：2027年2?28?",2770922
倉庫,R00176-026026,,,,使用中,公開可,無,2060740,,1階,2017年01月,柏市大島田2丁目の貸倉庫【493坪】,,千葉県柏市大島田２丁目,,108460,3.00,2.00,,,1.00,,1629.80,493.01,4180,2026/07/06,"2026/07/06 10:03","2026/07/06 11:06",先物(仲介),,ゼクス株式会社,-,"=""047-468-8685""",近有,"・1階一区画
・場所：グーグルマップでは、大島田2丁目18-6（GLP柏Ⅱ）
※定期借家契約：2027年2?28?",2770922
倉庫,R00176-026025,,,,使用中,公開可,無,1228920,,1階,2017年01月,柏市大島田2丁目の貸倉庫【294坪】,,千葉県柏市大島田２丁目,,64680,3.00,2.00,,,1.00,,972.00,294.03,4180,2026/07/06,"2026/07/06 10:03","2026/07/06 11:06",先物(仲介),,ゼクス株式会社,-,"=""047-468-8685""",近有,"・1階一区画
・場所：グーグルマップでは、大島田2丁目18-6（GLP柏Ⅱ）
※定期借家契約：2027年2?28?",2770922
倉庫,R00176-026024,,,,使用中,公開可,無,936320,,1階,2017年01月,柏市大島田2丁目の貸倉庫【224坪】,,千葉県柏市大島田２丁目,,49280,3.00,2.00,,,1.00,,740.50,224,4180,2026/07/06,"2026/07/06 09:49","2026/07/06 11:06",先物(仲介),,ゼクス株式会社,-,"=""047-468-8685""",近有,"・1階一区画
・場所：グーグルマップでは、大島田2丁目18-6（GLP柏Ⅱ）
※定期借家契約：1年5ヵ月",2770922
倉庫,R00176-025971,,,,空,アーカイブ(成約),無,350000,,階,1999年10月,川越市大字木野目の貸倉庫【77坪】,,埼玉県川越市大字木野目1234-1,,,3.00,2.00,,,,499.99,256.72,77.65,4507,2026/07/06,"2026/06/23 09:54","2026/07/06 10:56",先物(仲介),,株式会社OIKAZE,-,"=""049-265-3872""",空有,カーナビ：川越市木野目1234-1,3500016
倉庫,R00176-025948,,,,空,公開可,無,440000,,階,2000年09月,蕨市塚越1丁目の貸倉庫【51坪】,,埼玉県蕨市塚越１丁目11-6,,,,1.00,3.00,,,,170.09,51.45,8552,2026/07/03,"2026/06/16 09:38","2026/07/06 10:05",先物(仲介),,株式会社令和,-,"=""045-883-0101""",空有,"・1-2階部分
※2026/6/16　広告確認中のためマッチングのみ｜(株)令和　令和不動産",3350002
倉庫,R00176-025825,,,,空,アーカイブ(成約),無,660000,,1階,1984年04月,足立区伊興本町2丁目の貸倉庫【69坪】,,東京都足立区伊興本町２丁目10-12,,,3600000,660000,,,1.00,516.00,229.79,69.51,9495,2026/07/06,"2026/05/19 11:35","2026/07/06 09:21",先物(仲介),,株式会社日本環境資源計画,-,"=""03-3220-9779""",空有,,1210807
倉庫,R00176-025738,,,,空,公開可,無,330000,,階,1990年04月,三郷市半田の貸倉庫【65坪】,,埼玉県三郷市半田845-2,,,2.00,2.00,,,1.00,510.31,216.50,65.49,5039,2026/07/03,"2026/04/28 10:34","2026/07/03 15:37",先物(仲介),,（株）ハウストゥエンティーワン,-,"=""048-958-6611""",空有,,3410012
倉庫,R00176-025399,,,,空,公開可,無,300000,,1階,1997年06月,川越市大字府川の貸倉庫【45坪】,,埼玉県川越市大字府川145-3,,3000,2.00,2.00,,,1.00,343.00,150.00,45.37,6612,2026/07/03,"2026/02/09 09:55","2026/07/03 15:32",先物(仲介),,（株）マサキ土地建物,-,"=""049-245-7860""",空有,・1階部分,3500831
倉庫,R00176-025626,,,,空,公開可,無,1980000,,階,1992年01月,上尾市春日2丁目の貸倉庫【384坪】,,埼玉県上尾市春日２丁目12-17,,,,1.00,6.00,,1.00,,1271.60,384.65,5148,2026/07/03,"2026/04/02 09:54","2026/07/03 15:29",先物(仲介),,株式会社ハウスメイトマネジメント,-,"=""03-3590-0566""",空有,,3620074
事務所(建物一括),R00176-026020,,,,空,公開可,無,495000,,階,1992年06月,川越市大字下小坂の貸事務所【131坪】,,埼玉県川越市大字下小坂581-1,,,2.00,2.00,,,1.00,731.40,433.12,131.01,3779,2026/07/03,"2026/07/03 10:40","2026/07/03 13:52",先物(仲介),,株式会社ランドシステム,-,"=""049-224-0006""",,※2026/7/3　広告確認中のためマッチングのみ｜(株)ランドシステム,3500812
店舗事務所(建物一括),R00176-026019,,,,空,公開可,無,935000,,1階,1998年09月,日高市猿田上ノ台の貸店舗・事務所【181坪】,,埼玉県日高市猿田上ノ台1-14,,,8.00,2.00,,,,,599.65,181.39,5155,2026/07/03,"2026/07/03 10:37","2026/07/03 13:35",先物(仲介),,大東建託リーシング（株）狭山店,-,"=""04-2954-5910""",空有,※2026/7/3　広告確認中のためマッチングのみ｜?東建託リーシング（株）狭山店,3501237
倉庫,R00176-025559,,,,空,アーカイブ(成約),無,423500,,階,1988年11月,川口市赤井1丁目の貸倉庫【70坪】,,埼玉県川口市赤井１丁目3-8,,,2.00,1.00,,,1.00,418.24,232.20,70.24,6030,2026/07/03,"2026/03/17 10:12","2026/07/03 13:16",先物(仲介),,（株）斎コーポレーション,-,"=""048-261-6281""",空有,"2026/6/19　住宅に挟まれているため騒音が出る業種不可
申込みあり　2番手は業種による
2026/4/20　大型車不可、2ｔ車ロングも無理
今話が来ており、今日明日中に契約進むか分かる予定",3340073
貸地,R00176-026018,,,,その他,公開可,無,980000,,階,-,久喜市野久喜の貸地【2472坪】,,埼玉県久喜市野久喜756-1,,,3.00,1.00,,,,8175.00,,2472.93,397,2026/07/03,"2026/07/03 10:23","2026/07/03 10:45",先物(仲介),,※広告NG業者※アクシス不動産／（株）アクシス２１,-,"=""048-871-8731""",,"※広告NG業者
・所在地：久喜市野久喜756-1、他12筆
　　　　　古久喜66－1,67,68,69－1,70－1,71－1,72,73,74－1,74－2,75,76－2",3460002
貸地,R00176-025777,,,,更地,アーカイブ(成約),無,330000,,階,-,柏市逆井の貸地【388坪】,,千葉県柏市逆井258,,,1.00,1.00,,,1.00,1285.85,,388.96,849,2026/06/12,"2026/05/08 13:46","2026/07/02 16:24",先物(仲介),,（有）飯島不動産,-,"=""047-362-9546""",,,2770042
貸地,R00176-025115,,,,更地,公開可,無,3000000,,階,-,日高市大字高萩の貸地【5228坪】,,埼玉県日高市大字高萩1370-1,,,3.00,1.00,,,,17283.00,,5228.1,574,2026/07/02,"2025/11/12 09:47","2026/07/02 15:20",先物(仲介),,株式会社アクシス２１,-,"=""048-871-8731""",,"【所在地】日高市大字高萩1370-1　他4筆
※2025/11/12　広告NGのためマッチングのみ｜アクシス不動産",3501213
貸地,R00176-025715,,,,更地,公開可,無,600000,,階,-,久喜市菖蒲町三箇の貸地【527坪】,,埼玉県久喜市菖蒲町三箇6210-2,,,,1.00,4.00,,1.00,1743.00,,527.25,1138,2026/07/02,"2026/04/22 10:19","2026/07/02 15:20",先物(仲介),,株式会社イコム,-,"=""048-799-3200""",,"2026/6/15　申込みあり、二番手可
・所在地：久喜市菖蒲町三箇6210-2、3
・ナビ住所：久喜市菖蒲町三箇6210-2横",3460104
貸地,R00176-025448,,,,その他,公開可,無,966000,,階,-,上尾市大字小敷谷の貸地【805坪】,,埼玉県上尾市大字小敷谷1042,,28980,2.00,1.00,,,1.00,2662.00,,805.25,1200,2026/07/02,"2026/02/17 14:15","2026/07/02 15:18",先物(仲介),,※広告NG業者※アクシス不動産／（株）アクシス２１,-,"=""048-871-8731""",,※広告NGのためマッチングのみ｜(株)アクシス21,3620064
貸地,R00176-024847,,,,更地,公開可,無,300000,,階,-,さいたま市岩槻区大字馬込の貸地【420坪】,,埼玉県さいたま市岩槻区大字馬込270-2,,,3.00,1.00,,,,1389.00,,420.17,714,2026/07/02,"2025/09/17 09:45","2026/07/02 15:11",先物(仲介),,株式会社アクシス２１,-,"=""048-871-8731""",,"【所在地】埼玉県さいたま市岩槻区大字馬込270-2、271-1
※2025/9/17　広告NGのためマッチングのみ｜アクシス不動産",3390077
貸地,R00176-025780,,,,更地,公開可,無,400000,,階,-,さいたま市岩槻区大字真福寺の貸地【502坪】,,埼玉県さいたま市岩槻区大字真福寺1000,,,3.00,1.00,,,,1660.00,,502.15,797,2026/07/02,"2026/05/11 09:45","2026/07/02 15:11",先物(仲介),,※広告NG業者※アクシス不動産／（株）アクシス２１,-,"=""048-871-8731""",,"※マッチングのみ
・場所：グーグルマップでは、城南1丁目4-43の道路挟んで南側
・所在地：さいたま市岩槻区大字真福寺1000、他5筆",3390044
貸地,R00176-025225,,,,更地,公開可,無,400000,,階,-,さいたま市岩槻区大字慈恩寺の貸地【869坪】,,埼玉県さいたま市岩槻区大字慈恩寺912-1,,,3.00,1.00,,,,2875.00,,869.68,460,2026/07/02,"2025/12/12 09:29","2026/07/02 15:10",先物(仲介),,※広告NG業者※アクシス不動産／（株）アクシス２１,-,"=""048-871-8731""",,"所在地：慈恩寺912-1、他3筆
※2025/12/12　広告NGのためマッチングのみ｜アクシス不動産",3390009
貸地,R00176-024856,,,,更地,公開可,無,300000,,階,-,さいたま市岩槻区大字大野島の貸地【425坪】,,埼玉県さいたま市岩槻区大字大野島281-1,,,3.00,1.00,,,,1407.00,,425.61,705,2026/07/02,"2025/09/17 12:03","2026/07/02 15:10",先物(仲介),,株式会社アクシス２１,-,"=""048-871-8731""",,"・所在地/地番：281-1、284-1
※2025/9/17　広告NGのためマッチングのみ｜(株)アクシス21",3390018
貸地,R00176-026014,,,,更地,公開可,無,350000,,階,-,蓮田市西城1丁目の貸地【420坪】,,埼玉県蓮田市西城１丁目12,,,3.00,1.00,,,1.00,1390.00,,420.47,833,2026/07/02,"2026/07/02 11:08","2026/07/02 14:51",先物(仲介),,丸岩産業株式会社,-,"=""048-769-8312""",,,3490145
貸地,R00176-026004,,,,更地,公開可,無,50000,,階,-,所沢市大字下新井の貸地【38坪】,,埼玉県所沢市大字下新井1282-1,,,1.00,1.00,,,1.00,126.00,,38.11,1312,2026/07/01,"2026/07/01 10:07","2026/07/02 12:44",先物(仲介),,株式会社センチュリーダイソー,小林,"=""03-6441-2258""",,"■2026/7/1　掲載依頼物件｜担当：小林さん
・Googleマップ：https://maps.app.goo.gl/cgzSQgx5fqFaCBdQ7",3590031
倉庫,R00176-026006,,,,使用中,公開可,無,1848000,,階,1987年08月,江戸川区下篠崎町の貸倉庫【240坪】,,東京都江戸川区下篠崎町19-22,,,3.00,2.00,,1.00,1.50,656.84,794.38,240.29,7691,2026/07/01,"2026/07/01 10:31","2026/07/02 12:42",先物(仲介),,株式会社田中工業所,-,"=""03-3679-1821""",,,1330064
倉庫,R00176-026003,,,,使用中,公開可,無,2090000,,階,1977年05月,調布市下石原1丁目の貸倉庫【221坪】,,東京都調布市下石原１丁目35-4,,,6.00,1.00,,,,914.48,732.83,221.68,9428,2026/07/01,"2026/07/01 10:06","2026/07/02 12:41",先物(仲介),,ディールエージェント株式会社,石黒,"=""090-9682-3426""",空有,,1820034
倉庫,R00176-025044,,,,空,アーカイブ(成約),無,448800,,階,1992年01月,戸田市美女木5丁目の貸倉庫【51坪】,,埼玉県戸田市美女木５丁目6-11,,4400,3.00,1.00,,,1.00,,168.60,51,8800,2026/07/02,"2025/10/24 11:43","2026/07/02 11:58",先物(仲介),,有限会社不動産勝栄,-,"=""048-446-2800""",近有,,3350031
倉庫,R00176-024450,,,,空,アーカイブ(成約),無,330000,,階,1990年09月,八王子市川町の貸倉庫【39坪】,,東京都八王子市川町617,,,,1.00,3.00,,1.00,,131.52,39.78,8295,2026/07/02,"2025/06/11 10:58","2026/07/02 09:49",先物(仲介),,（株）エスエストラスト,-,"=""042-644-6680""",空有,,1930821
倉庫,R00176-025946,,,,居住中,アーカイブ(成約),無,440000,,階,1974年12月,墨田区緑4丁目の貸倉庫【48坪】,,東京都墨田区緑４丁目33-5,,,4.00,1.00,,,1.00,193.02,161.25,48.77,9021,2026/07/02,"2026/06/15 11:00","2026/07/02 09:39",先物(仲介),,リノアエステート（株）,-,"=""03-6303-3006""",無,"※2026/6/19　レインズ広告可物件｜リノアエステート（株）
　　　　　　　担当：田中様｜090-6484-8220",1300021
倉庫,R00176-025756,,,,空,公開可,無,715000,,階,1984年05月,墨田区東墨田1丁目の貸倉庫【62坪】,,東京都墨田区東墨田１丁目5-2,,,4.00,1.00,,,1.00,200.58,205.70,62.22,11491,2026/07/24,"2026/05/01 14:34","2026/07/02 09:31",自社,代理,株式会社センチュリーダイソー　埼玉支店,祷,"=""048-290-0776""",空有,"■2026/6/5　エンド向けのみ公開
　※客付け決まれば同時サブ予定
■非公開物件：祷さんサブ候補",1310042
倉庫,R00176-025645,,,,空,公開可,無,350000,,階,1986年01月,深谷市小前田の貸倉庫【68坪】,,埼玉県深谷市小前田2809-1,,,3.00,1.00,,,,3522.00,226.92,68.64,5099,2026/07/01,"2026/04/07 11:02","2026/07/01 15:44",先物(仲介),,（株）ネクストステージ　,-,"=""0495-71-5422""",空有,,3691246
倉庫,R00176-025089,,,,,保留,無,1034986,,階,1969年03月,比企郡吉見町大字田甲の貸倉庫【294坪】,,埼玉県比企郡吉見町大字田甲307-1,,,2.00,,,,1.00,,971.99,294.02,3521,2026/07/01,"2025/11/05 10:57","2026/07/01 15:42",先物(仲介),,株式会社　奥井組,-,"=""04-2931-1092""",,※非公開物件：祷さん　サブ候補,3550167
貸地,R00176-024224,,,,更地,公開可,無,470000,,階,-,春日部市永沼の貸地【707坪】,,埼玉県春日部市永沼530-3,,,3.00,1.00,,,,2339.00,,707.54,665,2026/07/01,"2025/04/23 10:15","2026/07/01 15:30",先物(仲介),,※広告NG業者※アクシス不動産／（株）アクシス２１,-,"=""048-871-8731""",,"・枝番：530-3、531-2、532-1
※2025/4/23　広告NGのためマッチングのみ｜アクシス不動産",3440123
貸地,R00176-024202,,,,古家付,公開可,無,1430000,,階,-,熊谷市西野の貸地【1347坪】,,埼玉県熊谷市西野51,,,3900000,1300000,,,1.10,4456.10,,1347.97,1061,2026/07/01,"2025/04/18 11:00","2026/07/01 15:27",先物(仲介),,（株）ライブズ,-,"=""048-501-7618""",,,3600216
倉庫,R00176-026005,,,,空,公開可,無,3076574,,階,1987年12月,入間郡三芳町大字上富の貸倉庫【621坪】,,埼玉県入間郡三芳町大字上富1822-4,,,3.00,1.00,,,,,2054.64,621.52,4951,2026/07/01,"2026/07/01 10:27","2026/07/01 12:08",先物(仲介),,ディールエージェント株式会社,-,"=""090-9682-3426""",,"■R00176-022693の部分貸し（倉庫1F：543.10坪／事務所1F：78.43坪）
■1棟貸し：R00176-022693",3540045
倉庫,R00176-025992,,,,空,保留,無,,,階,1992年06月,新座市馬場2丁目の貸倉庫【426坪】,,埼玉県新座市馬場２丁目7-4,,,4.00,1.00,,,,1191.45,1410.00,426.52,,2026/06/29,"2026/06/29 18:15","2026/07/01 11:40",自社,一般媒介,株式会社センチュリーダイソー　埼玉支店,-,"=""048-290-0776""",空有,非公開物件：祷さんサブ候補,3520016
店舗(建物一括),R00176-025098,,,,空,アーカイブ(成約),無,550000,,階,1994年02月,江東区北砂4丁目の貸店舗【102坪】,,東京都江東区北砂４丁目34-14,,,,2.00,6.00,,,,340.29,102.93,5344,2026/06/11,"2025/11/07 10:45","2026/06/30 17:15",先物(仲介),,（株）Nスペース,-,"=""03-3849-7590""",無,"2026/04/24　物確→募集中、2件申込あり。※前テナントは新聞社で使用しており、状況がボロボロなので使用するにあたって内装費などかなりかかる可能性が高いのではないかとのことでした
2026/02/05　A宮本さんより。物確→申込有",1360073
貸地,R00176-025638,,,,更地,アーカイブ(成約),無,320000,,階,-,さいたま市岩槻区大字大野島の貸地【372坪】,,埼玉県さいたま市岩槻区大字大野島308,,,1.00,1.00,,,1.00,1231.00,,372.37,860,2026/06/24,"2026/04/07 09:39","2026/06/30 16:27",先物(仲介),,株式会社仁,-,"=""048-797-9517""",,"2026/6/30　山崎さん契約
2026/6/24　申込みあり　一旦募集止め
2026/4/20　大型車・トレーラーの出入り可能
※2026/4/7　at-home広告可物件｜(株)仁",3390018
事務所(建物一括),R00176-025706,,,,空,アーカイブ(成約),無,385000,,階,1996年03月,仙台第3倉庫／事務所【31坪】,,宮城県仙台市宮城野区苦竹２丁目7-20,,,4.00,1.00,,,1.00,,105.00,31.76,12122,2026/04/20,"2026/04/20 16:05","2026/06/30 14:05",自社,代理,株式会社センチュリーダイソー,祷,"=""048-290-0776""",空有,"■仙台第3倉庫／事務所部分｜担当：祷（埼玉支店）
■仙台第3倉庫｜R00176-025212｜賃料1,650,000円",9830036
倉庫,R00176-025212,,,,空,アーカイブ(成約),無,1650000,,階,1996年03月,仙台第3倉庫【223坪】,,宮城県仙台市宮城野区苦竹２丁目7-20,,,4.00,1.00,,,1.00,,737.54,223.1,7396,2026/06/30,"2025/12/09 10:33","2026/06/30 14:05",自社,代理,株式会社センチュリーダイソー,祷,"=""048-290-0776""",空有,"■2026/6/30　成約済
■仙台第3倉庫｜担当：祷（埼玉支店）
■仙台第3倉庫／事務所部分｜R00176-025706｜賃料385,000円

2026/06　祷さん契約予定",9830036
事務所(建物一括),R00176-025923,,,,空,アーカイブ(成約),無,491700,,階,1985年01月,大田区南久が原2丁目の貸事務所【50坪】,,東京都大田区南久が原２丁目19-30,,,,1.10,3.00,,1.00,,167.04,50.52,9731,2026/06/09,"2026/06/09 11:10","2026/06/29 16:42",先物(仲介),,（株）ミルフォード・リアルエステート大井町駅前店,-,"=""03-5746-2525""",空有,,1460084
貸地,R00176-025864,,,,更地,公開可,無,300000,,階,-,横浜市緑区長津田町の貸地【188坪】,,神奈川県横浜市緑区長津田町4996,,,3.00,1.00,,,1.00,623.00,,188.45,1592,2026/07/13,"2026/05/28 10:30","2026/06/29 16:37",先物(仲介),,(株)セルフドア,-,"=""0467-84-6678""",,"・Googleマップ｜https://maps.app.goo.gl/tx3woGAJRkfwcQSW7
※2026/5/28　at-home転載可物件｜(株)セルフドア",2260026
倉庫,R00176-025263,,,,,アーカイブ(成約),無,385000,,階,2018年03月,入間郡三芳町大字上富の貸倉庫【52坪】,,埼玉県入間郡三芳町大字上富522-8,,,3.00,1.00,,,,428.16,174.96,52.92,7275,2026/06/29,"2026/01/05 10:36","2026/06/29 13:41",先物(仲介),,株式会社トラスト,-,"=""03-5832-9959""",空有,※2026/1/5　レインズ広告可物件｜(株)トラスト,3540045
倉庫,R00176-025644,,,,空,アーカイブ(成約),無,500000,,1階,1982年03月,千葉市中央区都町5丁目の貸倉庫【147坪】,,千葉県千葉市中央区都町５丁目23-46,,,3.00,1.00,,,1.00,,489.00,147.92,3381,2026/06/29,"2026/04/07 11:00","2026/06/29 13:39",先物(仲介),,日本ランドネットワーク（株）,-,"=""043-420-8888""",空有,,2600001
倉庫,R00176-025266,,,,空,アーカイブ(成約),無,638000,,1階,1972年10月,柏市藤ケ谷の貸倉庫【110坪】,,千葉県柏市藤ケ谷1787-24,,,,1.00,6.00,,1.00,2048.13,365.50,110.56,5771,2026/06/29,"2026/01/06 10:11","2026/06/29 13:31",先物(仲介),,グローバルエステート（株）,-,"=""03-5876-4382""",空有,"・B
※2026/1/6　at-home転載可物件｜グローバルエステート(株)",2770931
倉庫,R00176-025808,,,,使用中,アーカイブ(成約),無,572000,,階,2001年12月,東村山市廻田町4丁目の貸倉庫【151坪】,,東京都東村山市廻田町４丁目8-20,,,3.00,1.00,,,1.00,329.76,500.00,151.25,3782,2026/05/15,"2026/05/15 10:36","2026/06/26 17:49",先物(仲介),,有限会社　佐久間不動産,-,"=""03-3203-3540""",,,1890025
貸地,R00176-023919,,,,その他,公開可,無,240000,,階,-,坂戸市大字今西の貸地【498坪】,,埼玉県坂戸市大字今西142,,,2.00,1.00,,,1.00,1649.47,,498.96,481,2026/06/26,"2025/02/18 11:07","2026/06/26 17:19",先物(仲介),,ファインエステート株式会社,-,"=""049-288-1101""",,,3500267
倉庫,R00176-025982,,,,空,公開可,無,490600,,1階,1977年01月,調布市佐須町2丁目の貸倉庫【44坪】,,東京都調布市佐須町２丁目2-6,,,3.00,1.00,,,1.00,,147.40,44.58,11003,2026/06/26,"2026/06/26 09:40","2026/06/26 10:39",先物(仲介),,株式会社調布みつぎ不動産研究所,-,"=""042-481-1211""",,"・1階1区画貸し
※2026/6/26　マイソクより自社HPのみ広告可物件｜(株)調布みつぎ不動産研究所",1820016
店舗事務所(建物一括),R00176-025680,,,,使用中,アーカイブ(成約),無,528000,,1階,1990年09月,八王子市元八王子町1丁目の貸店舗・事務所【100坪】,,東京都八王子市元八王子町１丁目494,,,6.00,1.00,,,1.00,,330.65,100.02,5279,2026/05/01,"2026/04/14 11:46","2026/06/25 17:52",先物(仲介),,有限会社　アクト,-,"=""03-5818-7177""",空有,※検済みなしのため用途変更は難しい,1930826
事務所(建物一括),R00176-025841,,,,空,アーカイブ(成約),無,1760000,,階,1998年04月,八王子市南大沢2丁目の貸事務所【237坪】,,東京都八王子市南大沢２丁目211,,,,2.00,6.00,,1.00,1441.00,785.67,237.66,7406,2026/05/22,"2026/05/22 11:05","2026/06/25 17:50",先物(仲介),,エムドラド（株）,-,"=""045-442-7409""",空有,"※2026/5/22　広告NGのためマッチングのみ｜エムドラド（株）
・お問合せは担当者携帯へ→松山様：080-1257-7150",1920364
倉庫,R00176-025376,,,,使用中,アーカイブ(成約),無,1490800,,3階,1989年10月,江戸川区臨海町4丁目の貸倉庫【193坪】,,東京都江戸川区臨海町４丁目2-2,,,,1.00,4.00,,,,640.00,193.6,7701,2026/05/12,"2026/02/03 11:24","2026/06/25 17:45",先物(仲介),,（株）タープ不動産,-,"=""03-5844-6300""",,・3階部分,1340086
貸地,R00176-025607,,,,更地,公開可,無,360000,,階,-,横浜市神奈川区羽沢町の貸地【108坪】,,神奈川県横浜市神奈川区羽沢町1052,,20000,3.00,1.00,,,1.00,359.88,,108.86,3307,2026/07/13,"2026/03/27 09:31","2026/06/25 17:42",先物(仲介),,（株）総合店舗開発,-,"=""045-326-2736""",,・F②区画,2210863
貸地,R00176-025606,,,,更地,公開可,無,300000,,階,-,横浜市神奈川区羽沢町の貸地【110坪】,,神奈川県横浜市神奈川区羽沢町1052,,20000,3.00,1.00,,,1.00,365.72,,110.63,2712,2026/07/13,"2026/03/27 09:21","2026/06/25 17:42",先物(仲介),,（株）総合店舗開発,-,"=""045-326-2736""",,・F①区画,2210863
貸地,R00176-024140,,,,更地,アーカイブ(成約),無,381700,,階,-,横浜市都筑区池辺町の貸地【115坪】,,神奈川県横浜市都筑区池辺町4816-1,,,3.00,2.00,,,,383.00,,115.85,3295,2026/06/02,"2025/04/08 10:31","2026/06/25 17:40",先物(仲介),,青木ハウジング株式会社,-,"=""045-933-2131""",,・駐車場利用のみ,2240053
倉庫,R00176-025499,,,,空,アーカイブ(成約),無,450000,,階,1987年11月,相模原市中央区東淵野辺2丁目の貸倉庫【69坪】,,神奈川県相模原市中央区東淵野辺２丁目10-2,,,6.00,2.00,,,1.00,198.35,230.40,69.69,6457,2026/06/04,"2026/03/03 11:05","2026/06/25 17:35",先物(仲介),,まるごと不動産,-,"=""0120-30-5102""",,2026.6.4確認：申込あり、２番手可能,2520203
工場,R00176-024932,,,,空,アーカイブ(成約),無,770000,,階,1965年01月,葛飾区東四つ木4丁目の貸工場【108坪】,,東京都葛飾区東四つ木４丁目30-11,,,5.00,1.00,,,,,360.00,108.9,7071,2026/05/25,"2025/10/07 11:42","2026/06/25 17:35",先物(仲介),,イトウ不動産,-,"=""03-6666-6756""",無,※2026/2/20　at-home転載可物件｜イトウ不動産,1240014
倉庫,R00176-025636,,,,空,アーカイブ(成約),無,715000,,1階,1983年01月,横浜市金沢区福浦2丁目の貸倉庫【108坪】,,神奈川県横浜市金沢区福浦２丁目11-2,,,3.00,1.00,,,1.00,,359.96,108.88,6567,2026/06/02,"2026/04/06 09:40","2026/06/25 17:34",先物(仲介),,株式会社コジョソコ,-,"=""045-530-9890""",空有,・1階部分,2360004
工場,R00176-025888,,,,空,アーカイブ(成約),無,550000,,階,1970年01月,平塚市田村1丁目の貸工場【171坪】,,神奈川県平塚市田村１丁目7-17,,,,1.00,6.00,,1.00,,565.55,171.07,3215,2026/06/02,"2026/06/02 10:06","2026/06/25 17:29",先物(仲介),,アンゼン（株）,-,"=""03-5544-9623""",空有,※2026/6/2　マイソク広告可物件｜アンゼン（株）,2540013
倉庫,R00176-025774,,,,使用中,アーカイブ(成約),無,750000,,階,1990年07月,厚木市下川入の貸倉庫【163坪】,,神奈川県厚木市下川入201-1,,,3.00,1.00,,,1.00,,540.00,163.35,4592,2026/05/28,"2026/05/08 13:13","2026/06/25 17:21",先物(仲介),,（株）モリット,-,"=""042-780-8005""",空有,,2430206
店舗事務所(建物一括),R00176-025860,,,,使用中,アーカイブ(成約),無,854500,,1階,1982年04月,藤沢市石川の貸店舗・事務所【51坪】,,神奈川県藤沢市石川635-8,,,6.00,1.00,,1.00,1.00,450.00,171.21,51.79,16499,2026/05/29,"2026/05/28 09:28","2026/06/25 17:19",先物(仲介),,（株）コタニ興業,-,"=""045-593-3721""",空有,,2520815
貸地,R00176-024971,,,,更地,公開可,無,306000,,階,-,三郷市笹塚の貸地【452坪】,,埼玉県三郷市笹塚120,,,1.00,1.00,,,1.50,1497.00,,452.84,676,2026/06/25,"2025/10/15 09:40","2026/06/25 16:54",先物(仲介),,（株）ハウストゥエンティーワン,-,"=""048-958-6611""",,,3410027
貸地,R00176-025082,,,,更地,公開可,無,500000,,階,-,越谷市大字増林の貸地【603坪】,,埼玉県越谷市大字増林6056,,,1.00,1.00,,,1.50,1996.00,,603.79,829,2026/06/25,"2025/11/05 09:35","2026/06/25 16:53",先物(仲介),,（株）ハウストゥエンティーワン,-,"=""048-958-6611""",,"2026/6/25　使えるまでに1年半くらいかかる
所在地：増林6056、6057",3430011
倉庫,R00176-025381,,,,空,アーカイブ(成約),無,770000,,階,2026年03月,板橋区高島平9丁目の貸倉庫【56坪】,,東京都板橋区高島平９丁目17,,,,1.00,3.00,,1.00,,186.19,56.32,13672,2026/05/19,"2026/02/05 10:51","2026/06/25 16:39",先物(仲介),,荒井商事　株式会社,-,"=""03-3934-3121""",空有,,1750082
貸地,R00176-025851,,,,更地,アーカイブ(成約),無,410000,,階,-,三郷市彦川戸2丁目の貸地【484坪】,,埼玉県三郷市彦川戸２丁目109,,,2.00,2.00,,,1.00,1600.00,,484,848,2026/06/25,"2026/05/26 10:22","2026/06/25 16:38",先物(仲介),,（株）ハウストゥエンティーワン,-,"=""048-958-6611""",,,3410005
倉庫,R00176-025880,,,,使用中,アーカイブ(成約),無,660000,,階,-,荒川区東日暮里2丁目の貸倉庫【60坪】,,東京都荒川区東日暮里２丁目43-1,,,,1.00,6.00,,1.00,,200.00,60.5,10910,2026/05/29,"2026/05/29 11:24","2026/06/25 16:01",先物(仲介),,東京興発（株）,-,"=""03-5816-1511""",,・1-2階部分,1160014
店舗事務所(建物一部),R00176-024728,,,,空,アーカイブ(成約),無,600600,,1階,1987年11月,世田谷区成城9丁目の貸店舗・事務所【43坪】,,東京都世田谷区成城９丁目30-12,,60060,,,3.00,,1.00,,144.21,43.62,13768,2026/05/28,"2025/08/20 10:32","2026/06/25 15:51",先物(仲介),,（株）フジホーム,-,"=""050-1721-8463""",,"・106号室
※2026/3/31　at-home広告可物件｜(株)フジホーム",1570066
倉庫,R00176-025357,,,,空,アーカイブ(成約),無,1210000,,階,2003年05月,鴻巣市人形1丁目の貸倉庫【203坪】,,埼玉県鴻巣市人形１丁目4-23,,,6.00,1.00,,,,1859.29,672.10,203.31,5952,2026/06/18,"2026/01/29 10:20","2026/06/25 15:11",先物(仲介),,オオタREドック株式会社,-,"=""050-3746-3171""",空有,2026/06　A多久島さん契約予定,3650037
貸地,R00176-024699,,,,更地,公開可,無,594000,,階,-,新座市野火止3丁目の貸地【670坪】,,埼玉県新座市野火止３丁目3,,,2.00,2.00,,,,2217.60,,670.82,886,2026/06/25,"2025/08/08 10:48","2026/06/25 14:16",先物(仲介),,株式会社リゾン新座支店,-,"=""048-483-2111""",,・?括貸地（分割原則不可）,3520011
貸地,R00176-025581,,,,更地,公開可,無,500000,,階,-,加須市南篠崎の貸地【998坪】,,埼玉県加須市南篠崎672-3,,,3.00,1.00,,,,3300.00,,998.25,501,2026/06/25,"2026/03/23 10:01","2026/06/25 12:19",先物(仲介),,有限会社シティネット二十一,-,"=""0480-61-2086""",,,3470017
貸地,R00176-025172,,,,古家付,アーカイブ(成約),無,1100000,,階,-,日高市大字森戸新田の貸地【1174坪】,,埼玉県日高市大字森戸新田46,,,2.00,1.00,,,1.00,3884.21,,1174.97,937,2026/06/25,"2025/12/01 09:37","2026/06/25 12:13",先物(仲介),,株式会社ヤマト地所,-,"=""04-2952-1558""",,"2026/6/25　ATBB掲載ありだが、募集終了
2025/12/11　大型車・トレーラー不可ではないが、そんなに広い間口ではないので、実際現地で確認してほしい
2025/12/1資材置場・外国籍の方NG（以前トラブルあったため）
【所在地】埼玉県日高市大字森戸新田46,47-4,47-3,47-1,53-4,53-1",3501211
貸地,R00176-025148,,,,更地,公開可,無,821600,,階,-,坂戸市大字片柳の貸地【1267坪】,,埼玉県坂戸市大字片柳411-1,,,6.00,1.00,,,1.00,4189.00,,1267.17,649,2026/06/25,"2025/11/21 10:11","2026/06/25 12:08",先物(仲介),,坂戸不動産株式会社,-,"=""049-281-2323""",,・所在地：片柳411-1　他4筆,3500219
貸地,R00176-024840,,,,更地,公開可,無,598000,,階,-,北葛飾郡杉戸町大字遠野の貸地【1266坪】,,埼玉県北葛飾郡杉戸町大字遠野317-1,,,1.00,1.00,,,1.00,4184.00,,1265.66,473,2026/06/25,"2025/09/12 09:12","2026/06/25 12:07",先物(仲介),,（株）埼玉土地,-,"=""0480-32-0272""",,"住所：埼玉県北葛飾郡杉戸町大字遠野317-1他
※2025/12/22　広告確認中のためマッチングのみ｜(株)埼玉土地",3450031
貸地,R00176-025640,,,,,公開可,無,886600,,階,-,朝霞市上内間木の貸地【620坪】,,埼玉県朝霞市大字上内間木133-1,,,2.00,1.00,,,,2050.00,,620.12,1430,2026/06/25,"2026/04/07 10:00","2026/06/25 12:06",先物(仲介),,株式会社ココ・エステート,-,"=""048-452-7722""",,・所在地：朝霞市大字上内間木133番1，134，144番1，145番,3510001
貸地,R00176-025213,,,,更地,公開可,無,960000,,階,-,南埼玉郡宮代町川端4丁目の貸地【598坪】,,埼玉県南埼玉郡宮代町川端４丁目565-1,,,,1.00,6.00,,,1977.14,,598.08,1606,2026/06/25,"2025/12/09 10:35","2026/06/25 11:56",先物(仲介),,株式会社ハウスウォッチ,-,"=""04-2938-5200""",,地番：埼玉県南埼玉郡宮代町川端４丁目565-1、他,3450804
貸地,R00176-025565,,,,更地,公開可,無,851400,,階,-,三郷市仁蔵の貸地【774坪】,,埼玉県三郷市仁蔵,,,2.00,1.00,,,,2558.67,,773.99,1101,2026/06/25,"2026/03/17 11:17","2026/06/25 11:53",先物(仲介),,"株式会社 INTER LIVING",-,"=""03-6908-0880""",,"【グーグルマップ住所】https://maps.app.goo.gl/7wmdTNshM9aVngNw7
※元付確認住所は埼玉県三郷市仁蔵 345だが、写真と相違。
　上記URLは写真と同一の場所です。",3410023
貸地,R00176-025873,,,,更地,公開可,無,782500,,階,-,朝霞市大字台の貸地【372坪】,,埼玉県朝霞市大字台,,,2.00,2.00,,,,1231.78,,372.61,2101,2026/06/25,"2026/05/29 10:05","2026/06/25 11:39",先物(仲介),,カインドネス（株）,-,"=""048-465-2222""",,"・所在地：朝霞市大字台5街区10画他（仮換地）
※2026/5/29　レインズ広告可物件｜カインドネス（株）",3510003
貸地,R00176-025820,,,,更地,アーカイブ(成約),無,300000,,階,-,草加市柿木町の貸地【266坪】,,埼玉県草加市柿木町1220-2,,,2.00,2.00,,,1.00,882.00,,266.8,1125,2026/06/25,"2026/05/19 10:28","2026/06/25 11:03",先物(仲介),,大恵不動産株式会社,-,"=""048-927-4020""",,2026/6/25　現在管理していない（レインズには掲載あり）,3400001
倉庫,R00176-025791,,,,空,保留,無,297000,,1階,2026年04月,柏市塚崎の貸倉庫【11坪】,,千葉県柏市塚崎28-1,,,1.00,1.00,,,,430.12,39.38,11.91,24932,2026/06/25,"2026/05/12 11:08","2026/06/25 09:32",先物(仲介),,(有)稲葉商事,-,"=""047-385-6261""",空有,"※2026/6/25　賃料30万以下になったため公開保留
・Googleマップ：https://maps.app.goo.gl/oo2K91RckUobyXEL9",2770923
工場,R00176-025795,,,,居住中,アーカイブ(成約),無,4730000,,1階,1972年05月,大田区東糀谷6丁目の貸工場【689坪】,,東京都大田区東糀谷６丁目2-11,,,6.00,1.00,,,,,2277.69,689,6866,2026/05/12,"2026/05/12 11:46","2026/06/24 17:52",先物(仲介),,（株）調和社,-,"=""03-3722-3355""",空有,・1階部分,1440033
倉庫,R00176-024482,,,,空,アーカイブ(成約),無,360000,,1階,1960年01月,品川区豊町1丁目の貸倉庫【35坪】,,東京都品川区豊町１丁目8-8,,,3.00,1.00,,,1.00,,115.60,34.96,10295,2026/05/28,"2025/06/17 13:18","2026/06/24 17:39",先物(仲介),,大光ハウジング,-,"=""03-3783-5800""",,・1階部分,1420042
倉庫,R00176-025395,,,,空,アーカイブ(成約),無,2645500,,地下1階,1990年03月,品川区勝島1丁目の貸倉庫【188坪】,,東京都品川区勝島１丁目2-1,,,6.00,1.00,,,,,624.20,188.82,14011,2026/05/28,"2026/02/06 10:33","2026/06/24 17:36",先物(仲介),,Ｊ・Ｔ・Ｓ株式会社,-,"=""042-516-8231""",,"貸主：寺田倉庫
・地下1階部分（倉庫7）",1400012
倉庫,R00176-025394,,,,空,アーカイブ(成約),無,1204060,,地下1階,1990年03月,品川区勝島1丁目の貸倉庫【84坪】,,東京都品川区勝島１丁目2-1,,,6.00,1.00,,,,,278.40,84.21,14298,2026/05/28,"2026/02/06 10:25","2026/06/24 17:35",先物(仲介),,Ｊ・Ｔ・Ｓ株式会社,-,"=""042-516-8231""",,・地下1階部分（倉庫8）,1400012
倉庫,R00176-023253,,,,空,アーカイブ(成約),無,440000,,4階,1989年03月,江東区平野3丁目の貸倉庫【44坪】,,東京都江東区平野３丁目3-7,,,3.00,1.00,,,,,146.20,44.22,9950,2026/05/28,"2024/10/02 10:56","2026/06/24 17:34",先物(仲介),,（株）東京ＰＭ不動産,-,"=""050-3187-6371""",,・4階部分,1350023
倉庫,R00176-023988,,,,空,アーカイブ(成約),無,1763091,,階,1964年01月,江東区枝川2丁目の貸倉庫【330坪】,,東京都江東区枝川２丁目19-1,,,,1.00,6.00,,,,1091.27,330.1,5341,2026/05/26,"2025/03/04 13:16","2026/06/24 17:31",先物(仲介),,イーソーコ株式会社,-,"=""03-5439-9401""",空有,"2025.6.19　共有の垂直搬送機。人は階段のみ。10ｔ搬入バースに一時的であれば可。駐車4ｔまで。

・3-6階部分
2025/05/28　3階成約、4-6募集中
2026/05/26　6階成約、4-5階募集中",1350051
倉庫,R00176-025512,,,,使用中,アーカイブ(成約),無,308000,,1階,1995年09月,墨田区向島3丁目の貸倉庫【18坪】,,東京都墨田区向島３丁目13-13,,16500,5.00,2.00,,,1.00,,60.48,18.29,16836,2026/05/07,"2026/03/05 10:54","2026/06/24 17:28",先物(仲介),,日の丸不動産（株）,-,"=""03-3610-0101""",空有,・1階部分,1310033
貸地,R00176-025689,,,,更地,アーカイブ(成約),無,858000,,階,-,三郷市仁蔵の貸地【779坪】,,埼玉県三郷市仁蔵184,,,2.00,1.00,,,,2578.00,,779.84,1101,2026/06/24,"2026/04/16 09:35","2026/06/24 16:18",先物(仲介),,（有）早稲田コーポレーション,-,"=""048-959-0918""",,※2026/4/16　広告確認中のためマッチングのみ｜(有)早稲田コーポレーション,3410023
貸地,R00176-024886,,,,その他,公開可,無,1212200,,階,-,所沢市大字下富の貸地【1738坪】,,埼玉県所沢市大字下富1009,,,,1.00,3.00,,1.00,5747.00,,1738.46,698,2026/06/24,"2025/09/25 09:18","2026/06/24 16:09",先物(仲介),,株式会社豊徳,-,"=""03-3964-0861""",,"所在地：埼玉県所沢市大字下富1009-4、1009-5、1008-4
",3590001
貸地,R00176-023098,,,,更地,アーカイブ(成約),無,520000,,階,-,越谷市大成町2丁目の貸地【614坪】,,埼玉県越谷市大成町２丁目128-1,,,2.00,1.00,,,1.00,2031.32,,614.47,847,2026/06/24,"2024/09/03 10:33","2026/06/24 16:03",先物(仲介),,株式会社コヤマエステート,-,"=""048-932-6320""",,"2025/9/26　大型車は不可
【所在地】越谷市大成町2丁目128-1、128-2
※2024/9/3　広告確認中のためマッチング｜(株)コヤマエステート",3430825
貸地,R00176-025798,,,,更地,公開可,無,772116,,階,-,狭山市大字青柳の貸地【1286坪】,,埼玉県狭山市大字青柳1658-1,,,3.00,1.00,,,1.10,4254.00,,1286.83,601,2026/06/24,"2026/05/13 09:53","2026/06/24 15:59",先物(仲介),,株式会社ランド,-,"=""049-238-1321""",,,3501301
貸地,R00176-024451,,,,更地,アーカイブ(成約),無,300000,,階,-,所沢市北原町の貸地【474坪】,,埼玉県所沢市北原町2108,,,2.00,1.00,,,1.00,1569.30,,474.71,632,2026/06/24,"2025/06/11 11:13","2026/06/24 15:57",先物(仲介),,株式会社クリアマインド,-,"=""048-945-5470""",,※20256/4/1　広告確認中のためマッチングのみ｜(株)クリアマインド,3590004
貸地,R00176-024022,,,,更地,公開可,無,200000,,階,-,さいたま市西区大字宝来の貸地【103坪】,,埼玉県さいたま市西区大字宝来614-1,,,,1.00,3.00,,,341.76,,103.38,1935,2026/06/24,"2025/03/12 09:39","2026/06/24 15:49",先物(仲介),,（株）エフアール,-,"=""048-642-0555""",,2025/09/26　一般住宅の建築は不可,3310074
貸地,R00176-025660,,,,更地,保留,無,418000,,階,-,さいたま市緑区大字間宮の貸地【259坪】,,埼玉県さいたま市緑区大字間宮649-1,,,4.00,1.00,,,,859.00,,259.84,1609,2026/06/24,"2026/04/10 09:12","2026/06/24 15:38",先物(仲介),,共同流通株式会社,-,"=""049-247-4311""",,,3360965
貸地,R00176-025197,,,,更地,アーカイブ(成約),無,500000,,階,-,野田市木間ケ瀬の貸地【525坪】,,千葉県野田市木間ケ瀬4642,,,1.00,1.00,,,1.00,1738.00,,525.74,952,2026/06/24,"2025/12/05 11:07","2026/06/24 14:06",先物(仲介),,株式会社サンペイ,-,"=""048-953-9283""",,,2700222
倉庫,R00176-025576,,,,使用中,アーカイブ(成約),無,385000,,1階,2016年08月,新宿区西落合1丁目の貸倉庫【26坪】,,東京都新宿区西落合１丁目15-16,,,,385000,1400000,,1.00,,89.00,26.92,14301,2026/05/21,"2026/03/19 10:22","2026/06/24 13:31",先物(仲介),,イワセ産興（株）阿佐ヶ谷駅前支店,-,"=""03-3393-7755""",,,1610031
貸地,R00176-025657,,,,更地,アーカイブ(成約),無,700000,,階,-,西多摩郡瑞穂町大字長岡長谷部の貸地【706坪】,,東京都西多摩郡瑞穂町大字長岡長谷部146-1,,,3.00,1.00,,,,2334.47,,706.17,992,2026/05/19,"2026/04/09 10:48","2026/06/24 13:15",先物(仲介),,羽加美不動産（株）,-,"=""042-554-0664""",,"所在地：長岡長谷部146-1、147-1
※2026/4/9　at-home転載可物件｜?加美不動産（株）",1901231
貸地,R00176-024589,,,,更地,公開可,無,310000,,階,-,日高市大字馬引沢の貸地【366坪】,カシチ,埼玉県日高市大字馬引沢221-1,,,3.00,1.00,,,1.00,1212.48,,366.77,846,2026/06/24,"2025/07/15 10:47","2026/06/24 11:45",先物(仲介),,東邦コミュニティサービス株式会社,-,"=""048-480-3411""",,"※2025/7/15　Web掲載不可のためマッチングのみ｜東邦コミュニティサービス（株）
【住所】日高市大字馬引沢字竹ノ下221-1　他筆",3501225
倉庫,R00176-025980,,,,使用中,公開可,無,7119090,,2階,1991年10月,習志野市茜浜3丁目の貸倉庫【1321坪】,,千葉県習志野市茜浜３丁目7-4,,,3.00,1.00,,,,5619.00,4370.24,1321.99,5386,2026/07/09,"2026/06/24 09:37","2026/06/24 10:28",先物(仲介),,イーソーコ株式会社,-,"=""03-5439-9401""",空有,・2、4階部分（2フロア）,2750024
倉庫,R00176-025979,,,,使用中,公開可,無,3462690,,2階,1991年10月,習志野市茜浜3丁目の貸倉庫【629坪】,,千葉県習志野市茜浜３丁目7-4,,,3.00,1.00,,,,5619.00,2081.25,629.57,5501,2026/07/09,"2026/06/24 09:37","2026/06/24 10:23",先物(仲介),,イーソーコ株式会社,-,"=""03-5439-9401""",空有,・2階部分,2750024
倉庫,R00176-025183,,,,空,アーカイブ(成約),無,462000,,1階,1996年05月,墨田区向島5丁目の貸倉庫【27坪】,,東京都墨田区向島５丁目37-1,,,3.00,,,,1.00,,91.17,27.57,16752,2026/06/24,"2025/12/02 11:26","2026/06/24 10:14",先物(仲介),,日の丸不動産（株）,-,"=""03-3610-0101""",空有,2026/06　山崎さん契約,1310033
貸地,R00176-025327,,,,更地,公開可,無,1787500,,階,-,入間郡三芳町大字上富の貸地【1625坪】,,埼玉県入間郡三芳町大字上富748,,,3.00,1.00,,,,5372.00,,1625.03,1100,2026/06/23,"2026/01/21 10:22","2026/06/23 17:55",先物(仲介),,株式会社谷澤総合コンサルタント,-,"=""049-262-8003""",,【所在地】埼玉県入間郡三芳町大字上富字南止748,3540045
貸地,R00176-025427,,,,更地,公開可,無,465000,,階,-,新座市石神1丁目の貸地【423坪】,,埼玉県新座市石神１丁目1773-1,,,3.00,1.00,,,1.10,1399.00,,423.19,1099,2026/06/23,"2026/02/13 13:13","2026/06/23 17:45",先物(仲介),,（株）新倉不動産　,-,"=""04-2944-7888""",,※Googleマップ：https://maps.app.goo.gl/SokbWojqqz42gTi66,3520033
貸地,R00176-025849,,,,更地,公開可,無,800000,,階,-,三郷市上彦名の貸地【592坪】,,埼玉県三郷市上彦名517-1,,,3.00,1.00,,,1.00,1958.00,,592.29,1351,2026/06/23,"2026/05/26 09:45","2026/06/23 17:42",先物(仲介),,飯田観光開発株式会社,-,"=""048-982-0445""",,・所在地：三郷市上彦名字新田堀外517番1、518番1,3410004
貸地,R00176-025733,,,,更地,公開可,無,330000,,階,-,我孫子市つくし野の貸地【1020坪】,,千葉県我孫子市つくし野827-5,,,3.00,1.00,,,1.00,3375.00,,1020.93,324,2026/07/27,"2026/04/27 10:49","2026/06/23 17:33",先物(仲介),,（有）火ノ口不動産,-,"=""04-7192-1160""",,・Googleマップ：https://maps.app.goo.gl/8ccwFGK8Lo6ZLvTX6,2701164
貸地,R00176-025468,,,,更地,公開可,無,250000,,階,-,白井市富塚の貸地【391坪】,,千葉県白井市富塚736,,,4.00,2.00,,,1.00,1295.00,,391.73,639,2026/07/27,"2026/02/24 10:33","2026/06/23 17:29",先物(仲介),,ゼクス株式会社,-,"=""047-468-8685""",,※2026/2/24　at-home転載可物件｜(株)ゼクス,2701405
工場,R00176-025076,,,,使用中,アーカイブ(成約),無,330000,,1階,1989年02月,三郷市谷中の貸工場【29坪】,,埼玉県三郷市谷中,,,3.00,1.00,,,1.10,165.33,99.00,29.94,11020,2026/06/23,"2025/11/04 10:04","2026/06/23 17:14",先物(仲介),,（株）Ｏｎｅ,-,"=""048-954-8001""",,・場所：グーグルマップでは、谷中43-3の北側,3410032
倉庫,R00176-023614,,,,空,アーカイブ(成約),無,1065000,,階,1985年09月,春日部市豊野町2丁目の貸倉庫【213坪】,,埼玉県春日部市豊野町２丁目2-1,,,,1.00,,,1.00,826.49,705.75,213.48,4989,2026/06/23,"2024/12/16 09:26","2026/06/23 17:13",先物(仲介),,ＲＩＤＥＯＮ（株）,-,"=""048-915-1821""",空有,,3440014
倉庫,R00176-025698,,,,空,アーカイブ(成約),無,330000,,階,1980年05月,草加市松江5丁目の貸倉庫【46坪】,,埼玉県草加市松江５丁目5-26,,,2.00,2.00,,,,165.29,155.24,46.96,7028,2026/06/23,"2026/04/20 10:05","2026/06/23 17:11",先物(仲介),,（株）優和住建,-,"=""078-974-8555""",空有,,3400013
倉庫,R00176-024811,,,,空,アーカイブ(成約),無,880000,,階,1964年03月,北葛飾郡杉戸町大字深輪の貸倉庫【275坪】,,埼玉県北葛飾郡杉戸町大字深輪367,,,,3.00,,,,1938.76,910.14,275.31,3197,2026/06/23,"2025/09/05 11:02","2026/06/23 17:04",先物(仲介),,株式会社弥生,-,"=""048-796-4500""",空有,※2025/9/5　at-home転載可物件｜(株)弥生,3450012
倉庫,R00176-025513,,,,空,アーカイブ(成約),無,1038400,,階,1972年03月,鴻巣市上谷の貸倉庫【294坪】,,埼玉県鴻巣市上谷1443,,,2.00,1.00,1.00,,1.00,,974.00,294.63,3525,2026/06/23,"2026/03/05 14:48","2026/06/23 16:47",先物(仲介),,舟橋運輸倉庫株式会社,-,"=""0480-48-7338""",,"・鴻巣倉庫１号棟（R00176-024908の分割貸し）
※2026/3/5　at-home転載可物件｜?橋運輸倉庫（株）",3650027
店舗事務所(建物一括),R00176-025842,,,,空,公開可,無,319000,,階,1996年08月,立川市柏町2丁目の貸店舗・事務所【43坪】,,東京都立川市柏町２丁目48-4,,,1.00,,,1.00,1.00,,145.08,43.88,7269,2026/06/17,"2026/05/22 11:21","2026/06/23 16:08",先物(仲介),,ドリームコネクション（株）,-,"=""03-6434-7201""",空有,"※2026/5/22　レインズ広告可物件｜貸主：ドリームコネクション（株）
　　　　　　　ご担当：小原様｜080-1250-3204（店休日は担当携帯へ）",1900004
倉庫,R00176-025905,,,,使用中,公開可,無,1265000,,階,1990年07月,西多摩郡瑞穂町大字二本木の貸倉庫【273坪】,,東京都西多摩郡瑞穂町大字二本木551-1,,,4.00,1.00,,,,,904.20,273.52,4625,2026/06/04,"2026/06/04 10:24","2026/06/23 16:00",先物(仲介),,共同流通株式会社,-,"=""049-247-4311""",空有,・A棟とE棟,1901201
貸地,R00176-023734,,,,更地,公開可,有,330000,,階,-,千葉市稲毛区作草部町の貸地【399坪】,,千葉県千葉市稲毛区作草部町,,,,1.00,4.00,,1.50,1322.00,,399.9,826,2026/07/27,"2025/01/16 10:36","2026/06/23 15:56",先物(仲介),,貸地バンク（株）,-,"=""047-471-0034""",,・住所：作草部町991,2630014
貸地,R00176-025170,,,,更地,アーカイブ(成約),無,220000,,階,-,宮城県仙台市宮城野区福室１丁目の貸地【160坪】,,宮城県仙台市宮城野区福室１丁目802-1,,,3.00,1.00,,,1.00,528.92,,159.99,1376,2026/01/15,"2025/11/28 10:12","2026/06/23 15:26",自社,,株式会社センチュリーダイソー,飯田,"=""03-6441-2258""",,"■2025/11/28　非公開（担当：飯田）
・所在地：福室1丁目802番1、801番8の一部、803番1の一部、計3筆
・Googleマップ?https://maps.app.goo.gl/E8VpRdZvoLMAgmzu7
　※福室2丁目5-60の向かい側辺り",9830005
貸地,R00176-024504,,,,更地,公開可,無,300000,,階,-,ふじみ野市駒西1丁目の貸地【163坪】,,埼玉県ふじみ野市駒西１丁目560-1,,,3.00,1.10,,,1.10,541.88,,163.91,1831,2026/06/23,"2025/06/24 10:00","2026/06/23 15:14",先物(仲介),,有限会社モリコーポレーション,-,"=""049-252-2132""",,※2025/6/24　広告確認中のためマッチングのみ｜(有)モリコーポレーション,3560029
貸地,R00176-024592,,,,その他,公開可,無,605000,,階,-,新座市道場1丁目の貸地【273坪】,,埼玉県新座市道場１丁目1,,,3.00,1.00,,,,903.00,,273.15,2215,2026/06/23,"2025/07/15 15:50","2026/06/23 15:11",先物(仲介),,株式会社磯野建設,-,"=""048-481-3151""",,"2025.9.9　4ｔ搬入可。

※2025/7/15　広告確認中のためマッチングのみ｜(株)磯野建設",3520024
倉庫,R00176-025491,,,,居住中,アーカイブ(成約),無,385000,,階,1980年01月,葛飾区宝町2丁目の貸倉庫【47坪】,,東京都葛飾区宝町２丁目8-18,,,,1.00,3.00,,1.00,,156.00,47.19,8159,2026/05/29,"2026/03/02 10:04","2026/06/23 14:06",先物(仲介),,ニューマップハウジング（株）,-,"=""03-6416-4811""",空有,※2026/3/2　at-home転載可物件｜ニューマップハウジング（株）,1240005
倉庫,R00176-025976,,,,,公開可,無,1504250,,1階,1985年04月,狛江市中和泉3丁目の貸倉庫【217坪】,,東京都狛江市中和泉３丁目28-1,,,,1.00,6.00,,,,717.40,217.01,6932,2026/06/23,"2026/06/23 10:56","2026/06/23 11:56",先物(仲介),,イーソーコ株式会社,-,"=""03-5439-9401""",,・1階部分,2010012
倉庫,R00176-025974,,,,使用中,公開可,無,1430000,,階,1971年04月,千葉市花見川区柏井町の貸倉庫【227坪】,,千葉県千葉市花見川区柏井町900,,,,1.00,3.00,,1.00,,751.45,227.31,6291,2026/07/09,"2026/06/23 10:37","2026/06/23 11:37",先物(仲介),,株式会社豊徳,-,"=""03-3964-0861""",空有,,2620041
工場,R00176-025969,,,,空,公開可,無,660000,,階,1993年10月,伊勢原市白根の貸工場【82坪】,,神奈川県伊勢原市白根466-1,,,,2.00,5.00,,1.00,349.83,272.13,82.31,8018,2026/07/13,"2026/06/23 09:36","2026/06/23 10:17",先物(仲介),,ＮｅｘｔＷａｖｅ合同会社,-,"=""0466-96-2255""",空有,"※2026/6/23　広告確認中のためマッチングのみ｜(同)Next Wave",2591147
倉庫,R00176-025773,,,,築後未入居,アーカイブ(成約),無,7199300,,階,2025年03月,東松山市大字新郷の貸倉庫【1818坪】,,埼玉県東松山市大字新郷540-1,280594,,,1.00,4.00,,,13098.25,6010.00,1818.02,3960,2026/06/22,"2026/05/08 12:49","2026/06/22 17:53",先物(仲介),,株式会社拓洋,-,"=""048-995-4147""",,・東側区画,3550071
倉庫,R00176-025772,,,,築後未入居,アーカイブ(成約),無,7079600,,階,2025年03月,東松山市大字新郷の貸倉庫【1787坪】,,埼玉県東松山市大字新郷540-1,275927,,,1.00,4.00,,,13098.25,5910.00,1787.77,3961,2026/06/22,"2026/05/08 12:37","2026/06/22 17:52",先物(仲介),,株式会社拓洋,-,"=""048-995-4147""",,・西側区画,3550071
倉庫,R00176-025300,,,,使用中,アーカイブ(成約),無,717750,,1階,1979年04月,八潮市大字二丁目の貸倉庫【145坪】,,埼玉県八潮市大字二丁目1041-1,,,,717750,2610000,,,852.00,479.33,144.99,4951,2026/06/22,"2026/01/15 09:35","2026/06/22 17:50",先物(仲介),,株式会社拓洋,-,"=""048-995-4147""",,・正面から見て右側,3400811
倉庫,R00176-024068,,,,空,アーカイブ(成約),無,418000,,階,1987年07月,吉川市大字土場の貸倉庫【103坪】,,埼玉県吉川市大字土場120-3,,,3.00,1.00,,,1.00,279.40,341.47,103.29,4047,2026/06/22,"2025/03/21 11:37","2026/06/22 17:45",先物(仲介),,株式会社タカハシ,-,"=""048-297-3003""",,※2025/3/21　レインズ広告可物件｜(株)タカハシ,3420026
倉庫,R00176-024028,,,,空,アーカイブ(成約),無,200000,,1階,1978年06月,川口市並木2丁目の貸倉庫【30坪】,,埼玉県川口市並木２丁目33-10,22000,,3.00,1.00,,,1.00,,100.00,30.25,6612,2026/06/22,"2025/03/12 11:17","2026/06/22 17:23",先物(仲介),,（株）ソルブス不動産,-,"=""048-762-3250""",無,"・110-111
※2025/3/12　広告確認中のためマッチングのみ｜(株)ソルブス不動産",3320034
倉庫,R00176-025763,,,,空,アーカイブ(成約),無,440000,,階,1997年07月,町田市図師町の貸倉庫【99坪】,,東京都町田市図師町1688-1,,,1600000,1.00,,,1.00,,330.48,99.97,4402,2026/05/07,"2026/05/07 11:18","2026/06/22 16:47",先物(仲介),,（株）アイケー企画,-,"=""042-776-9664""",空有,,1940203
倉庫,R00176-025057,,,,空,アーカイブ(成約),無,440000,,階,1996年01月,深谷市上野台の貸倉庫【121坪】,,埼玉県深谷市上野台2787-5,,,3.00,1.00,,,1.00,1454.55,400.72,121.21,3630,2026/05/22,"2025/10/28 09:56","2026/06/22 16:45",先物(仲介),,（株）埼玉住宅情報センター,-,"=""048-525-2233""",空有,2026/6/22　申込みあり決まりそうなので募集止め,3660801
倉庫,R00176-025929,,,,空,公開可,無,418000,,1階,1977年04月,北区昭和町1丁目の貸倉庫【44坪】,,東京都北区昭和町１丁目9-1,,,,1.00,3.00,,1.00,,147.32,44.56,9380,2026/07/29,"2026/06/11 10:08","2026/06/22 15:30",先物(仲介),,（有）クローバー,-,"=""03-6902-2904""",,・1階部分,1140011
倉庫,R00176-025743,,,,建築中,アーカイブ(成約),無,770000,,1階,2026年05月,板橋区新河岸2丁目の貸倉庫【60坪】,,東京都板橋区新河岸２丁目24,,,4.00,1.00,,1.00,1.00,337.88,198.56,60.06,12820,2026/06/22,"2026/04/28 11:53","2026/06/22 11:52",先物(仲介),,(有)小原事務所※広告NG業者,-,"=""03-3938-7624""",空有,"※非公開（クレームあり業者）
2026/06　A多久島さん契約予定",1750081
倉庫,R00176-025267,,,,空,アーカイブ(成約),無,350000,,階,1995年01月,川越市大字久下戸の貸倉庫【100坪】,,埼玉県川越市大字久下戸3657-1,,,3.00,1.00,,,1.00,815.00,331.80,100.36,3488,2026/06/22,"2026/01/06 10:18","2026/06/22 11:39",先物(仲介),,株式会社松澤地所,-,"=""049-256-9492""",空有,※2026/1/6　広告掲載NGのためマッチングのみ｜(株)松澤地所,3500011
店舗事務所(建物一括),R00176-023492,,,,空,アーカイブ(成約),無,440000,,階,1984年10月,深谷市上柴町西4丁目の貸店舗・事務所【110坪】,,埼玉県深谷市上柴町西４丁目2-3,,,3.00,1.00,,,1.00,400.91,365.76,110.64,3977,2026/06/22,"2024/11/22 09:40","2026/06/22 11:15",先物(仲介),,（株）末広不動産　,-,"=""048-522-1112""",空有,※2025/7/9　広告確認中のためマッチングのみ｜(株)末広不動産,3660052
店舗事務所(建物一括),R00176-025329,,,,空,アーカイブ(成約),無,300000,,階,2007年03月,上尾市大字上の貸店舗・事務所【20坪】,,埼玉県上尾市大字上20-11,20000,,2.00,1.00,,,1.10,462.04,67.30,20.35,14737,2026/06/22,"2026/01/21 12:01","2026/06/22 11:09",先物(仲介),,（有）春岡不動産　,-,"=""048-812-8135""",空有,,3620001
貸地,R00176-025637,,,,更地,公開可,無,1320000,,階,-,さいたま市岩槻区大字古ヶ場の貸地【1553坪】,,埼玉県さいたま市岩槻区大字古ヶ場719,,,2.00,2.00,,,1.00,5135.05,,1553.35,850,2026/06/22,"2026/04/06 09:59","2026/06/22 11:01",先物(仲介),,アネシスホーム株式会社,-,"=""048-758-3111""",,,3390072
店舗事務所(建物一括),R00176-025967,,,,使用中,公開可,無,1230000,,階,1993年04月,流山市前ケ崎の貸店舗・事務所【123坪】,,千葉県流山市前ケ崎726,,,,1.00,4.00,,1.00,238.00,409.00,123.72,9942,2026/07/24,"2026/06/22 10:27","2026/06/22 11:00",先物(仲介),,（株）日通建設,-,"=""04-7125-2103""",近有,・726-2,2700144
倉庫,R00176-025966,,,,使用中,公開可,無,1760000,,階,1971年04月,千葉市花見川区柏井町の貸倉庫【298坪】,,千葉県千葉市花見川区柏井町900,,,,1.00,3.00,,1.00,,987.07,298.58,5895,2026/07/24,"2026/06/22 10:07","2026/06/22 10:47",先物(仲介),,株式会社豊徳,-,"=""03-3964-0861""",空有,"・2棟一括貸し
・住所：柏井町900、909",2620041
倉庫,R00176-025918,,,,空,公開可,無,363000,,1階,1975年09月,野田市柳沢の貸倉庫【109坪】,,千葉県野田市柳沢149-1,,11000,2.00,1.00,,,1.00,,361.80,109.44,3317,2026/07/24,"2026/06/09 09:46","2026/06/19 17:16",先物(仲介),,（有）オカダランド,-,"=""04-7129-1323""",空有,・①,2780006
倉庫,R00176-025833,,,,空,公開可,無,8489700,,階,2019年07月,野田市中里の貸倉庫【1992坪】,,千葉県野田市中里,,,6.00,,,,,,6586.53,1992.42,4261,2026/07/09,"2026/05/20 10:23","2026/06/19 17:11",先物(仲介),,（株）日本エステートリサーチ,-,"=""03-5402-7590""",,"・1-2階部分
・場所：中里3078-2（ESR野田ディストリビューションセンター）
・Googleマップ：https://maps.app.goo.gl/BL8DodceiuYWXDCk8",2700237
貸地,R00176-024614,,,,更地,公開可,無,302500,,階,-,野田市宮崎の貸地【605坪】,,千葉県野田市宮崎167-3,,,6.00,1.10,,,1.10,2000.00,,605,500,2026/07/09,"2025/07/23 10:37","2026/06/19 17:05",先物(仲介),,エヌケープラン合同会社,-,"=""04-7163-2444""",,"20260115　農転・造成費用テナント負担
　　　　　　オーナー敷地への切り下げ部分通行可
2025/10/17　16号線から敷地へ段差あります
",2780005
倉庫,R00176-025651,,,,空,公開可,無,1430000,,階,2007年07月,日高市大字旭ケ丘の貸倉庫【302坪】,,埼玉県日高市大字旭ケ丘612-1,,,5.00,1.00,,,,1979.00,1000.00,302.5,4728,2026/06/19,"2026/04/08 10:36","2026/06/19 16:53",先物(仲介),,株式会社ビーエル,-,"=""044-789-5854""",,・所在地：埼玉県日高市大字旭ケ丘612-1､613-1、614-3,3501203
倉庫,R00176-024709,,,,空,アーカイブ(成約),無,710000,,階,1993年07月,川口市東本郷1丁目の貸倉庫【93坪】,,埼玉県川口市東本郷１丁目1-36,,,,2.20,6.00,,1.10,,309.36,93.58,7587,2026/06/19,"2025/08/19 11:54","2026/06/19 16:38",先物(仲介),,ＡＣＲＥ（株）丸の内支社※広告NG業者,-,"=""03-5860-3660""",,※広告NG業者,3340063
貸地,R00176-025097,,,,その他,公開可,無,330000,,階,-,さいたま市岩槻区大字表慈恩寺の貸地【411坪】,,埼玉県さいたま市岩槻区大字表慈恩寺1389,,,,1.10,4.00,,1.00,1358.00,,410.79,804,2026/06/19,"2025/11/07 10:17","2026/06/19 15:14",先物(仲介),,松永都市開発　株式会社,-,"=""048-757-0300""",,,3390008
倉庫,R00176-025625,,,,空,アーカイブ(成約),無,385000,,階,1980年04月,川口市上青木5丁目の貸倉庫【63坪】,,埼玉県川口市上青木５丁目24-12,,,2.00,1.00,,,1.00,,210.00,63.52,6061,2026/06/19,"2026/04/01 11:25","2026/06/19 12:13",先物(仲介),,株式会社Ｔ－Ｌｉｆｅ,-,"=""048-264-7000""",,,3330844
倉庫,R00176-025105,,,,使用中,アーカイブ(成約),無,880000,,1階,1971年11月,川越市かし野台2丁目の貸倉庫【249坪】,,埼玉県川越市かし野台２丁目21-2,,,4.00,2.00,,,1.00,1361.00,824.63,249.45,3528,2026/06/19,"2025/11/11 10:04","2026/06/19 12:12",先物(仲介),,■三光物産株式会社,-,"=""049-226-3535""",空有,,3501179
倉庫,R00176-025757,,,,使用中,アーカイブ(成約),無,770000,,1階,1991年02月,八潮市大字木曽根の貸倉庫【167坪】,,埼玉県八潮市大字木曽根1495-1,,,2.00,2.00,,,1.00,793.38,552.50,167.13,4608,2026/06/19,"2026/05/07 09:44","2026/06/19 12:03",先物(仲介),,株式会社　恩田建設不動産,-,"=""048-996-5550""",空有,,3400813
倉庫,R00176-025328,,,,使用中,アーカイブ(成約),無,550000,,階,2003年06月,越谷市東町3丁目の貸倉庫【114坪】,,埼玉県越谷市東町３丁目333-2,,,1.00,,,,1.00,697.29,378.19,114.4,4808,2026/06/19,"2026/01/21 11:24","2026/06/19 11:56",先物(仲介),,岡田不動産（株）　,-,"=""03-3883-3120""",空有,"2026/2/19　申込み３番手まで入っているため、決まる可能性大
※2026/1/21　広告確認中のためマッチングのみ｜岡田不動産（株）",3430826
倉庫,R00176-025850,,,,空,アーカイブ(成約),無,1716000,,階,1991年08月,北葛飾郡松伏町大字下赤岩の貸倉庫【450坪】,,埼玉県北葛飾郡松伏町大字下赤岩110-4,,,,1716000,5148000,,1.00,,1488.00,450.12,3813,2026/05/26,"2026/05/26 09:49","2026/06/19 11:49",先物(仲介),,（株）博進　コスモプラザ　,-,"=""048-965-5551""",空有,2026/6/19　申込みあり決まりそうなので募集止め,3430116
工場,R00176-025409,,,,空,アーカイブ(成約),無,770000,,階,1984年01月,大田区北糀谷2丁目の貸工場【79坪】,,東京都大田区北糀谷２丁目15-6,,,,,3.00,,,197.09,263.24,79.63,9670,2026/06/19,"2026/02/10 11:21","2026/06/19 09:15",先物(仲介),,横浜不動産情報株式会社,-,"=""045-314-0314""",空有,・建物は連棟式の一部,1440032
貸地,R00176-025930,,,,その他,公開可,無,550000,,階,-,戸田市大字新曽の貸地【270坪】,,埼玉県戸田市大字新曽2558-3,,,1.00,1.00,,,,895.00,,270.73,2032,2026/06/11,"2026/06/11 10:11","2026/06/18 16:53",先物(仲介),,（株）平和不動産※広告NG業者,-,"=""048-446-1000""",,"※2026/6/11　広告NG業者のためマッチングのみ｜(株)平和不動産
・所在地：戸田市新曽2558-3、外",3350021
貸地,R00176-024437,,,,更地,アーカイブ(成約),無,330000,,階,-,大和市上草柳5丁目の貸地【184坪】,,神奈川県大和市上草柳５丁目386-2,3000,,3.00,1.00,,,,611.31,,184.92,1785,2026/05/22,"2025/06/10 09:43","2026/06/18 14:15",先物(仲介),,（株）マリンボックス,-,"=""0466-41-2133""",,・場所：グーグルマップでは、上草柳5丁目7-19付近,2420029
店舗(建物一括),R00176-025368,,,,空,アーカイブ(成約),無,880000,,1階,2011年04月,厚木市温水の貸店舗【56坪】,,神奈川県厚木市温水115,,,,1.10,2.00,,1.10,1165.61,188.33,56.96,15447,2026/05/22,"2026/02/02 10:04","2026/06/18 14:13",先物(仲介),,（株）アサヒ地建　,-,"=""046-220-4422""",空有,※広告業者NGのためマッチングのみ,2430033
貸地,R00176-025359,,,,更地,アーカイブ(成約),無,440000,,階,-,厚木市三田の貸地【486坪】,,神奈川県厚木市三田3420-1,,,1.00,110000,,,,1609.00,,486.72,905,2026/05/22,"2026/01/30 09:58","2026/06/18 14:12",先物(仲介),,（有）プロジェクトＫ,-,"=""046-230-0390""",,"・所在地：3420番1他
※2026/1/30　広告確認中のためマッチングのみ｜（有）プロジェクトＫ",2430211
貸地,R00176-025210,,,,更地,アーカイブ(成約),無,600000,,階,-,相模原市中央区上溝の貸地【572坪】,,神奈川県相模原市中央区上溝2281-3,,,,1.00,3.00,,1.00,1893.75,,572.85,1048,2026/05/22,"2025/12/09 10:18","2026/06/18 12:59",先物(仲介),,（株）丸中コーポレーション,-,"=""042-721-7080""",,"※マッチングのみ｜(株)丸中コーポレーション
・場所は正確ではありません。確認お願いします。",2520243
倉庫,R00176-023411,,,,空,公開可,無,600000,,階,1992年03月,横浜市金沢区幸浦2丁目の貸倉庫【99坪】,,神奈川県横浜市金沢区幸浦２丁目13-3,,,1.00,1.00,,,1.00,,330.00,99.82,6011,2026/07/15,"2024/11/07 10:32","2026/06/18 12:48",先物(仲介),,株式会社０,-,"=""045-714-0050""",空有,"20251208
5階募集中、税込66万円
2025.6.26　2階オーナー様使用されておられ、セキュリティーがかかる為、稼働時間10-18時での募集。

2025.6.23確認：5階部分が募集中。2階部分が短期利用中で8月以降に募集となる予定。",2360003
貸地,R00176-025262,,,,更地,アーカイブ(成約),無,870000,,階,-,横浜市泉区上飯田町の貸地【600坪】,,神奈川県横浜市泉区上飯田町3962-2,,,3.00,1.00,,1.00,1.00,1983.49,,600,1450,2026/05/22,"2026/01/05 10:32","2026/06/18 12:23",先物(仲介),,（株）創友,-,"=""045-264-4305""",,※2026/1/5　広告確認中のためマッチングのみ｜(株)創友,2450018
貸地,R00176-025731,,,,更地,アーカイブ(成約),無,440000,,階,-,藤沢市打戻の貸地【338坪】,,神奈川県藤沢市打戻2052-1,,,3.00,1.00,,,,1120.00,,338.8,1299,2026/05/22,"2026/04/27 10:11","2026/06/18 12:17",先物(仲介),,GｉｖｅＲｅ（株）,-,"=""0467-40-6760""",,Googleマップ：https://maps.app.goo.gl/4wGu58hStArpoTnp6,2520824
倉庫,R00176-025941,,,,使用中,アーカイブ(成約),無,311850,,1階,1996年08月,江東区古石場2丁目の貸倉庫【30坪】,,東京都江東区古石場２丁目7-6,,,,1.00,3.00,,1.00,,99.84,30.2,10326,2026/06/18,"2026/06/12 10:52","2026/06/18 11:46",先物(仲介),,（株）タープ不動産,-,"=""03-5844-6300""",空有,"・1階部分
2026/06/18　物確→契約予定",1350045
倉庫,R00176-025960,,,,空,公開可,無,1063640,,階,1964年01月,江東区枝川2丁目の貸倉庫【204坪】,,東京都江東区枝川２丁目19-1,,,,1.00,6.00,,,,676.42,204.61,5199,2026/07/24,"2026/06/18 09:55","2026/06/18 11:05",先物(仲介),,イーソーコ株式会社,-,"=""03-5439-9401""",空有,・4-5階部分,1350051
店舗事務所(建物一括),R00176-025796,,,,使用中,アーカイブ(成約),無,990000,,階,2008年04月,府中市府中町2丁目の貸店舗・事務所【92坪】,,東京都府中市府中町２丁目8-5,,,,1.10,8.00,,1.10,323.00,304.81,92.2,10737,2026/06/18,"2026/05/12 12:10","2026/06/18 10:29",先物(仲介),,株式会社アイ・エステート,-,"=""042-352-0300""",空有,,1830055
倉庫,R00176-024997,,,,築後未入居,公開可,無,440000,,1階,2025年10月,柏市藤心の貸倉庫【84坪】,,千葉県柏市藤心141-1,,,1.00,1.00,1000000,,1.00,,280.00,84.7,5195,2026/07/24,"2025/10/20 10:15","2026/06/18 10:19",先物(仲介),,有限会社共進住宅,-,"=""04-7173-1971""",空有,※2025/10/20　at-home転載可物件｜(有)共進住宅,2770034
倉庫,R00176-025204,,,,空,公開可,無,495000,,1階,2025年11月,柏市藤心の貸倉庫【98坪】,,千葉県柏市藤心141-1,,,1.00,1.00,1000000,,,468.00,324.00,98.01,5051,2026/07/24,"2025/12/08 10:05","2026/06/18 10:14",先物(仲介),,有限会社共進住宅,-,"=""04-7173-1971""",空有,※2025/12/8　広告確認中のためマッチングのみ｜(有)共進住宅,2770034
貸地,R00176-025921,,,,更地,公開可,無,440000,,階,-,調布市上石原3丁目の貸地【160坪】,,東京都調布市上石原３丁目59,,,,,,,,529.00,,160.02,2750,2026/07/24,"2026/06/09 10:25","2026/06/17 17:01",先物(仲介),,,芥川,"=""080-5920-8123""",,,1820035
貸地,R00176-025621,,,,更地,公開可,無,350000,,階,-,八王子市館町の貸地【347坪】,,東京都八王子市館町2093,,,,1.00,3.00,,1.00,1150.00,,347.87,1007,2026/07/24,"2026/03/31 10:54","2026/06/17 16:08",先物(仲介),,山登土地開発（株）,-,"=""042-782-2337""",,"・A区画
・場所：グーグルマップでは、館町1884-3（ゆりのきハイム）の道路挟んで南東側あたり
　Googleマップ?https://maps.app.goo.gl/JivNF8ebBxqxnGhJ6",1930944
貸地,R00176-025789,,,,更地,アーカイブ(成約),無,605000,,階,-,鶴ヶ島市大字五味ヶ谷の貸地【1024坪】,,埼玉県鶴ヶ島市大字五味ヶ谷482-1,,,3.00,1.00,,,0.50,3387.51,,1024.72,591,2026/06/17,"2026/05/12 10:34","2026/06/17 14:42",先物(仲介),,三光建設（株）,-,"=""049-244-2233""",,"2026.6.17　半分　302,500円募集中。半分(高速を背に道路から向かって右側のみ募集。)資料まだ無。
2026.06.12　1番手申込み有、2番手可。
2026/5/12　元付確認→大型車は事前に現地要確認、間口広げる相談も可能
・所在地：鶴ヶ島市五味ケ谷482-1,483-1,484-1",3502202
貸地,R00176-025898,,,,更地,公開可,無,550000,,階,-,八王子市高月町の貸地【384坪】,,東京都八王子市高月町369,,,3.00,1.00,,,1.00,1270.00,,384.17,1432,2026/07/24,"2026/06/03 11:39","2026/06/17 12:56",自社,専任媒介,株式会社センチュリーダイソー,山崎,"=""03-6441-2258""",,"■2026/6/3　専任媒介｜担当：山崎さん（一旦公開はミライエのみ）
Googleマップ：https://maps.app.goo.gl/tPVe4MdwPwHUpDLq6
【立地の特徴】
　瑞穂あきる野八王子線（都道166号）から敷地（私道）を通って左手に位置している
　元ラブホテルの敷地
　敷地右手は貸主倉庫建設のため、市と協議中",1920002
倉庫,R00176-025957,,,,,保留,無,825000,,階,-,西多摩郡瑞穂町大字箱根ケ崎の貸倉庫【178坪】,,東京都西多摩郡瑞穂町大字箱根ケ崎1028,,,3.00,1.00,,,,1652.89,590.00,178.47,4623,2026/06/17,"2026/06/17 10:36","2026/06/17 11:34",先物(仲介),,都市ホーム賃貸サービス（株）,ナカムラ様｜090-2648-4543,"=""042-562-3377""",,"・A区画
・元付：都市ホーム賃貸サービス（株）
　　　　物件担当：ナカムラ様｜090-2648-4543（内見・詳細等は担当者様へ）",1901221
貸地,R00176-025169,,,,更地,アーカイブ(成約),無,1300000,,階,-,市川市堀之内1丁目の貸地【960坪】,,千葉県市川市堀之内１丁目1488,,,,1.00,4.00,,1.00,3174.00,,960.13,1354,2026/06/16,"2025/11/27 10:22","2026/06/16 16:32",先物(仲介),,スターリンク（株）,-,"=""047-420-0111""",,"20260119　申込審査中・契約予定
・住所：堀之内1丁目1488　他2筆
・Googleマップ：堀之内１丁目15
　https://maps.app.goo.gl/rppFRvFtV8UMknVz8
※2025/11/27　広告確認中のためマッチングのみ｜スターリンク（株）",2720837
店舗事務所(建物一括),R00176-025363,,,,,公開可,無,1705000,,1階,2011年01月,板橋区坂下1丁目の貸店舗・事務所【47坪】,,東京都板橋区坂下１丁目33-10,,,,1.00,6.00,,,654.00,155.91,47.16,36152,2026/07/06,"2026/01/30 10:45","2026/06/16 14:47",先物(仲介),,株式会社トラスト,-,"=""03-5832-9959""",空有,※2026/1/30　レインズ広告可物件｜(株)トラスト（担当｜今野様：080-6602-6065）,1740043
倉庫,R00176-025667,,,,空,アーカイブ(成約),無,363000,,階,1981年01月,足立区入谷7丁目の貸倉庫【65坪】,,東京都足立区入谷７丁目16-23,,,2.00,1.00,,,1.00,193.00,215.00,65.03,5582,2026/05/29,"2026/04/13 10:37","2026/06/16 11:36",先物(仲介),,ＮＣホーム（株）,-,"=""048-240-4146""",空有,,1210836
倉庫,R00176-024279,,,,空,公開可,無,273900,,2階,1992年04月,千葉市中央区要町の貸倉庫【42坪】,,千葉県千葉市中央区要町2,11000,,2.00,,,,1.00,,141.00,42.65,6422,2026/07/24,"2025/05/08 11:31","2026/06/16 11:33",先物(仲介),,アクシオス・マネジメント（株）,-,"=""050-1742-4810""",,"・202号室
・枝番：2-1
※2025/5/8　at-home転載可物件｜アクシオス・マネジメント（株）",2600017
倉庫,R00176-024174,,,,空,アーカイブ(成約),無,330000,,1階,1962年11月,松戸市小山の貸倉庫【23坪】,,千葉県松戸市小山26,,,,2.00,4.00,,1.00,,77.80,23.53,14022,2026/06/16,"2025/04/15 11:04","2026/06/16 11:30",先物(仲介),,（株）塚田工務店,-,"=""047-363-0544""",近有,・1階部分,2710093
工場,R00176-025879,,,,使用中,公開可,無,3132800,,階,2000年07月,三鷹市下連雀7丁目の貸工場【356坪】,,東京都三鷹市下連雀７丁目6-22,,,3.00,1.00,,,,,1176.86,356,8800,2026/06/16,"2026/05/29 11:21","2026/06/15 17:40",先物(仲介),,（株）立和コーポレーション　神奈川店,-,"=""042-759-5801""",空有,"※3階非賃貸部分あり
20260615　建済あり",1810013
倉庫,R00176-025823,,,,空,アーカイブ(成約),無,880000,,1階,1972年10月,柏市藤ケ谷の貸倉庫【222坪】,,千葉県柏市藤ケ谷1787,,,,1.00,3.00,,1.00,2048.13,734.12,222.07,3963,2026/06/15,"2026/05/19 10:58","2026/06/15 17:27",先物(仲介),,グローバルエステート（株）,-,"=""03-5876-4382""",,"・B～E区画（R00176-025266区画違い）
※2026/5/18　at-home転載可物件｜グローバルエステート(株)
・Googleマップ枝番：1787-24",2770931
倉庫,R00176-025485,,,,空,アーカイブ(成約),無,390000,,1階,1972年10月,柏市藤ケ谷の貸倉庫【83坪】,,千葉県柏市藤ケ谷1787-24,,,,1.00,6.00,,1.00,2048.13,274.40,83,4699,2026/06/15,"2026/02/27 09:57","2026/06/15 17:21",先物(仲介),,グローバルエステート（株）,-,"=""03-5876-4382""",,"・E
※2026/5/19　at-home転載可物件｜グローバルエステート(株)",2770931
工場,R00176-024390,,,,空,保留,無,1980000,,階,2002年12月,羽生市西1丁目の貸工場【207坪】,,埼玉県羽生市西１丁目2488-1,,,,1.00,6.00,,,1177.29,684.73,207.13,9560,2026/06/15,"2025/05/28 11:51","2026/06/15 15:39",先物(仲介),,有限会社谷島地所,-,"=""048-563-1362""",空有,"2025/10/10
【グーグルマップ住所】埼玉県羽生市西１丁目8-12",3480054
ビル,R00176-025345,,,,空,公開可,無,990000,,階,1996年08月,中野区大和町１丁目の貸ビル【63坪】,,東京都中野区大和町１丁目14-6,,,3.00,1.00,,,,71.07,210.30,63.61,15563,2026/07/24,"2026/01/26 12:39","2026/06/15 14:40",自社,一般媒介,株式会社センチュリーダイソー,大山,"=""03-6441-2258""",空有,"■2026/1/26　一般媒介物件｜担当：大山さん
・NG業種：シェアハウス
・R00176-025654（2・3階貸し）の一棟貸し",1650034
事務所(建物一部),R00176-025654,,,,空,公開可,無,660000,,階,1996年08月,中野区大和町１丁目の貸事務所【32坪】,,東京都中野区大和町１丁目14-6,,,3.00,1.00,,,,71.07,106.88,32.33,20414,2026/07/24,"2026/04/09 09:31","2026/06/15 14:40",自社,一般媒介,株式会社センチュリーダイソー,大山,"=""03-6441-2258""",空有,"■2026/1/26　一般媒介物件｜担当：大山さん
・R00176-025345（一棟貸し）の2・3階貸し
・NG業種：シェアハウス",1650034
店舗事務所(建物一括),R00176-024771,,,,空,公開可,無,850000,,階,1982年11月,柏市松ケ崎の貸店舗・事務所【150坪】,,千葉県柏市松ケ崎1156-9,,,,1.00,4.00,,1.00,,496.48,150.18,5660,2026/07/09,"2025/08/29 10:28","2026/06/15 14:39",先物(仲介),,株式会社ハピネスハウジング,-,"=""04-7186-6956""",空有,※マッチングのみ,2770835
倉庫,R00176-025138,,,,使用中,公開可,無,3875564,,階,1993年10月,厚木市戸田の貸倉庫【1006坪】,,神奈川県厚木市戸田2254-1,229350,,4.00,1.00,,,,2979.19,3327.73,1006.63,3851,2026/07/15,"2025/11/18 10:28","2026/06/15 13:28",先物(仲介),,株式会社シーアールイー　本社,-,"=""03-5572-6604""",,,2430023
倉庫,R00176-025944,,,,空,公開可,無,330000,,階,2000年08月,松戸市六実3丁目の貸倉庫【46坪】,,千葉県松戸市六実３丁目24-27,,,4.00,2.00,,,1.00,132.24,154.05,46.6,7082,2026/07/24,"2026/06/15 09:59","2026/06/15 12:51",先物(仲介),,ゼクス株式会社,-,"=""047-468-8685""",空有,"・売買あり（B00176-001599）
※2026/6/15　at-home転載可物件｜ゼクス（株）",2702204
倉庫,R00176-023450,,,,空,アーカイブ(成約),無,880000,,階,1988年02月,八千代市大和田新田の貸倉庫【136坪】,,千葉県八千代市大和田新田1095-13,,,,,6.00,,,1322.00,452.00,136.73,6437,2026/06/12,"2024/11/13 17:00","2026/06/12 15:55",先物(仲介),,株式会社Dayu,-,"=""047-450-1122""",,"※2026/1/6　マイソク広告可物件
　元付：（株）Dayu｜担当：アキヒロ　シゲノブ様　080-8731-6251",2760046
倉庫,R00176-023827,,,,空,公開可,無,528000,,階,1993年02月,上尾市中妻1丁目の貸倉庫【90坪】,,埼玉県上尾市中妻１丁目13-8,,,1000000,1.00,,,1.00,457.00,298.35,90.25,5851,2026/06/12,"2025/02/03 15:57","2026/06/12 15:49",先物(仲介),,株式会社ヤマギシライフコーポレーション,-,"=""048-662-1911""",空有,※2025/2/3　広告確認中のためマッチングのみ｜(株)ヤマギシライフコーポレーション,3620072
店舗(建物一括),R00176-025153,,,,空,公開可,無,437800,,階,1993年04月,羽村市神明台1丁目の貸店舗【71坪】,,東京都羽村市神明台１丁目28-15,,,,1.00,1000000,,1.00,,236.89,71.65,6110,2026/06/12,"2025/11/21 11:28","2026/06/12 14:32",先物(仲介),,（有）カネイシ,-,"=""042-513-0159""",空有,※2025/11/21　広告確認中のためマッチングのみ｜(有)カネイシ,2050023
倉庫,R00176-025307,,,,空,アーカイブ(成約),無,781000,,1階,1970年03月,川崎市高津区東野川2丁目の貸倉庫【95坪】,,神奈川県川崎市高津区東野川２丁目25-4,,,,2.00,3.00,,1.00,,316.09,95.61,8168,2026/05/19,"2026/01/16 10:20","2026/06/12 13:06",先物(仲介),,（株）佐藤建設,-,"=""044-750-9552""",空有,※2026/1/16　広告確認中のためマッチングのみ｜(株)佐藤建設,2130029
倉庫,R00176-025080,,,,空,アーカイブ(成約),無,381700,,階,1989年08月,横浜市港北区新羽町の貸倉庫【31坪】,,神奈川県横浜市港北区新羽町574-4,,,,2.00,4.00,,1.00,83.71,104.34,31.56,12094,2026/05/19,"2025/11/05 09:22","2026/06/12 13:04",先物(仲介),,株式会社石原興業,-,"=""045-541-4180""",空有,※マッチングのみ,2230057
工場,R00176-025700,,,,空,アーカイブ(成約),無,770000,,1階,1990年01月,横浜市港北区綱島東6丁目の貸工場【63坪】,,神奈川県横浜市港北区綱島東６丁目1-2,,,6.00,1.00,,,,323.80,211.22,63.89,12052,2026/05/18,"2026/04/20 10:26","2026/06/12 12:47",先物(仲介),,株式会社富士通商,-,"=""045-439-6511""",,"※高架下
※定期借家契約：2032.5.31迄（取り壊しの為再契約不可）",2230052
倉庫,R00176-025547,,,,使用中,アーカイブ(成約),無,1885821,,階,1981年01月,加須市飯積の貸倉庫【519坪】,,埼玉県加須市飯積435-1,,,,1885821,6857532,,,15735.58,1717.44,519.52,3630,2026/06/05,"2026/03/16 09:22","2026/06/12 11:55",先物(仲介),,株式会社拓洋,-,"=""048-995-4147""",,■6号,3491211
倉庫,R00176-025550,,,,使用中,アーカイブ(成約),無,3557763,,1階,1987年01月,加須市飯積の貸倉庫【980坪】,,埼玉県加須市飯積435-1,,,,3557763,12937320,,,15735.58,3240.00,980.1,3630,2026/06/05,"2026/03/16 09:48","2026/06/12 11:53",先物(仲介),,株式会社拓洋,-,"=""048-995-4147""",,■南棟A,3491211
倉庫,R00176-025508,,,,使用中,アーカイブ(成約),無,8056494,,階,1969年12月,加須市飯積の貸倉庫【2219坪】,,埼玉県加須市飯積435-1,,,,1.00,4.00,,,15735.58,7337.03,2219.45,3630,2026/06/05,"2026/03/04 10:49","2026/06/12 11:50",先物(仲介),,株式会社拓洋,-,"=""048-995-4147""",空有,,3491211
倉庫,R00176-025548,,,,使用中,アーカイブ(成約),無,815298,,1階,1969年12月,加須市飯積の貸倉庫【224坪】,,埼玉県加須市飯積435-1,,,,815298,2964720,,,15735.58,742.50,224.6,3630,2026/06/05,"2026/03/16 09:38","2026/06/12 11:48",先物(仲介),,株式会社拓洋,-,"=""048-995-4147""",,■7号,3491211
倉庫,R00176-025939,,,,空,公開可,無,889020,,5階,1990年09月,大田区池上8丁目の貸倉庫【44坪】,,東京都大田区池上８丁目4-12,,,3.00,1.00,,,,,148.49,44.91,19792,2026/07/29,"2026/06/12 10:36","2026/06/12 11:28",先物(仲介),,寺田倉庫株式会社,-,"=""03-5479-1616""",,"・503号室
※2026/6/12　アットホーム転載可物件｜寺田倉庫",1460082
倉庫,R00176-025938,,,,空,公開可,無,2679600,,4階,1990年09月,大田区池上8丁目の貸倉庫【167坪】,,東京都大田区池上８丁目4-12,,,3.00,1.00,,,,,555.37,167.99,15951,2026/07/10,"2026/06/12 10:25","2026/06/12 11:20",先物(仲介),,寺田倉庫株式会社,-,"=""03-5479-1616""",,"・4階ワンフロア
※2026/6/12　アットホーム転載可物件｜寺田倉庫",1460082
倉庫,R00176-025937,,,,空,公開可,無,1078110,,4階,1990年09月,大田区池上8丁目の貸倉庫【54坪】,,東京都大田区池上８丁目4-12,,,3.00,1.00,,,,,180.00,54.45,19800,2026/07/29,"2026/06/12 10:11","2026/06/12 11:14",先物(仲介),,寺田倉庫株式会社,-,"=""03-5479-1616""",,"・403号室
※2026/6/12　アットホーム転載可物件｜寺田倉庫",1460082
倉庫,R00176-025936,,,,空,公開可,無,632412,,4階,1990年09月,大田区池上8丁目の貸倉庫【31坪】,,東京都大田区池上８丁目4-12,,,3.00,1.00,,,,,105.60,31.94,19798,2026/07/29,"2026/06/12 10:11","2026/06/12 11:11",先物(仲介),,寺田倉庫株式会社,-,"=""03-5479-1616""",,"・402号室
※2026/6/12　アットホーム転載可物件｜寺田倉庫",1460082
倉庫,R00176-025935,,,,空,公開可,無,933174,,4階,1990年09月,大田区池上8丁目の貸倉庫【47坪】,,東京都大田区池上８丁目4-12,,,3.00,1.00,,,,,155.80,47.12,19801,2026/07/29,"2026/06/12 09:56","2026/06/12 11:07",先物(仲介),,寺田倉庫株式会社,-,"=""03-5479-1616""",,"・401号室
※2026/6/12　アットホーム転載可物件｜寺田倉庫",1460082
店舗事務所(建物一括),R00176-025701,,,,空,アーカイブ(成約),無,330000,,1階,2000年05月,大和市上和田の貸店舗・事務所【45坪】,,神奈川県大和市上和田1015-1,,,5.00,1.00,,,,380.00,149.06,45.09,7319,2026/06/12,"2026/04/20 10:49","2026/06/12 09:18",先物(仲介),,有限会社三和建物管理,-,"=""046-257-7780""",空有,2026/06/12　物確→契約予定,2420014
倉庫,R00176-025922,,,,空,公開可,無,700000,,1階,1974年01月,墨田区本所1丁目の貸倉庫【29坪】,,東京都墨田区本所１丁目13-11,,,,1.00,6.00,,1.00,,98.00,29.64,23613,2026/07/24,"2026/06/09 10:44","2026/06/11 17:18",先物(仲介),,一越ハウジング（株）,-,"=""03-5619-1154""",,"・1階部分
・13-11
※2026/6/9　広告確認中のためマッチングのみ｜一越ハウジング（株）",1300004
倉庫,R00176-025622,,,,空,公開可,無,415800,,5階,1990年09月,大田区池上8丁目の貸倉庫【23坪】,,東京都大田区池上８丁目4-12,,,3.00,1.00,,,,,76.43,23.12,17985,2026/07/29,"2026/03/31 11:09","2026/06/11 15:23",先物(仲介),,寺田倉庫株式会社,-,"=""03-5479-1616""",,・502号室　IG-B502,1460082
倉庫,R00176-025649,,,,空,公開可,無,720700,,5階,1990年09月,大田区池上8丁目の貸倉庫【36坪】,,東京都大田区池上８丁目4-12,,,3.00,1.00,,,,,120.64,36.49,19749,2026/07/29,"2026/04/07 12:53","2026/06/11 15:23",先物(仲介),,（株）タープ不動産,-,"=""03-5844-6300""",,・501号室,1460082
倉庫,R00176-025552,,,,空,公開可,無,2402400,,2階,1990年09月,大田区池上8丁目の貸倉庫【168坪】,,東京都大田区池上８丁目4-12,184800,,6.00,1.00,,,,,555.38,168,14300,2026/07/29,"2026/03/16 10:39","2026/06/11 15:17",先物(仲介),,寺田倉庫株式会社,-,"=""03-5479-1616""",,"・2階部分
※2026/3/16　at-home転載可物件｜寺?倉庫（株）不動産部",1460082
倉庫,R00176-024316,,,,空,アーカイブ(成約),無,532300,,2階,1993年11月,川口市北原台3丁目の貸倉庫【143坪】,,埼玉県川口市北原台３丁目17-11,,,,2.00,3.00,,1.00,,475.06,143.7,3705,2026/06/10,"2025/05/15 09:40","2026/06/10 15:43",先物(仲介),,株式会社ワイジープランニング,-,"=""045-595-9518""",空有,"2025/5/20　申込み有　二番手可
■2025/9/9　1階はアパレル関係の保管倉庫としてオーナー使用。臭いなどは不可。業種限られる。共有部分使い2階に上がる。
■2階部分（R00176-016708の部分貸し）
",3330815
倉庫,R00176-024221,,,,空,アーカイブ(成約),無,885500,,階,1982年06月,戸田市美女木3丁目の貸倉庫【146坪】,,埼玉県戸田市美女木３丁目6-25,5500,,3.00,1.00,,,1.00,549.45,484.56,146.57,6042,2026/06/09,"2025/04/22 11:33","2026/06/09 18:46",先物(仲介),,有限会社ナグモ,-,"=""048-296-0248""",空有,"※2026/4/8　広告NGのためマッチングのみ｜(有)ナグモ
2026/06　A多久島さん契約予定",3350031
倉庫,R00176-024924,,,,使用中,保留,無,715000,,階,1990年10月,蕨市南町4丁目の貸倉庫【135坪】,,埼玉県蕨市南町４丁目7-2,,,1.00,1.00,,,,440.16,448.00,135.52,5276,2026/06/09,"2025/10/07 09:48","2026/06/09 15:43",先物(仲介),,株式会社平和不動産　事業用賃貸部※広告NG業者,-,"=""048-446-1000""",空有,※2025/10/7　広告確認中のためマッチングのみ｜平和不動産,3350003
店舗(建物一括),R00176-024402,,,,空,公開可,無,308000,,階,1971年04月,八王子市元八王子町3丁目の貸店舗【32坪】,,東京都八王子市元八王子町３丁目2363,,,840000,308000,,,1.00,,106.23,32.13,9585,2026/06/09,"2025/05/29 13:13","2026/06/09 12:44",先物(仲介),,（株）ホームグラウンド,-,"=""042-649-3383""",空有,,1930826
貸地,R00176-025618,,,,更地,アーカイブ(成約),無,301500,,階,-,横浜市都筑区勝田町の貸地【150坪】,,神奈川県横浜市都筑区勝田町664,,,,1.00,3.00,,1.10,498.21,,150.7,2001,2026/05/15,"2026/03/31 10:27","2026/06/09 12:38",先物(仲介),,アーキテクト大洋不動産株式会社,-,"=""045-943-6020""",,※2026/3/30　at-home広告可物件｜アーキテクト?洋不動産（株）,2240034
店舗(建物一括),R00176-025566,,,,空,アーカイブ(成約),無,299200,,階,1986年11月,清瀬市松山2丁目の貸店舗【37坪】,,東京都清瀬市松山２丁目2-5,,,,1.00,6.00,,1.00,,124.77,37.74,7928,2026/06/09,"2026/03/17 17:15","2026/06/09 11:40",自社,一般媒介,株式会社センチュリーダイソー,星,"=""03-6441-2258""",,"・A号室
■2026/4/30　賃料変更：326,000円（税込）→299,200円（税込）
■2026/4/24　賃料変更：352,000円（税込）→326,000円（税込）
■2026/3/16　一般媒介｜担当：星さん
■2026/6　　　星さん契約",2040022
貸地,R00176-025393,,,,更地,アーカイブ(成約),無,600000,,階,-,新座市あたご1丁目の貸地【587坪】,,埼玉県新座市あたご１丁目3-36,,,3.00,,,,1.00,1943.55,,587.92,1021,2026/06/09,"2026/02/06 10:16","2026/06/09 11:03",先物(仲介),,ハウスマート,-,"=""03-3923-4111""",,2026/06　A多久島さん契約予定,3520021
倉庫,R00176-025666,,,,空,公開可,無,600000,,1階,2006年08月,横浜市南区日枝町1丁目の貸倉庫【27坪】,,神奈川県横浜市南区日枝町１丁目13-15,,,3.00,,,,1.00,,92.47,27.97,21450,2026/07/13,"2026/04/13 10:17","2026/06/08 16:56",先物(仲介),,株式会社タウンハウジング,-,"=""03-5687-1915""",空有,,2320011
貸地,R00176-025721,,,,更地,アーカイブ(成約),無,396000,,階,-,横浜市都筑区東方町の貸地【180坪】,,神奈川県横浜市都筑区東方町792,,,,2.00,3.00,,0.50,597.00,,180.59,2193,2026/05/14,"2026/04/23 10:19","2026/06/08 13:19",先物(仲介),,株式会社加瀬テナントサービス,-,"=""045-534-8232""",,※入れても4ｔ車程度までとの事,2240045
貸地,R00176-025914,,,,更地,公開可,無,330000,,階,-,千葉市花見川区三角町の貸地【307坪】,,千葉県千葉市花見川区三角町606,,,,1.00,6.00,,,1015.83,,307.28,1074,2026/07/27,"2026/06/08 10:14","2026/06/08 11:30",先物(仲介),,（株）プロフィット,-,"=""03-6804-5301""",,※2026/6/8　at-home転載可物件｜(株)プロフィット,2620011
工場,R00176-025545,,,,空,公開可,無,495000,,階,1970年07月,大田区南六郷2丁目の貸工場【57坪】,,東京都大田区南六郷２丁目5-7,,,,1.10,6.00,,,,191.52,57.93,8545,2026/07/29,"2026/03/13 10:32","2026/06/08 10:06",先物(仲介),,大成有楽不動産販売(株)横浜センター賃貸デスク,-,"=""045-287-0311""",空有,"・連棟式
・第二工場",1440045
工場,R00176-025544,,,,空,公開可,無,374000,,階,1970年07月,大田区南六郷2丁目の貸工場【50坪】,,東京都大田区南六郷２丁目5-7,,,,1.10,6.00,,,,165.96,50.2,7450,2026/07/29,"2026/03/13 10:31","2026/06/08 10:04",先物(仲介),,大成有楽不動産販売(株)横浜センター賃貸デスク,-,"=""045-287-0311""",空有,"・連棟式
・第一工場",1440045
店舗事務所(建物一括),R00176-025661,,,,空,公開可,無,1430000,,階,1989年03月,柏市南柏1丁目の貸店舗・事務所【112坪】,,千葉県柏市南柏１丁目13,,,,1.00,6.00,,1.50,330.00,373.00,112.83,12674,2026/07/09,"2026/04/10 09:14","2026/06/05 16:51",先物(仲介),,ＭＥ不動産西東京（株）,-,"=""042-497-5777""",空有,・場所：グーグルマップでは、南柏1丁目13-11（ニッポンレンタカー南柏営業所）,2770855
倉庫,R00176-025776,,,,空,公開可,無,2491500,,4階,2008年07月,流山市森のロジスティクスパーク4丁目の貸倉庫【435坪】,,千葉県流山市森のロジスティクスパーク４丁目66-1,,,1.00,1.00,,,,,1497.55,453,5500,2026/07/29,"2026/05/08 13:46","2026/06/05 16:28",先物(仲介),,（株）オーマイホーム　,-,"=""048-940-6728""",,・4階G,2700104
貸地,R00176-025865,,,,更地,公開可,無,600000,,階,-,流山市駒木の貸地【1197坪】,,千葉県流山市駒木650-13,,,4.00,2.00,,,1.00,3958.00,,1197.29,502,2026/07/27,"2026/05/28 10:44","2026/06/05 16:24",先物(仲介),,ゼクス株式会社,-,"=""047-468-8685""",,※2026/5/28　at-home転載可物件｜ゼクス（株）,2700132
工場,R00176-025023,,,,空,保留,無,770000,,階,2011年02月,草加市青柳3丁目の貸工場【135坪】,,埼玉県草加市青柳３丁目6-29,,,3.00,1.00,,,1.00,,448.06,135.53,5682,2026/06/05,"2025/10/22 09:47","2026/06/05 15:28",先物(仲介),,（有）千祥,-,"=""048-933-5111""",,"※2025/10/22　広告NGのためマッチングのみ｜(有)千祥
2025/12/12確認：申込複数有",3400002
倉庫,R00176-025824,,,,空,公開可,無,458000,,1階,1984年01月,墨田区太平4丁目の貸倉庫【32坪】,,東京都墨田区太平４丁目11-9,,,3.00,1.00,,,1.00,,108.05,32.68,14013,2026/07/24,"2026/05/19 11:15","2026/06/05 11:48",先物(仲介),,トモ・コーポレーション（株）,-,"=""03-5608-4161""",無,"・1階部分
2026.6.5確認：申込み２件有。３番手可能ではあるが、２社どちらかで決まりそう",1300012
倉庫,R00176-025506,,,,使用中,アーカイブ(成約),無,3172158,,階,1997年04月,加須市大桑2丁目の貸倉庫【801坪】,,埼玉県加須市大桑２丁目25-1,,,4.00,1.00,,,,4497.00,2648.09,801.04,3961,2026/05/07,"2026/03/03 12:24","2026/06/05 11:37",先物(仲介),,株式会社コジョソコ,-,"=""045-530-9890""",空有,,3470010
倉庫,R00176-023951,,,,空,アーカイブ(成約),無,4224000,,階,1977年04月,野田市山崎の貸倉庫【1282坪】,,千葉県野田市山崎1594,,,3.00,1.00,,,,,4238.48,1282.14,3295,2026/06/04,"2025/02/26 10:24","2026/06/04 14:36",先物(仲介),,(有)東京堂不動産部,-,"=""03-3876-8333""",,"2025.8.6　シャッター4.25M、天井高5Mはあるとのこと。
2F最大荷重㎡あたり400㎏
・所在地：山崎1594-54",2780022
工場,R00176-025415,,,,空,アーカイブ(成約),無,4620000,,階,1975年11月,埼玉第55倉庫【767坪】,,埼玉県朝霞市泉水１丁目4-20,,,4.00,1.00,,,1.00,1939.81,2537.76,767.67,6019,2026/05/01,"2026/02/10 16:55","2026/06/04 10:53",自社,代理,株式会社センチュリーダイソー　埼玉支店,祷,"=""048-290-0776""",空有,"埼玉第55倉庫｜サブリース物件｜担当：祷さん　
2026/5/1　成約済
2026/3/10現在非公開
2026/3/13情報公開
【所在地】埼玉県朝霞市泉水１丁目4-20",3510024
貸地,R00176-024562,,,,更地,公開可,無,450000,,階,-,八王子市西寺方町の貸地【918坪】,,東京都八王子市西寺方町533,,,3.00,,,,1.00,3035.10,,918.11,491,2026/07/24,"2025/07/07 10:22","2026/06/04 09:50",先物(仲介),,（株）寿建設　不動産部,-,"=""042-623-8821""",,・所在地：西寺方町553他,1920153
貸地,R00176-025784,,,,更地,公開可,無,880000,,階,-,柏市泉の貸地【3239坪】,,千葉県柏市泉1211-2,,,3.00,2.00,,,,10710.00,,3239.77,272,2026/07/28,"2026/05/11 11:07","2026/06/03 15:07",先物(仲介),,（株）ＭＩＴＳＵＭＩ　Ｃａｐｉｔａｌ,-,"=""04-7198-6818""",,,2701456
工場,R00176-025741,,,,空,公開可,無,387200,,1階,1985年01月,八千代市島田台の貸工場【87坪】,,千葉県八千代市島田台1093,,,3.00,1.00,,,1.10,,288.00,87.12,4445,2026/07/09,"2026/04/28 11:21","2026/06/03 15:00",先物(仲介),,（有）京葉不動産,-,"=""047-455-8166""",,※2026/4/28　広告確認中のためマッチングのみ｜京葉不動産,2760004
貸地,R00176-025690,,,,更地,公開可,無,360000,,階,-,柏市船戸の貸地【607坪】,,千葉県柏市船戸1833-1,,,720000,360000,,,,2007.00,,607.11,593,2026/06/29,"2026/04/16 09:42","2026/06/03 14:39",先物(仲介),,柴田不動産企画合同会社,連絡：090-8723-2978,"=""047-383-5883""",,,2770802
倉庫,R00176-025623,,,,,公開可,無,,,階,2019年09月,八千代市緑が丘西６丁目の貸倉庫【10734坪】,,千葉県八千代市緑が丘西６丁目12-20,,,,,,,,37798.77,35487.02,10734.82,,2026/06/29,"2026/03/31 11:30","2026/06/03 14:30",先物(仲介),,株式会社センチュリーダイソー,小林,"=""03-6441-2258""",空有,■2026/3/31　掲載依頼物件｜担当：小林,2760040
倉庫,R00176-025191,,,,空,公開可,無,2591600,,1階,1986年09月,八千代市吉橋の貸倉庫【589坪】,,千葉県八千代市吉橋1831-1,,,,1.00,3.00,,,,1949.40,589.69,4395,2026/06/29,"2025/12/04 11:12","2026/06/03 14:23",先物(仲介),,ウェアハウス工業（株）,-,"=""048-262-0544""",,・5、6区画,2760047
貸地,R00176-024078,,,,更地,公開可,無,1500000,,階,-,八千代市米本の貸地【3052坪】,,千葉県八千代市米本,,,3.00,1.00,,,,10091.00,,3052.52,492,2026/07/09,"2025/03/24 11:13","2026/06/03 14:13",先物(仲介),,(株)川島不動産,-,"=""047-483-2652""",,"・場所：グーグルマップでは、米本2725（曹洞宗 永福寺）の道路挟んで北側あたり
※2025/3/24　広告確認中のためマッチングのみ｜(株)川島不動産",2760015
貸地,R00176-025730,,,,更地,アーカイブ(成約),無,780000,,階,-,藤沢市打戻の貸地【601坪】,,神奈川県藤沢市打戻2052-1,,,3.00,1.00,,,,1989.00,,601.67,1297,2026/05/22,"2026/04/27 10:11","2026/06/02 15:14",先物(仲介),,GｉｖｅＲｅ（株）,-,"=""0467-40-6760""",,Googleマップ：https://maps.app.goo.gl/4wGu58hStArpoTnp6,2520824
倉庫,R00176-025840,,,,使用中,公開可,無,770000,,階,-,江東区新木場3丁目の貸倉庫【55坪】,,東京都江東区新木場３丁目2-11,,,,,3080000,,,330.00,183.88,55.62,13844,2026/07/24,"2026/05/22 10:46","2026/06/02 14:44",先物(仲介),,アーバンシステム管理株式会社,-,"=""03-3643-8130""",,"2026/06/02　物確→募集中ではあるが既に数社から申し込みが入っているそうです。
今週金曜日（6/5）までに申し込みが入ったところで審査をして決めるそうです。

★元付：アーバンシステム管理株式会社／　アライ様（090-6938-6258）
",1360082
貸地,R00176-024231,,,,その他,アーカイブ(成約),無,391200,,階,-,横浜市港北区新吉田町の貸地【177坪】,,神奈川県横浜市港北区新吉田町3998,,,3.00,1.00,,,1.00,587.92,,177.84,2200,2026/05/08,"2025/04/24 10:05","2026/06/02 12:42",先物(仲介),,（株）コタニ興業,-,"=""045-593-3721""",,"・B区画
・住所：新吉田町3998、3999",2230056
倉庫,R00176-025286,,,,空,アーカイブ(成約),無,418000,,1階,1974年07月,横浜市鶴見区下末吉5丁目の貸倉庫【72坪】,,神奈川県横浜市鶴見区下末吉５丁目10-10,44000,,,,6.00,,1.00,,239.24,72.37,5776,2026/05/08,"2026/01/09 09:47","2026/06/02 12:34",先物(仲介),,（株）Ａｌｌ　Ｒｏｕｎｄ,-,"=""045-321-7680""",空有,,2300012
貸地,R00176-025587,,,,更地,アーカイブ(成約),無,316500,,階,-,愛甲郡愛川町中津の貸地【222坪】,,神奈川県愛甲郡愛川町中津2502-1,,,3.00,1.00,,,1.00,736.00,,222.64,1422,2026/05/08,"2026/03/24 10:23","2026/06/02 12:28",先物(仲介),,厚?倉庫株式会社,-,"=""046-233-5111""",,・所在地：愛甲郡愛川町中津2502-1、他,2430303
貸地,R00176-025752,,,,更地,アーカイブ(成約),無,352000,,階,-,横浜市青葉区下谷本町の貸地【114坪】,,神奈川県横浜市青葉区下谷本町9-8,,,4.00,1.00,,1.00,1.00,377.31,,114.13,3085,2026/05/01,"2026/05/01 09:56","2026/06/01 18:00",先物(仲介),,（有）グッドウィル　,-,"=""045-943-1783""",,,2270042
貸地,R00176-025753,,,,更地,アーカイブ(成約),無,693000,,階,-,横浜市青葉区下谷本町の貸地【228坪】,,神奈川県横浜市青葉区下谷本町9-8,,,4.00,1.00,,1.00,1.00,754.63,,228.27,3036,2026/05/01,"2026/05/01 09:56","2026/06/01 17:59",先物(仲介),,（有）グッドウィル　,-,"=""045-943-1783""",,,2270042
倉庫,R00176-025734,,,,空,アーカイブ(成約),無,418000,,階,2000年12月,草加市西町の貸倉庫【83坪】,,埼玉県草加市西町1152-1,,,,1.00,1140000,,1.00,,275.78,83.42,5011,2026/06/01,"2026/04/28 09:42","2026/06/01 17:54",先物(仲介),,（株）アドバンス,-,"=""048-935-6101""",,,3400035
店舗(建物一括),R00176-024724,,,,空,公開可,無,150000,,5階,2023年06月,中央区月島3丁目の貸店舗【6坪】,,東京都中央区月島３丁目12-8,,,6.00,1.00,,1.00,,,20.62,6.23,24048,2026/07/24,"2025/08/19 15:49","2026/06/01 17:44",先物(仲介),,株式会社センチュリーダイソー,明石次長,"=""03-6441-2258""",無,"■フィル管理案件｜月島アバックビル5階｜担当：明石さん
明石さんより変更依頼｜
※何商可。５FだけどEVなし
※鍵番号：2580　（ちょっとだけ開けづらいのでいろんな方法で試してください）
賃料DOWN 18万⇒15万　2026.6.1",1040052
倉庫,R00176-025369,,,,建築中,アーカイブ(成約),無,935000,,1階,2026年08月,川口市領家4丁目の貸倉庫【89坪】,,埼玉県川口市領家４丁目8-17,,,2.00,2.00,,,1.00,499.78,295.41,89.36,10464,2026/06/01,"2026/02/03 10:01","2026/06/01 15:37",先物(仲介),,有限会社ヤハタ物産,-,"=""048-223-4980""",,"・A棟
",3320004
店舗(建物一括),R00176-025781,,,,空,アーカイブ(成約),無,520000,,1階,2005年10月,所沢市三ケ島1丁目の貸店舗【53坪】,,埼玉県所沢市三ケ島１丁目701-7,,,,1.00,4.00,,,1164.00,178.00,53.84,9658,2026/05/28,"2026/05/11 10:24","2026/06/01 11:55",先物(仲介),,株式会社イコム,-,"=""048-799-3200""",空有,2026/5/28　申込みあり、ほぼ決まりで二番手受け付けない,3591164
倉庫,R00176-023391,,,,空,公開可,無,1050000,,階,1984年01月,東大和市立野4丁目の貸倉庫【161坪】,,東京都東大和市立野４丁目502,3300,,,1.00,3.00,,,,534.81,161.78,6491,2026/06/01,"2024/11/01 10:48","2026/06/01 10:03",先物(仲介),,都市ホーム賃貸サービス（株）,-,"=""042-562-3377""",,・場所：グーグルマップでは、立野4丁目502-10,2070021
倉庫,R00176-025454,,,,空,公開可,無,3761100,,1階,1974年11月,東村山市恩多町5丁目の貸倉庫【876坪】,,東京都東村山市恩多町５丁目37-4,63250,,4.00,1.00,,,,9732.00,2898.30,876.73,4290,2026/06/01,"2026/02/18 10:39","2026/06/01 09:51",先物(仲介),,株式会社シーアールイー　本社,-,"=""03-5572-6604""",,・11号、13号,1890011
工場,R00176-025410,,,,空,公開可,無,495000,,階,1982年01月,足立区六木1丁目の貸工場【68坪】,,東京都足立区六木１丁目18-24,,,,1.00,3.00,,1.00,,225.00,68.06,7273,2026/07/29,"2026/02/10 11:24","2026/06/01 09:48",先物(仲介),,(有)コンシェルジュ,-,"=""03-5851-0088""",空有,※2026/2/10　レインズ広告可物件｜(有)コンシェルジュ,1210052
倉庫,R00176-025375,,,,空,公開可,無,396000,,階,2000年05月,江戸川区一之江1丁目の貸倉庫【43坪】,,東京都江戸川区一之江１丁目,,,3.00,2.00,,,1.50,,218.84,66.19,5982,2026/07/01,"2026/02/03 11:12","2026/06/01 09:45",先物(仲介),,ルームネクスト（株）恒和商事　瑞江駅前支店,-,"=""03-6638-7790""",空有,"・B：1-2階、C：1階事務所
・枝番：3-17",1320024
倉庫,R00176-025445,,,,使用中,公開可,無,28879785,,4階,2003年07月,武蔵村山市伊奈平1丁目の貸倉庫【5635坪】,,東京都武蔵村山市伊奈平１丁目26-1,,,6.00,,,,,32745.00,18630.00,5635.57,5125,2026/07/28,"2026/02/17 12:13","2026/05/29 17:25",先物(仲介),,久保田倉庫（有）,-,"=""0270-23-1057""",,,2080023
倉庫,R00176-023989,,,,空,公開可,無,9075000,,4階,2020年07月,立川市泉町の貸倉庫【1500坪】,,東京都立川市泉町935,,,6.00,1.00,,,,,4958.68,1500,6050,2026/07/14,"2025/03/04 13:49","2026/05/29 17:10",先物(仲介),,イーソーコ株式会社,-,"=""03-5439-9401""",,"・4階部分
・場所：グーグルマップでは泉町935-27（立飛リアルエステート204号棟）",1900015
倉庫,R00176-025801,,,,空,アーカイブ(成約),無,418000,,階,1985年03月,川口市赤井1丁目の貸倉庫【98坪】,,埼玉県川口市赤井１丁目17-10,,,2.00,1.00,,,,298.26,325.22,98.37,4249,2026/05/29,"2026/05/14 09:43","2026/05/29 16:59",先物(仲介),,千葉建装（株）,-,"=""048-285-5101""",空有,2026/5/29　申込みあり、進んでほぼ決まり。募集止め,3340073
倉庫,R00176-025522,,,,空,公開可,無,1870000,,階,1994年03月,国分寺市光町1丁目の貸倉庫【191坪】,,東京都国分寺市光町１丁目29-10,,,,1.00,4.00,,1.00,,634.10,191.81,9749,2026/06/26,"2026/03/09 09:36","2026/05/29 16:20",先物(仲介),,（株）タープ不動産,-,"=""03-5844-6300""",空有,,1850034
倉庫,R00176-025100,,,,空,アーカイブ(成約),無,4400000,,階,2026年02月,西多摩郡瑞穂町大字箱根ケ崎の貸倉庫【1000坪】,,東京都西多摩郡瑞穂町大字箱根ケ崎858-1,,,3.00,1.00,,,,,3307.20,1000.42,4399,2026/04/16,"2025/11/07 10:57","2026/05/29 15:22",先物(仲介),,（株）トラスト　,-,"=""03-5832-9959""",,※2025/11/7　レインズ広告可物件｜(株)トラスト（担当：080-6602-6065）,1901221
店舗(建物一部),R00176-023547,,,,空,アーカイブ(成約),無,1650000,,階,1988年11月,東久留米市前沢4丁目の貸店舗【372坪】,,東京都東久留米市前沢４丁目6-2,,,,1.00,6.00,,1.00,,1232.90,372.95,4425,2026/04/16,"2024/11/29 11:41","2026/05/29 15:21",先物(仲介),,ライト株式会社,-,"=""03-5431-5677""",空有,"・地下1-2階部分
※2024/11/29　広告確認中のためマッチングのみ｜ライト（株）",2030032
店舗事務所(建物一部),R00176-023051,,,,空,アーカイブ(成約),無,608300,,1階,1987年01月,武蔵村山市三ツ藤3丁目の貸店舗・事務所【81坪】,,東京都武蔵村山市三ツ藤３丁目7-8,,,3.00,1.00,,,1.00,,269.16,81.42,7472,2026/04/23,"2024/08/23 12:09","2026/05/29 15:12",先物(仲介),,第一商事有限会社,-,"=""042-560-2381""",空有,"2024.10.7　駐車台数8台。2・3Fオーナー様使用。
2025.06.24　第一商事（有）ハラダ様／042-560-2381より入電。契約が流れたため紹介希望。",2080021
店舗(建物一括),R00176-025284,,,,空,アーカイブ(成約),無,1100000,,階,2018年08月,町田市原町田4丁目の貸店舗【47坪】,,東京都町田市原町田４丁目7-18,33000,,,2.00,10000000,,1.00,,156.73,47.41,23202,2026/03/25,"2026/01/08 10:11","2026/05/29 13:35",先物(仲介),,(株)さくら建物,-,"=""042-722-0003""",,,1940013
倉庫,R00176-025520,,,,空,アーカイブ(成約),無,700000,,1階,1980年11月,足立区舎人5丁目の貸倉庫【164坪】,,東京都足立区舎人５丁目9-18,25000,,2.00,1.00,,,,660.22,542.80,164.19,4264,2026/04/06,"2026/03/06 10:25","2026/05/29 13:10",先物(仲介),,大栄建託(株),-,"=""048-297-2386""",空有,・1階部分,1210831
倉庫,R00176-025702,,,,空,アーカイブ(成約),無,2640000,,階,1987年03月,江戸川区松江7丁目の貸倉庫【317坪】,,東京都江戸川区松江７丁目7-5,,,,2.00,4.00,,,611.15,1048.27,317.1,8326,2026/04/20,"2026/04/20 11:01","2026/05/29 13:09",先物(仲介),,センチュリー２１（株）すみれホーム,-,"=""03-6231-8631""",,,1320025
倉庫,R00176-025383,,,,空,アーカイブ(成約),無,300000,,1階,-,葛飾区奥戸7丁目の貸倉庫【54坪】,,東京都葛飾区奥戸７丁目1-21,,,2.00,2.00,,,1.50,,179.76,54.37,5517,2026/04/02,"2026/02/05 11:14","2026/05/29 12:54",先物(仲介),,（株）ホワイトハウス,-,"=""03-3697-0212""",空有,"・1階部分
※広告確認中のためマッチングのみ｜(株)ホワイトハウス",1240022
倉庫,R00176-025336,,,,空,アーカイブ(成約),無,330000,,1階,1989年01月,葛飾区新小岩3丁目の貸倉庫【36坪】,,東京都葛飾区新小岩３丁目13-7,,,,1.00,4.00,,1.00,,120.26,36.37,9072,2026/04/20,"2026/01/22 11:27","2026/05/29 12:53",先物(仲介),,（株）タープ不動産,-,"=""03-5844-6300""",空有,"・1階部分
2026/02/2　物確→契約予定
2026/04/20　物確→契約予定",1240024
貸地,R00176-025486,,,,,アーカイブ(成約),無,440000,,階,-,江戸川区大杉5丁目の貸地【75坪】,,東京都江戸川区大杉５丁目9-6,,,1.00,1.00,,,1.65,248.76,,75.24,5848,2026/05/29,"2026/02/27 10:13","2026/05/29 12:51",先物(仲介),,（株）キノビト,-,"=""03-5879-5509""",,,1320022
倉庫,R00176-025426,,,,使用中,アーカイブ(成約),無,396000,,1階,1990年04月,足立区入谷2丁目の貸倉庫【39坪】,,東京都足立区入谷２丁目2-3,19800,,2.00,1.00,,,1.00,252.94,129.18,39.07,10134,2026/04/20,"2026/02/13 12:00","2026/05/29 12:51",先物(仲介),,（株）リヴ,-,"=""048-923-0021""",空有,※2026/2/13　広告確認中のためマッチングのみ｜(株)リヴ,1210836
倉庫,R00176-025635,,,,空,アーカイブ(成約),無,825000,,1階,2019年07月,足立区加賀2丁目の貸倉庫【77坪】,,東京都足立区加賀２丁目13-12,,,2.00,1.00,,,1.00,,255.65,77.33,10668,2026/04/06,"2026/04/03 11:08","2026/05/29 12:47",先物(仲介),,株式会社ハウスセイラーズ,-,"=""03-3896-0141""",空有,※2026/4/3　広告確認中のためマッチングのみ｜(株)ハウスセイラーズ,1230861
店舗事務所(建物一括),R00176-025878,,,,空,保留,無,396000,,階,1988年01月,川崎市幸区南加瀬５丁目の貸店舗・事務所【18坪】,,神奈川県川崎市幸区南加瀬５丁目1-6,,,,1.00,4.00,,1.00,333.71,59.80,18.08,21892,2026/05/29,"2026/05/29 11:20","2026/05/29 11:28",自社,一般媒介,株式会社センチュリーダイソー,星,"=""03-6441-2258""",空有,"■2026/5/29　募集条件変更
　　　　　　　 建物面積変更：126.14㎡⇒59.80㎡
　　　　　　　 賃料変更：￥594,000⇒￥396,000
　　　　　　　 駐車場台数変更：6台⇒4台
■2025/8/26　建物面積変更　56.19㎡⇒126.14㎡
■2024/12/23　オーナーの知り合いにて2025年4月頃まで一時使用中※募集は継続
■2024/3/26　賃料変更　715,000円（税込）→594,000円（税込）
■2023/10/4　一般媒介物件（担当：星）",2120055
貸地,R00176-024576,,,,更地,公開可,無,390000,,階,-,印西市高西新田の貸地【2458坪】,,千葉県印西市高西新田14-1,,,2.00,2.00,,,1.00,8128.00,,2458.72,159,2026/07/27,"2025/07/10 10:44","2026/05/29 10:54",先物(仲介),,ゼクス株式会社,-,"=""047-468-8685""",,,2701365
工場,R00176-025723,,,,使用中,アーカイブ(成約),無,3850000,,階,2024年09月,千葉市花見川区犢橋町の貸工場【566坪】,,千葉県千葉市花見川区犢橋町1623-1,,,3.00,1.00,,,1.00,961.98,1873.16,566.63,6795,2026/05/29,"2026/04/23 10:50","2026/05/29 10:44",先物(仲介),,（株）与志建設,-,"=""043-286-0554""",,※2026/4/23　広告確認中のためマッチングのみ｜(株)与志建設,2620013
倉庫,R00176-025803,,,,空,公開可,無,2171950,,階,1998年08月,江東区塩浜2丁目の貸倉庫【179坪】,,東京都江東区塩浜２丁目11-24,,,10.00,1.00,,,0.55,362.62,593.40,179.5,12100,2026/07/24,"2026/05/14 10:06","2026/05/29 09:57",先物(仲介),,ＮＸ商事（株）東京支店　不動産営業部,-,"=""050-3490-7532""",空有,,1350043
倉庫,R00176-025775,,,,空,公開可,無,5219500,,2階,2013年10月,市川市塩浜2丁目の貸倉庫【649坪】,,千葉県市川市塩浜２丁目14-1,782925,,,1.00,4.00,,,,2148.76,649.99,8031,2026/07/27,"2026/05/08 13:16","2026/05/29 09:41",先物(仲介),,（株）タープ不動産,-,"=""03-5844-6300""",,・2階一部,2720127
倉庫,R00176-023574,,,,,公開可,無,385000,,1階,1981年04月,江戸川区中葛西6丁目の貸倉庫【49坪】,,東京都江戸川区中葛西６丁目12-16,,,,1.00,4.00,,,,165.28,49.99,7701,2026/07/29,"2024/12/05 10:02","2026/05/28 18:03",先物(仲介),,（株）ＴＨＥ　ＬＩＦＥ,担当：中川様｜080-3241-0847,"=""045-594-8348""",,"・場所：グーグルマップでは、中葛西6丁目12-3
※2026/5/26　広告確認中のためマッチングのみ｜(株)THE LIFE",1340083
倉庫,R00176-025839,,,,空,公開可,無,330000,,地下1階,1988年09月,大田区北糀谷1丁目の貸倉庫【30坪】,,東京都大田区北糀谷１丁目2-6,,,3.00,1.00,,,1.00,,102.44,30.98,10650,2026/07/29,"2026/05/22 10:44","2026/05/28 17:14",先物(仲介),,城南マネジメント（株）,-,"=""03-6459-6352""",無,"・地下1階
※2026/5/22　at-home転載可物件｜城南マネジメント（株）",1440032
倉庫,R00176-025691,,,,空,アーカイブ(成約),無,847000,,階,2006年06月,足立区鹿浜4丁目の貸倉庫【119坪】,,東京都足立区鹿浜４丁目9-3,,,2.00,,,,1.00,351.96,394.92,119.46,7091,2026/05/28,"2026/04/16 10:16","2026/05/28 16:56",先物(仲介),,（株）カガヤ,-,"=""03-3853-3535""",空有,,1230864
工場,R00176-025347,,,,空,アーカイブ(成約),無,437800,,階,1972年07月,吉川市中野の貸工場【229坪】,,埼玉県吉川市中野303,,,2.00,1.00,,,1.00,623.97,757.31,229.08,1912,2026/05/28,"2026/01/27 09:55","2026/05/28 16:27",先物(仲介),,有限会社クイーンズ,-,"=""048-984-1715""",,,3420042
倉庫,R00176-025714,,,,空,アーカイブ(成約),無,484000,,1階,1980年08月,川口市江戸3丁目の貸倉庫【79坪】,,埼玉県川口市江戸３丁目16-3,,,2.00,1.00,,,,,263.24,79.63,6079,2026/05/28,"2026/04/22 10:10","2026/05/28 16:24",先物(仲介),,（株）山下五島総業,-,"=""048-284-6410""",,20260513　申込あり,3340074
工場,R00176-024459,,,,空,アーカイブ(成約),無,330000,,階,1994年07月,北本市中丸3丁目の貸工場【130坪】,,埼玉県北本市中丸３丁目132-1,,,6.00,1.00,,,,,431.20,130.43,2530,2026/05/28,"2025/06/13 11:33","2026/05/28 16:23",先物(仲介),,丸和セレクトホーム株式会社,-,"=""048-591-3575""",空有,2025.6.20　周辺住宅地の為、大きい音が出る業種NG。,3640013
店舗事務所(建物一括),R00176-025337,,,,空,アーカイブ(成約),無,380000,,階,2004年10月,児玉郡上里町大字金久保の貸店舗・事務所【77坪】,,埼玉県児玉郡上里町大字金久保350-3,,,2.00,2.00,,,,933.87,255.46,77.27,4918,2026/05/28,"2026/01/23 10:00","2026/05/28 16:09",先物(仲介),,ＮＯ．１（株）,-,"=""082-250-3494""",空有,※2026/1/23　広告確認中のためマッチングのみ,3690301
倉庫,R00176-024800,,,,空,アーカイブ(成約),無,1938022,,階,2025年07月,三郷市彦糸2丁目の貸倉庫【311坪】,,埼玉県三郷市彦糸２丁目149,,102904,,1938022,10571034,,,,1030.83,311.82,6216,2026/05/28,"2025/09/03 09:27","2026/05/28 16:00",先物(仲介),,株式会社拓洋,-,"=""048-995-4147""",,・2-3階部分,3410001
倉庫,R00176-025870,,,,空,公開可,無,300000,,階,2025年11月,野田市中里の貸倉庫【35坪】,,千葉県野田市中里418-1,,,,1.00,3.00,,1.00,658.87,117.60,35.57,8434,2026/07/28,"2026/05/28 11:19","2026/05/28 14:08",先物(仲介),,ゼクス株式会社,-,"=""047-468-8685""",空有,・分割案⑥　1階部分,2700237
倉庫,R00176-025869,,,,空,公開可,無,550000,,階,2025年11月,野田市中里の貸倉庫【114坪】,,千葉県野田市中里418-1,,,,1.00,3.00,,1.00,658.87,378.00,114.34,4811,2026/07/28,"2026/05/28 11:19","2026/05/28 14:08",先物(仲介),,ゼクス株式会社,-,"=""047-468-8685""",空有,・分割案⑤　1-2階部分,2700237
倉庫,R00176-025867,,,,空,公開可,無,498000,,階,2025年11月,野田市中里の貸倉庫【114坪】,,千葉県野田市中里418-1,,,,1.00,3.00,,1.00,658.87,378.00,114.34,4356,2026/07/09,"2026/05/28 11:05","2026/05/28 14:07",先物(仲介),,ゼクス株式会社,-,"=""047-468-8685""",空有,・分割案③　1-2階部分,2700237
倉庫,R00176-025866,,,,空,公開可,無,395000,,階,2025年11月,野田市中里の貸倉庫【78坪】,,千葉県野田市中里418-1,,,,1.00,3.00,,1.00,658.87,260.40,78.77,5015,2026/07/28,"2026/05/28 10:54","2026/05/28 14:06",先物(仲介),,ゼクス株式会社,-,"=""047-468-8685""",空有,・分割案②　1-2階部分,2700237
倉庫,R00176-025470,,,,空,アーカイブ(成約),無,550000,,1階,1973年01月,豊島区巣鴨5丁目の貸倉庫【56坪】,,東京都豊島区巣鴨５丁目9-7,,,,,6.00,,2.00,,188.04,56.88,9670,2026/03/30,"2026/02/24 11:00","2026/05/28 11:54",先物(仲介),,（株）キャピタル・アート,-,"=""03-3335-5486""",無,※2026/2/24　広告NGのためマッチングのみ｜(株)キャピタル・アート,1700002
店舗事務所(建物一部),R00176-024909,,,,空,アーカイブ(成約),無,770000,,1階,1981年11月,杉並区西荻北5丁目の貸店舗・事務所【40坪】,,東京都杉並区西荻北５丁目25-13,,,5.00,1.00,,,,,132.91,40.2,19152,2026/03/30,"2025/10/01 09:25","2026/05/28 11:53",先物(仲介),,ポスト・リンテル（株）,孫：070-6458-6891,"=""03-4579-0033""",,※2025/10/1　広告確認中のためマッチングのみ｜ポスト・リンテル(株),1670042
倉庫,R00176-025862,,,,居住中,保留,無,425000,,階,1988年05月,江東区深川1丁目の貸倉庫【30坪】,,東京都江東区深川１丁目,,,3.00,2.00,,,,,100.00,30.25,14050,2026/05/28,"2026/05/28 10:07","2026/05/28 10:23",先物(仲介),,（株）ルークス,-,"=""03-6441-2797""",空有,"※2026/5/28　物件情報が消えているため保留中｜(株)ルークス
・1-2階部分
※番地無し、地図未指定です。確認お願いします。
",1350033
倉庫,R00176-023205,,,,空,アーカイブ(成約),無,396000,,階,1985年11月,大田区京浜島2丁目の貸倉庫【41坪】,,東京都大田区京浜島２丁目3-17,,,,1.00,6.00,,,,135.66,41.03,9650,2026/04/16,"2024/09/26 11:31","2026/05/28 10:21",先物(仲介),,株式会社シティ・ハウジング??森店,-,"=""050-3615-8765""",空有,・B区画,1430003
倉庫,R00176-025297,,,,空,アーカイブ(成約),無,437800,,1階,1965年04月,目黒区目黒本町2丁目の貸倉庫【15坪】,,東京都目黒区目黒本町２丁目15-18,,,3.00,1.00,,1.00,1.00,,51.98,15.72,27843,2026/04/16,"2026/01/14 11:12","2026/05/28 10:01",先物(仲介),,,-,"=""050-3647-4838""",空有,"・101
・倉庫：51.98㎡",1520002
店舗(建物一括),R00176-025344,,,,空,アーカイブ(成約),無,594000,,階,2017年12月,品川区南大井1丁目の貸店舗【30坪】,,東京都品川区南大井１丁目1-19,,,6.00,,,,1.00,,99.81,30.19,19674,2026/04/14,"2026/01/26 11:04","2026/05/28 09:50",先物(仲介),,ＬＩＸＩＬ不動産ショップ　アドバルーン（有）,森下：090-4754-6709,"=""03-3362-3451""",,,1400013
工場,R00176-025598,,,,空,アーカイブ(成約),無,715000,,1階,1988年07月,江東区深川1丁目の貸工場【37坪】,,東京都江東区深川１丁目3,,5500,2.00,,,,,,124.68,37.71,18958,2026/04/06,"2026/03/24 13:21","2026/05/28 09:42",先物(仲介),,大東建託リーシング（株）亀戸店,-,"=""03-3682-0701""",無,"・深川1丁目3-10（高野ビル）
※2026/3/24　at-home広告可物件｜元付：?東建託リーシング株式会社???店",1350033
倉庫,R00176-025717,,,,空,アーカイブ(成約),無,484000,,階,1984年11月,墨田区両国1丁目の貸倉庫【71坪】,,東京都墨田区両国１丁目8-1,,4400,,,5.00,,,,236.22,71.45,6774,2026/04/22,"2026/04/22 10:44","2026/05/28 09:39",先物(仲介),,江東観光（株）,-,"=""03-3631-2196""",,"・1-3階部分
※2026/4/22　広告確認中のためマッチングのみ｜江東観光株式会社",1300026
工場,R00176-025247,,,,空,公開可,無,330000,,階,-,八王子市戸吹町の貸工場【67坪】,,東京都八王子市戸吹町557-2,,,2.00,2.00,,,,,224.40,67.88,4862,2026/06/15,"2025/12/18 09:55","2026/05/27 17:58",先物(仲介),,（株）東西,-,"=""03-6205-6565""",空有,"・住所：戸吹町557-2、561-2
・食品工場の用途相談可",1920001
貸地,R00176-025727,,,,その他,公開可,無,480000,,階,-,昭島市宮沢町2丁目の貸地【260坪】,,東京都昭島市宮沢町２丁目20,,,1.00,1.00,,,1.00,860.00,,260.15,1846,2026/07/24,"2026/04/24 10:34","2026/05/27 17:54",先物(仲介),,（株）ホリエイ不動産ショップ,-,"=""042-646-5921""",,※場所：グーグルマップでは、宮沢町2丁目35-10（流通サービス西東京輸送営業所）,1960024
工場,R00176-025710,,,,空,公開可,無,550000,,階,1980年01月,八王子市戸吹町の貸工場【180坪】,,東京都八王子市戸吹町86-1,,,3.00,1.00,,,1.00,1111.56,596.19,180.34,3050,2026/06/25,"2026/04/21 10:37","2026/05/27 17:51",先物(仲介),,（株）アイプランニング,-,"=""042-533-2662""",空有,,1920001
貸地,R00176-025245,,,,更地,公開可,無,400000,,階,-,八王子市宇津木町の貸地【229坪】,,東京都八王子市宇津木町193,,,4.00,1.00,,,,758.00,,229.29,1745,2026/07/24,"2025/12/16 10:19","2026/05/27 17:33",先物(仲介),,羽加美不動産（株）,-,"=""042-554-0664""",,※2025/12/16　at-home広告可物件｜?加美不動産（株）,1920024
貸地,R00176-025747,,,,その他,アーカイブ(成約),無,440000,,階,-,横浜市港北区鳥山町の貸地【220坪】,,神奈川県横浜市港北区鳥山町20-2,,,4.00,1.00,,,1.00,729.00,,220.52,1996,2026/04/30,"2026/04/30 10:01","2026/05/27 16:10",先物(仲介),,神奈川中央住宅（株）,-,"=""045-941-1000""",,"※2026/4/30　at-home転載可物件｜神奈川中央住宅（株）
※駐車場のみ使用可（コンテナ等設置不可）",2220035
工場,R00176-025708,,,,空,アーカイブ(成約),無,830000,,階,1991年12月,海老名市門沢橋3丁目の貸工場【137坪】,,神奈川県海老名市門沢橋３丁目8-11,,,6.00,1.00,,,0.50,955.45,456.00,137.94,6018,2026/05/22,"2026/04/21 10:14","2026/05/27 12:32",先物(仲介),,有限会社ビッグ,-,"=""0467-74-2120""",,※2026/4/21　広告確認中のためマッチングのみ｜(有)ビッグ,2430426
倉庫,R00176-025829,,,,居住中,アーカイブ(成約),無,363000,,階,1986年08月,横浜市港北区樽町2丁目の貸倉庫【44坪】,,神奈川県横浜市港北区樽町２丁目4-12,,,,1.00,3.00,,,,147.34,44.57,8145,2026/05/20,"2026/05/20 09:53","2026/05/27 09:46",先物(仲介),,木村商事株式会社,-,"=""045-531-5555""",空有,"・B棟
※広告確認中のためマッチングのみ｜?村商事（株）不動産部",2220001
倉庫,R00176-023290,,,,空,アーカイブ(成約),無,5340808,,階,2003年04月,さいたま市岩槻区大字掛の貸倉庫【1213坪】,,埼玉県さいたま市岩槻区大字掛615,165000,,6.00,1.00,,,,,4012.64,1213.82,4400,2026/05/26,"2024/10/11 11:44","2026/05/26 17:02",先物(仲介),,（株）タープ不動産,-,"=""03-5844-6300""",空有,■NA棟2-3階,3390078
工場,R00176-025310,,,,空,アーカイブ(成約),無,380700,,1階,1958年01月,江戸川区東小松川3丁目の貸工場【42坪】,,東京都江戸川区東小松川３丁目9-14,,,2.00,2.00,,,1.00,,140.10,42.38,8983,2026/05/26,"2026/01/16 11:08","2026/05/26 17:02",先物(仲介),,有限会社　大倉住宅,-,"=""03-5605-5551""",空有,,1320033
倉庫,R00176-025605,,,,空,アーカイブ(成約),無,1900800,,階,2019年03月,春日部市下柳の貸倉庫【359坪】,,埼玉県春日部市下柳1584-1,,,2.00,1.00,,,1.00,,1190.08,359.99,5281,2026/05/26,"2026/03/26 11:35","2026/05/26 16:51",先物(仲介),,ゼクス株式会社,-,"=""047-468-8685""",,※2026/3/26　広告NGのためマッチングのみ｜貸主：ゼクス（株）,3440122
工場,R00176-025792,,,,空,公開可,無,352000,,1階,1978年01月,千葉市稲毛区長沼町の貸工場【85坪】,,千葉県千葉市稲毛区長沼町133-11,,,3.00,1.00,,,1.00,,282.72,85.52,4116,2026/07/28,"2026/05/12 11:21","2026/05/26 15:39",先物(仲介),,有限会社菱信商事,-,"=""043-421-5711""",,※2026/5/11　at-home転載可物件｜(有)菱信商事,2630005
倉庫,R00176-025014,,,,空,アーカイブ(成約),無,941836,,階,1993年02月,越谷市花田2丁目の貸倉庫【190坪】,,埼玉県越谷市花田２丁目5-2,17600,,4.00,1.00,,,,1193.98,628.99,190.26,4951,2026/05/26,"2025/10/21 10:56","2026/05/26 15:03",先物(仲介),,株式会社シーアールイ―,-,"=""03-5572-6604""",空有,2025.10.30　10t搬入経緯あり。コンテナは恐らく厳しい。,3430015
工場,R00176-025071,,,,空,アーカイブ(成約),無,1430000,,階,1997年03月,桶川市赤堀2丁目の貸工場【352坪】,,埼玉県桶川市赤堀２丁目15-1,,,,1.00,4.00,,1.00,1524.99,1165.64,352.6,4056,2026/05/26,"2025/10/31 09:33","2026/05/26 15:02",先物(仲介),,（株）彩玉不動産,-,"=""048-731-8592""",空有,,3630002
倉庫,R00176-024671,,,,空,アーカイブ(成約),無,319000,,階,1992年04月,日高市大字高萩の貸倉庫【143坪】,,埼玉県日高市大字高萩2077-2,,,4.00,1.00,,,,572.27,473.68,143.28,2227,2026/05/26,"2025/08/04 11:35","2026/05/26 14:55",先物(仲介),,共同流通株式会社,-,"=""049-247-4311""",,,3501213
倉庫,R00176-025413,,,,使用中,アーカイブ(成約),無,2310000,,階,1979年05月,所沢市大字亀ケ谷の貸倉庫【504坪】,,埼玉県所沢市大字亀ケ谷166,,,4.00,1.00,,,,2885.40,1667.64,504.46,4580,2026/05/26,"2026/02/10 14:40","2026/05/26 14:49",先物(仲介),,共同流通株式会社,-,"=""049-247-4311""",空有,,3590014
倉庫,R00176-025594,,,,空,公開可,無,605000,,1階,1971年01月,千葉市中央区中央港2丁目の貸倉庫【99坪】,,千葉県千葉市中央区中央港２丁目4-6,90750,,6.00,1.00,,,,,328.56,99.38,6088,2026/07/28,"2026/03/24 11:33","2026/05/26 13:46",先物(仲介),,株式会社　スペース技建,-,"=""043-290-9567""",空有,・C号,2600024
倉庫,R00176-025592,,,,空,アーカイブ(成約),無,393250,,1階,1970年11月,千葉市中央区中央港2丁目の貸倉庫【64坪】,,千葉県千葉市中央区中央港２丁目4-6,59000,,6.00,1.00,,,,,214.00,64.73,6075,2026/05/22,"2026/03/24 11:32","2026/05/26 13:41",先物(仲介),,株式会社　スペース技建,-,"=""043-290-9567""",空有,・E号,2600024
倉庫,R00176-025477,,,,使用中,公開可,無,1375000,,階,1973年01月,千葉市中央区中央港2丁目の貸倉庫【278坪】,,千葉県千葉市中央区中央港２丁目64,,,3.00,,,,,1022.00,920.75,278.52,4937,2026/07/28,"2026/02/25 10:07","2026/05/26 13:30",先物(仲介),,シービーアールイー（株）本店　インダストリアル首都圏営業部,-,"=""03-5288-9288""",,・場所：グーグルマップでは、中央港2丁目5-12（トータス（株））,2600024
店舗(建物一括),R00176-025045,,,,築後未入居,アーカイブ(成約),無,550000,,1階,2025年04月,春日部市赤沼の貸店舗【45坪】,,埼玉県春日部市赤沼2365,10000,,,2.00,3.00,,,,149.05,45.08,12199,2026/05/26,"2025/10/27 09:40","2026/05/26 12:00",先物(仲介),,株式会社ライフデザイン,-,"=""048-754-2255""",,※202/10/27　at-home転載可物件｜(株)ライフデザイン,3440015
店舗事務所(建物一括),R00176-025338,,,,使用中,アーカイブ(成約),無,300000,,1階,1984年02月,熊谷市柿沼の貸店舗・事務所【33坪】,,埼玉県熊谷市柿沼617-1,20000,,2.00,1.00,,,1.00,698.83,112.00,33.88,8855,2026/05/26,"2026/01/23 10:10","2026/05/26 11:52",先物(仲介),,（株）ＡＴＯＭＩＣ,-,"=""048-501-2227""",空有,2026/2/24　業種による要確認,3600803
店舗事務所(建物一括),R00176-025190,,,,空,アーカイブ(成約),無,450000,,1階,1992年08月,比企郡川島町大字吹塚の貸店舗・事務所【150坪】,,埼玉県比企郡川島町大字吹塚798-9,,,4.00,2.00,,,1.00,,496.00,150.04,3000,2026/05/26,"2025/12/04 10:59","2026/05/26 11:50",先物(仲介),,■三光物産株式会社,-,"=""049-226-3535""",空有,,3500164
貸地,R00176-023678,,,,更地,アーカイブ(成約),無,280000,,階,-,新座市大和田4丁目の貸地【149坪】,,埼玉県新座市大和田４丁目1663,,,2.00,1.00,,,,495.00,,149.73,1870,2026/05/26,"2025/01/07 11:05","2026/05/26 10:50",先物(仲介),,（株）凛大産業,-,"=""048-423-9393""",,,3520004
貸地,R00176-025726,,,,その他,公開可,無,300000,,階,-,鎌ケ谷市中沢の貸地【1077坪】,,千葉県鎌ケ谷市中沢1191-1,,,1.00,,,,1.00,3562.00,,1077.5,279,2026/07/27,"2026/04/24 10:32","2026/05/26 09:31",先物(仲介),,（株）東和土地,-,"=""047-444-3111""",,"※2026/4/24　広告確認中のためマッチングのみ｜(株)東和?地
・Googleマップ：https://maps.app.goo.gl/Sm2CCC9gPaL6a6XW8",2730118
貸地,R00176-025827,,,,更地,保留,無,750000,,階,-,八潮市大字垳の貸地【356坪】,,埼玉県八潮市大字垳530-1,,,1.00,1.00,1.00,,1.00,1178.00,,356.34,2105,2026/05/19,"2026/05/19 13:08","2026/05/26 07:57",自社,一般媒介,株式会社センチュリーダイソー,星,"=""03-6441-2258""",,"■2026/5/19　一般媒介物件｜担当：星
・Googleマップ：https://maps.app.goo.gl/Z7SXjM3Y98W5CBQE9
・所在地：埼玉県八潮市垳530-1,530-2",3400824
貸地,R00176-025401,,,,更地,アーカイブ(成約),無,319000,,階,-,川口市北原台3丁目の貸地【230坪】,,埼玉県川口市北原台３丁目21-4,,,2.00,1.00,,,1.00,763.00,,230.8,1383,2026/05/25,"2026/02/09 10:41","2026/05/25 18:03",先物(仲介),,株式会社Ｔ－Ｌｉｆｅ,-,"=""048-264-7000""",,,3330815
貸地,R00176-025628,,,,古家付,公開可,無,400000,,階,-,白井市河原子の貸地【383坪】,,千葉県白井市河原子240-19,,,,,1200000,,1.00,1267.48,,383.41,1044,2026/07/27,"2026/04/02 10:43","2026/05/25 17:40",先物(仲介),,（株）ドリーム・クリエイター,-,"=""047-492-3622""",,所在地：白井市河原子字大割240-19、240-29,2701403
貸地,R00176-025462,,,,更地,公開可,無,643000,,階,-,白井市中の貸地【1429坪】,,千葉県白井市中450-1,,,3.00,1.00,,,1.00,4725.67,,1429.51,450,2026/07/27,"2026/02/20 10:24","2026/05/25 17:20",先物(仲介),,ゼクス株式会社,-,"=""047-468-8685""",,,2701406
貸地,R00176-025352,,,,更地,公開可,無,500000,,階,-,白井市神々廻の貸地【2838坪】,,千葉県白井市神々廻,,,3.00,1.00,,,,9382.00,,2838.05,177,2026/07/27,"2026/01/27 11:18","2026/05/25 17:10",先物(仲介),,有限会社富澤ハウジング,-,"=""047-491-0026""",,・場所：グーグルマップでは、神々廻1800-3（合同会社HONSHU）の北側,2701416
店舗事務所(建物一括),R00176-022965,,,,空,アーカイブ(成約),無,350000,,3階,2020年08月,フィル・パーク池尻大橋II｜3F【12坪】,,東京都目黒区東山３丁目1-3,,,,1.00,6.00,,,,42.77,12.93,27053,2024/08/08,"2024/08/01 14:27","2026/05/25 15:52",自社,一般媒介,株式会社センチュリーダイソー,明石,"=""03-6441-2258""",,"2024年8月26日現在　申込4件申し込み検討1件 内見依頼停止中。
現地キーBOX有り　暗証番号2258

賃貸条件整いオーナー様OKでたので公開可 2024.8.6
↑
2024.08.01賃料等賃貸条件：明石さんにてオーナー様と相談中とのこと
引渡方法についてもオーナー様と確認中",1530043
貸地,R00176-025174,,,,更地,公開可,無,780000,,階,-,鎌ケ谷市中沢の貸地【992坪】,,千葉県鎌ケ谷市中沢1100-2,,,1.00,1.00,,,,3280.00,,992.2,787,2026/06/29,"2025/12/01 09:56","2026/05/25 13:37",先物(仲介),,ランド・エスタ（株）,-,"=""043-274-7751""",,・住所：中沢1100-2、1101-2,2730118
貸地,R00176-024551,,,,更地,アーカイブ(成約),無,418000,,階,-,川口市大字道合の貸地【292坪】,,埼玉県川口市大字道合24-1,,,,1.00,4.00,,1.00,965.13,,291.95,1432,2026/05/25,"2025/07/03 10:32","2026/05/25 11:30",先物(仲介),,株式会社イコム,-,"=""048-799-3200""",,【所在地】川口市大字道合24-1　他,3330835
倉庫,R00176-024990,,,,空,アーカイブ(成約),無,1250000,,階,1992年11月,三郷市戸ケ崎4丁目の貸倉庫【231坪】,,埼玉県三郷市戸ケ崎４丁目410,,,4.00,1.00,,,,663.00,765.62,231.6,5398,2026/05/22,"2025/10/17 10:41","2026/05/22 17:37",先物(仲介),,（株）ＡＱＵＡ　ＲＥＳＯＲＴ,-,"=""042-646-0017""",空有,※2025/10/17　広告掲載承諾,3410044
倉庫,R00176-024735,,,,空,アーカイブ(成約),無,4956135,,階,1982年01月,川越市芳野台1丁目の貸倉庫【1325坪】,,埼玉県川越市芳野台１丁目103-6,,,6.00,,,,1.00,,4380.74,1325.17,3740,2026/05/22,"2025/08/21 11:57","2026/05/22 17:27",先物(仲介),,株式会社レーサム,-,"=""03-5157-8873""",空有,,3500833
倉庫,R00176-025735,,,,空,アーカイブ(成約),無,330000,,1階,1990年05月,白岡市西2丁目の貸倉庫【74坪】,,埼玉県白岡市西２丁目13-5,,2200,3.00,,,,1.00,,246.40,74.53,4428,2026/05/22,"2026/04/28 10:03","2026/05/22 17:19",先物(仲介),,(株)春日部市住宅共同販売センター,-,"=""048-754-8088""",,"2026/5/22　申込みあり　募集止め
■102号
※2026/4/28　at-home転載可物件｜(株)春?部市住宅共同販売センター",3490205
貸地,R00176-025452,,,,更地,アーカイブ(成約),無,672000,,階,-,横浜市泉区和泉町の貸地【559坪】,,神奈川県横浜市泉区和泉町4944-2,3000,,2.00,1.00,,,0.50,1850.70,,559.83,1201,2026/04/30,"2026/02/18 09:58","2026/05/22 17:06",先物(仲介),,（株）マリンボックス,-,"=""0466-41-2133""",,"・場所：グーグルマップでは、和泉町4944-2の道路挟んで西側
※2026/2/18　広告確認中のためマッチングのみ｜(株)マリンボックス",2450016
貸地,R00176-025460,,,,,アーカイブ(成約),無,547690,,階,-,横浜市旭区上川井町の貸地【383坪】,,神奈川県横浜市旭区上川井町1700-4,,,,1.00,3.00,,1.00,1268.00,,383.57,1428,2026/04/30,"2026/02/20 09:40","2026/05/22 17:04",先物(仲介),,（株）メイクリーン,-,"=""045-309-7315""",,※2026/2/20　マイソクより自社サイトのみ広告可物件｜(株)メイクリーン,2410802
倉庫,R00176-024173,,,,空,公開可,無,1320000,,階,1971年08月,南足柄市怒田の貸倉庫【756坪】,,神奈川県南足柄市怒田1361,,,5.00,1.00,,,,,2500.20,756.31,1746,2026/07/24,"2025/04/15 10:53","2026/05/22 16:58",先物(仲介),,イーソーコ株式会社,-,"=""03-5439-9401""",空有,,2500106
倉庫,R00176-024563,,,,空,アーカイブ(成約),無,605000,,階,2001年04月,横浜市都筑区茅ケ崎東5丁目の貸倉庫【67坪】,,神奈川県横浜市都筑区茅ケ崎東５丁目6-34,,,5.00,1.00,,1.00,1.00,506.75,224.30,67.85,8917,2026/05/22,"2025/07/08 09:41","2026/05/22 16:55",先物(仲介),,ファーストリンク株式会社,-,"=""045-511-7197""",,"2025.10.14　内見可。
※2025/7/8　マイソクネット掲載可物件｜ファーストリンク（株）",2240033
貸地,R00176-025141,,,,更地,アーカイブ(成約),無,603000,,階,-,横浜市都筑区勝田町の貸地【301坪】,,神奈川県横浜市都筑区勝田町664,,,,1.00,3.00,,1.10,996.47,,301.43,2001,2026/04/30,"2025/11/19 11:35","2026/05/22 16:50",先物(仲介),,アーキテクト大洋不動産株式会社,-,"=""045-943-6020""",,,2240034
工場,R00176-024129,,,,空,公開可,無,4200000,,階,2007年03月,佐倉市大作2丁目の貸工場【1143坪】,,千葉県佐倉市大作２丁目4-1,,,,,,,,13991.86,3781.43,1143.88,3672,2026/07/09,"2025/04/04 10:54","2026/05/22 16:49",先物(仲介),,太平洋不動産（株）,-,"=""03-5990-5475""",空有,,2850802
貸地,R00176-025178,,,,更地,アーカイブ(成約),無,341000,,階,-,横浜市緑区北八朔町の貸地【182坪】,,神奈川県横浜市緑区北八朔町1215-3,,,,2.00,3.00,,0.50,602.00,,182.1,1873,2026/04/30,"2025/12/02 10:01","2026/05/22 16:33",先物(仲介),,株式会社加瀬テナントサービス,-,"=""045-534-8232""",,・住所：北八朔町1215-3、4,2260021
貸地,R00176-024277,,,,更地,アーカイブ(成約),無,495000,,階,-,厚木市棚沢の貸地【477坪】,,神奈川県厚木市棚沢627-1,,,3.00,1.00,,,,1578.00,,477.34,1037,2026/04/30,"2025/05/08 11:12","2026/05/22 16:28",先物(仲介),,厚?倉庫株式会社,-,"=""046-233-5111""",,,2430205
貸地,R00176-024659,,,,更地,アーカイブ(成約),無,495000,,階,-,厚木市棚沢の貸地【477坪】,,神奈川県厚木市棚沢619,,,,1.00,3000000,,1.00,1578.00,,477.34,1037,2026/04/30,"2025/07/31 10:34","2026/05/22 16:27",先物(仲介),,（株）キューホーム,-,"=""045-325-9963""",,,2430205
貸地,R00176-025275,,,,更地,公開可,無,1045000,,階,-,横浜市港北区新羽町の貸地【496坪】,,神奈川県横浜市港北区新羽町2589,,,,2.00,2.00,,1.00,1642.00,,496.7,2104,2026/07/13,"2026/01/07 09:59","2026/05/22 16:26",先物(仲介),,株式会社石原興業,-,"=""045-541-4180""",,"※一括貸し駐車場
※マッチングのみ
・Googleマップ：https://maps.app.goo.gl/wgPWTfh463Nw4fmQ6
　※新羽町2427（グループホーム港北壱番館）の道路挟んで南側あたり",2230057
工場,R00176-025166,,,,空,アーカイブ(成約),無,1650000,,階,1979年01月,横浜市港北区新吉田東3丁目の貸工場【150坪】,,神奈川県横浜市港北区新吉田東３丁目19-14,,,3.00,1.00,,1.00,1.00,,497.52,150.49,10964,2026/04/30,"2025/11/27 09:25","2026/05/22 16:25",先物(仲介),,（株）コタニ興業,-,"=""045-593-3721""",空有,,2230058
貸地,R00176-025434,,,,更地,アーカイブ(成約),無,374000,,階,-,横浜市都筑区茅ケ崎東4丁目の貸地【193坪】,,神奈川県横浜市都筑区茅ケ崎東４丁目336,,,2.00,1.00,,,1.00,640.00,,193.6,1932,2026/04/30,"2026/02/16 11:46","2026/05/22 16:21",先物(仲介),,神奈川中央住宅（株）,-,"=""045-941-1000""",,※2026/4/6　at-home転載可物件｜神奈川中央住宅（株）,2240033
貸地,R00176-023732,,,,更地,アーカイブ(成約),無,330000,,階,-,横浜市都筑区中川8丁目の貸地【145坪】,,神奈川県横浜市都筑区中川８丁目1326-2,,,5.00,1.00,,,1.00,481.00,,145.5,2269,2026/04/28,"2025/01/16 10:07","2026/05/22 16:04",先物(仲介),,神奈川中央住宅（株）,-,"=""045-941-1000""",,"■2025/9/30　用途：資材置場と駐車場のみ
・住所：中川8丁目12
※2026/4/28　at-home転載可物件｜神奈川中央住宅（株）
",2240001
貸地,R00176-025510,,,,古家付,アーカイブ(成約),無,1650000,,階,-,横浜市金沢区鳥浜町の貸地【299坪】,,神奈川県横浜市金沢区鳥浜町5-2,,,,1.00,6.00,,,991.45,,299.91,5502,2026/04/27,"2026/03/05 10:21","2026/05/22 15:58",先物(仲介),,横浜コミュニティ（株）,-,"=""045-306-5200""",,・,2360002
倉庫,R00176-025430,,,,空,アーカイブ(成約),無,880000,,階,-,白井市富塚の貸倉庫【269坪】,,千葉県白井市富塚825,,,,1.00,3.00,,1.00,2975.20,889.68,269.12,3270,2026/05/22,"2026/02/16 09:54","2026/05/22 12:20",先物(仲介),,エスアンドホーム株式会社,-,"=""047-401-1907""",,"同じ敷地内にA.B.C.D.E.G.H棟あり
※R00176-017226の一括貸し",2701405
倉庫,R00176-025579,,,,空,アーカイブ(成約),無,990000,,1階,2000年03月,海老名市本郷の貸倉庫【145坪】,,神奈川県海老名市本郷2677-1,11110,,4.00,1.00,,,,887.58,480.00,145.2,6819,2026/05/22,"2026/03/23 09:40","2026/05/22 08:23",先物(仲介),,株式会社シーアールイ―,-,"=""03-5572-6604""",空有,,2430417
貸地,R00176-025085,,,,その他,アーカイブ(成約),無,495000,,階,-,新座市菅沢1丁目の貸地【506坪】,,埼玉県新座市菅沢１丁目9-41,,,3.00,1.00,,,0.50,1675.00,,506.68,977,2026/05/21,"2025/11/05 10:13","2026/05/21 18:01",先物(仲介),,（株）ナイキ,-,"=""048-483-2180""",,,3520017
貸地,R00176-025670,,,,更地,アーカイブ(成約),無,858544,,階,-,朝霞市大字台の貸地【373坪】,,埼玉県朝霞市大字台477-1,,,,1.00,3.00,,,1234.00,,373.28,2300,2026/05/21,"2026/04/14 09:44","2026/05/21 17:30",先物(仲介),,蕪木不動産（株）,-,"=""048-467-7750""",,・所在地：埼玉県朝霞市大字台字四反田477-1外2筆,3510003
貸地,R00176-025249,,,,その他,アーカイブ(成約),無,313500,,階,-,入間郡三芳町大字上富の貸地【438坪】,,埼玉県入間郡三芳町大字上富1033-1,,,570000,313500,,,0.50,1449.00,,438.32,716,2026/05/21,"2025/12/23 09:37","2026/05/21 17:10",先物(仲介),,かつみ不動産株式会社,-,"=""048-473-0011""",,・住所：大字上富1033-1、31034-2、3,3540045
貸地,R00176-024271,,,,更地,アーカイブ(成約),無,350000,,階,-,八潮市大字八條の貸地【346坪】,,埼玉県八潮市大字八條,,,,1.00,4.00,,1.50,1146.21,,346.72,1010,2026/05/21,"2025/05/07 12:12","2026/05/21 17:08",先物(仲介),,貸地バンク（株）,-,"=""047-471-0034""",,【所在地】埼玉県八潮市大字八條字堤下,3400801
貸地,R00176-025038,,,,更地,アーカイブ(成約),無,1804000,,階,-,川越市大字下広谷の貸地【1779坪】,,埼玉県川越市大字下広谷,,,,1.00,4.00,,1.50,5882.09,,1779.33,1014,2026/05/21,"2025/10/24 09:47","2026/05/21 17:08",先物(仲介),,貸地バンク（株）,-,"=""047-471-0034""",,"※マッチングのみ
【所在地】埼玉県川越市大字下広谷字牛原南
Googleマップ：https://maps.app.goo.gl/cAcWyp7DLJuWkyDb7",3500804
倉庫,R00176-025152,,,,空,アーカイブ(成約),無,880880,,地下1階,2004年02月,文京区千石1丁目の貸倉庫【72坪】,,東京都文京区千石１丁目8-23,,,6.00,1.00,,1.20,1.00,,240.68,72.8,12100,2026/05/21,"2025/11/21 11:12","2026/05/21 15:52",先物(仲介),,実用春日ホーム（株）春日町店,-,"=""03-5805-0820""",空有,・地下1階部分,1120011
倉庫,R00176-024717,,,,空,アーカイブ(成約),無,693000,,階,1977年04月,中央区日本橋馬喰町1丁目の貸倉庫【74坪】,,東京都中央区日本橋馬喰町１丁目6-15,,,,,6.00,,1.00,,245.62,74.3,9328,2026/04/16,"2025/08/19 13:58","2026/05/21 15:31",先物(仲介),,株式会社　上野不動産　秋葉原営業所,-,"=""03-3255-1641""",無,,1030002
貸地,R00176-025705,,,,更地,アーカイブ(成約),無,1562000,,階,-,江戸川区新堀1丁目の貸地【313坪】,,東京都江戸川区新堀１丁目19,,,2.00,1.00,,,0.50,1037.51,,313.84,4977,2026/04/20,"2026/04/20 11:40","2026/05/21 15:24",先物(仲介),,(株)田島不動産※広告NG業者,-,"=""03-3653-6101""",,"2026.4.20元付確認：
・申込書は田島不動産のHPからダウンロード
・水道引き込み、トイレやプレハブ設置も全てNG
※広告NG業者
・テナント自身で敷地をコンクリートに変更等もNG
・契約期間を１年から２年や３年に延ばすこともNG",1320001
倉庫,R00176-025656,,,,空,アーカイブ(成約),無,825000,,階,1987年11月,練馬区富士見台3丁目の貸倉庫【82坪】,,東京都練馬区富士見台３丁目59-11,,,,,6.00,,,280.67,273.48,82.72,9973,2026/04/09,"2026/04/09 10:29","2026/05/21 14:53",先物(仲介),,株式会社九重エステイト,-,"=""03-3995-0078""",空有,※2026/5/21　契約詰めている段階のため、新規募集無し｜(株)九重エステイト,1770034
店舗(建物一括),R00176-023876,,,,空,アーカイブ(成約),無,145000,,階,1983年09月,船橋市神保町の貸店舗【44坪】,,千葉県船橋市神保町169-2,,,4.00,1.00,,,1.00,,147.42,44.59,3252,2026/05/20,"2025/02/10 15:33","2026/05/21 11:38",自社,一般媒介,株式会社センチュリーダイソー,飯田,"=""03-6441-2258""",空有,"■2026/5/20　募集中止
■2025/10/15　賃料値下げ￥165,000→￥145,000
■2025/2/10　一般媒介物件｜担当：飯田さん",2740056
倉庫,R00176-024089,,,,空,アーカイブ(成約),無,836000,,階,1985年04月,杉並区上井草１丁目の貸倉庫【108坪】,,東京都杉並区上井草１丁目18-3,,,,2.00,3.00,,1.50,,359.09,108.62,7697,2026/05/20,"2025/03/26 10:17","2026/05/21 11:37",自社,,株式会社センチュリーダイソー,飯田,"=""03-6441-2258""",無,"■2026/5/20　募集中止
■2025/4/2　公開　オーナー直案件｜担当：飯田さん",1670023
倉庫,R00176-025826,,,,使用中,保留,無,440000,,1階,-,立川市一番町2丁目の貸倉庫【64坪】,,東京都立川市一番町２丁目20-5,,,,1.00,4.00,,1.00,892.57,211.58,64,6875,2026/05/19,"2026/05/19 11:48","2026/05/21 11:16",先物(仲介),,（株）ムサシ田中企画　,尾崎,"=""042-537-6651""",空有,"※2026/5/19　レインズから消えているため公開保留中｜(株)ムサシ田中企画
2026/5/21時点 現在募集中。内見開始時期は6月中(目安)",1900033
貸地,R00176-025521,,,,その他,公開可,無,457000,,階,-,調布市深大寺元町1丁目の貸地【109坪】,,東京都調布市深大寺元町１丁目1-1,,,3.00,1.00,,,,361.52,,109.35,4179,2026/07/24,"2026/03/06 10:51","2026/05/20 17:15",先物(仲介),,株式会社調布みつぎ不動産研究所,-,"=""042-481-1211""",,,1820017
店舗事務所(建物一括),R00176-025832,,,,居住中,保留,無,2750000,,階,1997年05月,横浜市都筑区牛久保西1丁目の貸店舗・事務所【233坪】,,神奈川県横浜市都筑区牛久保西１丁目9-1,,,6.00,1.00,,,1.00,1138.96,772.00,233.53,11776,2026/05/20,"2026/05/20 10:21","2026/05/20 10:35",先物(仲介),,（株）アーバン企画開発,-,"=""050-3085-2774""",空有,※2026/5/20　at-homeから消えているため公開保留中｜(株)アーバン企画,2240015
工場,R00176-024952,,,,空,保留,無,437800,,階,1990年12月,三郷市鷹野2丁目の貸工場【31坪】,,埼玉県三郷市鷹野２丁目153,,,3.00,2.00,,,1.00,386.00,104.11,31.49,13902,2026/05/19,"2025/10/09 12:16","2026/05/19 15:19",先物(仲介),,株式会社コジマ,-,"=""048-955-5827""",空有,"マイソク住所：埼?県三郷市鷹野２丁? 153・154",3410035
倉庫,R00176-024891,,,,空,アーカイブ(成約),無,660000,,階,1997年03月,川越市大字鯨井の貸倉庫【174坪】,,埼玉県川越市大字鯨井1643,,,2.00,2.00,,,0.50,1883.44,575.50,174.08,3792,2026/05/19,"2025/09/25 11:41","2026/05/19 14:56",先物(仲介),,三光建設株式会社,-,"=""049-231-3411""",,2026/3/12　申込み有　二番手可　　道路狭く４ｔ車ギリギリ,3500815
店舗事務所(建物一括),R00176-025260,,,,空,アーカイブ(成約),無,1650000,,階,1996年03月,鴻巣市天神3丁目の貸店舗・事務所【201坪】,,埼玉県鴻巣市天神３丁目1-12,,,6.00,1.00,,,1.00,2555.81,665.24,201.23,8200,2026/05/19,"2026/01/05 10:02","2026/05/19 14:38",先物(仲介),,株式会社リンケージ,-,"=""03-3554-1811""",,※2026/1/5　広告確認中のためマッチングのみ｜(株)リンゲージ,3650036
倉庫,R00176-025821,,,,空,公開可,無,13097300,,階,-,野田市西三ケ尾の貸倉庫【3446坪】,,千葉県野田市西三ケ尾377,,,6.00,1.00,,,,41652.89,11394.33,3446.78,3800,2026/07/27,"2026/05/19 10:29","2026/05/19 13:38",先物(仲介),,（株）ナカノ商会,木村：080-1169-5459,"=""03-5667-8877""",,"※2025/12/23　レインズネット広告可物件｜(株)ナカノ商会
・A区画：鉄骨造2階建て2棟の区画貸し
・R00176-025250（一括貸し）、R00176-025822（B区画）も別途あり",2780015
倉庫,R00176-025822,,,,空,公開可,無,8529200,,階,-,野田市西三ケ尾の貸倉庫【2244坪】,,千葉県野田市西三ケ尾377,,,6.00,1.00,,,,41652.89,7420.24,2244.62,3800,2026/07/28,"2026/05/19 10:47","2026/05/19 13:37",先物(仲介),,（株）ナカノ商会,木村：080-1169-5459,"=""03-5667-8877""",,"※2025/12/23　レインズネット広告可物件｜(株)ナカノ商会
・B区画：鉄骨造2階建て×2棟の区画貸し
・R00176-025821（A区画）、R00176-025250（一括貸し）も別途あり",2780015
倉庫,R00176-025750,,,,使用中,公開可,無,3157000,,階,1982年11月,港区六本木5丁目の貸倉庫【411坪】,,東京都港区六本木５丁目16-5,,,,1.00,3.00,,1.00,,1360.30,411.49,7673,2026/07/24,"2026/04/30 10:40","2026/05/19 10:44",先物(仲介),,（株）ステラブリッジ,-,"=""03-3519-3103""",空有,,1060032
倉庫,R00176-025742,,,,空,公開可,無,660000,,3階,1979年10月,墨田区業平1丁目の貸倉庫【76坪】,,東京都墨田区業平１丁目4-12,,,,,3.00,,,,253.38,76.64,8611,2026/07/24,"2026/04/28 11:36","2026/05/19 10:30",先物(仲介),,（株）タープ不動産,-,"=""03-5844-6300""",空有,・3階一部,1300002
貸地,R00176-025672,,,,更地,アーカイブ(成約),無,385000,,階,-,朝霞市大字浜崎の貸地【230坪】,,埼玉県朝霞市大字浜崎137-1,,,3.00,1.00,,,1.00,763.00,,230.8,1669,2026/05/18,"2026/04/14 10:07","2026/05/18 17:55",先物(仲介),,株式会社光陽,-,"=""048-465-1151""",,・所在地：朝霞市大字浜崎137-1、138-1,3510033
倉庫,R00176-025556,,,,空,公開可,無,330000,,地下1階,1991年12月,新宿区西新宿4丁目の貸倉庫【15坪】,,東京都新宿区西新宿４丁目18-6,,,,1.00,5.00,,1.00,,52.26,15.8,20875,2026/07/24,"2026/03/16 11:36","2026/05/18 17:17",先物(仲介),,（株）アースウィンド　新宿店,-,"=""03-5308-4666""",,・地下1階部分（半地下）,1600023
倉庫,R00176-025151,,,,空,公開可,無,1240800,,1階,1972年11月,文京区水道2丁目の貸倉庫【93坪】,,東京都文京区水道２丁目5-19,,,,1.00,4.00,,1.00,471.14,309.76,93.7,13242,2026/07/24,"2025/11/21 10:56","2026/05/18 16:38",先物(仲介),,（株）タープ不動産,-,"=""03-5844-6300""",空有,・1階部分,1120005
倉庫,R00176-024819,,,,空,アーカイブ(成約),無,1870000,,階,1994年04月,小田原市成田の貸倉庫【427坪】,,神奈川県小田原市成田30-1,,,,1.00,3.00,,,,1412.26,427.2,4378,2026/04/23,"2025/09/09 10:24","2026/05/18 13:41",先物(仲介),,株式会社加瀬テナントサービス,-,"=""045-534-8232""",空有,,2500862
倉庫,R00176-025497,,,,空,公開可,無,55974919,,階,2024年08月,横浜市鶴見区末広町1丁目の貸倉庫【8427坪】,,神奈川県横浜市鶴見区末広町１丁目1-1,,,3.00,1.00,,,,,27859.00,8427.34,6643,2026/07/27,"2026/03/03 10:33","2026/05/18 13:32",先物(仲介),,京濱不動産（株）,-,"=""045-681-0188""",空有,"・3-4階C・D区画
・枝番：1-11",2300045
貸地,R00176-024467,,,,更地,アーカイブ(成約),無,220000,,階,-,所沢市大字中富の貸地【202坪】,,埼玉県所沢市大字中富1748-2,,,2.00,1.00,1.00,,,669.80,,202.61,1086,2026/05/15,"2025/06/16 12:12","2026/05/15 17:55",先物(仲介),,（株）アジアハウジング,-,"=""049-245-0007""",,,3590002
貸地,R00176-025171,,,,更地,保留,無,500000,,階,-,深谷市小前田の貸地【601坪】,,埼玉県深谷市小前田379-1,,,,1.00,6.00,,,1989.00,,601.67,832,2026/05/15,"2025/11/28 10:25","2026/05/15 15:28",先物(仲介),,(株)光成,-,"=""048-526-1515""",,,3691246
貸地,R00176-022969,,,,更地,保留,無,368500,,階,-,三郷市後谷の貸地【334坪】,,埼玉県三郷市後谷315,,,1.00,2.00,,,1.00,1107.00,,334.86,1101,2026/05/15,"2024/08/02 11:07","2026/05/15 15:25",先物(仲介),,（株）ハウストゥエンティーワン　,-,"=""048-958-0221""",,"元付：株式会社ハウストゥエンティーワン
↑以前、弊社：担当：A桑名（退職済）にて仲介を担当していたことがあり、その後もテナントのクレームを「オタクが仲介したんだから責任持って対応しろ」と管理会社であるにも関わらず、うちに連絡を何度も入れてこられる業者（モモキ様）。",3410014
貸地,R00176-025681,,,,更地,アーカイブ(成約),無,506400,,階,-,三郷市彦音2丁目の貸地【421坪】,,埼玉県三郷市彦音２丁目67,,,2.00,1.00,,,,1394.00,,421.68,1201,2026/04/15,"2026/04/15 09:15","2026/05/14 17:40",先物(仲介),,（株）石田興産　埼玉支店,-,"=""048-948-6866""",,,3410002
貸地,R00176-023012,,,,更地,アーカイブ(成約),無,250000,,階,-,さいたま市岩槻区大字本宿の貸地【495坪】,,埼玉県さいたま市岩槻区大字本宿385-2,,,2.00,2.00,,,,1639.00,,495.79,505,2026/02/25,"2024/08/20 10:42","2026/05/14 11:54",先物(仲介),,ピーアール株式会社　本店,-,"=""048-753-1777""",,"2026/1/30　話あり（申込み？）二番手でよければ
【所在地】さいたま市岩槻区大字本宿385-2,3,4,5,381-2
※2024/8/20　広告確認中のためマッチングのみ｜ピーアール（株）
",3390074
工場,R00176-025407,,,,空,アーカイブ(成約),無,1430000,,階,1971年08月,川口市江戸袋2丁目の貸工場【230坪】,,埼玉県川口市江戸袋２丁目7-22,,,4.00,2.00,,,1.00,,762.00,230.5,6204,2026/05/14,"2026/02/10 10:51","2026/05/14 10:03",先物(仲介),,サイワハウジング（株）,-,"=""048-257-0021""",空有,20260309　現況渡し、電気は工業団地より供給、キュービクルなし、オーナー審査が厳しいため、都度相談,3340075
貸地,R00176-024385,,,,更地,アーカイブ(成約),無,495000,,階,-,横浜市都筑区池辺町の貸地【227坪】,,神奈川県横浜市都筑区池辺町3001,,,5.00,1.00,,1.00,1.00,753.11,,227.81,2173,2026/05/14,"2025/05/27 11:44","2026/05/14 10:02",先物(仲介),,（株）ヴィンテージ,-,"=""045-943-1227""",,2025.11.28　A区画(B区画は成約済),2240053
貸地,R00176-025528,,,,更地,アーカイブ(成約),無,320000,,階,-,白井市根の貸地【408坪】,,千葉県白井市根181,,,2.00,1.00,,,,1350.00,,408.37,784,2026/05/13,"2026/03/10 10:49","2026/05/13 16:49",先物(仲介),,ゼクス株式会社,-,"=""047-468-8685""",,・Googleマップ：https://maps.app.goo.gl/udbDByubkkEihXtL8,2701431
倉庫,R00176-025646,,,,空,アーカイブ(成約),無,385000,,階,1980年05月,千葉市花見川区大日町の貸倉庫【83坪】,,千葉県千葉市花見川区大日町1294,,,4.00,2.00,,,1.00,985.00,276.24,83.56,4608,2026/05/13,"2026/04/07 11:22","2026/05/13 15:57",先物(仲介),,（株）ダイサン,-,"=""043-241-1288""",,,2620004
貸地,R00176-025281,,,,更地,保留,無,300000,,階,-,平塚市北豊田の貸地【381坪】,,神奈川県平塚市北豊田549-1,22000,,3.00,1.00,,,1.00,1261.00,,381.45,787,2026/05/08,"2026/01/08 09:44","2026/05/13 11:47",先物(仲介),,有限会社インテリアプランニング※広告NG・業者,-,"=""03-6820-6462""",,強めのクレームあり業者※広告NG,2540088
貸地,R00176-024969,,,,更地,アーカイブ(成約),無,1870000,,階,-,江戸川区春江町2丁目の貸地【311坪】,,東京都江戸川区春江町２丁目43,,,2.00,1.00,,,0.50,1028.31,,311.06,6012,2025/11/21,"2025/10/14 11:38","2026/05/13 11:45",先物(仲介),,(株)田島不動産※広告NG業者,-,"=""03-3653-6101""",,"※広告NG業者
・2025/11/21　物確⇒契約予定のため募集終了｜田島不動産（大和）",1320003
貸地,R00176-024234,,,,,アーカイブ(成約),無,608256,,階,-,江戸川区一之江2丁目の貸地【138坪】,,東京都江戸川区一之江２丁目16,,,2.00,1.00,1.00,,1.00,457.00,,138.24,4400,2025/04/24,"2025/04/24 10:46","2026/05/13 11:45",先物(仲介),,(株)田島不動産※広告NG業者,-,"=""03-3653-6101""",,"※広告NG業者
・住所：一之江2丁目18番5",1320024
倉庫,R00176-023417,,,,空,アーカイブ(成約),無,330000,,1階,1970年04月,江戸川区松江2丁目の貸倉庫【26坪】,,東京都江戸川区松江２丁目15-2,,,2.00,1.00,,,1.00,,86.25,26.09,12649,2025/03/25,"2024/11/07 11:54","2026/05/13 11:45",先物(仲介),,(株)田島不動産※広告NG業者,-,"=""03-3653-6101""",空有,"2025/03　山崎さん契約
※広告NG業者",1320025
店舗事務所(建物一括),R00176-025590,,,,空,アーカイブ(成約),無,880000,,階,2015年03月,川越市大字小ケ谷の貸店舗・事務所【110坪】,,埼玉県川越市大字小ケ谷592-1,,,3.00,1.00,,,1.10,,366.02,110.72,7948,2026/04/27,"2026/03/24 11:05","2026/05/13 11:35",先物(仲介),,ＡＣＲＥ（株）丸の内支社※広告NG業者,-,"=""03-5860-3660""",空有,※広告NG業者,3501104
倉庫,R00176-025120,,,,使用中,アーカイブ(成約),無,385000,,1階,1975年05月,横浜市金沢区富岡東2丁目の貸倉庫【32坪】,,神奈川県横浜市金沢区富岡東２丁目1-22,,,,1.00,6.00,,1.00,,108.90,32.94,11688,2025/11/13,"2025/11/13 09:44","2026/05/13 11:35",先物(仲介),,ＡＣＲＥ（株）横浜第一支社※広告NG業者,-,"=""045-317-5222""",,"※マッチングのみ
※広告NG業者",2360051
店舗(建物一部),R00176-023240,,,,空,アーカイブ(成約),無,880000,,1階,1990年08月,松戸市本町の貸店舗【40坪】,,千葉県松戸市本町25-4,,,4.00,1.00,,,1.00,,133.42,40.35,21805,2025/01/27,"2024/10/01 12:09","2026/05/13 11:21",先物(仲介),,アールプランニング（株）松戸店※広告NG業者,-,"=""047-330-1866""",無,※広告NG業者,2710091
倉庫,R00176-025030,,,,空,アーカイブ(成約),無,3565473,,4階,2025年03月,八千代市大和田新田の貸倉庫【681坪】,,千葉県八千代市大和田新田686-3,232822,,2.00,1.00,,,,67427.70,2252.00,681.23,5234,2026/02/24,"2025/10/22 10:41","2026/05/13 11:19",先物(仲介),,株式会社ASSORT※広告NG業者,-,"=""0467-81-7744""",空有,"・4階A区画
※広告NG業者",2760046
工場,R00176-024761,,,,使用中,アーカイブ(成約),無,550000,,階,1985年11月,江戸川区中央３丁目の貸工場【51坪】,,東京都江戸川区中央３丁目6-12,,,3.00,1.00,,,1.50,81.81,168.72,51.03,10777,2025/09/25,"2025/08/27 13:33","2026/05/13 11:13",先物(仲介),,（株）創新※広告NG業者,-,"=""03-3656-1250""",,"・区画貸し
※広告NG業者
■2025/9/11　元付より、1番手のお客様で契約進めていると入電あり。",1320021
倉庫,R00176-023818,,,,空,アーカイブ(成約),無,360000,,地下1階,1971年01月,新宿区百人町1丁目の貸倉庫【29坪】,,東京都新宿区百人町１丁目,,,,1.00,6.00,,1.50,,97.15,29.38,12250,2026/04/20,"2025/02/03 10:25","2026/05/13 11:09",先物(仲介),,栄福建設（株）※広告NG業者,-,"=""03-5348-0462""",,※広告NG業者,1690073
貸地,R00176-024978,,,,その他,公開可,無,715500,,階,-,日野市大字川辺堀之内の貸地【477坪】,,東京都日野市大字川辺堀之内240,,,3.00,1.00,,,0.50,1579.00,,477.64,1498,2026/07/24,"2025/10/15 11:03","2026/05/13 11:03",先物(仲介),,昭和建設株式会社※広告NG業者,-,"=""042-621-0667""",,※ネット掲載NG業者,1910015
倉庫,R00176-024263,,,,空,アーカイブ(成約),無,349800,,1階,2001年03月,八王子市東浅川町の貸倉庫【53坪】,,東京都八王子市東浅川町500-7,,,2.00,1.00,,,1.00,,177.51,53.69,6515,2025/07/24,"2025/05/07 10:06","2026/05/13 11:03",先物(仲介),,昭和建設株式会社※広告NG業者,-,"=""042-621-0667""",空有,"・1階部分
・2025/7/24確認：オーナー都合で貸し止め
※ネット掲載NG業者",1930834
倉庫,R00176-025182,,,,空,保留,無,660000,,階,1980年02月,板橋区新河岸2丁目の貸倉庫【81坪】,,東京都板橋区新河岸２丁目22-5,,,4.00,1.00,,1.00,1.00,,270.00,81.67,8081,2026/03/30,"2025/12/02 11:12","2026/05/13 09:42",先物(仲介),,(有)小原事務所※広告NG業者,-,"=""03-3938-7624""",空有,,1750081
倉庫,R00176-024184,,,,使用中,アーカイブ(成約),無,500000,,階,1968年11月,板橋区新河岸1丁目の貸倉庫【61坪】,,東京都板橋区新河岸１丁目25-4,,,4.00,1.00,,1.00,1.00,307.16,204.30,61.8,8091,2025/07/24,"2025/04/15 13:15","2026/05/13 09:36",先物(仲介),,(有)小原事務所※広告NG業者,-,"=""03-3938-7624""",,"HP掲載NG

",1750081
倉庫,R00176-023613,,,,建築中,アーカイブ(成約),無,825000,,階,2025年02月,板橋区新河岸2丁目の貸倉庫【60坪】,,東京都板橋区新河岸２丁目23,,,4.00,1.00,,1.00,1.00,429.00,199.76,60.42,13653,2024/12/26,"2024/12/13 10:26","2026/05/13 09:36",先物(仲介),,(有)小原事務所※広告NG業者,-,"=""03-3938-7624""",空有,・場所：グーグルマップでは、新河岸2丁目23-1（室谷紙工）,1750081
貸地,R00176-023481,,,,更地,公開可,無,300000,,階,-,松戸市大橋の貸地【289坪】,,千葉県松戸市大橋8-1,,,2.00,1.00,,,1.00,958.00,,289.79,1036,2026/07/09,"2024/11/19 10:59","2026/05/12 10:34",先物(仲介),,株式会社エコック,-,"=""047-397-7570""",,※2026/5/12　広告確認中のためマッチングのみ｜(株)エコック,2702224
倉庫,R00176-022968,,,,空,公開可,無,2530000,,階,1985年01月,江東区枝川2丁目の貸倉庫【203坪】,,東京都江東区枝川２丁目16-5,,,,1.00,12.00,,1.00,,672.70,203.49,12433,2026/07/24,"2024/08/02 10:57","2026/05/11 16:20",先物(仲介),,東急リバブル（株）豊洲センター,-,"=""03-3533-1898""",空有,元付：東急リバブル（株）豊洲センター｜仲介会社センヨウダイヤル：050-3628-3499,1350051
倉庫,R00176-025620,,,,空,公開可,無,1265000,,1階,2017年04月,松戸市上本郷の貸倉庫【77坪】,,千葉県松戸市上本郷520-5,,,3.00,1.00,,,1.00,661.17,256.20,77.5,16323,2026/07/09,"2026/03/31 10:51","2026/05/11 09:53",先物(仲介),,うさぎ家（株）,-,"=""047-710-8318""",空有,,2710064
倉庫,R00176-025155,,,,空,アーカイブ(成約),無,650000,,階,1994年01月,越谷市神明町2丁目の貸倉庫【144坪】,,埼玉県越谷市神明町２丁目233-1,,,2.00,1.00,,,,,477.91,144.56,4497,2026/05/11,"2025/11/25 10:23","2026/05/11 09:40",先物(仲介),,（株）石田興産　埼玉支店,-,"=""048-948-6866""",空有,2026/4/24　申込み有　二番手は条件よければ可,3430805
倉庫,R00176-025429,,,,空,アーカイブ(成約),無,350000,,階,1988年01月,板橋区東新町１丁目の貸倉庫【42坪】,,東京都板橋区東新町１丁目25-14,,,,1.00,4.00,,1.00,,139.88,42.31,8272,2026/05/08,"2026/02/16 09:51","2026/05/08 17:24",先物(仲介),,（有）青木建築事務所,-,"=""03-3932-2009""",,,1740074
倉庫,R00176-025692,,,,空,アーカイブ(成約),無,550000,,階,1971年01月,三郷市半田の貸倉庫【179坪】,,埼玉県三郷市半田,,,3.00,,,1.00,1.00,,592.00,179.08,3072,2026/05/08,"2026/04/16 10:32","2026/05/08 16:35",先物(仲介),,株式会社稲垣組,-,"=""048-948-6370""",無,【所在地】埼玉県三郷市半田677-1（元付確認）,3410012
倉庫,R00176-024309,,,,空,公開可,無,1320000,,階,1971年02月,武蔵村山市伊奈平1丁目の貸倉庫【297坪】,,東京都武蔵村山市伊奈平１丁目29-1,,,,1.00,3.00,,1.00,,983.28,297.44,4438,2026/06/26,"2025/05/14 11:18","2026/05/08 16:18",先物(仲介),,アイホーム（株）　,-,"=""042-512-9413""",,※2026/5/8　at-home転載可物件｜アイホーム株式会社?賃貸事業?部,2080023
工場,R00176-025740,,,,使用中,アーカイブ(成約),無,300000,,階,1987年02月,愛甲郡愛川町中津の貸工場【72坪】,,神奈川県愛甲郡愛川町中津6770,,16500,3.00,1.00,,,1.00,,239.50,72.44,4141,2026/04/28,"2026/04/28 10:53","2026/05/08 16:13",先物(仲介),,（株）モリット,-,"=""042-780-8005""",空有,,2430303
倉庫,R00176-025331,,,,使用中,アーカイブ(成約),無,8775300,,階,2021年03月,厚木市上依知の貸倉庫【1697坪】,,神奈川県厚木市上依知1207-3,,,6.00,1.00,,,,2702.71,5611.08,1697.35,5170,2026/04/14,"2026/01/22 10:18","2026/05/08 10:34",先物(仲介),,（株）一五不動産情報サービス,-,"=""03-6273-7810""",空有,※マッチングのみ,2430801
倉庫,R00176-025349,,,,空,アーカイブ(成約),無,6160000,,1階,1983年09月,川崎市川崎区東扇島の貸倉庫【698坪】,,神奈川県川崎市川崎区東扇島16-1,,,3.00,2.00,,,1.00,,2310.00,698.77,8816,2026/04/13,"2026/01/27 10:31","2026/05/08 10:20",先物(仲介),,合同会社彩虹舎,-,"=""03-6810-8728""",,,2100869
貸地,R00176-025585,,,,更地,アーカイブ(成約),無,535000,,階,-,高座郡寒川町小動の貸地【535坪】,,神奈川県高座郡寒川町小動852-1,,,,1.00,2.00,,,1769.00,,535.12,1000,2026/04/13,"2026/03/24 10:08","2026/05/08 10:12",先物(仲介),,（株）ヴェルリース,-,"=""0466-41-9015""",,"・所在地：?座郡寒川町?動 851番1、852番1
※2026/3/24　at-home転載可物件｜(株)ヴェルリース",2530102
貸地,R00176-024618,,,,更地,公開可,無,300000,,階,-,船橋市高根町の貸地【599坪】,,千葉県船橋市高根町2850-2,,,,1.00,4.00,,1.00,1982.00,,599.55,501,2026/07/27,"2025/07/24 10:10","2026/05/07 16:04",先物(仲介),,スターリンク（株）,-,"=""047-420-0111""",,"・枝番：2850-2他2筆
※2025/7/24　広告確認中のためマッチングのみ｜スターリンク（株）",2740817
倉庫,R00176-024954,,,,,アーカイブ(成約),無,748000,,階,2026年02月,吉川市大字高久の貸倉庫【79坪】,,埼玉県吉川市大字高久476,,,4.00,,,,,2200.00,262.50,79.4,9420,2026/05/07,"2025/10/10 09:57","2026/05/07 10:29",先物(仲介),,（株）日本リアリスト,-,"=""03-3667-1391""",空有,"・A区画
※2025/10/10　広告確認中のためマッチングのみ｜(株)日本リアリスト",3420035
貸地,R00176-024024,,,,更地,アーカイブ(成約),無,380000,,階,-,市川市大町の貸地【867坪】,,千葉県市川市大町210-1,,,3.00,1.00,,,1.00,2869.00,,867.87,438,2026/04/17,"2025/03/12 09:59","2026/05/07 10:23",先物(仲介),,富田不動産（株）,-,"=""047-338-1351""",,20260119　大型車不可、動植物園進入路の途中、農転費用借主負担,2720801
工場,R00176-025575,,,,空,アーカイブ(成約),無,450000,,階,1972年08月,川口市大字新堀の貸工場【101坪】,,埼玉県川口市大字新堀313,10000,,2.00,1.00,,,1.00,,333.99,101.03,4455,2026/05/07,"2026/03/19 10:08","2026/05/07 09:52",先物(仲介),,大栄建託(株),-,"=""048-297-2386""",空有,,3340061
倉庫,R00176-025677,,,,使用中,公開可,無,2255000,,階,1996年02月,町田市小山町の貸倉庫【293坪】,,東京都町田市小山町842-1,,,4.00,1.00,,,,1375.87,969.08,293.14,7693,2026/07/01,"2026/04/14 11:17","2026/05/01 17:47",先物(仲介),,株式会社シーアールイ―,-,"=""03-5572-6604""",近有,,1940212
倉庫,R00176-024711,,,,空,公開可,無,1100000,,階,1992年01月,野田市船形の貸倉庫【200坪】,,千葉県野田市船形1489-1,,,2.00,1.00,,,1.00,,664.00,200.86,5477,2026/07/09,"2025/08/19 12:02","2026/05/01 16:18",先物(仲介),,三基建設　東京店,-,"=""03-5200-0999""",空有,"※1階部分貸し
・枝番：1489-1",2700233
倉庫,R00176-025653,,,,居住中,アーカイブ(成約),無,1391500,,階,1991年06月,横浜市港北区新羽町の貸倉庫【126坪】,,神奈川県横浜市港北区新羽町472,,,4.00,2.00,,,1.00,,418.00,126.44,11005,2026/04/09,"2026/04/09 09:28","2026/05/01 10:52",先物(仲介),,株式会社リブクラッシィ,-,"=""045-949-4411""",空有,・A号室（連棟一部区画貸し）,2230057
倉庫,R00176-025655,,,,居住中,アーカイブ(成約),無,880000,,階,1989年07月,横浜市都筑区東山田4丁目の貸倉庫【100坪】,,神奈川県横浜市都筑区東山田４丁目33-19,,,,1.00,3.00,,1.10,,333.70,100.94,8718,2026/04/09,"2026/04/09 09:58","2026/05/01 10:45",先物(仲介),,（株）エヌアセット　溝の口南口店,-,"=""050-3196-8186""",空有,,2240023
倉庫,R00176-025457,,,,空,公開可,無,14772443,,3階,2011年05月,町田市鶴間7丁目の貸倉庫【2380坪】,,東京都町田市鶴間７丁目30-1,,,6.00,,,,,34644.17,7870.48,2380.82,6205,2026/07/28,"2026/02/19 09:56","2026/05/01 10:07",先物(仲介),,久保田倉庫（有）,-,"=""0270-23-1057""",,・3階部分,1940004
倉庫,R00176-025456,,,,空,公開可,無,9706936,,2階,2011年05月,町田市鶴間7丁目の貸倉庫【1575坪】,,東京都町田市鶴間７丁目30-1,,,6.00,,,,,34644.17,5209.56,1575.89,6160,2026/07/28,"2026/02/19 09:50","2026/05/01 10:06",先物(仲介),,久保田倉庫（有）,-,"=""0270-23-1057""",,・2階部分,1940004
貸地,R00176-025519,,,,更地,公開可,無,750000,,階,-,柏市藤ケ谷の貸地【1151坪】,,千葉県柏市藤ケ谷1796-1,,,4.00,2.00,,,1.00,3807.00,,1151.61,652,2026/07/28,"2026/03/06 10:22","2026/05/01 09:54",先物(仲介),,ゼクス株式会社,-,"=""047-468-8685""",,"・所在地：1796-1 他2筆
※2026/3/6　at-home転載可物件｜ゼクス（株）",2770931
倉庫,R00176-024918,,,,空,アーカイブ(成約),無,,,階,-,戸田市美女木4丁目の貸倉庫【206坪】,,埼玉県戸田市美女木４丁目27-3,,,,1.00,6.00,,,,682.81,206.55,,2026/04/30,"2025/10/06 09:54","2026/04/30 17:38",先物(仲介),,（株）トラスト　,-,"=""03-5832-9959""",,"戸田2号冷蔵倉庫C棟

2026/01/26　星さんより
冷蔵庫等を撤去して常温倉庫としての賃貸も相談出来るそうです。
（常温倉庫としての場合は賃料単価も下げるそうです）
※引き続き冷蔵倉庫としての賃貸も可能です",3350031
倉庫,R00176-025025,,,,空,アーカイブ(成約),無,1311796,,階,1979年07月,北葛飾郡杉戸町大字本郷の貸倉庫【305坪】,,埼玉県北葛飾郡杉戸町大字本郷584-1,,,3.00,1.00,,,,,1010.84,305.77,4291,2026/04/30,"2025/10/22 10:08","2026/04/30 17:24",先物(仲介),,（有）タマ・ロジスティックス,-,"=""0428-78-4736""",,"杉戸倉庫2号
杉戸倉庫1号　R00176-025024",3450023
貸地,R00176-024806,,,,更地,アーカイブ(成約),無,550000,,階,-,春日部市水角の貸地【730坪】,,埼玉県春日部市水角874-1,,,3.00,1.00,,,1.00,2414.08,,730.25,754,2026/04/30,"2025/09/04 11:18","2026/04/30 17:22",先物(仲介),,株式会社丸昌　本店　不動産部,-,"=""045-577-4139""",,"・所在地：字?道874-1他6筆
※2025/9/　広告確認中のためマッチングのみ｜(株)丸昌?本店?不動産部",3440127
倉庫,R00176-025302,,,,空,アーカイブ(成約),無,450000,,階,2003年10月,平塚市南原4丁目の貸倉庫【73坪】,,神奈川県平塚市南原４丁目5-32,,,3.00,1.00,,,1.00,,241.90,73.17,6150,2026/04/06,"2026/01/15 10:28","2026/04/30 16:32",先物(仲介),,株式会社湘南スタイル,-,"=""0467-55-8225""",空有,,2540065
貸地,R00176-024575,,,,更地,保留,無,1138500,,階,-,三郷市彦成5丁目の貸地【899坪】,,埼玉県三郷市彦成５丁目109,,,1.00,1.00,,,,2975.00,,899.93,1266,2026/04/30,"2025/07/10 10:38","2026/04/30 15:10",先物(仲介),,株式会社レーベン,-,"=""048-441-2368""",,※2025/7/10　広告確認中のためマッチングのみ｜(株)レーベン,3410003
貸地,R00176-025351,,,,更地,アーカイブ(成約),無,495800,,階,-,厚木市小野の貸地【450坪】,,神奈川県厚木市小野2182-1,,,3.00,1.00,,,1.00,1490.00,,450.72,1101,2026/04/06,"2026/01/27 11:00","2026/04/30 14:56",先物(仲介),,株式会社アノンズ,-,"=""046-264-8711""",,・住所：小野2181-5、2182-1、2183-1,2430125
貸地,R00176-024970,,,,更地,アーカイブ(成約),無,300000,,階,-,三郷市幸房の貸地【296坪】,,埼玉県三郷市幸房283-1,,,2.00,2.00,,,1.00,981.00,,296.75,1011,2026/04/30,"2025/10/15 09:19","2026/04/30 14:55",先物(仲介),,（株）ハウストゥエンティーワン,-,"=""048-958-6611""",,,3410026
店舗(建物一括),R00176-025562,,,,空,アーカイブ(成約),無,440000,,1階,1975年03月,厚木市妻田東3丁目の貸店舗【33坪】,,神奈川県厚木市妻田東３丁目8-12,,,2.00,1.00,,,1.00,168.46,111.65,33.77,13028,2026/04/06,"2026/03/17 10:33","2026/04/30 14:52",先物(仲介),,株式会社アスモホーム,-,"=""046-238-1515""",空有,,2430813
貸地,R00176-025476,,,,更地,アーカイブ(成約),無,784000,,階,-,横浜市都筑区池辺町の貸地【784坪】,,神奈川県横浜市都筑区池辺町1055,,,2.00,1.00,,,1.00,2594.00,,784.68,1000,2026/04/06,"2026/02/25 09:56","2026/04/30 14:51",先物(仲介),,（有）カネコ商事　,-,"=""045-542-2350""",,※2026/2/24　広告確認中のためマッチングのみ｜(有)カネコ商事,2240053
倉庫,R00176-024942,,,,空,保留,無,275000,,階,2025年09月,横浜市都筑区東山田町の貸倉庫【24坪】,,神奈川県横浜市都筑区東山田町1358-6,5500,,,1.00,3.00,,1.00,,80.00,24.2,11364,2026/04/06,"2025/10/08 13:21","2026/04/30 14:41",先物(仲介),,（有）アドニス,-,"=""045-540-8222""",空有,"・2025/10/8　レインズ広告可物件｜(有)アドニス
※30万円以下になったため公開保留",2240024
工場,R00176-025574,,,,空,アーカイブ(成約),無,308000,,1階,1971年02月,横浜市鶴見区元宮1丁目の貸工場【29坪】,,神奈川県横浜市鶴見区元宮１丁目1-11,1500,,3.00,2.00,,,1.00,,99.17,29.99,10268,2026/04/06,"2026/03/19 10:04","2026/04/30 14:29",先物(仲介),,株式会社横浜コミュニティー,-,"=""045-542-3443""",空有,・No3,2300004
貸地,R00176-023166,,,,更地,アーカイブ(成約),無,330000,,階,-,平塚市高根2丁目の貸地【184坪】,,神奈川県平塚市高根２丁目161-13,,,3.00,1.00,,,1.00,608.66,,184.11,1793,2026/04/06,"2024/09/18 10:56","2026/04/30 10:54",先物(仲介),,株式会社　藤建,-,"=""0463-35-8787""",,※場所不明、地図は正確ではありません。確認お願いします。,2540912
貸地,R00176-023583,,,,更地,アーカイブ(成約),無,400000,,階,-,小田原市寿町3丁目の貸地【200坪】,,神奈川県小田原市寿町３丁目376,,,,,6000000,,,661.38,,200.06,2000,2026/04/06,"2024/12/06 10:24","2026/04/30 10:51",先物(仲介),,東西地所株式会社,-,"=""0465-34-8750""",,"・Googleマップ枝番：寿町3丁目3
※2024/12/6　レインズ広告可物件｜東西地所（株）",2500002
貸地,R00176-023582,,,,更地,アーカイブ(成約),無,430000,,階,-,小田原市寿町3丁目の貸地【215坪】,,神奈川県小田原市寿町３丁目375,,,,,6000000,,,712.79,,215.61,1995,2026/04/06,"2024/12/06 10:11","2026/04/30 10:50",先物(仲介),,東西地所株式会社,-,"=""0465-34-8750""",,"・Googleマップ枝番：寿町3丁目3
※2024/12/6　レインズ広告可物件｜東西地所（株）",2500002
倉庫,R00176-024490,,,,空,アーカイブ(成約),無,857500,,階,1995年02月,相模原市緑区田名の貸倉庫【155坪】,,神奈川県相模原市緑区田名2590-8,,,3.00,1.00,,,1.00,1156.08,515.36,155.89,5501,2026/04/06,"2025/06/20 09:53","2026/04/30 10:14",先物(仲介),,株式会社ライズ,-,"=""042-741-5820""",,※枝番：2590-8他2筆,2520124
倉庫,R00176-025641,,,,使用中,アーカイブ(成約),無,883960,,1階,1972年04月,厚木市岡田3丁目の貸倉庫【164坪】,,神奈川県厚木市岡田３丁目9-8,,,3.00,1.00,,,1.00,946.00,542.24,164.02,5390,2026/04/07,"2026/04/07 10:16","2026/04/30 10:03",先物(仲介),,厚?倉庫株式会社,-,"=""046-233-5111""",空有,,2430021
貸地,R00176-025361,,,,更地,アーカイブ(成約),無,520000,,階,-,三郷市彦音2丁目の貸地【393坪】,,埼玉県三郷市彦音２丁目65,,,1.00,2.00,,,,1300.00,,393.25,1323,2026/04/28,"2026/01/30 10:12","2026/04/28 17:05",先物(仲介),,大栄不動産株式会社　さいたま支店,-,"=""048-647-0992""",,,3410002
貸地,R00176-023825,,,,更地,アーカイブ(成約),無,450340,,階,-,戸田市氷川町1丁目の貸地【177坪】,,埼玉県戸田市氷川町１丁目7,,,,1.00,2.00,,1.00,588.00,,177.87,2532,2026/04/28,"2025/02/03 12:12","2026/04/28 16:56",先物(仲介),,シャインサービス株式会社,-,"=""048-826-5711""",,【グーグルマップ住所】戸田市氷川町1丁目7-10　北隣り,3350027
貸地,R00176-025323,,,,更地,公開可,無,770000,,階,-,柏市船戸山高野の貸地【1168坪】,,千葉県柏市船戸山高野551,,,,1.00,3.00,,,3863.00,,1168.55,659,2026/06/16,"2026/01/20 12:07","2026/04/28 16:20",先物(仲介),,（株）ＫＳコンサルタント,-,"=""03-5839-2871""",,,2770801
倉庫,R00176-025288,,,,空,アーカイブ(成約),無,660000,,階,1982年01月,川越市大字福田の貸倉庫【180坪】,,埼玉県川越市大字福田201-1,,,4.00,2.00,,,1.00,,596.90,180.56,3656,2026/04/28,"2026/01/09 10:48","2026/04/28 14:35",先物(仲介),,■三光物産株式会社,-,"=""049-226-3535""",空有,,3500821
店舗事務所(建物一部),R00176-023148,,,,築後未入居,アーカイブ(成約),無,509300,,1階,2024年11月,川口市東川口4丁目の貸店舗・事務所【30坪】,,埼玉県川口市東川口４丁目25-5,,33000,,2.00,6.00,,1.10,,101.93,30.83,16518,2026/04/27,"2024/09/12 11:38","2026/04/27 17:55",先物(仲介),,（株）ヴェセル東西,-,"=""03-3981-9595""",空有,"■ブルーオーシャンテラス　B区画
2026/4/27　オーナーの方へ申込み入った詳細不明
2025/9/30　外国籍不可・スケルトン渡し・駐車場の台数は相談の上
2024/9/11　広告可物件（元付直で許可取得済：大森さん）｜(株)ヴェセル東西",3330801
倉庫,R00176-025595,,,,空,公開可,無,858000,,階,1993年03月,柏市青葉台2丁目の貸倉庫【142坪】,,千葉県柏市青葉台２丁目18-12,4400,,3.00,,,,1.00,,470.71,142.38,6026,2026/06/15,"2026/03/24 11:49","2026/04/27 17:52",先物(仲介),,コロンブス・メディア（株）　,-,"=""03-6806-0497""",空有,"・3号棟
※2026/3/24　レインズ広告可物件｜コロンブス・メディア（株）",2770055
貸地,R00176-025400,,,,更地,公開可,無,920000,,階,-,白井市根の貸地【922坪】,,千葉県白井市根139-9,,,,1.00,6.00,,1.00,3050.00,,922.62,998,2026/07/13,"2026/02/09 09:56","2026/04/27 17:37",先物(仲介),,（有）光和住宅,-,"=""047-441-7471""",,,2701431
倉庫,R00176-025443,,,,空,公開可,無,469700,,階,1970年08月,柏市大井の貸倉庫【122坪】,,千葉県柏市大井1894,,,,1.00,4.00,,1.00,,403.30,121.99,3851,2026/07/15,"2026/02/17 11:43","2026/04/27 17:31",先物(仲介),,イーソーコ株式会社,-,"=""03-5439-9401""",,・C棟,2770902
倉庫,R00176-025563,,,,空,公開可,無,2801101,,1階,1978年05月,柏市大井の貸倉庫【665坪】,,千葉県柏市大井1894,,,,1.00,4.00,,1.00,,2199.83,665.44,4210,2026/07/15,"2026/03/17 10:48","2026/04/27 17:30",先物(仲介),,イーソーコ株式会社,-,"=""03-5439-9401""",,・B、C棟,2770902
倉庫,R00176-025444,,,,空,公開可,無,2056841,,階,1978年05月,柏市大井の貸倉庫【479坪】,,千葉県柏市大井1894,,,,1.00,4.00,,1.00,,1584.95,479.44,4291,2026/07/15,"2026/02/17 11:53","2026/04/27 17:28",先物(仲介),,イーソーコ株式会社,-,"=""03-5439-9401""",,・B棟,2770902
倉庫,R00176-025236,,,,使用中,公開可,無,1210000,,階,1999年02月,流山市前ケ崎の貸倉庫【199坪】,,千葉県流山市前ケ崎410-12,,,,1.00,4.00,,1.00,,661.14,199.99,6051,2026/07/24,"2025/12/12 13:31","2026/04/27 16:49",先物(仲介),,株式会社コジョソコ,-,"=""045-530-9890""",,,2700144
倉庫,R00176-024976,,,,空,アーカイブ(成約),無,544500,,階,1983年08月,大田区大森南4丁目の貸倉庫【57坪】,,東京都大田区大森南４丁目10-20,,,6.00,1.00,,1.00,1.00,,190.21,57.53,9464,2026/03/30,"2025/10/15 10:43","2026/04/27 15:58",先物(仲介),,（株）コタニ興業,-,"=""045-593-3721""",空有,・1階一部と2階部分,1430013
店舗(建物一部),R00176-023866,,,,空,アーカイブ(成約),無,550000,,1階,1980年11月,江東区亀戸7丁目の貸店舗【36坪】,,東京都江東区亀戸７丁目30-17,,44000,5.00,,,,1.00,,121.62,36.79,14950,2026/03/30,"2025/02/07 11:49","2026/04/27 15:54",先物(仲介),,（株）京プロジェクト,-,"=""03-3983-8550""",無,※2025/8/19　レインズ転載可物件｜(株)京プロジェクト,1360071
工場,R00176-025119,,,,空,アーカイブ(成約),無,299000,,階,1989年08月,入間郡三芳町大字上富の貸工場【119坪】,,埼玉県入間郡三芳町大字上富87-4,,,4.00,2.00,,,1.00,656.00,393.99,119.18,2509,2026/04/10,"2025/11/12 14:58","2026/04/27 10:11",先物(仲介),,■三光物産株式会社,-,"=""049-226-3535""",空有,2026/4/10　売買と賃貸で申込み有　売買は流れそうだが、2、3番手になる,3540045
店舗(建物一部),R00176-025261,,,,空,アーカイブ(成約),無,330000,,1階,1996年09月,幸手市東3丁目の貸店舗【24坪】,,埼玉県幸手市東３丁目3-3,,,,1.10,10.00,,1.00,,79.47,24.03,13728,2026/04/24,"2026/01/05 10:15","2026/04/24 14:40",先物(仲介),,株式会社イリオス,-,"=""03-5990-5767""",空有,"2025/2/25　申込み１件あり　二番手可
※業種は飲食業のみ(業態相談)",3400114
倉庫,R00176-023701,,,,空,アーカイブ(成約),無,220000,,階,1972年01月,川口市青木2丁目の貸倉庫【16坪】,,埼玉県川口市青木２丁目2-52,,,,1.00,3.00,,1.00,93.95,54.77,16.56,13279,2026/04/24,"2025/01/14 09:37","2026/04/24 14:16",先物(仲介),,河野ビル株式会社,-,"=""03-3501-3045""",,,3320031
倉庫,R00176-025696,,,,使用中,公開可,無,660000,,1階,1973年02月,江戸川区篠崎町5丁目の貸倉庫【53坪】,,東京都江戸川区篠崎町５丁目12-33,,,,1.00,3.00,,1.00,263.00,175.32,53.03,12445,2026/07/29,"2026/04/17 10:35","2026/04/24 13:24",先物(仲介),,（株）タープ不動産,-,"=""03-5844-6300""",空有,・1階部分,1330061
倉庫,R00176-023633,,,,使用中,アーカイブ(成約),無,330000,,1階,1982年08月,北区神谷2丁目の貸倉庫【46坪】,,東京都北区神谷２丁目36-9,,,,1.00,3.00,,1.50,,153.72,46.5,7097,2025/01/06,"2024/12/18 10:22","2026/04/23 14:30",先物(仲介),,（株）タープ不動産,-,"=""03-5844-6300""",,,1150043
倉庫,R00176-025459,,,,使用中,アーカイブ(成約),無,534600,,1階,1989年12月,横浜市都筑区佐江戸町の貸倉庫【33坪】,,神奈川県横浜市都筑区佐江戸町1707-1,,,3.00,1.00,,1.00,1.00,,112.00,33.88,15780,2026/02/19,"2026/02/19 10:28","2026/04/23 13:38",先物(仲介),,（株）コタニ興業,-,"=""045-593-3721""",空有,"・101、102
202604　星さん契約",2240054
店舗事務所(建物一括),R00176-025597,,,,使用中,アーカイブ(成約),無,330000,,階,1986年04月,足立区新田3丁目の貸店舗・事務所【61坪】,,東京都足立区新田３丁目10-1,,,2.00,1.00,,,,102.33,204.24,61.78,5342,2026/03/24,"2026/03/24 13:02","2026/04/23 12:58",先物(仲介),,（株）国際商会,-,"=""03-5332-3030""",空有,※2026/3/24　広告NGのためマッチングのみ｜(株)国際商会,1230865
工場,R00176-024481,,,,使用中,公開可,無,1210000,,階,1985年09月,福生市武蔵野台2丁目の貸工場【223坪】,,東京都福生市武蔵野台２丁目34,,,5000000,1.00,,,1.00,,739.06,223.56,5413,2026/06/26,"2025/06/17 13:04","2026/04/23 12:57",先物(仲介),,（株）アイビーホーム　市役所通り店,-,"=""042-579-0234""",空有,"・Googleマップ枝番：34-9
・2025.7.25　確認：申込あり、2番手可能",1970013
倉庫,R00176-025577,,,,空,アーカイブ(成約),無,350000,,2階,1985年04月,台東区三筋1丁目の貸倉庫【15坪】,,東京都台東区三筋１丁目14-6,20000,,,1.00,1.00,,1.00,,50.59,15.3,22871,2026/03/19,"2026/03/19 10:30","2026/04/23 12:54",先物(仲介),,二坂不動産（株）リノテラスコーポレーション,-,"=""03-6273-9377""",,"・2階部分
※レインズ・at-home掲載中は物確不要｜元付：二坂不動産（株）リノテラスコーポレーション
　内見依頼書はメール・FAXにて⇒FAX：03-6273-9378",1110055
倉庫,R00176-025372,,,,使用中,アーカイブ(成約),無,492000,,階,1995年03月,足立区鹿浜2丁目の貸倉庫【43坪】,,東京都足立区鹿浜２丁目7-17,,,2.00,1.00,,,1.55,,145.20,43.92,11202,2026/03/19,"2026/02/03 10:38","2026/04/23 12:52",先物(仲介),,まさひろ商事不動産(株),-,"=""03-3890-8314""",空有,※マッチングのみ,1230864
倉庫,R00176-025572,,,,使用中,アーカイブ(成約),無,770000,,階,1993年06月,蕨市北町5丁目の貸倉庫【149坪】,,埼玉県蕨市北町５丁目11-20,,,,1.00,3.00,,1.00,670.07,495.75,149.96,5135,2026/03/19,"2026/03/19 09:43","2026/04/23 12:49",先物(仲介),,日東商事株式会社,-,"=""048-641-2775""",,,3350001
貸地,R00176-025083,,,,更地,アーカイブ(成約),無,374000,,階,-,所沢市大字坂之下の貸地【514坪】,,埼玉県所沢市大字坂之下620,,,2.00,,,,0.50,1700.00,,514.25,728,2026/03/19,"2025/11/05 09:36","2026/04/23 12:26",先物(仲介),,（株）ナイキ,-,"=""048-483-2180""",,"2026/1/30　レインズ・ATBB掲載ないが募集中
",3590012
貸地,R00176-024998,,,,更地,アーカイブ(成約),無,450000,,階,-,四街道市大日の貸地【746坪】,,千葉県四街道市大日1184,,,5.00,1.00,,,1.00,2467.65,,746.46,603,2026/04/23,"2025/10/20 10:44","2026/04/23 12:06",先物(仲介),,株式会社栄ハウジング,-,"=""043-257-8991""",,・所在地：四街道市大日1184、1181-2の一部、1182-2の一部,2840001
貸地,R00176-024912,,,,更地,アーカイブ(成約),無,300000,,階,-,千葉市花見川区大日町の貸地【420坪】,,千葉県千葉市花見川区大日町1578,,,1.00,1.00,,,1.00,1391.00,,420.77,713,2026/04/23,"2025/10/02 09:13","2026/04/23 12:02",先物(仲介),,有限会社大日総業,-,"=""043-259-6284""",,,2620004
倉庫,R00176-025609,,,,居住中,アーカイブ(成約),無,495000,,1階,1994年09月,大和市深見台4丁目の貸倉庫【71坪】,,神奈川県大和市深見台４丁目13-19,,,,1.00,6.00,,1.00,,236.83,71.64,6910,2026/03/30,"2026/03/30 09:44","2026/04/23 11:58",先物(仲介),,(株)和光不動産,-,"=""046-261-7575""",空有,,2420013
倉庫,R00176-025158,,,,空,アーカイブ(成約),無,1100000,,階,1981年09月,横浜市鶴見区獅子ケ谷2丁目の貸倉庫【199坪】,,神奈川県横浜市鶴見区獅子ケ谷２丁目39-27,,,,1.00,10.00,,1.00,,660.00,199.65,5510,2026/03/31,"2025/11/26 09:47","2026/04/23 11:55",先物(仲介),,,-,"=""050-3145-9521""",空有,・C号室,2300073
工場,R00176-023136,,,,使用中,アーカイブ(成約),無,605000,,階,1971年09月,横浜市都筑区池辺町の貸工場【55坪】,,神奈川県横浜市都筑区池辺町3260,,,,3.00,3.00,,1.00,,183.11,55.39,10923,2026/03/31,"2024/09/10 11:49","2026/04/23 11:53",先物(仲介),,株式会社見村鉄骨グループ,-,"=""044-588-5231""",空有,"・R00176-017858にミニ倉庫＋トイレ付き
・2024/9/10　レインズ広告可物件｜(株)?村鉄?グループ",2240053
店舗(建物一括),R00176-025542,,,,空,アーカイブ(成約),無,3300000,,階,1991年05月,藤沢市大庭の貸店舗【512坪】,,神奈川県藤沢市大庭5681-12,,,,1.00,5.00,,3000000,,1694.14,512.47,6440,2026/03/31,"2026/03/13 09:59","2026/04/23 11:34",先物(仲介),,アパマンショップ（株）ビーハウジング鶴見西口店,-,"=""045-584-1836""",空有,,2510861
貸地,R00176-024207,,,,古家付,アーカイブ(成約),無,1265000,,階,-,印旛郡酒々井町尾上の貸地【3338坪】,,千葉県印旛郡酒々井町尾上128,,,6.00,1.10,,,1.10,11037.85,,3338.94,379,2026/04/23,"2025/04/18 12:57","2026/04/23 11:25",先物(仲介),,エム・ケー株式会社,-,"=""042-589-0223""",,,2850911
倉庫,R00176-025480,,,,空,アーカイブ(成約),無,6985000,,階,2025年02月,習志野市茜浜3丁目の貸倉庫【4154坪】,,千葉県習志野市茜浜３丁目34-1,,1372500,,1.00,6.00,,,20809.47,13732.56,4154.09,1682,2026/04/23,"2026/02/26 09:59","2026/04/23 10:34",先物(仲介),,株式会社拓洋,-,"=""048-995-4147""",,"・東区画
・場所：グーグルマップでは、茜浜3丁目6-4",2750024
倉庫,R00176-025593,,,,空,アーカイブ(成約),無,393250,,1階,1970年11月,千葉市中央区中央港2丁目の貸倉庫【64坪】,,千葉県千葉市中央区中央港２丁目4-6,59000,,6.00,1.00,,,,,214.00,64.73,6075,2026/04/23,"2026/03/24 11:33","2026/04/23 10:26",先物(仲介),,株式会社　スペース技建,-,"=""043-290-9567""",空有,・D号,2600024
倉庫,R00176-025107,,,,使用中,アーカイブ(成約),無,550000,,階,1987年12月,海老名市杉久保南1丁目の貸倉庫【64坪】,,神奈川県海老名市杉久保南１丁目,,,3.00,1.00,,,1.00,489.90,211.64,64.02,8591,2026/04/06,"2025/11/11 10:32","2026/04/23 09:55",先物(仲介),,株式会社アクティブイイダ海老名店,-,"=""046-236-1633""",空有,・Googleマップ枝番：杉久保南１丁目13-23,2430427
倉庫,R00176-025643,,,,使用中,アーカイブ(成約),無,649000,,階,1992年12月,横浜市都筑区佐江戸町の貸倉庫【81坪】,,神奈川県横浜市都筑区佐江戸町272,,,,1.00,3.00,,,,268.27,81.15,7998,2026/04/09,"2026/04/07 10:58","2026/04/23 09:23",先物(仲介),,株式会社加瀬テナントサービス,-,"=""045-534-8232""",,・1-2階部分,2240054
倉庫,R00176-025380,,,,空,アーカイブ(成約),無,594000,,階,1983年10月,江東区森下2丁目の貸倉庫【58坪】,,東京都江東区森下２丁目12-5,,,,1.00,3.00,,1.00,,192.78,58.31,10186,2026/02/05,"2026/02/05 10:20","2026/04/22 11:00",先物(仲介),,スターツピタットハウス（株）錦糸町北口店,-,"=""03-5610-7045""",近有,,1350004
倉庫,R00176-025425,,,,空,アーカイブ(成約),無,495000,,1階,1967年08月,文京区湯島1丁目の貸倉庫【41坪】,,東京都文京区湯島１丁目1-12,,55000,,1.00,1980000,,,,136.00,41.14,12033,2026/04/16,"2026/02/13 11:39","2026/04/22 09:53",先物(仲介),,（株）イチイ,-,"=""03-5990-5091""",無,"・1階部分
※2026/2/13　広告確認中のためマッチングのみ｜(株)イチイ",1130034
倉庫,R00176-025531,,,,使用中,アーカイブ(成約),無,1650000,,階,1962年06月,台東区鳥越2丁目の貸倉庫【212坪】,,東京都台東区鳥越２丁目10-4,,,,1650000,7500000,,,,703.11,212.69,7758,2026/04/08,"2026/03/10 11:55","2026/04/22 09:30",先物(仲介),,㈱尾形地所,-,"=""03-5687-0005""",無,"飲食NG
■2026/04/08業者変更：トラスト・レジデンス浅草橋店（株）瑞鳳⇒株式会社尾形地所",1110054
倉庫,R00176-025250,,,,空,公開可,無,21659800,,階,-,野田市西三ケ尾の貸倉庫【5699坪】,,千葉県野田市西三ケ尾377,,,6.00,1.00,,,,41652.89,18842.87,5699.96,3800,2026/07/28,"2025/12/23 09:44","2026/04/21 12:15",先物(仲介),,（株）ナカノ商会,木村：080-1169-5459,"=""03-5667-8877""",,※2025/12/23　レインズネット広告可物件｜(株)ナカノ商会,2780015
倉庫,R00176-025464,,,,空,公開可,無,8705554,,1階,2026年02月,柏市大青田の貸倉庫【1616坪】,,千葉県柏市大青田1115,,,,1.00,,,,18089.95,5344.40,1616.68,5385,2026/07/28,"2026/02/24 09:46","2026/04/21 12:06",先物(仲介),,久保田倉庫（有）,-,"=""0270-23-1057""",,・1階B区画,2770805
倉庫,R00176-025465,,,,空,公開可,無,5975568,,1階,2026年02月,柏市大青田の貸倉庫【1006坪】,,千葉県柏市大青田1115,,,,1.00,,,,18089.95,3328.50,1006.87,5935,2026/07/28,"2026/02/24 09:46","2026/04/21 12:05",先物(仲介),,久保田倉庫（有）,-,"=""0270-23-1057""",,・1階A区画,2770805
工場,R00176-025428,,,,空,公開可,無,1056000,,階,1982年06月,野田市桐ケ作の貸工場【436坪】,,千葉県野田市桐ケ作276-1,,,5.00,1.00,,,1.10,,1443.88,436.77,2418,2026/07/09,"2026/02/13 13:34","2026/04/21 11:55",先物(仲介),,株式会社栄ハウジング,-,"=""043-257-8991""",空有,,2700213
倉庫,R00176-025404,,,,空,公開可,無,385000,,1階,1988年11月,野田市木間ケ瀬の貸倉庫【115坪】,,千葉県野田市木間ケ瀬5998,,,2.00,1.00,,,1.00,1425.00,382.00,115.55,3332,2026/07/28,"2026/02/10 10:12","2026/04/21 11:51",先物(仲介),,有限会社共進住宅,-,"=""04-7173-1971""",,※2026/2/10　広告確認中のためマッチングのみ｜(有)共進住宅,2700222
倉庫,R00176-025273,,,,使用中,保留,無,1716000,,階,1989年10月,三郷市新和3丁目の貸倉庫【400坪】,,埼玉県三郷市新和３丁目322,,,2.00,1.00,,,,,1322.31,399.99,4291,2026/04/22,"2026/01/06 15:00","2026/04/20 17:48",先物(仲介),,（株）タープ不動産,-,"=""03-5844-6300""",空有,,3410034
工場,R00176-025704,,,,空,公開可,無,407000,,1階,1974年01月,江戸川区中央3丁目の貸工場【45坪】,,東京都江戸川区中央３丁目9-7,,22000,,2.00,5.00,,1.50,,151.00,45.67,8911,2026/07/02,"2026/04/20 11:23","2026/04/20 17:23",先物(仲介),,株式会社豊徳,-,"=""03-3964-0861""",,・1階C,1320021
倉庫,R00176-025599,,,,空,アーカイブ(成約),無,550000,,階,1989年09月,さいたま市南区松本4丁目の貸倉庫【130坪】,,埼玉県さいたま市南区松本４丁目11,,,3.00,2.00,,,,449.00,431.46,130.51,4215,2026/03/25,"2026/03/25 10:27","2026/04/20 10:20",先物(仲介),,有限会社　武蔵,-,"=""048-866-0829""",空有,,3360035
倉庫,R00176-024853,,,,空,アーカイブ(成約),無,797412,,2階,-,千葉市美浜区新港の貸倉庫【207坪】,,千葉県千葉市美浜区新港65-2,,,3.00,1.00,,,,2150.00,684.70,207.12,3850,2026/04/17,"2025/09/17 10:43","2026/04/17 17:45",先物(仲介),,株式会社シーアールイー　本社,-,"=""03-5572-6604""",,・2階一部,2610002
倉庫,R00176-023873,,,,空,アーカイブ(成約),無,3934700,,階,1987年09月,市川市田尻3丁目の貸倉庫【650坪】,,千葉県市川市田尻３丁目8-22,,,6.00,1.00,,,,4003.67,2150.00,650.37,6050,2026/04/17,"2025/02/10 11:14","2026/04/17 17:12",先物(仲介),,シービーアールイー（株）本店　インダストリアル首都圏営業部,-,"=""03-5288-9288""",,・1階一部と3階部分,2720014
倉庫,R00176-025134,,,,空,公開可,無,2200000,,階,1971年04月,千葉市花見川区柏井町の貸倉庫【277坪】,,千葉県千葉市花見川区柏井町900-1,,,3.00,1.00,,,1.00,,917.07,277.41,7931,2026/06/12,"2025/11/17 09:57","2026/04/17 17:04",先物(仲介),,（株）与志建設,-,"=""043-286-0554""",空有,※2025/11/17　広告確認中のためマッチングのみ｜(株)与志建設,2620041
貸地,R00176-025353,,,,更地,アーカイブ(成約),無,480000,,階,-,柏市大青田の貸地【479坪】,,千葉県柏市大青田858-1,,,3.00,1.00,,1.00,,1585.06,,479.48,1002,2026/03/18,"2026/01/27 11:33","2026/04/17 15:58",先物(仲介),,エヌケープラン合同会社,-,"=""04-7163-2444""",,・住所：大青田858-1、858-2、857-7,2770805
貸地,R00176-025277,,,,その他,公開可,無,700000,,階,-,船橋市小室町の貸地【907坪】,,千葉県船橋市小室町2457-1,,,,1.00,4.00,,,2999.00,,907.19,772,2026/07/27,"2026/01/07 10:20","2026/04/17 15:46",先物(仲介),,スターリンク（株）,-,"=""047-420-0111""",,※2026/1/7　広告確認中のためマッチングのみ｜スターリンク（株）,2701471
店舗(建物一括),R00176-025564,,,,空,アーカイブ(成約),無,341000,,1階,2014年01月,千葉市緑区あすみが丘東5丁目の貸店舗【30坪】,,千葉県千葉市緑区あすみが丘東５丁目1-8,,,5.00,1.10,,,1.10,355.75,99.41,30.07,11340,2026/03/17,"2026/03/17 11:13","2026/04/17 15:26",先物(仲介),,（有）千代不動産,-,"=""043-292-2341""",空有,,2670067
貸地,R00176-025047,,,,更地,公開可,無,441900,,階,-,柏市名戸ケ谷の貸地【465坪】,,千葉県柏市名戸ケ谷935-1,,,2200000,1.00,,,,1537.14,,464.98,951,2026/07/09,"2025/10/27 10:16","2026/04/17 15:24",先物(仲介),,（株）京葉恒産,-,"=""04-7166-8686""",,,2770032
貸地,R00176-023831,,,,更地,公開可,無,900000,,階,-,野田市山崎の貸地【891坪】,,千葉県野田市山崎2010-1,,,,1.00,4.00,,1.00,2947.44,,891.6,1010,2026/07/09,"2025/02/04 10:57","2026/04/17 15:23",先物(仲介),,スターリンク（株）,-,"=""047-420-0111""",,"2025.2.28　プレハブ　テナント様の責任の下であれば相談可。

・住所：山崎2010-1、2010-4の一部
※2025/2/4　広告確認中のためマッチングのみ｜スターリンク（株）",2780022
倉庫,R00176-025043,,,,空,アーカイブ(成約),無,950000,,1階,2026年01月,八街市八街いの貸倉庫【172坪】,,千葉県八街市八街い200-2,,,,,3.00,,,996.81,570.00,172.42,5510,2026/03/12,"2025/10/24 10:47","2026/04/17 15:17",先物(仲介),,太陽建設株式会社,-,"=""043-443-0303""",,※2025/10/24　広告確認中のためマッチングのみ｜太陽建設（株）,2891143
倉庫,R00176-025538,,,,空,公開可,無,4752000,,階,2025年03月,八千代市大和田新田の貸倉庫【899坪】,,千葉県八千代市大和田新田686-3,,,6.00,1.00,,,,67427.66,2975.20,899.99,5281,2026/06/15,"2026/03/11 10:33","2026/04/17 15:16",先物(仲介),,ゼクス株式会社,-,"=""047-468-8685""",空有,・1-5階部分,2760046
倉庫,R00176-025537,,,,空,公開可,無,6864000,,階,2025年03月,八千代市大和田新田の貸倉庫【1299坪】,,千葉県八千代市大和田新田686-3,,,6.00,1.00,,,,67427.66,4297.52,1299.99,5281,2026/06/15,"2026/03/11 10:26","2026/04/17 15:15",先物(仲介),,ゼクス株式会社,-,"=""047-468-8685""",空有,・1-5階部分,2760046
倉庫,R00176-025536,,,,空,公開可,無,9504000,,階,2025年03月,八千代市大和田新田の貸倉庫【1799坪】,,千葉県八千代市大和田新田686-3,,,6.00,1.00,,,,67427.66,5950.41,1799.99,5281,2026/06/15,"2026/03/11 10:07","2026/04/17 15:15",先物(仲介),,ゼクス株式会社,-,"=""047-468-8685""",空有,・1-5階部分,2760046
貸地,R00176-025405,,,,更地,公開可,無,480000,,階,-,千葉市花見川区大日町の貸地【767坪】,,千葉県千葉市花見川区大日町1579,,,1.00,1.10,,,1.10,2536.00,,767.14,626,2026/06/29,"2026/02/10 10:28","2026/04/17 15:14",先物(仲介),,有限会社大日総業,-,"=""043-259-6284""",,,2620004
倉庫,R00176-025526,,,,空,アーカイブ(成約),無,770000,,階,1985年04月,松戸市秋山の貸倉庫【96坪】,,千葉県松戸市秋山759-3,,,3.00,1.00,,1.00,1.00,,320.00,96.8,7955,2026/03/10,"2026/03/10 10:24","2026/04/17 15:06",先物(仲介),,弘栄開発（株）,-,"=""047-391-7325""",空有,,2702223
倉庫,R00176-025442,,,,使用中,アーカイブ(成約),無,435600,,階,1995年01月,柏市大井の貸倉庫【110坪】,,千葉県柏市大井1894,,,,1.00,4.00,,1.00,,363.63,109.99,3961,2026/03/09,"2026/02/17 11:34","2026/04/17 15:04",先物(仲介),,イーソーコ株式会社,-,"=""03-5439-9401""",,・E棟,2770902
倉庫,R00176-025441,,,,空,アーカイブ(成約),無,392700,,階,1995年01月,柏市大井の貸倉庫【102坪】,,千葉県柏市大井1894,,,,1.00,4.00,,1.00,,337.19,101.99,3851,2026/03/09,"2026/02/17 11:32","2026/04/17 15:04",先物(仲介),,イーソーコ株式会社,-,"=""03-5439-9401""",,・D棟,2770902
倉庫,R00176-024285,,,,居住中,アーカイブ(成約),無,1052000,,階,1991年01月,船橋市潮見町の貸倉庫【256坪】,,千葉県船橋市潮見町19-8,,,3.00,1.00,,,,,848.80,256.76,4098,2026/03/05,"2025/05/09 10:31","2026/04/17 14:54",先物(仲介),,イーソーコ株式会社,-,"=""03-5439-9401""",空有,・1、4階部分（一部）,2730016
倉庫,R00176-025504,,,,空,アーカイブ(成約),無,2800000,,1階,2025年08月,千葉市花見川区犢橋町の貸倉庫【529坪】,,千葉県千葉市花見川区犢橋町1505,,,4.00,2.00,,,1.00,,1749.60,529.25,5291,2026/03/03,"2026/03/03 11:52","2026/04/17 14:51",先物(仲介),,ゼクス株式会社,-,"=""047-468-8685""",,,2620013
倉庫,R00176-025502,,,,空,アーカイブ(成約),無,1400000,,1階,2025年08月,千葉市花見川区犢橋町の貸倉庫【264坪】,,千葉県千葉市花見川区犢橋町1505,,,4.00,2.00,,,1.00,,874.80,264.62,5291,2026/03/03,"2026/03/03 11:42","2026/04/17 14:51",先物(仲介),,ゼクス株式会社,-,"=""047-468-8685""",,・1区画貸し,2620013
貸地,R00176-024934,,,,更地,公開可,無,625000,,階,-,千葉市稲毛区長沼原町の貸地【893坪】,,千葉県千葉市稲毛区長沼原町123-1,,,3.00,1.00,,,1.00,2952.00,,892.98,700,2026/07/27,"2025/10/07 12:23","2026/04/17 14:50",先物(仲介),,（株）与志建設,-,"=""043-286-0554""",,,2630001
貸地,R00176-024601,,,,更地,アーカイブ(成約),無,2288000,,階,-,千葉市若葉区更科町の貸地【3468坪】,,千葉県千葉市若葉区更科町1881,,,,2.00,3.00,,0.50,11466.00,,3468.46,660,2026/03/02,"2025/07/17 13:12","2026/04/17 14:43",先物(仲介),,株式会社加瀬テナントサービス,-,"=""045-534-8232""",,・所在地：1881、他（地番）,2650073
倉庫,R00176-025570,,,,空,アーカイブ(成約),無,1500000,,階,1985年03月,吉川市大字中井の貸倉庫【511坪】,,埼玉県吉川市大字中井,,,2.00,1.00,,,,947.20,1690.81,511.47,2933,2026/03/18,"2026/03/18 09:59","2026/04/17 13:07",先物(仲介),,（株）石田興産　埼玉支店,-,"=""048-948-6866""",,・枝番：40,3420015
倉庫,R00176-025569,,,,空,アーカイブ(成約),無,1100000,,階,1980年10月,吉川市大字中井の貸倉庫【343坪】,,埼玉県吉川市大字中井,,,2.00,1.00,,,,947.20,1136.00,343.64,3202,2026/03/18,"2026/03/18 09:59","2026/04/17 13:05",先物(仲介),,（株）石田興産　埼玉支店,-,"=""048-948-6866""",,・枝番：39,3420015
貸地,R00176-025064,,,,,アーカイブ(成約),無,500000,,階,-,さいたま市岩槻区大字箕輪の貸地【804坪】,,埼玉県さいたま市岩槻区大字箕輪203,,,3.00,1.00,,,,2657.00,,803.74,623,2026/04/17,"2025/10/29 11:24","2026/04/17 12:57",先物(仲介),,※広告NG業者※アクシス不動産／（株）アクシス２１,-,"=""048-871-8731""",,※2025/10/29　広告NGのためマッチングのみ｜アクシス不動産,3390069
工場,R00176-025514,,,,使用中,アーカイブ(成約),無,2420000,,階,1980年02月,川口市柳崎2丁目の貸工場【569坪】,,埼玉県川口市柳崎２丁目17-22,,,4.00,1.00,,,1.00,1586.78,1881.00,569,4254,2026/03/13,"2026/03/06 09:15","2026/04/17 11:22",先物(仲介),,株式会社ビーズ,-,"=""048-263-2882""",空有,,3330861
店舗(建物一括),R00176-024867,,,,空,アーカイブ(成約),無,418000,,階,1981年01月,狭山市富士見２丁目の貸店舗【35坪】,,埼玉県狭山市富士見２丁目13-13,,,,2.00,10.00,,1.10,,115.90,35.05,11923,2026/03/11,"2025/09/19 12:08","2026/04/17 10:33",先物(仲介),,（株）ハウスネット　アパマンショップ狭山店,-,"=""04-2956-5500""",空有,"※2026/2/17　別会社で再募集開始｜(株)ハウスネット
※2025/9/19　レインズ広告可物件｜(株)ヒロ・コミュニティ東京本社",3501306
倉庫,R00176-024287,,,,使用中,アーカイブ(成約),無,2401230,,階,1988年08月,川越市問屋町の貸倉庫【642坪】,,埼玉県川越市問屋町14-2,,,4.00,1.00,,,,,2122.44,642.03,3741,2026/03/11,"2025/05/09 11:07","2026/04/17 10:32",先物(仲介),,（株）タープ不動産,-,"=""03-5844-6300""",近有,"■協同組合加入必須（各必要費用有）
■業種制限有（卸売業、製造卸商、運送業、木材建材業、自動車整備業）
■転貸・無人倉庫不可",3500856
貸地,R00176-024992,,,,古家付,アーカイブ(成約),無,400000,,階,-,越谷市大成町7丁目の貸地【258坪】,,埼玉県越谷市大成町７丁目37,,,2.00,1.00,,,1.00,856.00,,258.94,1545,2026/03/10,"2025/10/17 10:53","2026/04/17 10:18",先物(仲介),,株式会社コヤマエステート,-,"=""048-932-6320""",,【所在地】埼玉県越谷市大成町７丁目37、38、39,3430825
倉庫,R00176-025433,,,,空,アーカイブ(成約),無,495000,,階,1977年09月,川口市東領家4丁目の貸倉庫【50坪】,,埼玉県川口市東領家４丁目16-17,,,3.00,1.00,,,1.00,188.47,166.30,50.3,9840,2026/03/09,"2026/02/16 11:35","2026/04/17 10:14",先物(仲介),,（株）秋山不動産,-,"=""048-299-8417""",空有,,3320003
店舗(建物一括),R00176-024959,,,,空,アーカイブ(成約),無,330000,,階,2017年12月,さいたま市北区東大成町1丁目の貸店舗【23坪】,,埼玉県さいたま市北区東大成町１丁目541-3,,,3.00,1.00,,,1.00,139.72,78.66,23.79,13869,2026/03/09,"2025/10/10 10:29","2026/04/17 10:11",先物(仲介),,（株）長野不動産レジデンシャル　,-,"=""048-789-3333""",空有,"※広告可
・所在地：東大成町1丁目541-3、541-4",3310814
工場,R00176-024064,,,,空,アーカイブ(成約),無,660000,,階,2006年02月,戸田市笹目4丁目の貸工場【91坪】,,埼玉県戸田市笹目４丁目34-17,,,,1.00,4.00,,1.00,,301.14,91.09,7246,2026/03/09,"2025/03/21 10:23","2026/04/17 10:09",先物(仲介),,株式会社豊徳,-,"=""03-3964-0861""",空有,※2025/10/9　at-home転載可物件｜(株)豊徳,3350034
倉庫,R00176-023288,,,,使用中,アーカイブ(成約),無,477000,,階,1989年08月,草加市青柳3丁目の貸倉庫【77坪】,,埼玉県草加市青柳３丁目4,,5500,2.00,2.00,,,1.00,,257.34,77.84,6128,2026/03/09,"2024/10/11 09:59","2026/04/17 10:02",先物(仲介),,有限会社正興不動産,-,"=""048-936-1515""",空有,・場所：グーグルマップでは、青柳3丁目4-30,3400002
倉庫,R00176-025530,,,,空,アーカイブ(成約),無,2035000,,階,1987年01月,荒川区東日暮里3丁目の貸倉庫【190坪】,,東京都荒川区東日暮里３丁目23-8,,,2.00,2.20,,,1.10,,629.97,190.56,10679,2026/04/17,"2026/03/10 11:18","2026/04/17 09:31",先物(仲介),,（有）瑞江住販,-,"=""03-3698-5571""",空有,,1160014
工場,R00176-024603,,,,空,アーカイブ(成約),無,412500,,階,1972年01月,横浜市鶴見区駒岡2丁目の貸工場【37坪】,,神奈川県横浜市鶴見区駒岡２丁目12-16,,,,3.00,3.00,,1.00,,124.80,37.75,10927,2026/04/17,"2025/07/18 09:33","2026/04/17 09:15",先物(仲介),,株式会社見村鉄骨グループ,-,"=""044-588-5231""",空有,※2026/3/16　at-home転載可物件｜(株)?村鉄?グループ,2300071
倉庫,R00176-025208,,,,空,保留,無,400000,,1階,2022年01月,越谷市大字大竹の貸倉庫【74坪】,,埼玉県越谷市大字大竹,,,,1.00,4.00,,1.00,,247.90,74.98,5335,2026/04/16,"2025/12/09 09:44","2026/04/16 12:08",先物(仲介),,カラーズ商事（株）,-,"=""03-5811-1750""",空有,"・1階部分
・枝番：越谷市大字大竹626",3430034
倉庫,R00176-025489,,,,使用中,アーカイブ(成約),無,550000,,階,1990年10月,和光市諏訪の貸倉庫【111坪】,,埼玉県和光市諏訪1-1,,,,550000,1500000,,1.00,281.42,367.80,111.25,4944,2026/04/16,"2026/03/02 09:36","2026/04/16 11:21",先物(仲介),,（株）成増不動産,-,"=""03-3930-0502""",空有,※2026/3/2　レインズ広告可物件｜(株)成増不動産,3510102
倉庫,R00176-025342,,,,空,アーカイブ(成約),無,825000,,階,1987年07月,草加市花栗3丁目の貸倉庫【147坪】,,埼玉県草加市花栗３丁目21-2,,,,1.00,5.00,,1.00,248.22,486.27,147.09,5609,2026/04/16,"2026/01/26 10:30","2026/04/16 11:20",先物(仲介),,株式会社豊徳,-,"=""03-3964-0861""",空有,,3400044
貸地,R00176-025340,,,,更地,アーカイブ(成約),無,400000,,階,-,さいたま市南区曲本3丁目の貸地【182坪】,,埼玉県さいたま市南区曲本３丁目4-3,,,,2.00,5.00,,1.00,602.77,,182.33,2194,2026/04/16,"2026/01/26 10:06","2026/04/16 11:03",先物(仲介),,共同住販（株）パンダハウス,-,"=""048-444-4000""",,※2026/1/26　広告確認中のためマッチングのみ｜共同住販(株),3360033
貸地,R00176-025283,,,,更地,アーカイブ(成約),無,500000,,階,-,さいたま市岩槻区大字箕輪の貸地【915坪】,,埼玉県さいたま市岩槻区大字箕輪229,,,3.00,1.00,,,,3028.00,,915.97,546,2026/04/16,"2026/01/08 10:09","2026/04/16 11:02",先物(仲介),,※広告NG業者※アクシス不動産／（株）アクシス２１,-,"=""048-871-8731""",,"【所在地】さいたま市岩槻区大字箕輪229　他4筆
※2026/1/8　広告確認中のためマッチングのみ｜(株)アクシス21",3390069
店舗(建物一部),R00176-023000,,,,空,公開可,無,556336,,1階,1992年05月,八王子市大和田町5丁目の貸店舗【63坪】,,東京都八王子市大和田町５丁目25-18,16500,,3.00,1.00,,,1.00,,209.00,63.22,8800,2026/06/25,"2024/08/09 10:42","2026/04/16 10:48",先物(仲介),,美ささ不動産（株）,-,"=""042-661-3333""",,※2024/8/9　広告確認中のためマッチングのみ｜美ささ不動産（株）,1920045
店舗事務所(建物一部),R00176-023742,,,,空,公開可,無,500000,,1階,1988年10月,立川市栄町6丁目の貸店舗・事務所【42坪】,,東京都立川市栄町６丁目9-15,,,,,6.00,,1.00,,140.00,42.35,11807,2026/06/26,"2025/01/16 13:14","2026/04/16 10:46",先物(仲介),,エイカ商事（株）,-,"=""042-519-1662""",空有,・102,1900003
店舗事務所(建物一部),R00176-023911,,,,使用中,アーカイブ(成約),無,498663,,1階,2004年03月,江戸川区中葛西8丁目の貸店舗・事務所【32坪】,,東京都江戸川区中葛西８丁目11-1,,,3.00,2.00,,,1.50,,108.60,32.85,15180,2026/04/16,"2025/02/17 12:41","2026/04/16 10:43",先物(仲介),,（株）アラカ,-,"=""03-3869-2103""",,"※2025/2/17　レインズから消えているため公開保留｜(株)アラカ
2025/4/3　レインズ掲載があったため公開",1340083
倉庫,R00176-023929,,,,使用中,アーカイブ(成約),無,4418700,,階,2000年10月,日野市新町5丁目の貸倉庫【730坪】,,東京都日野市新町５丁目4-17,,,,1.00,4.00,,,3188.47,2414.39,730.35,6051,2026/04/16,"2025/02/20 10:42","2026/04/16 10:39",先物(仲介),,株式会社シーアールイー　リーシンググループ,-,"=""03-5572-6604""",空有,・情報物流センター棟,1910002
店舗事務所(建物一部),R00176-024374,,,,空,公開可,無,374000,,1階,1995年04月,八王子市左入町の貸店舗・事務所【46坪】,,東京都八王子市左入町381-1,,,,1.00,1700000,,1.00,,152.54,46.14,8106,2026/06/25,"2025/05/26 10:55","2026/04/16 10:38",先物(仲介),,山一商事株式会社,-,"=""042-644-3737""",空有,"※2025/5/26　広告確認中のためマッチングのみ｜??商事（株）

2025/7/24　現テナント退去が7月下旬　スケルトン渡し",1920012
工場,R00176-023435,,,,空,アーカイブ(成約),無,593199,,階,1996年01月,練馬区南大泉5丁目の貸工場【89坪】,,東京都練馬区南大泉５丁目18-22,148022,,,1.00,4.00,,,,296.06,89.55,6624,2026/02/16,"2024/11/12 10:36","2026/04/16 10:37",先物(仲介),,白羽地所株式会社,-,"=""03-6907-2303""",,"YKビルB棟　B1F-1F　（向かって右側がB棟）

白羽地所株式会社／宮本様
080-3016-0422
miyamoto@shiraha.co.jp",1780064
倉庫,R00176-024555,,,,使用中,アーカイブ(成約),無,2600400,,階,2019年12月,西多摩郡瑞穂町大字箱根ケ崎の貸倉庫【590坪】,,東京都西多摩郡瑞穂町大字箱根ケ崎858,,,3.00,1.00,,,,,1953.71,590.99,4401,2026/04/16,"2025/07/04 10:05","2026/04/16 10:35",先物(仲介),,株式会社トラスト,-,"=""0358329959""",,2025-09-16　星さんの指示により元付変更（イーソーコ⇒トラスト）,1901221
倉庫,R00176-023921,,,,居住中,アーカイブ(成約),無,7553900,,階,1972年01月,日野市新町5丁目の貸倉庫【1300坪】,,東京都日野市新町５丁目4-17,,,4.00,1.00,,,,,4298.87,1300.4,5809,2026/04/16,"2025/02/18 11:32","2026/04/16 10:34",先物(仲介),,（株）タープ不動産,-,"=""03-5844-6300""",,・地番：①5番19の2、②5番19の4、③5番19の5,1910002
工場,R00176-023850,,,,使用中,アーカイブ(成約),無,550000,,階,1965年03月,足立区弘道1丁目の貸工場【85坪】,,東京都足立区弘道１丁目37-12,,,2.00,1.00,,1.00,1.00,,281.00,85,6471,2026/04/16,"2025/02/06 11:03","2026/04/16 10:33",先物(仲介),,タカラ住販（株）,-,"=""03-5681-2301""",,"2025/6/5　退去予定ないため受け付けていない
2025/6/4　at-homeにて募集再開｜タカラ住販(株)
2025/02/12　物確→今は募集をとめていて、再開目途などの予定は立っていないそうです。
",1200013
倉庫,R00176-023998,,,,空,アーカイブ(成約),無,1320000,,階,1980年12月,足立区辰沼2丁目の貸倉庫【206坪】,,東京都足立区辰沼２丁目16-28,,,,2.00,3.00,,1.00,,684.00,206.91,6380,2026/04/16,"2025/03/06 11:08","2026/04/16 10:32",先物(仲介),,サンサンホーム,-,"=""03-5613-3833""",空有,,1210054
倉庫,R00176-024943,,,,空,公開可,無,537000,,地下1階,1991年12月,千代田区九段南3丁目の貸倉庫【24坪】,,東京都千代田区九段南３丁目5-9,,,,,6.00,,1.00,,80.70,24.41,21998,2026/07/24,"2025/10/08 13:33","2026/04/16 10:28",先物(仲介),,（株）アースウィンド　飯田橋店,-,"=""03-3234-9666""",,・地下1階部分,1020074
倉庫,R00176-023805,,,,空,公開可,無,935000,,階,1974年09月,東村山市恩多町5丁目の貸倉庫【148坪】,,東京都東村山市恩多町５丁目48-13,22000,,6.00,2.00,,22.00,,1370.21,491.37,148.63,6291,2026/06/26,"2025/01/28 13:22","2026/04/16 10:27",先物(仲介),,（株）フジケンコンサルタント,長崎：090-9888-2758,"=""0422-27-1744""",空有,"※問合せは担当者携帯へ：長崎様｜090-9888-2758
※2025/1/28　広告確認中のためマッチングのみ｜(株)フジケンコンサルタント
2025.6.27確認：2025.9末まで短期利用中→2025.10より募集中",1890011
店舗事務所(建物一部),R00176-024528,,,,空,公開可,無,495000,,1階,1997年03月,練馬区貫井5丁目の貸店舗・事務所【39坪】,,東京都練馬区貫井５丁目3-5,,,3.00,1.00,,,1.00,,131.50,39.77,12444,2026/07/29,"2025/06/30 11:16","2026/04/16 10:27",先物(仲介),,株式会社ウチダハウス,-,"=""03-3992-6666""",空有,※2025/6/30　広告確認中のためマッチングのみ｜(株)ウチダハウス,1760021
店舗(建物一部),R00176-023397,,,,空,公開可,無,1990000,,階,1980年11月,町田市つくし野1丁目の貸店舗【181坪】,,東京都町田市つくし野１丁目29-1,,,,1.00,6.00,,1.00,,599.75,181.42,10969,2026/06/26,"2024/11/01 12:12","2026/04/16 10:26",先物(仲介),,（株）VisionBridge,-,"=""03-6459-1338""",空有,"2025/11/26　レインズ広告可物件｜（株）ＶｉｓｉｏｎＢｒｉｄｇｅ
・2024.11.1　飲食?、物販〇、24Hジム〇、ミニスーパー〇
・検査済証あり。担当ヒガシ様
・1-2階部分",1940001
店舗(建物一括),R00176-024911,,,,空,公開可,無,700040,,階,1992年03月,葛飾区南水元４丁目の貸店舗【81坪】,,東京都葛飾区南水元４丁目25-10,,,,,3.00,,1.00,469.61,269.07,81.39,8601,2026/07/21,"2025/10/01 11:17","2026/04/16 10:25",先物(仲介),,（株）フジホーム,-,"=""050-1721-8463""",,※2025/10/1　広告可物件｜(株)フジホーム,1250035
倉庫,R00176-025005,,,,空,アーカイブ(成約),無,385000,,階,1985年11月,八王子市長房町の貸倉庫【75坪】,,東京都八王子市長房町22-26,,,3.00,1.00,,,0.50,,249.35,75.42,5105,2026/04/16,"2025/10/20 12:03","2026/04/16 10:23",先物(仲介),,株式会社アクティオ,-,"=""042-775-7801""",空有,※2025/10/20　広告確認中のためマッチングのみ｜(株)アクティオ,1930824
倉庫,R00176-024993,,,,築後未入居,アーカイブ(成約),無,440000,,階,2025年12月,武蔵村山市残堀1丁目の貸倉庫【48坪】,,東京都武蔵村山市残堀１丁目86-3,11000,,2.00,1.00,,,,231.91,158.37,47.9,9185,2026/04/16,"2025/10/17 13:44","2026/04/16 10:22",先物(仲介),,Ｊ．Ｔ．Ｓ（株）,-,"=""042-516-8231""",空有,,2080034
工場,R00176-024855,,,,空,アーカイブ(成約),無,350000,,1階,1976年09月,八王子市上川町の貸工場【59坪】,,東京都八王子市上川町678-7,,,2.00,1.00,,,1.00,301.30,198.00,59.89,5844,2026/04/16,"2025/09/17 11:14","2026/04/16 10:21",先物(仲介),,優和不動産（株）,-,"=""042-588-4646""",,"・1階部分
※2025/9/17　広告確認中のためマッチングのみ｜優和不動産(株)",1920151
倉庫,R00176-024950,,,,空,公開可,無,775500,,3階,1991年04月,江東区東雲2丁目の貸倉庫【70坪】,,東京都江東区東雲２丁目14-40,,232650,,1.00,8.00,,,660.01,232.90,70.45,11008,2026/07/24,"2025/10/09 10:28","2026/04/16 10:19",先物(仲介),,ライフウィズパートナー（株）,RHTokyo：サガ様｜080-3345-0511,"=""0285-34-9254""",,"・301号室
・2025/11/21　問合せ先｜ROPPONGI HOOUSE Tokyo：サガ様｜080-3345-0511",1350062
倉庫,R00176-023889,,,,空,公開可,無,1650000,,階,2015年05月,江戸川区篠崎町7丁目の貸倉庫【42坪】,,東京都江戸川区篠崎町７丁目13-19,,,,3.00,5.00,,1.00,473.53,139.94,42.33,38978,2026/07/29,"2025/02/13 10:20","2026/04/16 10:17",先物(仲介),,（株）イーストリーフ　日本橋本店,-,"=""03-5643-0770""",空有,,1330061
店舗(建物一部),R00176-023964,,,,空,アーカイブ(成約),無,396000,,1階,1993年02月,福生市大字熊川の貸店舗【57坪】,,東京都福生市大字熊川1296-1,,,,,6.00,,1.00,,188.54,57.03,6944,2026/04/16,"2025/02/27 10:17","2026/04/16 10:13",先物(仲介),,株式会社アトラスト,-,"=""042-785-4842""",空有,"・104号室
※2025/2/27　広告確認中のためマッチングのみ｜(株)アトラスト
・2025.6.9売買でも募集あり",1970003
店舗事務所(建物一部),R00176-024529,,,,空,アーカイブ(成約),無,770000,,1階,1974年12月,大田区大森北6丁目の貸店舗・事務所【61坪】,,東京都大田区大森北６丁目32-4,,,,1.00,6.00,,1.00,,203.78,61.64,12492,2026/03/13,"2025/06/30 11:41","2026/04/16 10:12",先物(仲介),,株式会社シティ・ハウジング?テナントセンター,-,"=""03-3745-0228""",,"2025.10.9　99万→110万に賃料変更（レインズ掲載あり）飲食店舗不可
2025.7.14　入居中だが内見は可能。",1430016
工場,R00176-025180,,,,空,公開可,無,1518000,,階,1991年04月,八王子市四谷町の貸工場【293坪】,,東京都八王子市四谷町,,,,1.00,6.00,,1.00,714.58,971.82,293.97,5164,2026/06/25,"2025/12/02 10:28","2026/04/16 10:06",先物(仲介),,（株）博栄不動産,-,"=""042-666-8288""",空有,・Googleマップ：https://maps.app.goo.gl/NHUzWdtUhbULNSCz8,1930813
店舗事務所(建物一部),R00176-025160,,,,空,アーカイブ(成約),無,600000,,階,1993年08月,東村山市栄町3丁目の貸店舗・事務所【76坪】,,東京都東村山市栄町３丁目3-5,,,3.00,2.00,,,1.00,,253.88,76.79,7813,2026/04/16,"2025/11/26 10:08","2026/04/16 10:00",先物(仲介),,（株）横塚工務店不動産部,-,"=""03-3713-5203""",空有,・地下1-1部分,1890013
倉庫,R00176-025507,,,,空,アーカイブ(成約),無,2200000,,1階,1982年02月,江東区新木場3丁目の貸倉庫【149坪】,,東京都江東区新木場３丁目4-6,,,,1.00,6.00,,,825.66,494.15,149.48,14718,2026/04/16,"2026/03/03 13:13","2026/04/16 09:57",先物(仲介),,永信商事（株）,永峰,"=""090-3515-9999""",,※2026/3/3　広告確認中のためマッチングのみ｜永信商事（株）,1360082
倉庫,R00176-025481,,,,居住中,アーカイブ(成約),無,2420000,,階,1983年01月,武蔵村山市伊奈平3丁目の貸倉庫【548坪】,,東京都武蔵村山市伊奈平３丁目12-1,,,6.00,2.00,,,1.00,2518.39,1811.79,548.06,4416,2026/04/16,"2026/02/26 10:32","2026/04/16 09:53",先物(仲介),,ＳＨＩＮＷＡコーポレーション（株）,-,"=""042-524-8991""",,"※2026/2/26　広告確認中のためマッチングのみ｜SHINWAコーポレーション(株)
2026/3/13確認：申込み１件あり（２番手可能）",2080023
事務所(建物一部),R00176-025325,,,,空,公開可,無,714472,,5階,1993年04月,大田区東海3丁目の貸事務所【81坪】,,東京都大田区東海３丁目9-2,,11000,,,6.00,,,,268.39,81.18,8801,2026/07/29,"2026/01/20 13:22","2026/04/16 09:42",先物(仲介),,株式会社シティ・ハウジング?テナントセンター,-,"=""03-3745-0228""",空有,・5階部分,1430001
倉庫,R00176-025189,,,,空,保留,無,298000,,3階,1964年10月,板橋区前野町1丁目の貸倉庫【107坪】,,東京都板橋区前野町１丁目29-10,,,,1.00,3.00,,,,353.73,107,2785,2026/02/26,"2025/12/04 10:42","2026/04/16 09:40",先物(仲介),,株式会社タープ不動産情報,-,"=""03-5844-6300""",,"・3階部分
※2026/4/16　賃料30万円以下になったため公開保留",1740063
倉庫,R00176-025256,,,,空,アーカイブ(成約),無,770000,,階,1976年08月,足立区入谷3丁目の貸倉庫【132坪】,,東京都足立区入谷３丁目15-1,,,2.00,1.00,,,1.50,,438.32,132.59,5808,2026/04/16,"2025/12/24 10:46","2026/04/16 09:38",先物(仲介),,まさひろ商事不動産(株),-,"=""03-3890-8314""",,,1210836
倉庫,R00176-025529,,,,使用中,公開可,無,484000,,1階,1980年06月,板橋区板橋2丁目の貸倉庫【35坪】,,東京都板橋区板橋２丁目11-5,,,,1.00,6.00,,1.00,,117.34,35.49,13636,2026/07/29,"2026/03/10 11:14","2026/04/16 09:37",先物(仲介),,（株）タープ不動産,-,"=""03-5844-6300""",,,1730004
倉庫,R00176-025664,,,,使用中,アーカイブ(成約),無,600000,,階,1979年05月,川口市南鳩ヶ谷6丁目の貸倉庫【183坪】,,埼玉県川口市南鳩ヶ谷６丁目16-83,,,4.00,2.00,,,1.00,532.78,607.58,183.79,3265,2026/04/15,"2026/04/13 09:56","2026/04/15 14:39",先物(仲介),,株式会社ビーズ,-,"=""048-263-2882""",空有,2026/4/15　申込み有ほぼ決まりで募集停止,3340013
倉庫,R00176-025687,,,,,公開可,有,,,階,-,,,,,,,,,,,,,,,-,"2026/04/15 12:15","2026/04/15 12:15",,,,-,,,"■分割／A棟
■分割／B棟R00176-025686",
倉庫,R00176-025546,,,,,アーカイブ(成約),無,660000,,1階,2009年01月,川口市大字東本郷の貸倉庫【98坪】,,埼玉県川口市大字東本郷663,,,3.00,1.00,,,,,324.00,98.01,6735,2026/04/14,"2026/03/13 10:44","2026/04/14 10:59",先物(仲介),,株式会社ソランドハウス,-,"=""049-258-3535""",空有,,3340063
倉庫,R00176-025439,,,,空,公開可,無,1281808,,階,1992年02月,品川区南大井5丁目の貸倉庫【145坪】,,東京都品川区南大井５丁目26-12,,,8.00,,,,1.00,,481.52,145.65,8801,2026/07/24,"2026/02/17 10:43","2026/04/14 09:20",先物(仲介),,（株）アースウィンド五反田店,-,"=""03-5719-5666""",,"・地下2-1階部分

2026/04/14　物確→1件申込有、2番手可",1400013
倉庫,R00176-025235,,,,,アーカイブ(成約),無,1749000,,階,1969年12月,大和市上草柳8丁目の貸倉庫【299坪】,,神奈川県大和市上草柳８丁目2-7,,,4.00,1.00,,,1.00,1829.00,991.53,299.93,5832,2026/03/23,"2025/12/12 13:10","2026/04/13 12:41",先物(仲介),,有限会社三和建物管理,-,"=""046-257-7780""",,,2420029
貸地,R00176-025584,,,,その他,アーカイブ(成約),無,479000,,階,-,相模原市中央区田名の貸地【478坪】,,神奈川県相模原市中央区田名10134,,,3.00,1.00,,1.00,,1582.00,,478.55,1001,2026/03/24,"2026/03/24 09:56","2026/04/13 12:24",先物(仲介),,（株）住まっぷ,-,"=""042-711-7441""",,・所在地：相模原市中央区田名10134・10135-1,2520244
貸地,R00176-024080,,,,更地,アーカイブ(成約),無,669600,,階,-,戸田市美女木1丁目の貸地【372坪】,,埼玉県戸田市美女木１丁目32-7,,,1.00,1.00,,,,1229.76,,372,1800,2026/04/10,"2025/03/25 09:36","2026/04/10 09:44",先物(仲介),,有限会社石井不動産,-,"=""048-421-2193""",,"場所：グーグルマップでは、美女木1丁目32-31（株）グランディック 埼玉事業所の東側
※2026/2/2　at-home広告可物件｜(有)石井不動産",3350031
倉庫,R00176-025662,,,,空,保留,無,2064183,,2階,1963年01月,港区海岸3丁目の貸倉庫【292坪】,,東京都港区海岸３丁目5-10,,,,1.00,6.00,,,,966.61,292.39,7060,2026/06/17,"2026/04/10 09:28","2026/04/10 09:43",先物(仲介),,イーソーコ株式会社,-,"=""03-5439-9401""",,・2階部分,1080022
倉庫,R00176-025659,,,,空,保留,無,1210000,,1階,1986年09月,八千代市吉橋の貸倉庫【294坪】,,千葉県八千代市吉橋1831-1,,,,1.00,3.00,,,,972.00,294.03,4116,2026/04/12,"2026/04/10 09:04","2026/04/10 09:10",先物(仲介),,ウェアハウス工業（株）,-,"=""048-262-0544""",,・6区画,2760047
倉庫,R00176-025658,,,,空,保留,無,1397000,,1階,1986年09月,八千代市吉橋の貸倉庫【295坪】,,千葉県八千代市吉橋1831-1,,,,1.00,3.00,,,,977.40,295.66,4725,2026/04/12,"2026/04/10 08:57","2026/04/10 09:05",先物(仲介),,ウェアハウス工業（株）,-,"=""048-262-0544""",,・5区画,2760047
倉庫,R00176-023861,,,,空,アーカイブ(成約),無,308000,,階,1995年08月,朝霞市大字上内間木の貸倉庫【102坪】,,埼玉県朝霞市大字上内間木765-9,5500,,3.00,2.00,,,1.00,330.58,340.00,102.85,2995,2026/04/09,"2025/02/07 10:41","2026/04/09 13:56",先物(仲介),,株式会社五木屋不動産,-,"=""048-473-0247""",空有,【所在地】朝霞市大字上内間木西通765-9,3510001
貸地,R00176-024982,,,,更地,公開可,無,119000,,階,-,多摩市豊ヶ丘1丁目の貸地【73坪】,,東京都多摩市豊ヶ丘１丁目10-10,,,2.00,,,,1.00,243.00,,73.5,1619,2026/07/24,"2025/10/15 17:15","2026/04/09 12:35",自社,一般媒介,株式会社センチュリーダイソー,星,"=""03-6441-2258""",,"オーナーサイト反響
お名前　清水徹　様
メールアドレス　densuke@shimizu.be
電話番号　　070-8386-5675
地図　https://maps.app.goo.gl/F47aqn2Mg4egMmoJ6
■2026/4/1条件変更
・賃料：145,000円⇒119,000円
・礼金：2か月⇒なし
・更新料：1か月⇒なし

",2060031
倉庫,R00176-024905,,,,空,公開可,無,1910000,,階,1971年03月,東村山市恩多町5丁目の貸倉庫【445坪】,,東京都東村山市恩多町５丁目44-2,,,,1.00,4.00,,,,1473.34,445.68,4286,2026/06/15,"2025/09/30 09:59","2026/04/08 09:49",先物(仲介),,株式会社シーアールイー　リーシンググループ,-,"=""03-5572-6604""",空有,"・13号倉庫
・貸主：（株）シーアールイー",1890011
倉庫,R00176-024419,,,,空,保留,無,,,階,-,さいたま市緑区三浦の貸工場・倉庫【1072坪】,,埼玉県さいたま市緑区大字三浦6770,,,6.00,1.00,,,,4493.91,3544.46,1072.19,,2025/06/04,"2025/06/04 11:03","2026/04/07 17:14",先物(仲介),,株式会社センチュリーダイソー,小林,"=""03-6441-2258""",空有,,3360906
倉庫,R00176-025211,,,,空,アーカイブ(成約),無,495000,,1階,2021年05月,印西市草深の貸倉庫【58坪】,,千葉県印西市草深397-2,,,2.00,1.00,,,1.00,367.90,195.00,58.98,8392,2026/04/07,"2025/12/09 10:32","2026/04/07 15:42",先物(仲介),,（株）ＨＲＥ,-,"=""047-403-3553""",,※2025/12/9　広告確認中のためマッチングのみ｜(株)HRE,2701337
貸地,R00176-025451,,,,古家付,アーカイブ(成約),無,500000,,階,-,蓮田市大字上平野の貸地【1262坪】,,埼玉県蓮田市大字上平野639-3,,,,1.00,3.00,,,4174.91,,1262.91,396,2026/04/07,"2026/02/18 09:55","2026/04/07 11:16",先物(仲介),,有限会社北村工業,-,"=""048-769-1856""",,"2026/3/25　大型車可能かどうか、借主様で実際見ご判断下さい
2026/3/4　大型車可能。入口の塀、借主負担で撤去可",3490136
倉庫,R00176-024270,,,,空,公開可,無,6600000,,階,1993年06月,船橋市大穴南3丁目の貸倉庫【1321坪】,,千葉県船橋市大穴南３丁目6-1,,,6.00,1.00,,,,2856.17,4369.65,1321.81,4994,2026/07/29,"2025/05/07 11:45","2026/04/07 09:33",先物(仲介),,久保?倉庫有限会社,-,"=""0270-23-1057""",,,2740067
店舗(建物一括),R00176-024885,,,,使用中,公開可,無,550000,,1階,2021年03月,フィル・パーク田園調布｜1F／B区画【19坪】,,東京都大田区田園調布２丁目35-13,,,6.00,2.00,,,,,63.70,19.26,28543,2026/07/24,"2025/09/24 15:10","2026/04/07 08:58",自社,一般媒介,株式会社センチュリーダイソー,明石,"=""03-6441-2258""",無,"■フィル・パーク田園調布｜1F／B区画　担当：明石
■定期借家契約：５年以上
■用途地域：近隣商業／第一種低層住居地域に跨る
■飲食業種：行政に確認を要する（重飲食不可）
■物販（パン屋・洋菓子店）・クリニック・塾等相談可
■飲食店舗に関して：重飲食については内容によって相談可能(焼肉・中華料理×)
■近日中に完全スケルトン予定(2026年3月3日現在)→スケルトン済み(2026.4.6時点)
■2026／6月下旬解約予定",1450071
貸地,R00176-025500,,,,更地,公開可,無,490000,,階,-,松戸市紙敷1丁目の貸地【335坪】,,千葉県松戸市紙敷１丁目15-1,,,,2.00,3.00,,1.00,1110.00,,335.77,1460,2026/07/27,"2026/03/03 11:09","2026/04/06 16:08",先物(仲介),,（株）ランドピア,-,"=""03-3661-5650""",,,2702221
倉庫,R00176-025424,,,,使用中,公開可,無,808500,,1階,1974年12月,松戸市古ケ崎2丁目の貸倉庫【210坪】,,千葉県松戸市古ケ崎２丁目3201,,,1470000,808500,,,,,696.46,210.67,3838,2026/06/15,"2026/02/13 11:16","2026/04/06 15:08",先物(仲介),,（株）あきら不動産,-,"=""047-365-0331""",空有,,2710068
貸地,R00176-025304,,,,更地,公開可,無,475200,,階,-,柏市高柳の貸地【950坪】,,千葉県柏市高柳930-1,,,3.00,1.00,,,1.00,3141.50,,950.3,501,2026/07/27,"2026/01/15 10:53","2026/04/06 15:01",先物(仲介),,（有）火ノ口不動産,-,"=""04-7192-1160""",,,2770941
店舗(建物一部),R00176-024581,,,,空,公開可,無,432432,,1階,2004年06月,松戸市新松戸3丁目の貸店舗【32坪】,,千葉県松戸市新松戸３丁目15,,36036,6.00,1.00,,,1.00,,108.29,32.75,13201,2026/06/16,"2025/07/14 09:43","2026/04/06 14:42",先物(仲介),,綜合都市建設（株）,-,"=""047-342-0527""",空有,・1-A,2700034
倉庫,R00176-025251,,,,空,公開可,無,465762,,階,1989年09月,江戸川区鹿骨1丁目の貸倉庫【70坪】,,東京都江戸川区鹿骨１丁目13-13,,11000,,1.00,3.00,,1.00,,233.32,70.57,6600,2026/07/09,"2025/12/23 10:30","2026/04/06 14:36",先物(仲介),,グローバルキャピタル（株）,-,"=""03-3753-7281""",,,1330073
倉庫,R00176-024678,,,,空,公開可,無,1100000,,階,1980年01月,荒川区西尾久7丁目の貸倉庫【96坪】,,東京都荒川区西尾久７丁目15-8,,,5.00,1.00,,2.00,1.00,,318.48,96.34,11418,2026/07/29,"2025/08/05 11:04","2026/04/06 13:58",先物(仲介),,（株）作新商事　,青柳,"=""03-3913-6366""",空有,,1160011
倉庫,R00176-025596,,,,空,公開可,無,528000,,階,1986年01月,柏市青葉台2丁目の貸倉庫【100坪】,,千葉県柏市青葉台２丁目18-12,3300,,3.00,,,,1.00,,333.01,100.73,5242,2026/06/15,"2026/03/24 12:04","2026/04/06 13:29",先物(仲介),,コロンブス・メディア（株）　,-,"=""03-6806-0497""",空有,"・2号棟
※2026/3/24　レインズ広告可物件｜元付：コロンブス・メディア（株）",2770055
工場,R00176-025029,,,,空,アーカイブ(成約),無,2101000,,階,1990年02月,厚木市酒井の貸工場【381坪】,,神奈川県厚木市酒井3184,51700,,4.00,1.00,,,,1333.17,1262.80,381.99,5501,2026/03/18,"2025/10/22 10:34","2026/04/06 12:48",先物(仲介),,株式会社シーアールイー　本社,-,"=""03-5572-6604""",,,2430022
貸地,R00176-025075,,,,更地,アーカイブ(成約),無,360000,,階,-,横浜市都筑区牛久保東3丁目の貸地【200坪】,,神奈川県横浜市都筑区牛久保東３丁目34-2,,,,1.00,3.00,,1.10,661.00,,199.95,1801,2026/03/18,"2025/10/31 10:10","2026/04/06 11:54",先物(仲介),,アーキテクト大洋不動産株式会社,-,"=""045-943-6020""",,"マイソク（アットホーム）住所：神奈川県横浜市都筑区?久保東3丁? 34番2他
マイソク（レインズ）住所：横浜市都筑区牛久保東3丁目35-1 他
※2026/3/18　at-home転載可物件｜アーキテクト大洋不動産（株）",2240014
貸地,R00176-025185,,,,更地,アーカイブ(成約),無,320000,,階,-,横浜市瀬谷区阿久和南1丁目の貸地【247坪】,,神奈川県横浜市瀬谷区阿久和南１丁目23-5,,,,2.00,3.00,,0.50,817.00,,247.14,1295,2026/03/19,"2025/12/04 09:56","2026/04/06 11:35",先物(仲介),,株式会社加瀬テナントサービス,-,"=""045-534-8232""",,,2460026
倉庫,R00176-024941,,,,空,保留,無,297000,,階,1969年09月,横浜市瀬谷区瀬谷5丁目の貸倉庫【30坪】,,神奈川県横浜市瀬谷区瀬谷５丁目39-3,,,4.00,1.00,,1.00,1.00,,100.48,30.39,9772,2026/03/19,"2025/10/08 13:05","2026/04/06 11:27",先物(仲介),,すまいる株式会社,-,"=""045-264-8150""",空有,※2026/4/6　賃料30万以下になったため公開保留中,2460031
貸地,R00176-025378,,,,更地,アーカイブ(成約),無,1700000,,階,-,藤沢市土棚の貸地【1012坪】,,神奈川県藤沢市土棚678,,,,1.00,3.00,,,3348.00,,1012.77,1679,2026/03/17,"2026/02/05 09:50","2026/04/06 11:16",先物(仲介),,（有）湘南実業,-,"=""0466-45-3308""",,"※2026/2/5　広告確認中のためマッチングのみ｜(有)湘南実業
",2520806
倉庫,R00176-025290,,,,空,アーカイブ(成約),無,1762800,,階,-,川崎市川崎区浅野町の貸倉庫【177坪】,,神奈川県川崎市川崎区浅野町2-2,,,3.00,1.00,,,1.00,,587.65,177.76,9917,2026/03/17,"2026/01/13 09:56","2026/04/06 11:05",先物(仲介),,合同会社彩虹舎,070-6555-3592,"=""03-6879-9833""",,,2100854
倉庫,R00176-025560,,,,空,アーカイブ(成約),無,561000,,階,1988年09月,相模原市南区大野台1丁目の貸倉庫【101坪】,,神奈川県相模原市南区大野台１丁目7-7,,,,1.00,3.00,,1.00,,333.89,101,5555,2026/03/17,"2026/03/17 10:15","2026/04/06 10:50",先物(仲介),,株式会社加瀬テナントサービス,-,"=""045-534-8232""",空有,,2520331
倉庫,R00176-025446,,,,空,アーカイブ(成約),無,715000,,階,1987年11月,足立区皿沼3丁目の貸倉庫【106坪】,,東京都足立区皿沼３丁目13-12,,,2.00,1.00,,,1.55,,353.25,106.85,6692,2026/04/06,"2026/02/17 13:12","2026/04/06 10:32",先物(仲介),,まさひろ商事不動産(株),-,"=""03-3890-8314""",,,1230862
店舗(建物一括),R00176-025591,,,,居住中,アーカイブ(成約),無,715000,,階,1988年06月,千葉市花見川区花島町の貸店舗【111坪】,,千葉県千葉市花見川区花島町481-1,,,6.00,1.00,,,,990.00,369.00,111.62,6406,2026/04/06,"2026/03/24 11:05","2026/04/06 09:42",先物(仲介),,（有）雪和商事不動産部,-,"=""04-7146-1133""",空有,,2620042
倉庫,R00176-024241,,,,空,公開可,無,506000,,1階,2003年05月,大田区大森中2丁目の貸倉庫【51坪】,,東京都大田区大森中２丁目11-7,,,6.00,1.50,,,1.00,,171.70,51.93,9743,2026/07/13,"2025/04/25 11:30","2026/04/01 10:11",先物(仲介),,（株）裕企画　立川営業所　,-,"=""042-522-0990""",,"・101号室
※22026/3/31　レインズ広告可物件｜(株)裕企画",1430014
店舗(建物一部),R00176-024160,,,,空,公開可,無,330000,,1階,1968年10月,大田区大森北2丁目の貸店舗・事務所【24坪】,,東京都大田区大森北２丁目4-10,,,,,1980000,,1.00,,79.62,24.08,13702,2026/07/29,"2025/04/11 10:22","2026/04/01 10:10",先物(仲介),,有限会社モリタケ不動産,-,"=""03-3761-5158""",,※2026/3/31　レインズ広告可物件｜(有)モリタケ不動産,1430016
倉庫,R00176-024791,,,,空,アーカイブ(成約),無,19192800,,階,-,戸田市新曽南4丁目の貸倉庫【2908坪】,,埼玉県戸田市新曽南４丁目2-16,,,,1.00,4.00,,,12178.63,9614.69,2908.44,6599,2026/03/31,"2025/09/02 10:34","2026/03/31 17:11",先物(仲介),,（株）トラスト　,-,"=""03-5832-9959""",空有,"2026/3/31　物確祷さん　成約済み
■A棟
",3350026
工場,R00176-024399,,,,空,アーカイブ(成約),無,682000,,階,1974年09月,横浜市港北区日吉7丁目の貸工場【61坪】,,神奈川県横浜市港北区日吉７丁目21-38,,,,3.00,3.00,,1.00,,204.92,61.98,11003,2026/03/10,"2025/05/29 11:34","2026/03/31 17:10",先物(仲介),,株式会社見村鉄骨グループ,-,"=""044-588-5231""",空有,・2025/5/29　at-home転載可物件｜(株)?村鉄?グループ,2230061
倉庫,R00176-024594,,,,空,アーカイブ(成約),無,450000,,階,1987年12月,横浜市港北区篠原町の貸倉庫【51坪】,,神奈川県横浜市港北区篠原町1179-5,,,,2.00,4.00,,1.00,191.00,170.26,51.5,8738,2026/03/12,"2025/07/17 10:16","2026/03/31 17:09",先物(仲介),,株式会社石原興業,-,"=""045-541-4180""",空有,※マッチングのみ,2220026
倉庫,R00176-025343,,,,空,アーカイブ(成約),無,311300,,階,1987年12月,横浜市港北区篠原町の貸倉庫【35坪】,,神奈川県横浜市港北区篠原町1179-5,,,,2.00,4.00,,1.00,191.00,117.32,35.48,8772,2026/03/13,"2026/01/26 10:42","2026/03/31 17:08",先物(仲介),,株式会社石原興業,-,"=""045-541-4180""",空有,※マッチングのみ,2220026
倉庫,R00176-023031,,,,使用中,アーカイブ(成約),無,660000,,階,1988年07月,加須市不動岡3丁目の貸倉庫【335坪】,,埼玉県加須市不動岡３丁目25-4,,,2.00,1.00,,,,,1110.39,335.89,1965,2026/03/31,"2024/08/21 15:33","2026/03/31 15:47",先物(仲介),,ラビエスト（株）,-,"=""0480-31-9093""",空有,,3470054
倉庫,R00176-024803,,,,空,アーカイブ(成約),無,15711295,,4階,2022年03月,横浜市戸塚区戸塚町の貸倉庫【2026坪】,,神奈川県横浜市戸塚区戸塚町775,,668870,,15711295,57131984,,,56373.23,6700.45,2026.88,7752,2026/03/02,"2025/09/03 10:30","2026/03/31 15:43",先物(仲介),,株式会社拓洋,-,"=""048-995-4147""",,・4階C区画,2440003
貸地,R00176-025524,,,,更地,アーカイブ(成約),無,330000,,階,-,大和市深見西3丁目の貸地【128坪】,,神奈川県大和市深見西３丁目746-5,,,,1.00,6.00,,,426.11,,128.89,2561,2026/03/10,"2026/03/10 09:53","2026/03/31 15:30",先物(仲介),,（株）プロフィット,-,"=""03-6804-5301""",,"・A号地
・場所：グーグルマップでは、深見西3丁目4
※2026/3/10　広告確認中のためマッチングのみ｜(株)プロフィット",2420018
貸地,R00176-025525,,,,更地,アーカイブ(成約),無,327800,,階,-,横浜市栄区金井町の貸地【178坪】,,神奈川県横浜市栄区金井町187,,,,2.00,3.00,,0.50,590.00,,178.47,1837,2026/03/10,"2026/03/10 10:06","2026/03/31 15:29",先物(仲介),,株式会社加瀬テナントサービス,-,"=""045-534-8232""",,,2440845
貸地,R00176-024617,,,,更地,アーカイブ(成約),無,720000,,階,-,新座市本多1丁目の貸地【556坪】,,埼玉県新座市本多１丁目1114-4,,,1.00,1.00,,,1.00,1839.00,,556.29,1295,2026/03/31,"2025/07/23 11:24","2026/03/31 15:28",先物(仲介),,有限会社オオノホーム,-,"=""048-940-8825""",,"※2026/2/3　at-home広告可物件｜(有)オオノホーム
・所在地：1114-4、1114-1
・住居表示：本多1丁目10-31の隣",3520022
倉庫,R00176-025271,,,,使用中,アーカイブ(成約),無,620939,,階,2002年06月,坂戸市大字小沼の貸倉庫【148坪】,,埼玉県坂戸市大字小沼876-8,16340,,3.00,1.00,,,1.00,1784.09,491.08,148.55,4180,2026/03/31,"2026/01/06 11:03","2026/03/31 15:26",先物(仲介),,ヤマトクリエイト株式会社,-,"=""049-291-5611""",空有,,3500202
貸地,R00176-023618,,,,更地,アーカイブ(成約),無,341000,,階,-,草加市柿木町の貸地【359坪】,,埼玉県草加市柿木町380-2,,,1.00,,,,1.00,1190.00,,359.97,948,2026/03/31,"2024/12/17 09:39","2026/03/31 14:38",先物(仲介),,松井産業株式会社　三郷中央駅前店,ゆはら：090-3804-8686,"=""048-953-7771""",,"・柿木第3貸地

2026/01/05　物確→1件申込有
2026/02　祷さん契約予定",3400001
貸地,R00176-023617,,,,更地,アーカイブ(成約),無,356400,,階,-,草加市柿木町の貸地【381坪】,,埼玉県草加市柿木町421-1,,,1.00,,,,1.00,1260.00,,381.15,936,2026/03/31,"2024/12/17 09:38","2026/03/31 14:38",先物(仲介),,松井産業株式会社　三郷中央駅前店,ゆはら：090-3804-8686,"=""048-953-7771""",,"・柿木第4貸地

2026/01/05　物確→1件申込有
2026/02　祷さん契約予定",3400001
貸地,R00176-025252,,,,更地,アーカイブ(成約),無,304000,,階,-,新座市堀ノ内2丁目の貸地【253坪】,,埼玉県新座市堀ノ内２丁目2092-2,,,1.00,1.00,,,,838.00,,253.49,1200,2026/03/31,"2025/12/23 10:52","2026/03/31 14:34",先物(仲介),,（株）増木　不動産事業部,-,"=""048-481-3133""",,,3520023
倉庫,R00176-025079,,,,空,アーカイブ(成約),無,297000,,階,1988年07月,熊谷市石原２丁目の貸倉庫【70坪】,,埼玉県熊谷市石原２丁目24-3,,,1.00,1.00,,,1.00,,234.16,70.83,4193,2026/03/31,"2025/11/04 12:02","2026/03/31 14:34",先物(仲介),,マコト物産株式会社,-,"=""048-523-8111""",空有,,3600816
倉庫,R00176-023462,,,,空,アーカイブ(成約),無,275000,,階,1999年09月,さいたま市見沼区大字新堤の貸倉庫【58坪】,,埼玉県さいたま市見沼区大字新堤120-2,,,,1.00,3.00,,1.00,,194.40,58.8,4677,2026/03/31,"2024/11/15 11:33","2026/03/31 14:33",先物(仲介),,（株）誠企画,-,"=""048-687-8884""",空有,2025/10/15　募集中、フリーレント1ヶ月付いてます,3370013
工場,R00176-024275,,,,空,アーカイブ(成約),無,1694000,,階,1997年07月,川口市東領家5丁目の貸工場【455坪】,,埼玉県川口市東領家５丁目18-9,,,,1.00,4.00,,1.00,,1504.61,455.14,3722,2026/03/31,"2025/05/08 10:41","2026/03/31 14:32",先物(仲介),,株式会社豊徳,-,"=""03-3964-0861""",,,3320003
倉庫,R00176-024026,,,,空,アーカイブ(成約),無,1540000,,階,1971年09月,戸田市上戸田1丁目の貸倉庫【311坪】,,埼玉県戸田市上戸田１丁目2-17,,,,1.00,6.00,,1.00,,1029.28,311.35,4947,2026/03/31,"2025/03/12 10:46","2026/03/31 14:31",先物(仲介),,株式会社豊徳,金子：090-8435-3184,"=""03-3964-0861""",空有,,3350022
工場,R00176-025412,,,,使用中,アーカイブ(成約),無,880000,,階,1980年03月,戸田市美女木東2丁目の貸工場【112坪】,,埼玉県戸田市美女木東２丁目2-3,,,1.00,1.00,,,,,373.00,112.83,7800,2026/03/30,"2026/02/10 12:03","2026/03/30 18:02",先物(仲介),,株式会社平和不動産　事業用賃貸部※広告NG業者,-,"=""048-446-1000""",空有,"※広告NG業者のためマッチングのみ
・所在地枝番：2-3他",3350032
貸地,R00176-025198,,,,更地,アーカイブ(成約),無,584400,,階,-,さいたま市見沼区染谷2丁目の貸地【486坪】,,埼玉県さいたま市見沼区染谷２丁目213-1,,,1.00,1.00,1.00,,,1608.18,,486.47,1202,2026/03/30,"2025/12/05 11:12","2026/03/30 18:00",先物(仲介),,（株）平和不動産※広告NG業者,-,"=""048-446-1000""",,※2025/12/5　広告NG業者のためマッチングのみ｜(株)平和不動産,3370026
工場,R00176-025539,,,,空,アーカイブ(成約),無,418000,,階,1998年06月,戸田市氷川町3丁目の貸工場【50坪】,,埼玉県戸田市氷川町３丁目13-1,,,,1.00,3.00,,0.50,273.00,165.36,50.02,8357,2026/03/30,"2026/03/11 10:43","2026/03/30 17:43",先物(仲介),,有限会社康喜興業,-,"=""048-299-8808""",空有,,3350027
貸地,R00176-025478,,,,更地,公開可,無,385000,,階,-,千葉市花見川区大日町の貸地【592坪】,,千葉県千葉市花見川区大日町1581-1,,,1.00,1.10,,,,1958.00,,592.29,651,2026/07/27,"2026/02/25 10:36","2026/03/30 17:28",先物(仲介),,有限会社大日総業,-,"=""043-259-6284""",,,2620004
店舗事務所(建物一括),R00176-025482,,,,空,アーカイブ(成約),無,400000,,階,1990年10月,川口市東領家1丁目の貸店舗・事務所【67坪】,,埼玉県川口市東領家１丁目21-17,,,3.00,1.00,,,1.00,,224.79,67.99,5883,2026/03/30,"2026/02/26 11:28","2026/03/30 17:14",先物(仲介),,有限会社花之枝産業,-,"=""048-223-2062""",空有,,3320003
倉庫,R00176-025360,,,,空,公開可,無,1430000,,階,1970年08月,千葉市稲毛区六方町の貸倉庫【220坪】,,千葉県千葉市稲毛区六方町23,,,,1.00,3.00,,,1150.00,730.00,220.82,6476,2026/06/15,"2026/01/30 10:02","2026/03/30 17:12",先物(仲介),,（株）与志建設,-,"=""043-286-0554""",空有,※2026/1/30　広告確認中のためマッチングのみ｜(株)与志建設,2630004
事務所(建物一括),R00176-025068,,,,空,アーカイブ(成約),無,2200000,,階,1994年12月,さいたま市緑区大字中尾の貸事務所【319坪】,,埼玉県さいたま市緑区大字中尾524-1,,,,1.00,6.00,,,2680.55,1055.16,319.18,6893,2026/03/30,"2025/10/30 09:47","2026/03/30 17:02",先物(仲介),,（株）大和不動産,-,"=""048-789-6993""",空有,・所在地：さいたま市緑区大字中尾524-1他,3360932
貸地,R00176-025111,,,,古家付,公開可,無,550000,,階,-,千葉市花見川区横戸町の貸地【845坪】,,千葉県千葉市花見川区横戸町1267-14,,,1.00,1.00,,,1.00,2794.00,,845.18,651,2026/07/27,"2025/11/11 11:21","2026/03/30 16:53",先物(仲介),,有限会社大日総業,-,"=""043-259-6284""",,,2620001
倉庫,R00176-025319,,,,使用中,アーカイブ(成約),無,1650000,,1階,1987年05月,北区赤羽南2丁目の貸倉庫【159坪】,,東京都北区赤羽南２丁目17-2,,,,1.00,5.00,,1.50,555.76,528.48,159.86,10322,2026/02/25,"2026/01/20 10:49","2026/03/30 16:38",先物(仲介),,日建ハウス工業（株）,-,"=""03-3902-2626""",空有,・1～2階部分,1150044
倉庫,R00176-025179,,,,使用中,アーカイブ(成約),無,2750000,,階,1987年05月,北区赤羽南2丁目の貸倉庫【159坪】,,東京都北区赤羽南２丁目17-2,,,,1.00,5.00,,1.50,555.76,528.48,159.86,17202,2026/02/25,"2025/12/02 10:25","2026/03/30 16:38",先物(仲介),,日建ハウス工業（株）,-,"=""03-3902-2626""",空有,・1-2階部分,1150044
工場,R00176-025613,,,,使用中,アーカイブ(成約),無,440000,,1階,1971年02月,江戸川区平井6丁目の貸工場【63坪】,,東京都江戸川区平井６丁目51-16,,,,2.00,1000000,,1.00,,211.04,63.83,6893,2026/03/30,"2026/03/30 11:02","2026/03/30 15:08",先物(仲介),,タキザワ住販（株）　,-,"=""03-5609-8118""",空有,"※礼金：元付マイソク⇒2ヶ月、at-home/レインズ⇒1ヶ月、で記載あり
　（ミライエには2ヶ月で入力しています）　　",1320035
店舗事務所(建物一括),R00176-023822,,,,空,公開可,無,800000,,階,2007年09月,鎌ケ谷市東鎌ケ谷2丁目の貸店舗・事務所【120坪】,,千葉県鎌ケ谷市東鎌ケ谷２丁目1-11,30000,,6.00,2.00,,,,452.24,397.48,120.23,6654,2026/07/15,"2025/02/03 11:24","2026/03/30 14:28",先物(仲介),,（株）アート住宅販売,-,"=""047-493-3985""",空有,※2025/2/3　広告確認中のためマッチングのみ｜(株)アート住宅販売,2730104
店舗事務所(建物一部),R00176-025074,,,,,アーカイブ(成約),無,653400,,1階,1998年01月,大田区本羽田3丁目の貸店舗・事務所【53坪】,,東京都大田区本羽田３丁目24-6,,,,1.00,10.00,,1.00,,178.17,53.89,12124,2026/02/05,"2025/10/31 10:08","2026/03/30 13:12",先物(仲介),,株式会社都市企画,-,"=""03-3744-2220""",空有,,1440044
工場,R00176-024339,,,,空,アーカイブ(成約),無,550000,,階,1976年08月,大田区東糀谷5丁目の貸工場【89坪】,,東京都大田区東糀谷５丁目16-4,,,,2.00,4.00,,1.00,,296.48,89.68,6133,2026/03/30,"2025/05/19 11:17","2026/03/30 13:10",先物(仲介),,東邦ハウジング（株）ハウジングショップ大森店,-,"=""050-3627-4593""",空有,"2025.8.7　下記同業種の詳細：金属加工のみ。切る機械が撤去できない為。

・1-2階部分
20250724　小林
オーナー意向で、同業種（既存機械使用）顧客にて検討したい。倉庫使用等断った経緯有り。",1440033
倉庫,R00176-025296,,,,空,アーカイブ(成約),無,1210000,,階,1987年01月,大田区東糀谷5丁目の貸倉庫【109坪】,,東京都大田区東糀谷５丁目9-2,,,6.00,1.10,,,,,361.76,109.43,11058,2026/02/20,"2026/01/14 11:01","2026/03/30 13:07",先物(仲介),,東京建物不動産販売　賃貸営業第二部,-,"=""03-6837-7535""",,,1440033
倉庫,R00176-025408,,,,,アーカイブ(成約),無,869000,,階,-,江東区新木場3丁目の貸倉庫【82坪】,,東京都江東区新木場３丁目8-24,,,,,3476000,,,329.99,272.20,82.34,10554,2026/02/10,"2026/02/10 10:58","2026/03/30 11:14",先物(仲介),,アーバンシステム管理株式会社,-,"=""03-3643-8130""",,,1360082
店舗(建物一括),R00176-025280,,,,使用中,アーカイブ(成約),無,990000,,階,1980年04月,足立区扇3丁目の貸店舗【46坪】,,東京都足立区扇３丁目3-6,,,,1.00,3.00,,1.00,410.00,154.17,46.63,21229,2026/02/05,"2026/01/07 11:16","2026/03/30 11:13",先物(仲介),,株式会社コンティニュー,-,"=""03-5831-0751""",空有,,1230873
工場,R00176-024497,,,,空,アーカイブ(成約),無,436370,,階,1998年01月,墨田区東墨田1丁目の貸工場【48坪】,,東京都墨田区東墨田１丁目11-12,,,5.00,1.00,,3.00,1.50,,159.32,48.19,9055,2026/02/20,"2025/06/23 10:15","2026/03/30 10:45",先物(仲介),,阿部不動産,-,"=""03-3619-3330""",空有,"2025.6.27　NG3点①金属加工など大きな音が出る業種。(過去にクレームがあった経緯アリ、オーナー様神経質になっている。)②排水が一般的なトイレ・手洗いレベルの為、水を沢山使う業種。③倉庫内に車を入れる。(排気ガス＋隣にテナントがいる為、万が一ぶつけるとリスクがある為)

・A号棟",1310042
倉庫,R00176-024716,,,,空,アーカイブ(成約),無,598000,,1階,2024年05月,新宿区富久町の貸倉庫【34坪】,,東京都新宿区富久町1-6,,,,,6.00,,1.10,,115.52,34.94,17113,2026/02/20,"2025/08/19 13:48","2026/03/30 10:37",先物(仲介),,首都圏建物管理（株）,-,"=""03-3269-2592""",無,※2025/8/19　at-home転載可物件｜?都圏建物管理（株）,1620067
貸地,R00176-025397,,,,更地,アーカイブ(成約),無,600000,,階,-,日野市東平山3丁目の貸地【405坪】,,東京都日野市東平山３丁目,,,1.00,1.00,,,,1341.00,,405.65,1480,2026/02/06,"2026/02/06 11:03","2026/03/30 10:12",先物(仲介),,（株）松村地所,-,"=""042-642-6702""",,,1910054
倉庫,R00176-024280,,,,空,公開可,無,440000,,階,1969年01月,昭島市緑町1丁目の貸倉庫【143坪】,,東京都昭島市緑町１丁目3-11,,,400000,440000,,,1.00,,473.21,143.14,3074,2026/06/26,"2025/05/08 11:39","2026/03/30 09:42",先物(仲介),,中神不動建設(株),-,"=""042-541-2124""",空有,,1960004
倉庫,R00176-025362,,,,使用中,アーカイブ(成約),無,797500,,階,1991年02月,新宿区早稲田鶴巻町の貸倉庫【73坪】,,東京都新宿区早稲田鶴巻町530,,,6.00,2.00,,,,,243.75,73.73,10816,2026/03/27,"2026/01/30 10:18","2026/03/27 15:38",先物(仲介),,(株)東興商事,-,"=""03-3269-2555""",空有,,1620041
貸地,R00176-025292,,,,更地,アーカイブ(成約),無,420000,,階,-,草加市柿木町の貸地【418坪】,,埼玉県草加市柿木町105-2,,,2.00,1.00,,,0.50,1385.00,,418.96,1003,2026/03/23,"2026/01/14 09:30","2026/03/27 15:13",先物(仲介),,株式会社イトウ,-,"=""048-932-3525""",,・住所：柿木町105-2、-6、106-2,3400001
店舗(建物一括),R00176-025387,,,,空,アーカイブ(成約),無,2420000,,階,1992年03月,立川市柴崎町5丁目の貸店舗【307坪】,,東京都立川市柴崎町５丁目5-2,,,10.00,1.00,,,,1827.92,1017.99,307.94,7859,2026/02/05,"2026/02/05 13:10","2026/03/27 10:23",先物(仲介),,（株）アイワプランニング　伊勢原店,-,"=""0463-95-5888""",空有,,1900023
貸地,R00176-023938,,,,更地,アーカイブ(成約),無,330000,,階,-,本庄市小島の貸地【663坪】,,埼玉県本庄市小島880-1,,,1.00,1.00,,,1.00,2193.00,,663.38,498,2026/03/24,"2025/02/21 10:06","2026/03/27 09:41",先物(仲介),,（株）開成不動産,-,"=""0495-25-6611""",,"2026.03　祷さん契約
2025.10.23　10月末まで使用　11月から可能
2025.2.21　7/31退去　最短8月上旬使用開始。中古車販売相談可。

【所在地】本庄市小島字泉阪880-1
【グーグルマップ】本庄市小島5-4-34の17号線挟んで向かい側
※2025/2/21　広告確認中のためマッチングのみ｜(株)開成不動産


",3670061
倉庫,R00176-023883,,,,空,公開可,無,495000,,階,1976年08月,千葉市中央区都町8丁目の貸倉庫【108坪】,,千葉県千葉市中央区都町８丁目,,,3.00,1.00,,,1.00,345.22,357.72,108.21,4575,2026/06/12,"2025/02/12 11:15","2026/03/27 09:11",先物(仲介),,（株）豊四季不動産　とよしき不動産,-,"=""0471-38-6922""",空有,,2600001
貸地,R00176-024914,,,,更地,アーカイブ(成約),無,1000000,,階,-,さいたま市岩槻区大字馬込の貸地【1661坪】,,埼玉県さいたま市岩槻区大字馬込358-1,,,3.00,1.00,,,,5492.00,,1661.33,602,2026/03/26,"2025/10/02 09:56","2026/03/26 17:42",先物(仲介),,※広告NG業者※アクシス不動産,-,"=""048-871-8731""",,"住所：埼玉県さいたま市岩槻区大字馬込358-1他4筆（マイソク）
※2025/10/2　広告NGのためマッチングのみ｜アクシス不動産
",3390077
倉庫,R00176-024961,,,,使用中,アーカイブ(成約),無,400000,,階,1988年02月,川口市元郷3丁目の貸倉庫【45坪】,,埼玉県川口市元郷３丁目19-9,,,2.00,1.00,,1.00,1.00,,152.00,45.98,8700,2026/03/26,"2025/10/10 11:02","2026/03/26 17:34",先物(仲介),,株式会社コジョソコ,-,"=""045-530-9890""",無,,3320011
倉庫,R00176-025484,,,,空,アーカイブ(成約),無,2767600,,階,1988年11月,入間市宮寺の貸倉庫【629坪】,,埼玉県入間市宮寺4191-1,,,2.00,1.00,,,,1849.00,2079.34,629,4400,2026/03/26,"2026/02/27 09:41","2026/03/26 17:29",先物(仲介),,久保田倉庫（有）,-,"=""0270-23-1057""",,※場所：グーグルマップでは、宮寺4197,3580014
倉庫,R00176-024749,,,,建築中,アーカイブ(成約),無,2530000,,階,2026年03月,入間郡三芳町大字北永井の貸倉庫【459坪】,,埼玉県入間郡三芳町大字北永井310-1,,,3.00,1.00,,,1.00,3863.78,1518.00,459.19,5510,2026/03/26,"2025/08/25 11:11","2026/03/26 17:25",先物(仲介),,協同建設（株）,-,"=""048-471-0167""",空有,※2025/8/25　レインズ広告可物件｜協同建設（株）,3540044
倉庫,R00176-024487,,,,空,アーカイブ(成約),無,3190000,,階,2026年01月,さいたま市北区東大成町2丁目の貸倉庫【208坪】,,埼玉県さいたま市北区東大成町２丁目412,,,,,10.00,,,661.00,688.80,208.36,15310,2026/03/26,"2025/06/19 10:25","2026/03/26 17:22",先物(仲介),,株式会社日本サブリース,-,"=""03-3527-2977""",空有,※2025/6/19　レインズ広告可物件｜(株)日本サブリース,3310814
倉庫,R00176-025589,,,,居住中,保留,無,1430000,,1階,2008年08月,柏市十余二の貸倉庫【315坪】,,千葉県柏市十余二249-6,,,3.00,1.00,,,,1502.76,1043.01,315.51,4533,2026/03/24,"2026/03/24 11:03","2026/03/26 17:22",先物(仲介),,（株）豊四季不動産　とよしき不動産,-,"=""0471-38-6922""",空有,,2770872
工場,R00176-024637,,,,空,アーカイブ(成約),無,2475000,,階,1981年01月,横浜市港北区新羽町の貸工場【265坪】,,神奈川県横浜市港北区新羽町1828-1,,,,2.00,6.00,,1.00,872.07,878.00,265.59,9319,2026/03/09,"2025/07/28 18:04","2026/03/26 16:53",先物(仲介),,（株）タープ不動産,-,"=""03-5844-6300""",空有,,2230057
工場,R00176-024609,,,,空,公開可,無,3300000,,階,1989年05月,千葉市稲毛区六方町の貸工場【853坪】,,千葉県千葉市稲毛区六方町218-1,,,4.00,,,1.00,1.00,3332.23,2822.45,853.79,3866,2026/06/15,"2025/07/18 13:46","2026/03/25 18:07",先物(仲介),,（株）ＴＲＰ,吉澤様　080-5699-5069,"=""03-6759-9273""",,"■2026/3/25
　オーナー反響で募集しておりましたが、オーナーの会社の不動産部門が専任で募集をすることとなりました。
今後は仲介手数料折半の条件になるようです。
しかしセンチュリーダイソーが客付けした場合に限り、
仲介手数料の3分の2がセンチュリーダイソー、残りの3分の1が元付の報酬となります。
連絡先はレインズにも載っておりますが、下記担当者までお願いします。
株式会社TRP　吉澤様　080-5699-5069
■2026/3/23　賃料変更583万円⇒330万円
■2025/9/22　募集開始
■2025/7/18　一般媒介物件｜担当：星",2630004
倉庫,R00176-024921,,,,空,アーカイブ(成約),無,330000,,階,-,柏市逆井の貸倉庫【103坪】,,千葉県柏市逆井1189-2,,,,1.00,4.00,,1.00,474.86,340.13,102.88,3208,2026/03/10,"2025/10/06 13:53","2026/03/25 16:18",先物(仲介),,（株）タープ不動産,-,"=""03-5844-6300""",空有,,2770042
倉庫,R00176-024872,,,,空,保留,無,584000,,1階,1984年01月,川口市東領家5丁目の貸倉庫【90坪】,,埼玉県川口市東領家５丁目13-3,,2750,2.00,1.00,,,1.00,,299.77,90.68,6441,2026/03/25,"2025/09/24 09:36","2026/03/25 15:52",先物(仲介),,謝藤開発株式会社,-,"=""048-222-5548""",空有,,3320003
倉庫,R00176-023272,,,,空,アーカイブ(成約),無,600000,,階,1990年04月,戸田市笹目8丁目の貸倉庫【59坪】,,埼玉県戸田市笹目８丁目8-10,,,1.00,,2.00,,,312.47,195.00,58.98,10172,2026/03/24,"2024/10/08 11:45","2026/03/24 18:01",先物(仲介),,株式会社エーティホーム,-,"=""03-5399-3201""",空有,,3350034
店舗(建物一括),R00176-025320,,,,空,アーカイブ(成約),無,495000,,階,1992年01月,北葛飾郡杉戸町内田1丁目の貸店舗【118坪】,,埼玉県北葛飾郡杉戸町内田１丁目1-22,,,3.00,1.10,,,1.10,409.00,393.34,118.98,4161,2026/03/24,"2026/01/20 11:05","2026/03/24 17:54",先物(仲介),,エイブルＮＴ久喜店　ベルデホーム（株）,-,"=""0480-23-2222""",空有,,3450035
倉庫,R00176-025422,,,,使用中,アーカイブ(成約),無,6617160,,階,-,入間市大字上藤沢の貸倉庫【1336坪】,,埼玉県入間市大字上藤沢803-1,,,,1.00,,,,,4419.20,1336.8,4950,2026/02/13,"2026/02/13 10:44","2026/03/24 17:47",先物(仲介),,イーソーコ株式会社,-,"=""03-5439-9401""",,【所在地】埼玉県入間市大字上藤沢字西原803-1他,3580013
倉庫,R00176-025309,,,,居住中,アーカイブ(成約),無,770000,,1階,2007年02月,柏市藤ケ谷新田の貸倉庫【127坪】,,千葉県柏市藤ケ谷新田62-7,,,2.00,1.00,,,1.00,1710.65,422.00,127.65,6032,2026/03/23,"2026/01/16 11:02","2026/03/23 17:18",先物(仲介),,有限会社共進住宅,-,"=""04-7173-1971""",空有,※2026/1/16　広告確認中のためマッチングのみ｜(有)共進住宅,2770932
倉庫,R00176-025244,,,,空,アーカイブ(成約),無,350000,,1階,2021年09月,八千代市吉橋の貸倉庫【40坪】,,千葉県八千代市吉橋1197-2,,,1050000,350000,,,1.00,,134.55,40.7,8600,2026/03/23,"2025/12/16 10:07","2026/03/23 17:10",先物(仲介),,（有）ハウジングトラスト,-,"=""047-487-2103""",空有,2026/1/30　検討している方あり,2760047
倉庫,R00176-025084,,,,使用中,アーカイブ(成約),無,2200000,,階,1970年11月,千葉市若葉区更科町の貸倉庫【663坪】,,千葉県千葉市若葉区更科町2558,,,4.00,3.00,,,1.00,4785.00,2193.12,663.41,3317,2026/03/23,"2025/11/05 10:04","2026/03/23 17:07",先物(仲介),,株式会社Ｋａｗａｔｅｃ,-,"=""03-6780-9977""",,,2650073
貸地,R00176-024945,,,,更地,アーカイブ(成約),無,500000,,階,-,柏市藤ケ谷の貸地【1187坪】,,千葉県柏市藤ケ谷,,,3.00,1.00,,,1.00,3924.00,,1187.01,422,2026/03/23,"2025/10/09 09:37","2026/03/23 16:46",先物(仲介),,スクラムネット（株）,-,"=""047-700-5927""",,"・Google MAP：https://maps.app.goo.gl/9RC6D79AHjMnRGxC8
・2025/10/9　レインズ広告可物件｜スクラムネット（株）",2770931
貸地,R00176-024854,,,,更地,アーカイブ(成約),無,2000000,,階,-,千葉市中央区星久喜町の貸地【1681坪】,,千葉県千葉市中央区星久喜町1094-1,,,,1.00,3.00,,,5559.05,,1681.61,1190,2026/03/23,"2025/09/17 11:01","2026/03/23 16:28",先物(仲介),,（株）ケイヨー,-,"=""043-292-7878""",,物確時、用途確認,2600808
貸地,R00176-024448,,,,更地,アーカイブ(成約),無,495000,,階,-,鎌ケ谷市初富の貸地【249坪】,,千葉県鎌ケ谷市初富,,,,1.00,4.00,,1.50,824.50,,249.41,1985,2026/03/23,"2025/06/11 10:32","2026/03/23 16:15",先物(仲介),,貸地バンク（株）,-,"=""047-471-0034""",,"・AB区画
・場所：グーグルマップでは初富125-1（鎌ケ谷市西部地域包括支援センター）の西側",2730121
倉庫,R00176-025200,,,,空,公開可,無,2702700,,地下1階,1990年03月,品川区勝島1丁目の貸倉庫【189坪】,,東京都品川区勝島１丁目2-1,,,6.00,1.00,,,,,624.79,188.99,14301,2026/07/24,"2025/12/05 11:28","2026/03/23 16:15",先物(仲介),,寺田倉庫株式会社,-,"=""03-5479-1616""",,"・地下1階部分（倉庫1）
・2025/12/5　at-home転載可物件｜貸主/寺田倉庫",1400012
貸地,R00176-024438,,,,,アーカイブ(成約),無,500000,,階,-,船橋市神保町の貸地【327坪】,,千葉県船橋市神保町181-2,,,,,3.00,,1.00,1083.00,,327.6,1527,2026/03/23,"2025/06/10 09:55","2026/03/23 16:07",先物(仲介),,ＲＥＧＵＬＵＳ,-,"=""047-401-1818""",,2025.6.10　調整区域,2740056
貸地,R00176-025335,,,,更地,アーカイブ(成約),無,1500000,,階,-,白井市白井の貸地【695坪】,,千葉県白井市白井224-3,,,3.00,1.00,,30.00,1.00,2300.00,,695.75,2156,2026/03/23,"2026/01/22 11:12","2026/03/23 15:40",先物(仲介),,友輝建設株式会社,-,"=""047-446-4711""",,"Googleマップ：https://maps.app.goo.gl/92vqFeKFdKgMuedH8
・枝番：224-3他",2701421
店舗(建物一部),R00176-023815,,,,空,アーカイブ(成約),無,770000,,2階,2020年08月,フィル・パーク西新宿【2階】,,東京都新宿区西新宿４丁目18-2,,,,1.50,6.00,,,,85.88,25.97,29640,2026/02/18,"2025/01/31 11:03","2026/03/23 15:36",自社,一般媒介,株式会社センチュリーダイソー,明石,"=""03-6441-2258""",,"賃料DOWN８２．５万⇒７７万　明石さんより2025.9.11
現地キーBOX：階段横のフェンス
番号：2258",1600023
倉庫,R00176-025551,,,,空,公開可,無,7514800,,階,1986年03月,大田区京浜島1丁目の貸倉庫【1051坪】,,東京都大田区京浜島１丁目2-7,,,6.00,,,,,1739.90,3474.48,1051.03,7150,2026/07/28,"2026/03/16 10:25","2026/03/23 14:24",先物(仲介),,シービーアールイー（株）本店　インダストリアル首都圏営業部,-,"=""03-5288-9288""",,,1430003
倉庫,R00176-025154,,,,空,アーカイブ(成約),無,440000,,階,1983年08月,墨田区立花1丁目の貸倉庫【42坪】,,東京都墨田区立花１丁目23-3,,,3.00,1.00,,,,,140.13,42.38,10380,2026/03/23,"2025/11/21 11:47","2026/03/23 11:00",先物(仲介),,株式会社コネクトプラン,-,"=""03-6803-1984""",,※2025/12/15　広告NGのためマッチングのみ｜(株)コネクトプラン,1310043
貸地,R00176-024928,,,,その他,公開可,無,495000,,階,-,松戸市大橋の貸地【264坪】,,千葉県松戸市大橋353-2,,,,,3.00,,1.00,874.00,,264.38,1873,2026/07/27,"2025/10/07 10:39","2026/03/23 09:31",先物(仲介),,（株）東和開発,-,"=""047-364-6805""",,※2025/10/7　広告確認中のためマッチング｜(株)東和開発,2702224
工場,R00176-025306,,,,空,アーカイブ(成約),無,1650000,,階,1994年10月,横浜市港北区新羽町の貸工場【185坪】,,神奈川県横浜市港北区新羽町610-1,,,,2.00,4.00,,1.00,,611.92,185.1,8914,2026/03/02,"2026/01/16 09:46","2026/03/19 16:38",先物(仲介),,（株）栗原建設,-,"=""045-933-8231""",空有,"2026.3.2　契約書のひな型作成して進めているが、大手で注文が多くオーナー様NGで流れるかもしれない？

※2026/1/16　広告確認中のためマッチングのみ｜(株)栗原建設",2230057
貸地,R00176-024747,,,,更地,アーカイブ(成約),無,1300000,,階,-,茅ヶ崎市下寺尾の貸地【1016坪】,,神奈川県茅ヶ崎市下寺尾1838,,,,1.00,2.00,,1.00,3359.00,,1016.09,1280,2026/03/01,"2025/08/25 10:32","2026/03/19 14:23",先物(仲介),,（株）ヴェルリース,-,"=""0466-41-9015""",空有,"2025.11.14　5/1～　使用開始。
・所在地：1838番、他11筆
※2025/8/25　at-home転載可物件｜(株)ヴェルリース
車両置き場以外は難しい。要相談。
",2530081
倉庫,R00176-024882,,,,空,アーカイブ(成約),無,1500000,,階,1988年03月,我孫子市布佐平和台1丁目の貸倉庫【717坪】,,千葉県我孫子市布佐平和台１丁目2,,,4.00,,,,1.00,2981.00,2373.29,717.92,2090,2026/03/19,"2025/09/24 11:19","2026/03/19 14:22",先物(仲介),,センチュリー２１　共栄土地,-,"=""047-311-1771""",,"2025.10.31　賃料は2,100,000円～業種によってご相談",2701108
貸地,R00176-025568,,,,その他,保留,無,750000,,階,-,八千代市島田台の貸地【856坪】,,千葉県八千代市島田台888-1,,,3.00,1.00,,,1.00,2832.00,,856.68,876,2026/03/18,"2026/03/18 09:36","2026/03/19 09:17",先物(仲介),,株式会社センチュリーダイソー　埼玉支店,祷,"=""048-290-0776""",,※非公開物件　掲載依頼物件｜担当：祷さん　,2760004
貸地,R00176-023897,,,,更地,アーカイブ(成約),無,970000,,階,-,松戸市紙敷1丁目の貸地【721坪】,,千葉県松戸市紙敷１丁目15-1,,,,2.00,3.00,,1.00,2384.00,,721.16,1346,2026/03/18,"2025/02/14 11:06","2026/03/18 16:05",先物(仲介),,（株）ランドピア,-,"=""03-3661-5650""",,・2025.8.29　成約済→公開へ（業者：ランドピア）,2702221
倉庫,R00176-024561,,,,空,アーカイブ(成約),無,1100000,,階,1978年01月,海老名市下今泉1丁目の貸倉庫【115坪】,,神奈川県海老名市下今泉１丁目18-27,,,3.00,1.00,,1.00,,676.84,380.70,115.16,9552,2026/02/28,"2025/07/07 10:09","2026/03/18 15:24",先物(仲介),,(株)カマタ・ライジィング・プランニング,-,"=""03-3734-3412""",空有,,2430435
倉庫,R00176-024850,,,,空,アーカイブ(成約),無,6600000,,階,1993年01月,横浜市戸塚区上矢部町の貸倉庫【2311坪】,,神奈川県横浜市戸塚区上矢部町2289,,,6.00,1.00,,2.00,1.00,,7642.64,2311.89,2855,2026/02/28,"2025/09/17 10:26","2026/03/18 15:14",先物(仲介),,（有）グッドウィル　,-,"=""045-943-1783""",,,2450053
貸地,R00176-025065,,,,古家付,アーカイブ(成約),無,550000,,階,-,柏市藤ケ谷の貸地【776坪】,,千葉県柏市藤ケ谷544-1,,,4.00,2.00,,,1.00,2565.69,,776.12,709,2026/03/18,"2025/10/29 11:34","2026/03/18 13:53",先物(仲介),,ゼクス株式会社,-,"=""047-468-8685""",,※2025/10/29　at-home転載可物件｜ゼクス（株）,2770931
倉庫,R00176-025020,,,,空,アーカイブ(成約),無,2772000,,階,2022年12月,白井市中の貸倉庫【600坪】,,千葉県白井市中,,132000,3.00,1.00,,,1.00,,1983.48,600,4620,2026/03/18,"2025/10/21 11:22","2026/03/18 13:45",先物(仲介),,ゼクス株式会社,-,"=""047-468-8685""",空有,"・枝番：402-3
※所在階・区画不明（要確認）",2701406
倉庫,R00176-025018,,,,空,アーカイブ(成約),無,3696000,,階,2022年12月,白井市中の貸倉庫【800坪】,,千葉県白井市中,,176000,3.00,1.00,,,1.00,,2644.63,800,4620,2026/03/18,"2025/10/21 11:14","2026/03/18 13:45",先物(仲介),,ゼクス株式会社,-,"=""047-468-8685""",空有,"・枝番：402-3
※所在階・区画不明（要確認）",2701406
倉庫,R00176-025016,,,,空,アーカイブ(成約),無,4620000,,階,2022年12月,白井市中の貸倉庫【1000坪】,,千葉県白井市中,,220000,3.00,1.00,,,1.00,,3305.79,1000,4620,2026/03/18,"2025/10/21 11:06","2026/03/18 13:45",先物(仲介),,ゼクス株式会社,-,"=""047-468-8685""",空有,"・枝番：402-3
※所在階・区画不明（要確認）",2701406
貸地,R00176-025238,,,,古家付,アーカイブ(成約),無,330000,,階,-,秦野市堀山下の貸地【490坪】,,神奈川県秦野市堀山下1750-10,,,3.00,300000,,,,1622.04,,490.66,673,2026/02/28,"2025/12/15 10:11","2026/03/18 13:43",先物(仲介),,有限会社?コーポレーション,-,"=""0463-89-5633""",,2026.2.28　申込みが入りそうだが、まだ書面は出ていない。,2591304
工場,R00176-025449,,,,使用中,アーカイブ(成約),無,352000,,1階,1981年11月,藤沢市遠藤の貸工場【59坪】,,神奈川県藤沢市遠藤2019-15,,,3.00,1.00,,,1.00,,197.52,59.74,5892,2026/02/18,"2026/02/18 09:22","2026/03/18 13:23",先物(仲介),,株式会社アクティオ,-,"=""042-775-7801""",空有,"・102
※2026/2/18　広告確認中のためマッチングのみ｜(株)アクティオ",2520816
倉庫,R00176-024906,,,,使用中,アーカイブ(成約),無,2062500,,階,1980年09月,鴻巣市上生出塚の貸倉庫【750坪】,,埼玉県鴻巣市上生出塚715,,,2.00,1.00,1.00,,1.00,,2481.18,750.55,2748,2026/02/25,"2025/09/30 10:07","2026/03/18 12:27",先物(仲介),,舟橋運輸倉庫株式会社,-,"=""0480-48-7338""",,※2025/9/30　at-home転載可物件｜?橋運輸倉庫（株）,3650034
倉庫,R00176-024908,,,,使用中,アーカイブ(成約),無,1947000,,階,1972年03月,鴻巣市上谷の貸倉庫【589坪】,,埼玉県鴻巣市上谷1443,,,2.00,1.00,1.00,,1.00,,1949.40,589.69,3302,2026/03/05,"2025/09/30 10:16","2026/03/18 12:20",先物(仲介),,舟橋運輸倉庫株式会社,-,"=""0480-48-7338""",,"鴻巣倉庫１号棟（R00176-025513の一括貸し）
※2025/9/30　at-home転載可物件｜?橋運輸倉庫（株）",3650027
倉庫,R00176-025474,,,,空,アーカイブ(成約),無,385000,,階,1993年03月,横浜市都筑区東山田町の貸倉庫【43坪】,,神奈川県横浜市都筑区東山田町678-1,,,1155000,,,,1.00,,145.45,43.99,8751,2026/02/25,"2026/02/25 09:39","2026/03/18 11:53",先物(仲介),,（株）おかだハウジング,-,"=""045-592-5565""",空有,※2026/2/25　at-home広告可物件｜(株)おかだハウジング,2240024
事務所(建物一部),R00176-024893,,,,,アーカイブ(成約),無,275000,,1階,2005年07月,福島県双葉郡浪江町の貸事務所【122坪】,,福島県双葉郡浪江町大字藤橋字出口45-7,,,,2.00,3.00,,1.00,,405.17,122.56,2244,2025/09/26,"2025/09/26 09:28","2026/03/18 11:20",自社,,株式会社センチュリーダイソー,小林,"=""03-6441-2258""",,"■2026年3月18日 オーナーより募集終了のご連絡あり
■2025/9/25　掲載依頼｜担当：小林
・藤橋産業団地Ａ区画",9791502
貸地,R00176-024604,,,,更地,アーカイブ(成約),無,381400,,階,-,相模原市南区新磯野の貸地【288坪】,,神奈川県相模原市南区新磯野101-1,,,3.00,1.00,,,1.00,955.00,,288.88,1321,2026/03/18,"2025/07/18 10:18","2026/03/18 11:05",先物(仲介),,株式会社ライズ,-,"=""042-741-5820""",,,2520325
工場,R00176-023807,,,,空,アーカイブ(成約),無,731500,,階,1971年07月,横浜市都筑区池辺町の貸工場【66坪】,,神奈川県横浜市都筑区池辺町3257,,,,3.00,3.00,,1.00,,220.15,66.59,10985,2026/03/18,"2025/01/29 10:02","2026/03/18 11:02",先物(仲介),,株式会社見村鉄骨グループ,-,"=""044-588-5231""",空有,※2025/1/29　レインズ広告可物件｜(株)見村鉄骨グループ,2240053
工場,R00176-025147,,,,空,アーカイブ(成約),無,825000,,階,1993年01月,平塚市新町の貸工場【198坪】,,神奈川県平塚市新町5-30,,,3.00,1.00,,,,495.00,656.91,198.71,4152,2026/02/13,"2025/11/21 09:48","2026/03/18 10:56",先物(仲介),,八重咲地所（株）,-,"=""0463-27-1717""",空有,,2540076
貸地,R00176-024586,,,,更地,アーカイブ(成約),無,420000,,階,-,大和市深見西3丁目の貸地【239坪】,,神奈川県大和市深見西３丁目746-5,,,,1.00,6.00,,,626.44,,189.49,2217,2026/01/28,"2025/07/15 09:47","2026/03/18 10:55",先物(仲介),,（株）プロフィット,-,"=""03-6804-5301""",,"2025.12.4　10ｔ可
・B号地
・Googleマップ住所：深見西3丁目4
※2025/7/15　広告確認中のためマッチングのみ｜(株)プロフィット",2420018
倉庫,R00176-025217,,,,空,アーカイブ(成約),無,3140500,,1階,1981年08月,高座郡寒川町倉見の貸倉庫【570坪】,,神奈川県高座郡寒川町倉見1417-1,9900,,4.00,1.00,,,,3605.00,1887.60,570.99,5501,2026/02/05,"2025/12/10 09:59","2026/03/17 17:03",先物(仲介),,株式会社シーアールイー　本社,-,"=""03-5572-6604""",,・15、16、17号倉庫,2530101
店舗(建物一部),R00176-025157,,,,空,アーカイブ(成約),無,990000,,1階,2019年10月,川崎市宮前区水沢2丁目の貸店舗【60坪】,,神奈川県川崎市宮前区水沢２丁目10,,,,2.00,12.00,,,,200.87,60.76,16293,2026/01/28,"2025/11/26 09:10","2026/03/17 17:01",先物(仲介),,サンエム興産（株）,-,"=""045-315-5814""",空有,"※マッチングのみ
・Googleマップ枝番：水沢２丁目10-3",2160012
貸地,R00176-025108,,,,更地,アーカイブ(成約),無,390000,,階,-,秦野市千村の貸地【991坪】,,神奈川県秦野市千村1398-1,,,,1.00,3.00,,1.00,3277.00,,991.29,394,2026/01/28,"2025/11/11 10:53","2026/03/17 17:00",先物(仲介),,（株）モリエンタープライズ,-,"=""0463-75-3455""",,※2025/11/11　掲載確認中のためマッチングのみ｜(株)モリエンタープライズ,2591324
倉庫,R00176-024904,,,,空,アーカイブ(成約),無,660000,,階,2007年06月,秦野市堀山下の貸倉庫【62坪】,,神奈川県秦野市堀山下417-1,,,1800000,600000,,,1.00,1056.71,207.08,62.64,10537,2026/01/22,"2025/09/30 09:26","2026/03/17 16:59",先物(仲介),,（株）島半,成瀬：090-5993-2499,"=""0463-82-2211""",,"2025.12.4　申込み1件あり。2番手可。
※2025/9/30　広告確認中のためマッチングのみ｜(株)島半",2591304
店舗(建物一部),R00176-023770,,,,空,アーカイブ(成約),無,492800,,階,1981年01月,横浜市緑区中山1丁目の貸店舗【64坪】,,神奈川県横浜市緑区中山１丁目1-11,,4400,,1.00,6.00,,1.00,,212.76,64.35,7657,2026/03/17,"2025/01/22 10:26","2026/03/17 16:53",先物(仲介),,タワーズプランニング（株）,-,"=""03-5217-3711""",,"・1-2階部分
※2025/1/22　at-home転載可物件｜すまいコンシェルジュ（株）
※2025/3/28　業者変更",2260019
倉庫,R00176-025094,,,,空,アーカイブ(成約),無,332750,,2階,1995年03月,横浜市港北区綱島台の貸倉庫【55坪】,,神奈川県横浜市港北区綱島台15-5,,5000,4.00,1.00,,,1.00,,182.00,55.05,6044,2026/01/28,"2025/11/07 09:47","2026/03/17 16:40",先物(仲介),,株式会社ハウスパッド　菊名店,-,"=""045-431-9232""",空有,・2階部分,2230054
倉庫,R00176-024656,,,,空,アーカイブ(成約),無,264000,,地下1階,1991年07月,川崎市幸区南加瀬1丁目の貸倉庫【42坪】,,神奈川県川崎市幸区南加瀬１丁目17-10,,,3.00,1.00,,,1.00,,139.23,42.11,6269,2026/01/30,"2025/07/31 09:58","2026/03/17 16:21",先物(仲介),,（株）辰巳工務店,-,"=""044-555-6584""",空有,"・地下1階部分
※2025/7/31　広告確認中のためマッチングのみ｜(株)???務店",2120055
店舗事務所(建物一括),R00176-023752,,,,空,アーカイブ(成約),無,2200000,,階,1995年04月,川口市戸塚１丁目の貸店舗・事務所【301坪】,,埼玉県川口市戸塚１丁目5-10,,,5.00,1.00,,,1.00,,996.87,301.55,7296,2026/02/13,"2025/01/20 16:54","2026/03/17 16:20",自社,一般媒介,株式会社センチュリーダイソー,飯田,"=""03-6441-2258""",空有,"■2026/3/17　契約予定の為非公開
■2025/1/20　オーナー直｜一般媒介物件｜担当：飯田さん",3330811
倉庫,R00176-025388,,,,空,保留,無,1980000,,階,1983年05月,横浜市金沢区福浦2丁目の貸倉庫【329坪】,,神奈川県横浜市金沢区福浦２丁目11-2,,,,1.00,4.00,,,,1089.40,329.54,6009,2026/02/12,"2026/02/05 13:19","2026/03/17 16:14",先物(仲介),,株式会社エルネット,-,"=""047-711-3305""",空有,※2026/3/17　元付がNEWSに変更になったため公開NG,2360004
貸地,R00176-025423,,,,更地,アーカイブ(成約),無,330000,,階,-,横浜市都筑区茅ケ崎南2丁目の貸地【82坪】,,神奈川県横浜市都筑区茅ケ崎南２丁目12-1,,,3.00,1.00,,,1.00,272.13,,82.31,4009,2026/02/13,"2026/02/13 11:04","2026/03/17 15:53",先物(仲介),,株式会社ランドオフィス,-,"=""045-941-8181""",,,2240037
倉庫,R00176-024835,,,,使用中,アーカイブ(成約),無,11753650,,4階,-,品川区八潮3丁目の貸倉庫【1318坪】,,東京都品川区八潮３丁目3-22,,,6.00,1.00,,,,41802.80,4359.44,1318.73,8913,2026/02/05,"2025/09/11 10:13","2026/03/17 12:45",先物(仲介),,ＪＲ貨物ロジ・ソリューションズ（株）営業本部,小谷,"=""03-3510-3520""",空有,"・4階倉庫1・2区画（西側）
祷さんより掲載の指示あり、空き確認や詳細は祷さんに連絡。",1400003
倉庫,R00176-025232,,,,空,アーカイブ(成約),無,4379800,,階,1986年06月,世田谷区桜新町2丁目の貸倉庫【361坪】,,東京都世田谷区桜新町２丁目13-6,,,6.00,1.00,,,,,1196.60,361.97,12100,2026/02/05,"2025/12/12 11:24","2026/03/17 12:43",先物(仲介),,寺田倉庫株式会社,-,"=""03-5479-1616""",,※2025/12/12　at-home転載可物件｜寺?倉庫株式会社?不動産部,1540015
店舗事務所(建物一部),R00176-025398,,,,,アーカイブ(成約),無,759000,,1階,1981年04月,目黒区柿の木坂1丁目の貸店舗・事務所【57坪】,,東京都目黒区柿の木坂１丁目1-5,11000,,,1.00,6.00,,1.00,,190.27,57.55,13188,2026/03/17,"2026/02/06 11:22","2026/03/17 12:17",先物(仲介),,学大不動産（株）,-,"=""03-5724-4693""",無,※2026/2/6　広告確認中のためマッチングのみ｜学大不動産（株）,1520022
倉庫,R00176-025243,,,,使用中,アーカイブ(成約),無,2462350,,階,-,蕨市錦町2丁目の貸倉庫【407坪】,,埼玉県蕨市錦町２丁目14-33,,,4.00,1.00,,,,3269.42,1345.50,407.01,6050,2026/03/17,"2025/12/16 10:04","2026/03/17 10:57",先物(仲介),,（株）トラスト　,-,"=""03-5832-9959""",空有,"※2025/12/16　レインズ広告可物件｜(株)トラスト
2026/03　祷さん契約予定",3350005
倉庫,R00176-025354,,,,空,アーカイブ(成約),無,445500,,1階,1986年04月,千代田区神田須田町1丁目の貸倉庫【22坪】,,東京都千代田区神田須田町１丁目21-3,,12100,,1.00,6.00,,,,74.38,22.49,19801,2026/03/17,"2026/01/29 09:44","2026/03/17 09:11",先物(仲介),,株式会社ライトハウス,-,"=""03-6261-3433""",,・1階部分,1010041
倉庫,R00176-025475,,,,空,アーカイブ(成約),無,495000,,階,1992年03月,八潮市大瀬5丁目の貸倉庫【79坪】,,埼玉県八潮市大瀬５丁目7-20,,,1.00,1.00,,,1.00,172.58,262.35,79.36,6238,2026/03/02,"2026/02/25 09:51","2026/03/12 16:22",先物(仲介),,地建総業株式会社,-,"=""048-997-7511""",無,,3400822
倉庫,R00176-025237,,,,空,アーカイブ(成約),無,1210000,,1階,1971年11月,三郷市幸房の貸倉庫【265坪】,,埼玉県三郷市幸房1479-1,,,,1210000,3300000,,,1273.34,876.51,265.14,4564,2026/03/12,"2025/12/15 09:55","2026/03/12 16:03",先物(仲介),,有限会社三郷中央土地,-,"=""048-952-5510""",空有,,3410026
店舗事務所(建物一括),R00176-025473,,,,使用中,アーカイブ(成約),無,682000,,1階,1985年05月,春日部市増富の貸店舗・事務所【105坪】,,埼玉県春日部市増富878-1,,,,3.00,3000000,,1.00,1362.74,348.75,105.49,6465,2026/03/12,"2026/02/25 09:26","2026/03/12 15:42",先物(仲介),,(株)春日部市住宅共同販売センター,-,"=""048-754-8088""",空有,,3440041
貸地,R00176-025417,,,,古家付,アーカイブ(成約),無,500000,,階,-,比企郡小川町大字青山の貸地【2014坪】,,埼玉県比企郡小川町大字青山364-2,,,2.00,1.00,1.00,,,6658.79,,2014.28,249,2026/03/12,"2026/02/12 17:38","2026/03/12 15:38",先物(仲介),,（株）アジアハウジング,-,"=""049-245-0007""",,"※2026/2/12　貸地にて他元付にて再募集開始
　　　　　　　 ※以前、他社募集の際、R00176-024258（貸倉庫）で登録あり",3550324
倉庫,R00176-025129,,,,空,アーカイブ(成約),無,396000,,階,1991年07月,三郷市彦江1丁目の貸倉庫【40坪】,,埼玉県三郷市彦江１丁目168-1,,,2.00,2.00,,,1.50,227.00,132.87,40.19,9853,2026/03/12,"2025/11/14 10:48","2026/03/12 15:16",先物(仲介),,（株）ハウストゥエンティーワン,-,"=""048-958-6611""",,2026/03/12　物確→契約予定,3410058
倉庫,R00176-024784,,,,空,アーカイブ(成約),無,220000,,階,1991年12月,宮城県柴田郡柴田町大字四日市場の貸倉庫【122坪】,,宮城県柴田郡柴田町大字四日市場字通り木71-11,,,4.00,1.00,,,1.00,,404.55,122.37,1798,2026/02/18,"2025/09/01 12:44","2026/03/12 08:39",自社,一般媒介,株式会社センチュリーダイソー,飯田,"=""03-6441-2258""",,"■2026/3/12　契約予定（成約済処理）
2026/3/4　申込あり、2番手受付可
■2025/9/16　22万円で公開
■2025/9/1　一般媒介物件｜担当：飯田さん（現況非公開）
・所在地：71番地11、71番地10（2筆）",9891743
貸地,R00176-024860,,,,更地,アーカイブ(成約),無,663600,,階,-,八潮市大字浮塚の貸地【474坪】,,埼玉県八潮市大字浮塚930-1,,,,1.00,4.00,,1.00,1568.00,,474.32,1400,2026/03/11,"2025/09/18 16:05","2026/03/11 11:46",先物(仲介),,株式会社イコム,-,"=""048-799-3200""",,"2026/03/11　物確→1件申込有
分割でA区画申込みあり、B区画のみ募集中
住所：浮塚930-1、他
【ナビ住所】浮塚904-1付近
　　　　　　※Googleマップ：https://maps.app.goo.gl/37T9dgjgFoqfrnhSA

",3400835
貸地,R00176-025534,,,,更地,保留,無,809600,,階,-,座間市栗原の貸地【736坪】,,神奈川県座間市栗原992,,,2.00,1.00,,,1.00,2435.00,,736.58,1100,2026/03/11,"2026/03/11 09:46","2026/03/11 11:38",先物(仲介),,有限会社三和建物管理,-,"=""046-257-7780""",,・住所：栗原992、993、994-1,2520013
倉庫,R00176-025291,,,,空,アーカイブ(成約),無,1889000,,階,1990年09月,船橋市西浦3丁目の貸倉庫【375坪】,,千葉県船橋市西浦３丁目1-3,,,5.00,,,,,,1939.76,586.77,3220,2026/03/10,"2026/01/13 10:06","2026/03/10 14:06",先物(仲介),,,野村,"=""080-7435-5034""",空有,"・1-3階部分
レーサム野村様：080-7435-5034　（090-7435-5034は違う人に繋がります）",2730017
倉庫,R00176-025355,,,,空,アーカイブ(成約),無,3237943,,階,1990年09月,船橋市西浦3丁目の貸倉庫【625坪】,,千葉県船橋市西浦３丁目1-3,,,5.00,1.00,,,,,2068.01,625.57,5176,2026/03/10,"2026/01/29 09:47","2026/03/10 14:06",先物(仲介),,株式会社レーサム,-,"=""03-5157-8873""",空有,"・1-3階部分
レーサム野村様：080-7435-5034　（090-7435-5034は違う人に繋がります）",2730017
倉庫,R00176-025356,,,,空,アーカイブ(成約),無,1346185,,1階,1990年09月,船橋市西浦3丁目の貸倉庫【249坪】,,千葉県船橋市西浦３丁目1-3,,,5.00,1.00,,,,,825.23,249.63,5393,2026/03/10,"2026/01/29 10:19","2026/03/10 14:05",先物(仲介),,株式会社レーサム,-,"=""03-5157-8873""",空有,"・1階部分
レーサム野村様：080-7435-5034　（090-7435-5034は違う人に繋がります）",2730017
工場,R00176-024792,,,,空,アーカイブ(成約),無,550000,,階,1997年04月,野田市古布内の貸工場【97坪】,,千葉県野田市古布内1947-4,16500,,2.00,1.00,,,1.00,1008.35,322.40,97.52,5640,2026/03/10,"2025/09/02 10:44","2026/03/10 09:49",先物(仲介),,（株）タカラハウジング,-,"=""048-878-4161""",空有,※2025/9/2　広告確認中のためマッチングのみ｜(株)タカラハウジング,2700221
貸地,R00176-025220,,,,更地,アーカイブ(成約),無,2341500,,階,-,相模原市中央区上溝の貸地【2128坪】,,神奈川県相模原市中央区上溝1118-1,,,3.00,1.00,,,0.50,7037.00,,2128.69,1100,2026/03/01,"2025/12/10 10:24","2026/03/10 08:59",先物(仲介),,株式会社アノンズ,-,"=""046-264-8711""",,"・住所：上溝1118-1、1119-1、1120-1、1123-1
※2025/12/10　広告確認中のためマッチングのみ｜(株)アノンズ",2520243
貸地,R00176-025274,,,,更地,アーカイブ(成約),無,320000,,階,-,さいたま市岩槻区大字岩槻の貸地【540坪】,,埼玉県さいたま市岩槻区大字岩槻5612,,,3.00,1.00,,,,1788.00,,540.87,592,2026/03/09,"2026/01/06 15:25","2026/03/09 16:47",先物(仲介),,※広告NG業者※アクシス不動産,-,"=""048-871-8731""",,"【所在地】さいたま市岩槻区大字岩槻5612、5616
※2026/1/6　広告NGのためマッチングのみ｜(株)アクシス21",3390061
貸地,R00176-023262,,,,更地,アーカイブ(成約),無,748000,,階,-,比企郡滑川町大字都の貸地【1308坪】,,埼玉県比企郡滑川町大字都49-1,,,3.00,,,,,4326.00,,1308.61,572,2026/03/09,"2024/10/07 10:57","2026/03/09 16:21",先物(仲介),,(株)紺勘,-,"=""048-986-4626""",,2026/2/19　売買で契約予定,3550812
貸地,R00176-025490,,,,更地,アーカイブ(成約),無,313500,,階,-,八潮市大字浮塚の貸地【284坪】,,埼玉県八潮市大字浮塚182,,,1.00,1.00,,,1.00,942.00,,284.95,1101,2026/03/09,"2026/03/02 09:45","2026/03/09 09:14",先物(仲介),,（有）大澤,-,"=""048-996-0841""",空有,"※資材置場・大型車不可

2026/03/09　契約予定",3400835
倉庫,R00176-024154,,,,空,アーカイブ(成約),無,2997544,,階,2016年05月,印西市泉野１丁目の貸倉庫【691坪】,,千葉県印西市泉野１丁目2,,,,1.00,,,,,2252.10,681.26,4400,2026/03/06,"2025/04/10 16:07","2026/03/06 17:29",自社,一般媒介,株式会社センチュリーダイソー,星,"=""03-6441-2258""",,"■2025.04.10　掲載依頼物件｜アッカインターナショナル様｜担当：星さん
■坪単価：4,000円（税抜）",2701360
貸地,R00176-024827,,,,更地,アーカイブ(成約),無,726000,,階,-,八潮市大字大曽根の貸地【367坪】,,埼玉県八潮市大字大曽根1632,,,2.00,1.00,,,1.00,1215.00,,367.53,1976,2026/01/29,"2025/09/09 12:00","2026/03/05 16:34",先物(仲介),,地建総業株式会社,-,"=""048-997-4411""",,"2026/1/29　申込みあり　ほぼ決まり　2番手なし
2025/11/28　外国人不可　
2025/02　山崎さん契約",3400834
倉庫,R00176-025295,,,,使用中,アーカイブ(成約),無,440000,,1階,1973年07月,板橋区前野町2丁目の貸倉庫【28坪】,,東京都板橋区前野町２丁目30-24,16500,,,1.00,3.00,,1.00,,94.23,28.5,15437,2026/02/25,"2026/01/14 10:36","2026/03/05 15:56",先物(仲介),,（株）グロービュー,-,"=""03-3350-5001""",空有,"2026/2/24　小林契約
・1階部分
※2026/1/14　広告確認中のためマッチングのみ｜(株)グロービュー",1740063
倉庫,R00176-024608,,,,空,アーカイブ(成約),無,2420000,,階,1987年11月,柏市大青田の貸倉庫【560坪】,,千葉県柏市大青田721-2,,44000,,1.00,4.00,,,,1853.46,560.67,4317,2026/03/05,"2025/07/18 11:07","2026/03/05 13:40",先物(仲介),,,-,"=""070-6555-3592""",,・A区画,2770805
倉庫,R00176-025301,,,,空,アーカイブ(成約),無,330000,,階,1988年12月,吉川市平沼1丁目の貸倉庫【74坪】,,埼玉県吉川市平沼１丁目6-13,,,3.00,1.00,,,1.00,159.65,244.80,74.05,4457,2026/03/04,"2026/01/15 10:08","2026/03/04 16:03",先物(仲介),,瀧田倉庫産業株式会社,-,"=""048-964-0828""",空有,"※2026/1/15　at-home転載可物件｜瀧?倉庫産業（株）

20260218　A宮本さん申込",3420056
倉庫,R00176-025188,,,,空,アーカイブ(成約),無,2420000,,階,1985年10月,浦安市港の貸倉庫【440坪】,,千葉県浦安市港45,,,3.00,1.00,,,,,1455.24,440.21,5498,2026/03/03,"2025/12/04 10:23","2026/03/04 14:57",先物(仲介),,（株）のぞみ不動産,-,"=""047-321-4811""",,2026/03　飯田さん契約,2790024
倉庫,R00176-025365,,,,空,アーカイブ(成約),無,280500,,階,1979年01月,仙台第4倉庫／A区画【40坪】,,宮城県仙台市宮城野区扇町３丁目9-4,,,4.00,1.00,,,1.00,,132.00,39.93,7025,2026/03/04,"2026/01/30 15:00","2026/03/04 12:50",自社,代理,株式会社センチュリーダイソー,飯田,"=""03-6441-2258""",空有,"■2026/3/4　契約予定（募集ストップのため成約済処理）
■仙台第4倉庫／A区画｜サブリース｜担当：飯田
　住居表示：宮城県仙台市宮城野区扇町三丁目９番４号",9830034
倉庫,R00176-024186,,,,使用中,アーカイブ(成約),無,660000,,階,2006年01月,調布市深大寺元町4丁目の貸倉庫【58坪】,,東京都調布市深大寺元町４丁目2-10,,33000,,2.00,3.00,,,,194.40,58.8,11224,2025/12/25,"2025/04/15 13:53","2026/03/03 14:49",先物(仲介),,（株）エコラボ・デザインハウス,-,"=""03-5315-3888""",空有,"2026/2　A多久島さん仲介にて成約済
2025.7.29　2種中高の為、概要書には「住居兼事務所」と記載があり、契約事務住居兼という記載方法になるが、契約後の使い方はテナント様にお任せしますとのこと。法人の事務所として使用可。",1820017
倉庫,R00176-023522,,,,空,アーカイブ(成約),無,550000,,階,1990年01月,葛飾区宝町1丁目の貸倉庫【80坪】,,東京都葛飾区宝町１丁目20-12,,,2.00,2.20,,,1.10,,266.00,80.46,6836,2026/01/27,"2024/11/27 10:35","2026/03/03 14:06",先物(仲介),,泰栄不動産,-,"=""03-3673-3277""",,2026.02　飯田さん契約,1240005
工場,R00176-024445,,,,空,アーカイブ(成約),無,605000,,階,2020年06月,相模原市緑区橋本台2丁目の貸工場【53坪】,,神奈川県相模原市緑区橋本台２丁目3-19,,4400,3.00,1.00,,,1.00,,177.96,53.83,11239,2026/01/26,"2025/06/11 09:37","2026/03/02 16:27",先物(仲介),,（株）小菅不動産　本店,-,"=""046-267-0765""",空有,"・2025/10/9　再募集にてレインズ掲載あり
・2025/9/30　申し込み有・紹介不可
・地番：1936-1

2026/01/26　物確→1件申込有。このまま進む見込みとのことでした",2520132
倉庫,R00176-025240,,,,空,アーカイブ(成約),無,990000,,階,1974年03月,川崎市川崎区殿町1丁目の貸倉庫【95坪】,,神奈川県川崎市川崎区殿町１丁目22-12,,,6.00,1.00,,,1.00,,315.63,95.47,10369,2026/01/29,"2025/12/15 10:16","2026/03/02 16:13",先物(仲介),,（株）東伸開発不動産,-,"=""03-3745-0023""",空有,・A区画：1階＋2階西側部分＋3階,2100821
倉庫,R00176-024690,,,,空,アーカイブ(成約),無,1320000,,階,1974年03月,川崎市川崎区殿町1丁目の貸倉庫【178坪】,,神奈川県川崎市川崎区殿町１丁目22-12,,,6.00,1.00,,,1.00,,591.08,178.8,7383,2026/01/29,"2025/08/07 10:47","2026/03/02 16:13",先物(仲介),,（株）東伸開発不動産,-,"=""03-3745-0023""",空有,"2025/9/25　賃料1,540,000円より1,320,000円に変更あり
・2棟連棟式",2100821
倉庫,R00176-024830,,,,使用中,アーカイブ(成約),無,2643520,,階,1980年11月,横浜市神奈川区羽沢南2丁目の貸倉庫【300坪】,,神奈川県横浜市神奈川区羽沢南２丁目38-10,,,6.00,1.00,,,,844.00,993.07,300.4,8800,2025/12/16,"2025/09/10 11:10","2026/03/02 15:35",先物(仲介),,寺田倉庫株式会社,-,"=""03-5479-1616""",空有,※2025/9/10　レインズ広告可物件｜寺?倉庫株式会社?不動産部,2210866
工場,R00176-023926,,,,空,アーカイブ(成約),無,610000,,階,1988年07月,横浜市鶴見区生麦5丁目の貸工場【62坪】,,神奈川県横浜市鶴見区生麦５丁目15-37,,,3.00,2.00,,,1.00,,205.12,62.04,9831,2026/01/13,"2025/02/20 09:43","2026/03/02 15:25",先物(仲介),,株式会社コジョソコ,-,"=""045-530-9890""",,,2300052
倉庫,R00176-025011,,,,空,アーカイブ(成約),無,21597180,,階,2024年08月,横浜市鶴見区末広町1丁目の貸倉庫【3282坪】,,神奈川県横浜市鶴見区末広町１丁目1-11,,,3.00,1.00,,,,58132.00,10849.59,3282,6581,2026/03/01,"2025/10/21 10:00","2026/03/02 14:28",先物(仲介),,久保田倉庫（有）,-,"=""0270-23-1057""",空有,・3-4階D区画,2300045
倉庫,R00176-025008,,,,空,アーカイブ(成約),無,32052570,,階,2024年08月,横浜市鶴見区末広町1丁目の貸倉庫【4893坪】,,神奈川県横浜市鶴見区末広町１丁目1-11,,,3.00,1.00,,,,58132.00,16175.21,4893,6551,2026/03/01,"2025/10/21 09:51","2026/03/02 14:28",先物(仲介),,久保田倉庫（有）,-,"=""0270-23-1057""",空有,・3-4階C区画,2300045
倉庫,R00176-025007,,,,空,アーカイブ(成約),無,23352120,,階,2024年08月,横浜市鶴見区末広町1丁目の貸倉庫【3538坪】,,神奈川県横浜市鶴見区末広町１丁目1-11,,,3.00,1.00,,,,58132.00,11695.87,3538,6601,2026/01/13,"2025/10/21 09:44","2026/03/02 14:27",先物(仲介),,久保田倉庫（有）,-,"=""0270-23-1057""",空有,・1-2階B区画,2300045
倉庫,R00176-025006,,,,空,アーカイブ(成約),無,34995000,,階,2024年08月,横浜市鶴見区末広町1丁目の貸倉庫【5332坪】,,神奈川県横浜市鶴見区末広町１丁目1-11,,,3.00,1.00,,,,58132.00,17626.45,5332,6564,2026/01/29,"2025/10/21 09:28","2026/03/02 14:27",先物(仲介),,久保田倉庫（有）,-,"=""0270-23-1057""",空有,・1-2階A区画,2300045
倉庫,R00176-024380,,,,空,アーカイブ(成約),無,111997050,,階,2024年08月,横浜市鶴見区末広町1丁目の貸倉庫【17045坪】,,神奈川県横浜市鶴見区末広町１丁目1-11,,,3.00,1.00,,,,58132.00,56347.11,17045,6571,2026/01/29,"2025/05/27 10:46","2026/03/02 14:27",先物(仲介),,久保田倉庫（有）,-,"=""0270-23-1057""",空有,,2300045
倉庫,R00176-023676,,,,空,アーカイブ(成約),無,577500,,階,1970年03月,小田原市桑原の貸倉庫【149坪】,,神奈川県小田原市桑原57,,,6.00,1.00,,,,,495.86,149.99,3851,2026/01/05,"2025/01/07 10:32","2026/03/02 14:12",先物(仲介),,イーソーコ株式会社,-,"=""03-5439-9401""",,"2025.11.28　流動的な為、区画は都度確認。区画貸し相談可能、最低150坪～。
■2025/10/02　オーナー使用しており、入居時期応相談
※所在階不明",2500861
倉庫,R00176-025218,,,,使用中,アーカイブ(成約),無,965800,,1階,1969年10月,綾瀬市大上1丁目の貸倉庫【219坪】,,神奈川県綾瀬市大上１丁目12-28,,,2897400,965800,,,1.00,1090.00,725.88,219.57,4399,2026/01/26,"2025/12/10 10:15","2026/03/01 14:16",先物(仲介),,有限会社三和建物管理,-,"=""046-257-7780""",空有,,2521104
貸地,R00176-024825,,,,更地,アーカイブ(成約),無,300000,,階,-,藤沢市遠藤の貸地【298坪】,,神奈川県藤沢市遠藤1545,,,,1.00,3.00,,,988.00,,298.87,1004,2026/01/28,"2025/09/09 11:30","2026/03/01 14:07",先物(仲介),,株式会社コスモジェーオーピー,-,"=""0466-45-5501""",,2025.11.14　短期相談不可,2520816
貸地,R00176-024789,,,,更地,アーカイブ(成約),無,330000,,階,-,横浜市旭区上川井町の貸地【250坪】,,神奈川県横浜市旭区上川井町1550,,,,2.00,3.00,,0.50,826.45,,250,1320,2026/01/29,"2025/09/02 10:20","2026/03/01 13:58",先物(仲介),,株式会社加瀬テナントサービス,-,"=""045-534-8232""",,・所在地：1550の一部,2410802
貸地,R00176-024710,,,,更地,アーカイブ(成約),無,495000,,階,-,相模原市中央区東淵野辺4丁目の貸地【346坪】,,神奈川県相模原市中央区東淵野辺４丁目2160-1,,,,2.00,3.00,,0.50,1145.00,,346.36,1430,2026/01/29,"2025/08/19 11:55","2026/03/01 13:57",先物(仲介),,株式会社加瀬テナントサービス,-,"=""045-534-8232""",,"・場所：グーグルマップでは、東淵野辺4丁目3-2（レクサス相模原）の左側
・枝番：2160-1の一部",2520203
工場,R00176-024628,,,,居住中,アーカイブ(成約),無,1848000,,階,1989年02月,横浜市港北区小机町の貸工場【239坪】,,神奈川県横浜市港北区小机町1718,,,,2.00,6.00,,1.00,1090.00,792.60,239.76,7708,2026/01/05,"2025/07/28 09:33","2026/02/28 17:18",先物(仲介),,株式会社石原興業,-,"=""045-541-4180""",空有,※マッチングのみ,2220036
貸地,R00176-025196,,,,更地,アーカイブ(成約),無,308000,,階,-,横浜市港北区新羽町の貸地【146坪】,,神奈川県横浜市港北区新羽町2611-1,,,,2.00,2.00,,1.00,484.00,,146.41,2104,2026/01/26,"2025/12/05 10:49","2026/02/28 17:17",先物(仲介),,株式会社石原興業,-,"=""045-541-4180""",,"※マッチングのみ
・場所：グーグルマップでは、新羽町2642-1（東横セティア）の道路挟んで北側",2230057
貸地,R00176-024919,,,,更地,アーカイブ(成約),無,352000,,階,-,横浜市港北区新羽町の貸地【189坪】,,神奈川県横浜市港北区新羽町3957-1,,,,2.00,2.00,,1.00,626.20,,189.42,1859,2026/01/26,"2025/10/06 10:03","2026/02/28 17:17",先物(仲介),,株式会社石原興業,-,"=""045-541-4180""",,※2025/10/6　広告NGのためマッチングのみ｜石原興産,2230057
貸地,R00176-024664,,,,,アーカイブ(成約),無,350000,,階,-,相模原市南区新磯野の貸地【299坪】,,神奈川県相模原市南区新磯野72,,,3.00,1.00,,,,991.00,,299.77,1168,2026/01/20,"2025/08/01 09:56","2026/02/28 17:05",先物(仲介),,※広告NG業者※アクシス不動産／（株）アクシス２１,-,"=""048-871-8731""",,"※2025/8/1　広告NGのためマッチング｜アクシス不動産
・所在地：新磯野72、2496-1",2520325
貸地,R00176-024663,,,,,アーカイブ(成約),無,350000,,階,-,相模原市南区新磯野の貸地【299坪】,,神奈川県相模原市南区新磯野89,,,3.00,1.00,,,,991.00,,299.77,1168,2026/01/20,"2025/08/01 09:49","2026/02/28 17:04",先物(仲介),,※広告NG業者※アクシス不動産／（株）アクシス２１,-,"=""048-871-8731""",,※2025/8/1　広告NGのためマッチングのみ｜アクシス不動産,2520325
貸地,R00176-024662,,,,,アーカイブ(成約),無,350000,,階,-,相模原市南区新磯野の貸地【299坪】,,神奈川県相模原市南区新磯野71,,,3.00,1.00,,,,991.00,,299.77,1168,2026/01/20,"2025/08/01 09:48","2026/02/28 17:04",先物(仲介),,※広告NG業者※アクシス不動産／（株）アクシス２１,-,"=""048-871-8731""",,※2025/8/1　広告NGのためマッチング｜アクシス不動産,2520325
倉庫,R00176-024923,,,,空,アーカイブ(成約),無,1320000,,階,1974年01月,厚木市及川の貸倉庫【258坪】,,神奈川県厚木市及川1161-1,,,,1.10,3.00,,,3315.94,853.24,258.1,5115,2026/02/28,"2025/10/07 09:32","2026/02/28 16:26",先物(仲介),,（株）アサヒ地建　,-,"=""046-220-4422""",,,2430212
貸地,R00176-024471,,,,その他,アーカイブ(成約),無,683100,,階,-,横浜市都筑区勝田町の貸地【270坪】,,神奈川県横浜市都筑区勝田町686-1,,,5.00,1.00,,1.00,1.00,893.19,,270.18,2529,2026/01/08,"2025/06/17 10:23","2026/02/28 16:23",先物(仲介),,（有）グッドウィル　,-,"=""045-943-1783""",,"2025.12.15　1番手あり、2番手受付中。
2025年9月9日
賃料は683,100円に値下がりしています。
資料の元付のｋ図面が値下げ前のの金額のままなのでご注意ください",2240034
倉庫,R00176-023028,,,,使用中,アーカイブ(成約),無,805948,,地下1階,2000年03月,千代田区外神田1丁目の貸倉庫【56坪】,,東京都千代田区外神田１丁目16-8,,,12.00,,,,,,186.32,56.36,14300,2024/09/25,"2024/08/20 15:03","2026/02/27 14:59",先物(仲介),,サンフロンティア不動産（株）リーシングマネジメント事業部,-,"=""03-5521-1410""",,・地下1階部分,1010021
倉庫,R00176-025276,,,,空,アーカイブ(成約),無,374000,,階,1991年03月,久喜市菖蒲町柴山枝郷の貸倉庫【118坪】,,埼玉県久喜市菖蒲町柴山枝郷,,,3.00,1.00,,,1.00,1149.70,392.20,118.64,3153,2026/02/27,"2026/01/07 10:19","2026/02/27 12:07",先物(仲介),,（株）スタイル・レゴ　テナント事業部,-,"=""043-420-8742""",空有,"※所在地要確認（おそらく枝番1500-9｜ https://maps.app.goo.gl/o9rs7SuhStciEaLC8 だと思われます）",3460112
店舗事務所(建物一括),R00176-023778,,,,空,アーカイブ(成約),無,440000,,階,1991年08月,八潮市大字木曽根の貸店舗・事務所【48坪】,,埼玉県八潮市大字木曽根1236,,,,1.00,6.00,,1.00,495.00,158.76,48.02,9162,2026/02/27,"2025/01/24 10:39","2026/02/27 11:59",先物(仲介),,株式会社ハル,-,"=""048-935-5551""",空有,2025.2.6　木工を切ったり、打ったりコンプレッサー音がある用途、相談可。,3400813
貸地,R00176-025341,,,,更地,アーカイブ(成約),無,498000,,階,-,さいたま市岩槻区大字馬込の貸地【829坪】,,埼玉県さいたま市岩槻区大字馬込959,,,3.00,2.00,,,1.00,2743.00,,829.75,601,2026/02/25,"2026/01/26 10:23","2026/02/25 17:42",先物(仲介),,有限会社丸益商事　岩槻支店,-,"=""048-797-8031""",,,3390077
貸地,R00176-025194,,,,更地,アーカイブ(成約),無,440000,,階,-,上尾市大字原市の貸地【1013坪】,,埼玉県上尾市大字原市3227,,,3.00,,,,1.00,3352.00,,1013.98,434,2026/02/25,"2025/12/05 10:03","2026/02/25 17:36",先物(仲介),,,-,"=""03-3923-4094""",,・Googleマップ：https://maps.app.goo.gl/CTsxfctQMynmG8uj8,3620021
工場,R00176-025270,,,,空,アーカイブ(成約),無,550000,,1階,1970年10月,八王子市川口町の貸工場【121坪】,,東京都八王子市川口町3754-2,,,3.00,1.00,,,1.00,,400.00,121,4546,2026/01/06,"2026/01/06 11:01","2026/02/25 16:56",先物(仲介),,ラクトホーム株式会社,-,"=""03-6715-7433""",,,1930801
倉庫,R00176-024813,,,,空,アーカイブ(成約),無,825000,,階,1987年04月,八王子市北野町の貸倉庫【200坪】,,東京都八王子市北野町517-18,,,,1.00,3.00,,1.00,,664.00,200.86,4108,2026/01/29,"2025/09/08 09:32","2026/02/25 16:50",先物(仲介),,（株）タープ不動産,-,"=""03-5844-6300""",空有,・1-M2階部分,1920906
工場,R00176-024018,,,,空,アーカイブ(成約),無,330000,,階,1970年10月,八王子市川口町の貸工場【49坪】,,東京都八王子市川口町3754-2,,,3.00,1.00,,,1.00,,165.00,49.91,6612,2026/01/16,"2025/03/11 10:36","2026/02/25 16:49",先物(仲介),,ラクトホーム株式会社,-,"=""03-6715-7433""",,一部貸主使用中。賃貸部分は向かって左側,1930801
倉庫,R00176-025269,,,,使用中,アーカイブ(成約),無,660000,,階,1989年10月,立川市西砂町2丁目の貸倉庫【98坪】,,東京都立川市西砂町２丁目56-8,24750,,4.00,1.00,,,,789.48,327.10,98.94,6671,2026/01/30,"2026/01/06 10:44","2026/02/25 15:46",先物(仲介),,株式会社シーアールイー　本社,-,"=""03-5572-6604""",空有,,1900034
店舗事務所(建物一括),R00176-025052,,,,空,アーカイブ(成約),無,1155000,,階,2007年12月,昭島市緑町5丁目の貸店舗・事務所【125坪】,,東京都昭島市緑町５丁目,,,3.00,1.00,,,1.00,552.92,414.34,125.33,9216,2026/01/14,"2025/10/27 11:21","2026/02/25 15:44",先物(仲介),,三基建設（株）,-,"=""03-5200-0999""",空有,・枝番：19-10,1960004
倉庫,R00176-023930,,,,使用中,アーカイブ(成約),無,3135400,,階,1981年10月,日野市新町5丁目の貸倉庫【570坪】,,東京都日野市新町５丁目4-17,,,4.00,1.00,,,,3188.47,1884.50,570.06,5501,2026/01/27,"2025/02/20 10:59","2026/02/25 15:40",先物(仲介),,（株）タープ不動産,-,"=""03-5844-6300""",空有,・第2物流棟,1910002
店舗(建物一括),R00176-024167,,,,空,アーカイブ(成約),無,2970000,,階,1997年08月,国立市中1丁目の貸店舗【178坪】,,東京都国立市中１丁目17-2,,,,2.00,10000000,,1.00,,589.00,178.17,16670,2026/01/27,"2025/04/14 11:13","2026/02/25 15:38",先物(仲介),,新宿不動産（株）,-,"=""03-6675-9014""",,,1860004
倉庫,R00176-025181,,,,空,アーカイブ(成約),無,1000000,,1階,1963年07月,足立区千住関屋町の貸倉庫【149坪】,,東京都足立区千住関屋町6-22,,,2.00,1.00,,,1.00,,495.86,149.99,6667,2026/01/08,"2025/12/02 10:53","2026/02/25 15:18",先物(仲介),,（有）山﨑ハウジング,-,"=""03-3882-2324""",無,,1200024
倉庫,R00176-025333,,,,空,アーカイブ(成約),無,498000,,1階,1975年04月,北区浮間5丁目の貸倉庫【62坪】,,東京都北区浮間５丁目10-1,,,,1.00,4.00,,1.00,,205.00,62.01,8031,2026/01/22,"2026/01/22 10:35","2026/02/25 15:09",先物(仲介),,株式会社豊徳,-,"=""03-3964-0861""",,,1150051
倉庫,R00176-025384,,,,空,保留,無,418000,,1階,1989年01月,新宿区赤城下町の貸倉庫【36坪】,,東京都新宿区赤城下町51,,,3.00,2.00,,,1.00,,121.88,36.86,11338,2026/02/25,"2026/02/05 11:38","2026/02/25 10:54",先物(仲介),,株式会社　クロストン,-,"=""03-3235-5556""",無,"※2026/2/5　住所確認要のため公開保留中（マイソク/レインズは西五軒町6-10）
※2026/2/25　新宿区赤城下町51で登録、賃料変更38万円→41.8万円
・1階部分
・場所：新宿区赤城下町53 高地ビル※レインズ画像",1620803
倉庫,R00176-025285,,,,空,アーカイブ(成約),無,550000,,1階,1974年02月,川口市青木5丁目の貸倉庫【84坪】,,埼玉県川口市青木５丁目12-11,,,3.00,1.00,,1.00,1.50,371.02,277.96,84.08,6542,2026/02/24,"2026/01/09 09:26","2026/02/24 16:48",先物(仲介),,ウェアハウス工業（株）,-,"=""048-262-0544""",空有,2026年1月9日　車関係の業種は不可(整備工場、ラッピング等),3320031
貸地,R00176-025136,,,,更地,アーカイブ(成約),無,755700,,階,-,所沢市大字南永井の貸地【780坪】,,埼玉県所沢市大字南永井750-2,,,3.00,1.00,,,1.00,2579.00,,780.14,969,2026/02/24,"2025/11/18 09:45","2026/02/24 16:42",先物(仲介),,（株）イーストワン,-,"=""04-2937-6064""",,"【所在地】埼玉県所沢市大字南永井750-2、750-1、750-4
　　　　　埼玉県所沢市大字坂之下1083-4、1083-5、1083-8",3590011
倉庫,R00176-024396,,,,空,アーカイブ(成約),無,6771355,,5階,2025年03月,八千代市大和田新田の貸倉庫【1333坪】,,千葉県八千代市大和田新田686-3,,,3.00,1.00,,,,67427.00,4407.00,1333.11,5080,2026/02/24,"2025/05/29 10:54","2026/02/24 16:30",先物(仲介),,久保田倉庫（有）,-,"=""0270-23-1057""",,・5階D区画,2760046
倉庫,R00176-024395,,,,空,アーカイブ(成約),無,144640043,,階,2025年03月,八千代市大和田新田の貸倉庫【28016坪】,,千葉県八千代市大和田新田686-3,,,3.00,1.00,,,,67427.00,92617.00,28016.64,5163,2026/02/24,"2025/05/29 10:54","2026/02/24 16:29",先物(仲介),,久保田倉庫（有）,-,"=""0270-23-1057""",,,2760046
倉庫,R00176-025015,,,,空,アーカイブ(成約),無,9240000,,階,2022年12月,白井市中の貸倉庫【2000坪】,,千葉県白井市中,,440000,3.00,1.00,,,1.00,,6611.58,2000,4620,2026/02/24,"2025/10/21 10:58","2026/02/24 16:23",先物(仲介),,ゼクス株式会社,-,"=""047-468-8685""",空有,"・枝番：402-3
※所在階・区画不明（要確認）",2701406
倉庫,R00176-025186,,,,空,アーカイブ(成約),無,600000,,1階,1976年02月,千葉市中央区都町2丁目の貸倉庫【136坪】,,千葉県千葉市中央区都町２丁目12-2,,,6.00,,,,,697.27,450.00,136.12,4408,2026/02/24,"2025/12/04 10:15","2026/02/24 16:12",先物(仲介),,ひらいホールディングス（株）　ひらい不動産,-,"=""0436-62-6262""",空有,"※2025/12/4　広告確認中のためマッチングのみ｜ひらいホールディングス(株)ひらい不動産

2026/01/26　飯田さん契約",2600001
倉庫,R00176-024546,,,,空,アーカイブ(成約),無,6840000,,階,1981年12月,船橋市西浦2丁目の貸倉庫【1381坪】,,千葉県船橋市西浦２丁目8-6,,,,1.00,6.00,,,,4567.98,1381.81,4951,2026/02/24,"2025/07/02 10:25","2026/02/24 16:09",先物(仲介),,イーソーコ株式会社,-,"=""03-5439-9401""",空有,,2730017
倉庫,R00176-025192,,,,空,アーカイブ(成約),無,1100000,,階,1980年01月,浦安市北栄4丁目の貸倉庫【213坪】,,千葉県浦安市北栄４丁目7-3,,,6.00,2.00,,,1.50,,704.76,213.18,5160,2026/02/24,"2025/12/04 11:30","2026/02/24 15:52",先物(仲介),,センチュリー２１東和ハウジング,-,"=""047-395-6636""",空有,※2025/12/4　広告確認中のためマッチングのみ｜(株)東和ハウジング,2790002
倉庫,R00176-024838,,,,空,アーカイブ(成約),無,2090000,,2階,-,習志野市東習志野6丁目の貸倉庫【499坪】,,千葉県習志野市東習志野６丁目18-3,,,2.00,1.00,,,1.00,,1652.00,499.73,4183,2026/02/24,"2025/09/11 11:06","2026/02/24 15:38",先物(仲介),,（株）オアシスコーポレーション,高橋：070-6455-7766,"=""047-383-1410""",,"・2階部分（半分）
※2025/9/11　広告確認中のためマッチングのみ｜(株)オアシスコーポレーション",2750001
倉庫,R00176-025109,,,,空,アーカイブ(成約),無,3597000,,階,2016年03月,習志野市東習志野6丁目の貸倉庫【726坪】,,千葉県習志野市東習志野６丁目18-9,,,6.00,,,,,,2402.18,726.65,4951,2026/02/24,"2025/11/11 11:00","2026/02/24 15:34",先物(仲介),,（株）タープ不動産,-,"=""03-5844-6300""",,・B区画2-4,2750001
倉庫,R00176-025299,,,,使用中,アーカイブ(成約),無,1449624,,1階,2022年02月,八潮市大字大曽根の貸倉庫【219坪】,,埼玉県八潮市大字大曽根698,,,,1449624,5271360,,,586.03,726.11,219.64,6600,2026/02/24,"2026/01/15 09:13","2026/02/24 14:54",先物(仲介),,株式会社拓洋,-,"=""048-995-4147""",,,3400834
貸地,R00176-025164,,,,更地,アーカイブ(成約),無,975000,,階,-,千葉市稲毛区長沼原町の貸地【1209坪】,,千葉県千葉市稲毛区長沼原町415-1,,,1.00,1.10,,,,3997.00,,1209.09,807,2026/02/24,"2025/11/26 11:31","2026/02/24 14:36",先物(仲介),,有限会社大日総業,-,"=""043-259-6284""",,・場所：グーグルマップでは、長沼原町419-1（サンクリーンサービス）道路挟んで東側あたり,2630001
貸地,R00176-024537,,,,更地,アーカイブ(成約),無,300000,,階,-,船橋市小野田町の貸地【443坪】,,千葉県船橋市小野田町1408-1,,,,1.00,4.00,,1.00,1465.00,,443.16,677,2026/02/24,"2025/07/01 11:28","2026/02/24 14:21",先物(仲介),,（株）仙秋不動産鑑定,-,"=""03-3646-4901""",,※2025/7/1　広告NGのためマッチングのみ｜(株)仙秋不動産鑑定,2740081
貸地,R00176-024406,,,,その他,アーカイブ(成約),無,1232000,,階,-,松戸市紙敷の貸地【748坪】,,千葉県松戸市紙敷96,,,5.00,5.00,,,1.00,2475.00,,748.68,1646,2026/02/24,"2025/06/02 10:54","2026/02/24 14:16",先物(仲介),,（株）ファーストスターコーポレーション,-,"=""047-333-0038""",,※場所は正確ではありません。確認お願いします。,2702221
貸地,R00176-023270,,,,更地,アーカイブ(成約),無,572000,,階,-,船橋市高根町の貸地【647坪】,,千葉県船橋市高根町1734,,,3.00,1.00,,,1.00,2141.00,,647.65,884,2026/02/24,"2024/10/08 11:11","2026/02/24 13:54",先物(仲介),,（有）パルホームサービス,-,"=""047-402-3571""",,"2025.6.2　24時間利用相談可。
2025.1.30　インフラ何もなし。最短2中旬～3月頭くらいで使用相談可能。
2024.11.19　引渡し状態、砂利。入口一か所。
※2025/2/25 賃料572,000",2740817
貸地,R00176-025436,,,,その他,保留,無,759000,,階,-,横浜市港北区新吉田町の貸地【461坪】,,神奈川県横浜市港北区新吉田町4497-1,,,3.00,1.00,,1.00,1.00,1525.08,,461.33,1646,2026/02/16,"2026/02/16 12:57","2026/02/24 12:56",先物(仲介),,（株）コタニ興業,-,"=""045-593-3721""",,"※2026/2/24　募集中（再開目途は不明）｜元付：（株）コタニ興業／045-593-3721
googleマップ：https://maps.app.goo.gl/3fm3EhEtwtQHNDCK6",2230056
倉庫,R00176-025472,,,,空,公開可,無,2875271,,階,2009年07月,江東区新木場3丁目の貸倉庫【416坪】,,東京都江東区新木場３丁目5-6,,,2.00,1.00,,,,3790.00,1377.10,416.57,6903,2026/07/13,"2026/02/24 11:43","2026/02/24 12:42",先物(仲介),,久保田倉庫（有）,-,"=""0270-23-1057""",,※所在階不明です。確認お願いします。,1360082
倉庫,R00176-025466,,,,築後未入居,公開可,無,5458910,,1階,2025年03月,八千代市大和田新田の貸倉庫【1063坪】,,千葉県八千代市大和田新田686-3,,,3.00,1.00,,,,67427.70,3514.05,1063,5136,2026/06/15,"2026/02/24 10:13","2026/02/24 11:04",先物(仲介),,久保田倉庫（有）,-,"=""0270-23-1057""",,・1階A区画,2760046
工場,R00176-025116,,,,空,アーカイブ(成約),無,495000,,階,1965年10月,八潮市大字大瀬の貸工場【140坪】,,埼玉県八潮市大字大瀬399-1,,,2.00,1.00,,,1.00,,463.63,140.24,3530,2026/02/20,"2025/11/12 11:36","2026/02/20 16:28",先物(仲介),,株式会社石田住宅,-,"=""048-997-4448""",空有,,3400822
倉庫,R00176-024845,,,,空,アーカイブ(成約),無,330000,,階,1992年06月,羽生市大字尾崎の貸倉庫【121坪】,,埼玉県羽生市大字尾崎331,,,2.00,2.00,,,,998.00,400.00,121,2728,2026/02/20,"2025/09/16 09:49","2026/02/20 15:58",先物(仲介),,有限会社谷島商事,-,"=""048-563-1177""",空有,2025.9.22　トイレ無し,3480062
工場,R00176-025175,,,,空,アーカイブ(成約),無,385000,,1階,1981年09月,大田区南六郷3丁目の貸工場【27坪】,,東京都大田区南六郷３丁目16-26,,,,1.00,10.00,,1.10,,91.50,27.67,13910,2026/01/08,"2025/12/01 10:27","2026/02/20 14:53",先物(仲介),,有限会社　日経パティオ,-,"=""03-3742-0111""",,・1階部分,1440045
工場,R00176-025113,,,,空,アーカイブ(成約),無,2200000,,1階,1971年12月,大田区東糀谷5丁目の貸工場【243坪】,,東京都大田区東糀谷５丁目12-7,,,,1.00,6.00,,1.00,,805.20,243.57,9033,2025/12/24,"2025/11/11 11:55","2026/02/20 14:48",先物(仲介),,株式会社都市企画,-,"=""03-3744-2220""",,・1008,1440033
倉庫,R00176-024985,,,,空,アーカイブ(成約),無,629200,,5階,1994年06月,大田区東海4丁目の貸倉庫【87坪】,,東京都大田区東海４丁目2-8,,,,1.00,6.00,,,,290.90,87.99,7151,2026/01/05,"2025/10/16 10:04","2026/02/20 14:46",先物(仲介),,イーソーコ株式会社,-,"=""03-5439-9401""",,・5階部分,1430001
倉庫,R00176-025233,,,,使用中,アーカイブ(成約),無,1278200,,階,1983年03月,大田区京浜島2丁目の貸倉庫【166坪】,,東京都大田区京浜島２丁目4-15,,,3.00,1.00,,,1.00,,548.77,166,7700,2026/01/27,"2025/12/12 11:36","2026/02/20 14:43",先物(仲介),,■株式会社イワキプランニング,-,"=""03-3858-1234""",,,1430003
店舗(建物一部),R00176-024526,,,,空,アーカイブ(成約),無,880000,,階,1977年01月,大田区大森東3丁目の貸店舗【65坪】,,東京都大田区大森東３丁目1-21,,,4.00,1.00,,,,,216.88,65.6,13414,2025/12/24,"2025/06/30 10:48","2026/02/20 14:42",先物(仲介),,（株）ＪＳＫ,-,"=""03-5755-3310""",,・1-2階部分,1430012
店舗事務所(建物一部),R00176-025150,,,,空,アーカイブ(成約),無,1000000,,1階,1988年03月,千葉市稲毛区作草部2丁目の貸店舗・事務所【112坪】,,千葉県千葉市稲毛区作草部２丁目9-16,,,3.00,1.00,,,1.10,,371.27,112.3,8904,2026/02/20,"2025/11/21 10:24","2026/02/20 14:40",先物(仲介),,日東不動産（株）,-,"=""043-246-4321""",空有,※2025/11/21　広告確認中のためマッチングのみ｜日東不動産（株）,2630015
工場,R00176-025096,,,,空,アーカイブ(成約),無,330000,,階,1965年04月,千葉市若葉区野呂町の貸工場【115坪】,,千葉県千葉市若葉区野呂町276-1,,,2.00,1.00,,,1.00,,381.42,115.37,2861,2026/02/20,"2025/11/07 10:16","2026/02/20 14:31",先物(仲介),,（株）ファクトリンク,-,"=""045-717-8842""",空有,,2650053
倉庫,R00176-024988,,,,居住中,アーカイブ(成約),無,308000,,階,1995年03月,千葉市花見川区千種町の貸倉庫【74坪】,,千葉県千葉市花見川区千種町346-2,,,4.00,1.00,,,,236.27,244.90,74.08,4158,2026/02/20,"2025/10/17 09:19","2026/02/20 14:26",先物(仲介),,株式会社シーアールイー　本社,-,"=""03-5572-6604""",,,2620012
倉庫,R00176-024358,,,,空,アーカイブ(成約),無,300000,,階,1972年01月,流山市平和台4丁目の貸倉庫【75坪】,,千葉県流山市平和台４丁目70-1,,,,1.00,10.00,,,956.56,250.00,75.62,3967,2026/02/20,"2025/05/22 10:49","2026/02/20 14:05",先物(仲介),,笹原産業(株)柏支店,-,"=""04-7148-6444""",,・1区画貸し,2700157
店舗事務所(建物一括),R00176-024349,,,,空,アーカイブ(成約),無,1892000,,階,1991年10月,目黒区中町1丁目の貸店舗・事務所【113坪】,,東京都目黒区中町１丁目8-11,,,,,3.00,,1.00,,376.05,113.75,16633,2025/12/24,"2025/05/20 12:01","2026/02/20 13:23",先物(仲介),,店舗情報館(株)総合店舗開発,-,"=""045-326-2736""",,読み方はルレーブ目黒中町,1530065
倉庫,R00176-024500,,,,空,アーカイブ(成約),無,550000,,階,1996年10月,目黒区原町2丁目の貸倉庫【53坪】,,東京都目黒区原町２丁目13-2,,,,1.00,6.00,,,,178.42,53.97,10191,2025/12/24,"2025/06/23 10:56","2026/02/20 13:22",先物(仲介),,(株)ハシモト,-,"=""03-3712-6281""",空有,・1-2階部分,1520011
倉庫,R00176-024364,,,,空,アーカイブ(成約),無,13499133,,階,2009年07月,江東区新木場3丁目の貸倉庫【2250坪】,,東京都江東区新木場３丁目5-6,,,2.00,1.00,,,,,7438.16,2250.04,6000,2026/01/14,"2025/05/22 12:58","2026/02/20 12:56",先物(仲介),,久保田倉庫（有）,-,"=""0270-23-1057""",,,1360082
工場,R00176-025032,,,,空,アーカイブ(成約),無,418000,,階,1998年01月,墨田区東墨田1丁目の貸工場【46坪】,,東京都墨田区東墨田１丁目11-12,,,5.00,1.00,,3.00,1.50,,152.28,46.06,9075,2025/12/24,"2025/10/23 09:40","2026/02/20 12:45",先物(仲介),,阿部不動産,-,"=""03-3619-3330""",空有,・D号棟,1310042
工場,R00176-025207,,,,空,アーカイブ(成約),無,450000,,階,1981年11月,墨田区亀沢2丁目の貸工場【35坪】,,東京都墨田区亀沢２丁目11-1,,,,1.00,5.00,,1.00,,116.20,35.15,12803,2026/01/26,"2025/12/08 10:49","2026/02/20 12:41",先物(仲介),,ピタットハウス浅草駒形店　フォーラム・ネットワーク（株）,-,"=""03-5827-4491""",,,1300014
貸地,R00176-025298,,,,更地,アーカイブ(成約),無,330000,,階,-,八王子市加住町1丁目の貸地【244坪】,,東京都八王子市加住町１丁目154,9900,,3.00,1.00,,,,809.55,,244.88,1348,2026/01/14,"2026/01/14 11:36","2026/02/20 12:04",先物(仲介),,（株）アンキャトル８,-,"=""042-696-3371""",,,1920004
事務所(建物一括),R00176-023454,,,,空,アーカイブ(成約),無,385000,,階,1994年04月,川越市大字上寺山の貸事務所【58坪】,,埼玉県川越市大字上寺山158-3,,,,1.00,4.00,,,,194.59,58.86,6541,2026/02/19,"2024/11/14 11:04","2026/02/19 15:42",先物(仲介),,三光建設株式会社,-,"=""049-231-3411""",空有,"2026/2/19　契約予定　二番手不可
■2025/9/9　裏にある倉庫も使用可能",3500826
倉庫,R00176-025033,,,,空,アーカイブ(成約),無,550000,,階,-,朝霞市大字浜崎の貸倉庫【100坪】,,埼玉県朝霞市大字浜崎390-25,,,3.00,2.00,,,,907.50,331.00,100.12,5493,2026/02/19,"2025/10/23 09:40","2026/02/19 15:22",先物(仲介),,石川不動産　,-,"=""048-456-0355""",,"【所在地】朝霞市大字浜崎390-25、390-26

2026/01/13　物確→申込有。2番手不可",3510033
倉庫,R00176-025259,,,,使用中,アーカイブ(成約),無,862100,,1階,-,柏市十余二の貸倉庫【233坪】,,千葉県柏市十余二337-509,,,6.00,1.00,,,,,771.57,233.39,3694,2026/02/19,"2025/12/25 10:02","2026/02/19 14:35",先物(仲介),,（株）ナカノ商会,木村：080-1169-5459,"=""03-5667-8877""",,"※2025/12/25　ネット広告可物件（レインズ）｜(株)ナカノ商会

2026/01/22　物確→1件申込有、2　番手可",2770872
倉庫,R00176-023401,,,,空,アーカイブ(成約),無,2874960,,2階,2006年03月,千葉市美浜区新港の貸倉庫【435坪】,,千葉県千葉市美浜区新港135,,143748,4.00,1.00,,,,,1440.00,435.6,6601,2026/01/05,"2024/11/05 10:58","2026/02/19 10:18",先物(仲介),,イーソーコ株式会社,-,"=""03-5439-9401""",,・2階部分,2610002
倉庫,R00176-025087,,,,空,アーカイブ(成約),無,330000,,1階,2025年11月,野田市岩名2丁目の貸倉庫【45坪】,,千葉県野田市岩名２丁目29-13,,,,1.00,3.00,,1.00,255.04,150.70,45.58,7239,2026/02/18,"2025/11/05 10:50","2026/02/18 16:45",先物(仲介),,清水住宅（株）,-,"=""04-7125-6957""",,,2780055
工場,R00176-025279,,,,空,アーカイブ(成約),無,715000,,階,1979年01月,川口市江戸1丁目の貸工場【99坪】,,埼玉県川口市江戸１丁目9-4,,,3.00,1.00,,,1.00,441.84,328.31,99.31,7200,2026/02/17,"2026/01/07 11:03","2026/02/17 17:57",先物(仲介),,株式会社タカハシ,-,"=""048-297-3003""",,,3340074
工場,R00176-024896,,,,空,アーカイブ(成約),無,880000,,階,1974年12月,飯能市大字岩沢の貸工場【296坪】,,埼玉県飯能市大字岩沢266-1,,,4.00,1.00,,1.00,,955.37,979.60,296.32,2970,2026/02/17,"2025/09/26 09:53","2026/02/17 17:53",先物(仲介),,株式会社コジョソコ,-,"=""045-530-9890""",空有,,3570023
工場,R00176-024922,,,,空,アーカイブ(成約),無,473000,,階,1989年02月,草加市瀬崎５丁目の貸工場【69坪】,,埼玉県草加市瀬崎５丁目1119-8,,,4.00,1.00,,,,183.65,230.45,69.71,6786,2026/02/17,"2025/10/07 09:30","2026/02/17 17:50",先物(仲介),,共同流通株式会社,-,"=""049-247-4311""",近有,,3400022
倉庫,R00176-025059,,,,空,アーカイブ(成約),無,440000,,階,1970年08月,北足立郡伊奈町大字小室の貸倉庫【68坪】,,埼玉県北足立郡伊奈町大字小室4403-1,,,4.00,1.00,,,,416.00,224.07,67.78,6492,2026/02/17,"2025/10/28 10:28","2026/02/17 17:49",先物(仲介),,共同流通株式会社,-,"=""049-247-4311""",空有,,3620806
貸地,R00176-024937,,,,更地,アーカイブ(成約),無,550000,,階,-,さいたま市岩槻区大字岩槻の貸地【929坪】,,埼玉県さいたま市岩槻区大字岩槻615,,,3.00,1.00,,,,3073.00,,929.58,592,2026/02/17,"2025/10/08 10:23","2026/02/17 17:48",先物(仲介),,株式会社アクシス２１,-,"=""048-871-8731""",,【所在地】さいたま市岩槻区大字岩槻615　他2筆,3390061
貸地,R00176-024915,,,,更地,アーカイブ(成約),無,600000,,階,-,さいたま市岩槻区大字慈恩寺の貸地【779坪】,,埼玉県さいたま市岩槻区大字慈恩寺970-1,,,3.00,1.00,,,,2576.00,,779.24,770,2026/02/17,"2025/10/02 11:22","2026/02/17 17:46",先物(仲介),,株式会社アクシス２１,-,"=""048-871-8731""",,"・所在地・地番：慈恩寺970-1 他8筆
※2025/10/2　広告NGのためマッチングのみ｜アクシス不動産",3390009
工場,R00176-024987,,,,空,アーカイブ(成約),無,550000,,階,1942年01月,戸田市美女木北3丁目の貸工場【69坪】,,埼玉県戸田市美女木北３丁目1-6,,,4.00,2.00,,,,429.79,226.80,68.6,8017,2026/02/17,"2025/10/16 11:25","2026/02/17 17:46",先物(仲介),,■三光物産株式会社,-,"=""049-226-3535""",空有,,3350038
工場,R00176-024870,,,,空,アーカイブ(成約),無,418000,,階,1996年01月,狭山市広瀬台2丁目の貸工場【80坪】,,埼玉県狭山市広瀬台２丁目10-10,,,4.00,2.00,,,1.00,354.12,264.72,80.07,5220,2026/02/17,"2025/09/22 11:02","2026/02/17 17:45",先物(仲介),,■三光物産株式会社,-,"=""049-226-3535""",空有,2026/1/16申込有、契約予定,3501328
倉庫,R00176-024729,,,,空,アーカイブ(成約),無,600000,,階,1979年07月,川越市大字石田の貸倉庫【92坪】,,埼玉県川越市大字石田70-1,,,4.00,2.00,,,,500.00,304.82,92.2,6508,2026/02/17,"2025/08/20 11:42","2026/02/17 17:45",先物(仲介),,■三光物産株式会社,-,"=""049-226-3535""",空有,,3500837
倉庫,R00176-024829,,,,使用中,アーカイブ(成約),無,2242746,,階,1991年01月,八潮市緑町1丁目の貸倉庫【453坪】,,埼玉県八潮市緑町１丁目3-24,,,,1.00,4.00,,,1309.66,1497.80,453.08,4950,2026/02/16,"2025/09/10 09:58","2026/02/16 16:31",先物(仲介),,株式会社拓洋,-,"=""048-995-4147""",空有,2025/10/9　元付業者をタープ不動産から拓洋に変更,3400808
倉庫,R00176-024944,,,,空,アーカイブ(成約),無,300000,,階,1963年11月,墨田区吾妻橋2丁目の貸倉庫【32坪】,,東京都墨田区吾妻橋２丁目3-6,,,4.00,2.00,,,,69.98,107.43,32.49,9232,2026/02/16,"2025/10/08 13:50","2026/02/16 15:02",先物(仲介),,（有）米屋不動産,-,"=""03-3626-2626""",,※2026/2/16　申込あり。2番手募集無し。,1300001
店舗事務所(建物一括),R00176-025321,,,,空,アーカイブ(成約),無,583000,,階,1985年03月,富士見市西みずほ台3丁目の貸店舗・事務所【66坪】,,埼玉県富士見市西みずほ台３丁目,,,3.00,1.00,,,1.00,,218.70,66.15,8813,2026/02/16,"2026/01/20 11:24","2026/02/16 14:44",先物(仲介),,（有）住いるプラザ　,-,"=""049-252-5511""",空有,・Googleマップ枝番：3-14,3540018
倉庫,R00176-024880,,,,空,アーカイブ(成約),無,330000,,階,1990年01月,鶴ヶ島市大字脚折の貸倉庫【53坪】,,埼玉県鶴ヶ島市大字脚折1491-1,,,3.00,1.00,,,1.00,436.94,177.00,53.54,6164,2026/02/16,"2025/09/24 11:03","2026/02/16 14:44",先物(仲介),,(有)マイスター・コーポレーション,-,"=""049-280-5070""",空有,※2025/9/24　レインズ広告可物件｜(有)マイスター・コーポレーション,3502213
倉庫,R00176-025332,,,,空,アーカイブ(成約),無,2200000,,階,1980年10月,川口市坂下町1丁目の貸倉庫【355坪】,,埼玉県川口市坂下町１丁目6-1,,,,1.00,6.00,,,609.52,1173.56,355,6198,2026/02/16,"2026/01/22 10:33","2026/02/16 14:30",先物(仲介),,（株）タープ不動産,-,"=""03-5844-6300""",空有,,3340003
店舗事務所(建物一部),R00176-024281,,,,,アーカイブ(成約),無,96000,,階,1977年01月,狭山市中央３丁目の貸店舗【18坪】,,埼玉県狭山市中央３丁目8-2,3000,,,,,,,,59.62,18.03,5323,2026/02/16,"2025/05/08 11:54","2026/02/16 14:18",自社,一般媒介,株式会社センチュリーダイソー,小林,"=""03-6441-2258""",無,"■2026/1/16　成約済み：小林さん確認
■2025/5/8　一般媒介物件｜担当：小林さん",3501308
倉庫,R00176-025311,,,,使用中,アーカイブ(成約),無,440000,,階,1991年11月,比企郡川島町大字伊草の貸倉庫【159坪】,,埼玉県比企郡川島町大字伊草262-3,,,,1.00,,,1.00,495.58,528.41,159.84,2753,2026/02/13,"2026/01/19 11:39","2026/02/13 16:49",先物(仲介),,（株）アクセス＆プロパティーズ,-,"=""048-658-4800""",空有,※業者物確NGです（レインズ掲載中は紹介可）｜(株)アクセス＆プロパティーズ,3500158
貸地,R00176-025253,,,,,アーカイブ(成約),無,3270400,,階,-,上尾市大字小敷谷の貸地【4672坪】,,埼玉県上尾市大字小敷谷529-1,98112,,2.00,1.00,,,1.00,15446.00,,4672.41,700,2026/02/13,"2025/12/24 09:54","2026/02/13 16:23",先物(仲介),,※広告NG業者※アクシス不動産／（株）アクシス２１,-,"=""048-871-8731""",,"※マッチングのみ
・住所：大字小敷谷529-1、530-1　他6筆",3620064
貸地,R00176-024569,,,,更地,アーカイブ(成約),無,715000,,階,-,狭山市大字下広瀬の貸地【796坪】,,埼玉県狭山市大字下広瀬773-1,,,,1.00,4.00,,1.00,2634.00,,796.78,898,2026/02/13,"2025/07/08 12:23","2026/02/13 16:15",先物(仲介),,株式会社イコム,-,"=""048-799-3200""",,,3501322
貸地,R00176-024566,,,,更地,アーカイブ(成約),無,385000,,階,-,比企郡川島町大字上狢の貸地【517坪】,,埼玉県比企郡川島町大字上狢387-1,,,,1.00,4.00,,1.00,1712.00,,517.88,744,2026/02/13,"2025/07/08 10:20","2026/02/13 16:14",先物(仲介),,株式会社イコム,-,"=""048-799-3200""",,【所在地】埼玉県比企郡川島町大字上狢387-1、他,3500136
倉庫,R00176-023997,,,,,アーカイブ(成約),無,20231590,,階,2025年03月,習志野市茜浜3丁目の貸倉庫【4199坪】,,千葉県習志野市茜浜３丁目34-1,,1302143,6.00,1.00,,,,20809.47,13882.01,4199.3,4818,2026/02/13,"2025/03/06 10:32","2026/02/13 10:36",先物(仲介),,株式会社拓洋,-,"=""048-995-4147""",空有,・西側,2750024
倉庫,R00176-024128,,,,築後未入居,アーカイブ(成約),無,20069021,,階,2025年02月,習志野市茜浜3丁目の貸倉庫【4154坪】,,千葉県習志野市茜浜３丁目34-1,,1288871,6.00,1.00,,,,20809.47,13732.56,4154.09,4832,2026/02/13,"2025/04/04 10:30","2026/02/13 10:35",先物(仲介),,株式会社拓洋,-,"=""048-995-4147""",空有,・東側,2750024
倉庫,R00176-025287,,,,空,アーカイブ(成約),無,1760000,,1階,1972年10月,柏市藤ケ谷の貸倉庫【349坪】,,千葉県柏市藤ケ谷1787-24,,,,1.00,6.00,,1.00,2048.13,1157.00,349.99,5029,2026/02/13,"2026/01/09 10:01","2026/02/13 10:08",先物(仲介),,グローバルエステート（株）,-,"=""03-5876-4382""",空有,"・A、B、C
※2026/1/9　at-home転載可物件｜グローバルエステート(株)",2770931
倉庫,R00176-025268,,,,空,アーカイブ(成約),無,495000,,1階,1972年10月,柏市藤ケ谷の貸倉庫【86坪】,,千葉県柏市藤ケ谷1787-24,,,,1.00,6.00,,1.00,2048.13,287.10,86.84,5700,2026/02/13,"2026/01/06 10:35","2026/02/13 10:06",先物(仲介),,グローバルエステート（株）,-,"=""03-5876-4382""",空有,"・A
※2025/12/25　at-home転載可物件｜グローバルエステート(株)",2770931
店舗事務所(建物一括),R00176-025132,,,,空,アーカイブ(成約),無,385000,,1階,2003年09月,川越市大字的場の貸店舗・事務所【48坪】,,埼玉県川越市大字的場243-7,,,4.00,2.00,,,1.00,611.10,159.40,48.21,7985,2026/02/12,"2025/11/17 09:48","2026/02/12 17:25",先物(仲介),,■三光物産株式会社,-,"=""049-226-3535""",空有,,3501101
倉庫,R00176-024258,,,,空,アーカイブ(成約),無,462000,,階,1976年01月,比企郡小川町大字青山の貸倉庫【453坪】,,埼玉県比企郡小川町大字青山364-2,,,2.00,,,,1.00,6658.79,1500.00,453.75,1019,2025/08/20,"2025/05/01 09:45","2026/02/12 17:15",先物(仲介),,高成商事（株）,-,"=""048-767-4458""",空有,,3550324
倉庫,R00176-025022,,,,使用中,アーカイブ(成約),無,444400,,階,1968年02月,千葉市稲毛区園生町の貸倉庫【106坪】,,千葉県千葉市稲毛区園生町393-1,,,4.00,1.00,,,,3106.67,351.14,106.21,4184,2026/02/12,"2025/10/21 11:54","2026/02/12 14:32",先物(仲介),,株式会社シーアールイ―,-,"=""03-5572-6604""",,・A棟倉庫・C棟事務所1階部分,2630051
工場,R00176-025330,,,,空,アーカイブ(成約),無,352000,,1階,1974年09月,横浜市港北区綱島東4丁目の貸工場【31坪】,,神奈川県横浜市港北区綱島東４丁目10-15,,,,3.00,3.00,,1.00,,105.78,31.99,11001,2026/01/22,"2026/01/22 09:36","2026/02/09 10:05",先物(仲介),,株式会社見村鉄骨グループ,-,"=""044-588-5231""",空有,,2230052
店舗事務所(建物一括),R00176-024805,,,,空,アーカイブ(成約),無,380000,,階,2006年09月,柏市大島田の貸店舗・事務所【85坪】,,千葉県柏市大島田541-1,,,2.00,2.00,,,1.00,,281.00,85,4471,2026/01/29,"2025/09/03 10:49","2026/02/06 16:00",先物(仲介),,（株）南柏リビング,-,"=""04-7197-5880""",空有,2026/01/29　物確→契約予定,2770922
貸地,R00176-025391,,,,,保留,無,473000,,階,-,越谷市谷中町3丁目の貸地【358坪】,,埼玉県越谷市谷中町３丁目131-1,,,,1.10,3.00,,1.50,1183.67,,358.06,1322,2026/02/06,"2026/02/06 10:01","2026/02/06 10:52",先物(仲介),,有限会社丸富開発,-,"=""048-966-4554""",,"※2026/2/6　レインズから消えているため、公開保留します
・枝番：131-1他",3430856
倉庫,R00176-024986,,,,,アーカイブ(成約),無,495000,,1階,1984年02月,江東区木場3丁目の貸倉庫【37坪】,,東京都江東区木場３丁目14-11,,,2.00,1.00,,,1.00,,124.40,37.63,13155,2025/11/06,"2025/10/16 10:36","2026/02/05 17:39",先物(仲介),,（株）Ｌｌｕｖｉａ,-,"=""03-6264-4455""",空有,"2025/11/06　1件お申込み有り
・103号室",1350042
店舗事務所(建物一部),R00176-023381,,,,空,アーカイブ(成約),無,710413,,1階,1964年11月,港区六本木2丁目の貸店舗・事務所【37坪】,,東京都港区六本木２丁目2-6,83578,,,,4.00,,1.00,,125.59,37.99,18700,2026/01/28,"2024/10/29 12:15","2026/02/05 15:04",先物(仲介),,株式会社サンライズ,-,"=""03-3356-1101""",空有,,1060032
事務所(建物一括),R00176-024351,,,,空,アーカイブ(成約),無,800000,,階,1988年09月,品川区大井6丁目の貸事務所【49坪】,,東京都品川区大井６丁目19-9,,,6.00,1.00,,,1.00,,164.26,49.68,16101,2026/01/20,"2025/05/20 13:12","2026/02/05 15:02",先物(仲介),,ＹＩＫＹＯ（株）,-,"=""03-5962-3866""",空有,"・2025/10/22　マイソク広告可物件｜YIKYO（株）
2026/01/20　物確→2件申込有。",1400014
倉庫,R00176-024176,,,,空,アーカイブ(成約),無,2970000,,階,1978年10月,足立区西新井7丁目の貸倉庫【567坪】,,東京都足立区西新井７丁目2-4,,,,2.00,5.00,,1.00,916.00,1876.09,567.51,5234,2026/02/02,"2025/04/15 11:24","2026/02/05 11:19",先物(仲介),,（株）タープ不動産,-,"=""03-5844-6300""",空有,2025.5.26　天井高各階2.7M,1230841
工場,R00176-024742,,,,空,アーカイブ(成約),無,323100,,階,1958年01月,江戸川区東小松川３丁目の貸工場【36坪】,,東京都江戸川区東小松川３丁目9-14,,,2.00,2.00,,,1.00,,118.70,35.9,8999,2025/11/27,"2025/08/22 11:17","2026/02/04 10:38",先物(仲介),,有限会社　大倉住宅,-,"=""03-5605-5551""",空有,"・区画貸し
2025年11月27日　A宮本さんより成約済連絡",1320033
倉庫,R00176-023856,,,,空,保留,無,3000000,,階,1984年12月,府中市白糸台3丁目の貸倉庫【316坪】,,東京都府中市白糸台３丁目39-1,,,3.00,1.00,,1.00,1.00,1345.00,1046.00,316.41,9482,2026/01/08,"2025/02/06 13:01","2026/02/04 09:41",先物(仲介),,,-,"=""芦川：070-1437-3974""",,"・B棟
※2026/2/4　物確→貸し止めとなっており、募集再開時期は秋頃を予定
　　　　　　  元付：コリアーズ・インターナショナル・ジャパン（株）
　　　　　　　　　  担当：芦川様｜070-1437-3974",1830011
倉庫,R00176-025373,,,,空,保留,無,375000,,階,1978年06月,足立区入谷9丁目の貸倉庫【59坪】,,東京都足立区入谷９丁目17-3,,,1.00,1.00,,,1.00,,196.56,59.45,6307,2026/02/03,"2026/02/03 10:49","2026/02/03 11:30",先物(仲介),,京北開発(株),-,"=""03-3899-1278""",,"※2026/2/3　掲載が落とされているので公開保留
・1-2階部分",1210836
貸地,R00176-024879,,,,更地,アーカイブ(成約),無,600000,,階,-,三郷市彦倉の貸地【604坪】,,埼玉県三郷市彦倉845-1,,,2.00,2.00,,,1.50,1996.00,,603.79,994,2025/10/20,"2025/09/24 10:56","2026/02/03 09:45",先物(仲介),,（株）ハウストゥエンティーワン,-,"=""048-958-6611""",,"2025.10.20　星にて申込中
2025.12.26　星さん契約",3410053
貸地,R00176-025234,,,,更地,アーカイブ(成約),無,1100000,,階,-,府中市南町6丁目の貸地【322坪】,,東京都府中市南町６丁目62,,,1.00,1.00,,,1.00,1066.00,,322.46,3412,2026/02/02,"2025/12/12 11:52","2026/02/02 17:38",先物(仲介),,株式会社　ビー・エス・ビー,-,"=""03-5798-4958""",,"・A号地
・場所：グーグルマップでは、南町6丁目60-3（特養老人ホームわたしの家府中）の北側
※2025/12/12　広告確認中のためマッチングのみ｜(株)ビー・エス・ビー
",1830026
倉庫,R00176-024795,,,,空,保留,無,1250000,,階,1978年08月,三郷市戸ケ崎2丁目の貸倉庫【180坪】,,埼玉県三郷市戸ケ崎２丁目316-1,,,,1.00,4.00,,1.00,802.99,597.27,180.67,6919,2026/02/02,"2025/09/02 11:13","2026/02/02 17:07",先物(仲介),,株式会社エルネット,-,"=""047-711-3305""",空有,"2025/10/10　解体工事中　終了後賃料1250,000円になる予定
※面積：マイソク⇒倉庫390.89㎡+事務所棟227.81㎡＝618.7㎡
　　　　レインズ⇒597.27㎡
　　　　※レインズに合わせて入力しています
・所在地：戸ヶ崎２丁目316-1、316-2",3410044
貸地,R00176-024101,,,,更地,アーカイブ(成約),無,370000,,階,-,横浜市瀬谷区南瀬谷1丁目の貸地【272坪】,,神奈川県横浜市瀬谷区南瀬谷１丁目91-4,,,,1.00,5.00,,1.00,900.00,,272.25,1360,2026/01/13,"2025/03/28 10:13","2026/02/02 16:47",先物(仲介),,（株）八朗平,-,"=""042-796-2333""",,"2025.7.28　中古車販売?。オーナー様が他の貸地で指導が入った為。
2026/01/22　大山さん契約",2460034
工場,R00176-025072,,,,空,アーカイブ(成約),無,330000,,階,1986年03月,入間市宮寺の貸工場【84坪】,,埼玉県入間市宮寺2864-1,,,300000,,,,,,277.20,83.85,3936,2026/02/02,"2025/10/31 09:35","2026/02/02 11:25",先物(仲介),,清水住宅産業株式会社,-,"=""04-2963-1512""",無,・A区画,3580014
倉庫,R00176-025143,,,,空,アーカイブ(成約),無,858000,,階,1988年01月,埼玉第54倉庫【186坪】,サイ,埼玉県桶川市大字加納118-3,,,4.00,1.00,,,1.00,700.80,616.89,186.6,4598,2026/01/29,"2025/11/19 12:13","2026/02/02 11:21",自社,代理,株式会社センチュリーダイソー,祷,"=""048-290-0776""",空有,"埼玉第54倉庫｜サブリース物件｜担当：祷
・2026/02/02　入金あり　成約済
・2025/12/23　エンド向け募集開始
【所在地】埼玉県桶川市大字加納118-3、118-4",3630001
倉庫,R00176-025317,,,,使用中,アーカイブ(成約),無,594000,,1階,2009年09月,川崎市幸区小倉5丁目の貸倉庫【70坪】,,神奈川県川崎市幸区小倉５丁目29-30,5000,,,1.00,3.00,,,,234.68,70.99,8368,2026/02/02,"2026/01/20 10:17","2026/02/02 10:49",先物(仲介),,株式会社加瀬テナントサービス,-,"=""045-534-8232""",空有,,2120054
店舗事務所(建物一括),R00176-024836,,,,空,アーカイブ(成約),無,330000,,階,1987年04月,台東区台東4丁目の貸店舗・事務所【31坪】,,東京都台東区台東４丁目18-11,,,,,4.00,,1.00,,105.78,31.99,10313,2026/02/02,"2025/09/11 10:48","2026/02/02 09:25",先物(仲介),,株式会社　上野不動産　本社,-,"=""03-3833-6011""",無,・2-3階部分,1100016
倉庫,R00176-025139,,,,使用中,アーカイブ(成約),無,1003200,,階,1992年01月,松戸市八ケ崎2丁目の貸倉庫【170坪】,,千葉県松戸市八ケ崎２丁目39,,,3.00,1.00,,,1.00,,563.84,170.56,5882,2026/01/30,"2025/11/18 10:55","2026/01/30 16:17",先物(仲介),,（株）山一ハウス,-,"=""047-362-0021""",空有,・天高：元付では把握していないため不明（2.5ｍ以上ではある）,2700023
店舗(建物一括),R00176-024373,,,,空,アーカイブ(成約),無,1870000,,階,2016年03月,千葉市美浜区幕張西2丁目の貸店舗【99坪】,,千葉県千葉市美浜区幕張西２丁目1-9,,,,1.00,1000000,,1.00,,330.00,99.82,18733,2026/01/30,"2025/05/26 10:08","2026/01/30 16:15",先物(仲介),,（株）ネットオンネット,-,"=""03-5962-5586""",空有,2025.９.8　一時利用のお客様の車は停めれるが、従業員や中古車販売等で常駐する車は24時間利用で1台づつ借りなければダメ。,2610026
貸地,R00176-024449,,,,その他,アーカイブ(成約),無,868000,,階,-,所沢市北中1丁目の貸地【1447坪】,,埼玉県所沢市北中１丁目255-1,,,3.00,1.00,,,,4784.55,,1447.32,600,2026/01/30,"2025/06/11 10:35","2026/01/30 16:03",先物(仲介),,三澤建設（株）不動産事業部,-,"=""049-263-5225""",,,3591101
倉庫,R00176-024869,,,,空,アーカイブ(成約),無,385000,,階,2014年03月,柏市藤ケ谷の貸倉庫【50坪】,,千葉県柏市藤ケ谷1173-1,,,2.00,1.00,,,1.00,680.00,165.00,49.91,7714,2026/01/30,"2025/09/22 10:14","2026/01/30 15:46",先物(仲介),,有限会社共進住宅,-,"=""04-7173-1971""",,"・B区画募集
※2025/9/22　広告確認中のためマッチングのみ｜(有)共進住宅",2770931
店舗(建物一部),R00176-024947,,,,空,アーカイブ(成約),無,440000,,階,1993年02月,柏市塚崎の貸店舗【119坪】,,千葉県柏市塚崎1313-1,,33000,6.00,1.00,,,1.00,455.92,395.80,119.72,3675,2026/01/30,"2025/10/09 09:52","2026/01/30 15:44",先物(仲介),,（有）新家,-,"=""04-7108-0028""",空有,・1-2階部分,2770923
工場,R00176-024926,,,,居住中,アーカイブ(成約),無,660000,,階,1981年01月,我孫子市つくし野7丁目の貸工場【60坪】,,千葉県我孫子市つくし野７丁目3-7,,,6.00,1.00,,,,350.00,199.00,60.19,10964,2026/01/30,"2025/10/07 10:23","2026/01/30 15:42",先物(仲介),,グローバルエステート（株）,チョウ：070-4518-1999,"=""03-4446-4428""",空有,,2701164
貸地,R00176-024611,,,,更地,公開可,無,500000,,階,-,千葉市若葉区御殿町の貸地【2545坪】,,千葉県千葉市若葉区御殿町2494-1,,,2.00,1.00,,,1.00,8415.49,,2545.68,197,2026/07/27,"2025/07/23 09:44","2026/01/30 15:41",先物(仲介),,（有）住まいるハウス　,-,"=""043-483-6001""",,・所在地：御殿町2494-1他2筆,2650074
貸地,R00176-024480,,,,更地,アーカイブ(成約),無,395000,,階,-,野田市木間ケ瀬の貸地【575坪】,,千葉県野田市木間ケ瀬612-1,,,3.00,1.00,,,1.00,1903.00,,575.65,687,2026/01/30,"2025/06/17 11:55","2026/01/30 15:39",先物(仲介),,（株）糸川不動産,-,"=""04-7127-2833""",,・住所：木間ケ瀬612-1、612-6,2700222
貸地,R00176-024368,,,,更地,公開可,無,400000,,階,-,船橋市金杉町の貸地【392坪】,,千葉県船橋市金杉町143-1,,,,1.00,4.00,,1.00,1298.00,,392.64,1019,2026/06/24,"2025/05/23 10:22","2026/01/30 15:37",先物(仲介),,スターリンク（株）,-,"=""047-420-0111""",,物件担当：オカダ様,2730854
倉庫,R00176-024981,,,,空,アーカイブ(成約),無,1254000,,階,2025年06月,八街市滝台の貸倉庫【300坪】,,千葉県八街市滝台1386-1,,,3.00,1.00,,1.00,,,991.73,299.99,4181,2026/01/30,"2025/10/15 11:39","2026/01/30 15:25",先物(仲介),,株式会社ASSORT※広告NG業者,-,"=""0467-81-7744""",空有,"※2025/12/8　掲載NG業者へ元付変更になったためマッチングのみ｜(株)ASSORT
マイソク住所：千葉県?街市滝台 1386-1、1386-2、1395-1
Googleマップ：https://maps.app.goo.gl/tk9Y8T6gAWcBURUf6
　　　　　　（有限会社千葉シマダ運輸／千葉中部流通協同組合敷地内）
※参考?https://www.chiba-shimada.co.jp/2025/03/28/hello-world/
",2891123
倉庫,R00176-023970,,,,空,アーカイブ(成約),無,1350800,,階,1995年07月,船橋市葛飾町2丁目の貸倉庫【153坪】,,千葉県船橋市葛飾町２丁目422,41800,,4.00,1.00,,1.00,,506.11,507.43,153.49,8801,2026/01/30,"2025/02/28 13:56","2026/01/30 14:50",先物(仲介),,株式会社シーアールイー　本社,-,"=""03-5572-6604""",空有,,2730032
倉庫,R00176-024774,,,,空,アーカイブ(成約),無,550000,,階,2007年03月,野田市東宝珠花の貸倉庫【202坪】,,千葉県野田市東宝珠花536-3,,,2.00,1.00,,,1.00,1300.00,667.20,201.82,2726,2026/01/30,"2025/08/29 11:19","2026/01/30 14:42",先物(仲介),,有限会社ホンダハウス,-,"=""04-7198-3199""",,,2700226
店舗事務所(建物一部),R00176-023149,,,,築後未入居,アーカイブ(成約),無,992200,,1階,2024年11月,川口市東川口4丁目の貸店舗・事務所【60坪】,,埼玉県川口市東川口４丁目25-5,,66000,,2.00,6.00,,1.10,,198.63,60.08,16514,2026/01/30,"2024/09/12 11:38","2026/01/30 14:42",先物(仲介),,（株）ヴェセル東西,-,"=""03-3981-9595""",空有,"■ブルーオーシャンテラス　AB区画
2025/9/30　外国籍不可・スケルトン渡し・駐車場の台数は相談の上
2024/9/11　広告可物件（元付直で許可取得済：大森さん）｜(株)ヴェセル東西",3330801
店舗事務所(建物一部),R00176-023147,,,,築後未入居,アーカイブ(成約),無,482900,,1階,2024年11月,川口市東川口4丁目の貸店舗・事務所【29坪】,,埼玉県川口市東川口４丁目25-5,,33000,,2.00,6.00,,1.10,,96.70,29.25,16509,2026/01/30,"2024/09/12 11:38","2026/01/30 14:41",先物(仲介),,（株）ヴェセル東西,-,"=""03-3981-9595""",空有,"■ブルーオーシャンテラス　A区画
2025/9/30　外国籍不可・スケルトン渡し・駐車場の台数は相談の上
2024/9/11　広告可物件（元付直で許可取得済：大森さん）｜(株)ヴェセル東西",3330801
倉庫,R00176-025128,,,,空,アーカイブ(成約),無,847000,,1階,1989年12月,柏市名戸ケ谷の貸倉庫【175坪】,,千葉県柏市名戸ケ谷1162-4,,,10.00,2.00,,,1.00,2787.00,580.00,175.45,4828,2026/01/30,"2025/11/14 10:36","2026/01/30 14:40",先物(仲介),,グローバルエステート（株）,-,"=""03-5876-4382""",空有,"・A倉庫
※賃料、面積等要確認（入力は備考を参照してます）",2770032
倉庫,R00176-024927,,,,築後未入居,アーカイブ(成約),無,2670000,,階,2025年07月,日高市大字旭ケ丘の貸倉庫【566坪】,,埼玉県日高市大字旭ケ丘660,,,6.00,1.00,,,,5966.75,1872.00,566.28,4715,2026/01/30,"2025/10/07 10:30","2026/01/30 14:38",先物(仲介),,株式会社カネカ,-,"=""04-2928-9909""",,,3501203
倉庫,R00176-024725,,,,空,アーカイブ(成約),無,330000,,階,2014年07月,千葉市中央区問屋町の貸倉庫【48坪】,,千葉県千葉市中央区問屋町6-17,,,6.00,1.00,,1.00,,,159.86,48.35,6825,2026/01/30,"2025/08/20 09:36","2026/01/30 14:24",先物(仲介),,(有)大昌産業,-,"=""043-225-3531""",空有,,2600025
倉庫,R00176-025063,,,,空,アーカイブ(成約),無,550000,,階,1991年01月,松戸市旭町2丁目の貸倉庫【116坪】,,千葉県松戸市旭町２丁目440-1,,,2.00,2.00,,,,,384.02,116.16,4735,2026/01/30,"2025/10/29 09:43","2026/01/30 14:17",先物(仲介),,(株)中川不動産,-,"=""047-443-7211""",空有,"2025.10.30　コンテナは恐らく入る。シャッターがない倉庫。テナント造作相談可。
・中国籍の方は保証会社加入で相談可。

※2025/10/29　広告確認中のためマッチングのみ｜(株)中川不動産",2710043
倉庫,R00176-024476,,,,空,アーカイブ(成約),無,330000,,階,1993年06月,松戸市高塚新田の貸倉庫【59坪】,,千葉県松戸市高塚新田43-3,,,3.00,1.00,,,1.00,,197.49,59.74,5524,2026/01/30,"2025/06/17 11:19","2026/01/30 14:15",先物(仲介),,弘栄開発（株）,-,"=""047-391-7325""",空有,"2025.9.1　4ｔ搬入可(物確時の確認)

※2025/6/17　広告確認中のためマッチングのみ｜弘栄開発（株）",2702222
倉庫,R00176-024584,,,,空,アーカイブ(成約),無,990000,,階,1964年09月,北葛飾郡松伏町大字松伏の貸倉庫【274】,,埼玉県北葛飾郡松伏町大字松伏2839,,,3.00,1.00,,,1.00,1287.00,906.99,274.36,3609,2026/01/30,"2025/07/14 10:50","2026/01/30 14:09",先物(仲介),,大栄住宅株式会社,-,"=""048-991-2000""",空有,,3430111
倉庫,R00176-023941,,,,使用中,アーカイブ(成約),無,395000,,階,1986年01月,上尾市大字壱丁目の貸倉庫【69坪】,,埼玉県上尾市大字壱丁目49-13,,,2.00,2.00,,,1.00,,230.17,69.62,5674,2026/01/30,"2025/02/25 10:10","2026/01/30 14:03",先物(仲介),,（有）ラビットホーム,-,"=""048-780-6780""",空有,"壱丁目倉庫1号棟
※2025/2/21時点　1階部分床塗装予定、2階室内リフォーム中",3620046
倉庫,R00176-024977,,,,使用中,アーカイブ(成約),無,2200500,,階,1987年01月,川崎市川崎区東扇島の貸倉庫【364坪】,,神奈川県川崎市川崎区東扇島18-2,80018,0,3.00,2.00,,,,,1202.37,363.71,6051,2025/12/17,"2025/10/15 10:52","2026/01/30 14:03",先物(仲介),,合同会社彩虹舎,-,"=""03-6810-8728""",,,2100869
倉庫,R00176-024223,,,,使用中,アーカイブ(成約),無,880000,,階,1995年09月,千葉市中央区都町6丁目の貸倉庫【133坪】,,千葉県千葉市中央区都町６丁目21-1,,,4.00,880000,,,1.00,792.99,440.95,133.38,6598,2026/01/30,"2025/04/22 12:01","2026/01/30 14:00",先物(仲介),,丸一土地建物(株),-,"=""043-224-6561""",空有,,2600001
倉庫,R00176-024371,,,,空,アーカイブ(成約),無,440000,,階,1988年01月,川崎市幸区南加瀬５丁目の貸倉庫【38坪】,,神奈川県川崎市幸区南加瀬５丁目1-6,,,,1.00,4.00,,1.00,,126.14,38.15,11532,2025/12/05,"2025/05/23 13:05","2026/01/30 13:59",自社,一般媒介,株式会社センチュリーダイソー,星,"=""03-6441-2258""",空有,"■2025/8/26　建物面積変更　56.19㎡⇒126.14㎡
※R00176-021115の駐車場面積違い（半分）
■2025/5/23　一般媒介物件（担当：星）",2120055
倉庫,R00176-025050,,,,使用中,アーカイブ(成約),無,3945374,,階,1991年05月,船橋市西浦2丁目の貸倉庫【747坪】,,千葉県船橋市西浦２丁目8-4,,,,3945374,21520224,,,2644.00,2470.17,747.22,5281,2026/01/30,"2025/10/27 10:48","2026/01/30 13:55",先物(仲介),,株式会社拓洋,-,"=""048-995-4147""",,・倉庫1-3階、事務所1-2階（一部）,2730017
店舗(建物一部),R00176-023679,,,,空,アーカイブ(成約),無,440000,,1階,1985年02月,市川市湊新田1丁目の貸店舗【39坪】,,千葉県市川市湊新田１丁目3-15,,,2000000,1.00,,,1.50,,132.00,39.93,11020,2026/01/30,"2025/01/07 11:09","2026/01/30 13:42",先物(仲介),,（株）ふらっとゲート,-,"=""03-6661-3080""",,※2025/1/6　広告確認中のためマッチングのみ｜(株)ふらっとゲート,2720132
貸地,R00176-025163,,,,更地,アーカイブ(成約),無,480000,,階,-,相模原市緑区上九沢の貸地【299坪】,,神奈川県相模原市緑区上九沢384-7,,,2.00,,,,1.00,991.00,,299.77,1602,2025/12/19,"2025/11/26 11:12","2026/01/30 13:00",先物(仲介),,（有）システムブレイン,-,"=""042-748-3245""",,※2025/11/26　広告確認中のためマッチングのみ｜(有)システムブレイン,2520136
工場,R00176-024340,,,,居住中,アーカイブ(成約),無,1045000,,階,1982年08月,横浜市金沢区福浦1丁目の貸工場【67坪】,,神奈川県横浜市金沢区福浦１丁目3-31,,,2.00,1.00,,,,,223.28,67.54,15472,2026/02/25,"2025/05/20 09:43","2026/01/30 09:55",先物(仲介),,三菱地所リアルエステートサービス（株）横浜支店,-,"=""045-224-1181""",,・連棟式の一部,2360004
貸地,R00176-024246,,,,更地,アーカイブ(成約),無,2200000,,階,-,四街道市鹿放ケ丘の貸地【3024坪】,,千葉県四街道市鹿放ケ丘270,,,1.00,1.00,,,1.00,9998.00,,3024.39,728,2026/01/29,"2025/04/28 10:53","2026/01/29 18:17",先物(仲介),,有限会社大日総業,-,"=""043-259-6284""",,"・場所：グーグルマップでは、鹿放ケ丘284（法成寺運輸 千葉営業所）の南側",2840008
倉庫,R00176-025137,,,,空,アーカイブ(成約),無,440000,,1階,1997年09月,加須市大桑2丁目の貸倉庫【146坪】,,埼玉県加須市大桑２丁目13,,,,1.00,3.00,,,,485.29,146.8,2998,2026/01/29,"2025/11/18 10:08","2026/01/29 18:00",先物(仲介),,（株）ライフデザイン武蔵野,-,"=""050-3134-5833""",,※2025/11/18　広告確認中のためマッチングのみ￥｜(株)ライフデザイン武蔵野,3470010
倉庫,R00176-024273,,,,空,アーカイブ(成約),無,1694000,,階,1997年07月,川口市東領家5丁目の貸倉庫【339坪】,,埼玉県川口市東領家５丁目18-9,,,,1.00,4.00,,1.00,,1120.79,339.03,4997,2026/01/29,"2025/05/08 10:27","2026/01/29 17:50",先物(仲介),,株式会社豊徳,-,"=""03-3964-0861""",無,,3320003
貸地,R00176-024507,,,,更地,アーカイブ(成約),無,400000,,階,-,柏市酒井根の貸地【559坪】,,千葉県柏市酒井根767-1,,,3.00,1.00,,,1.00,1850.00,,559.62,715,2026/01/29,"2025/06/24 10:28","2026/01/29 17:45",先物(仲介),,（株）南柏リビング,-,"=""04-7197-5880""",,"2025.6.30　インフラ：電気、前テナントが使用していたので引けば使える。水道ナシ。プレハブ相談可。

・Googleマップ：https://maps.app.goo.gl/uSKQvtJwZDSo3Ecj：",2770053
倉庫,R00176-024861,,,,空,アーカイブ(成約),無,,,階,-,川口市東領家4丁目の貸倉庫【222坪】,,埼玉県川口市東領家４丁目6-5,,,,1.00,4.00,,,1236.54,737.00,222.94,,2025/11/28,"2025/09/19 09:38","2026/01/29 17:39",先物(仲介),,（株）トラスト　,-,"=""03-5832-9959""",,"川口1号倉庫
今野様　(TEL：080-6602-6065)",3320003
貸地,R00176-024799,,,,更地,アーカイブ(成約),無,500000,,階,-,千葉市中央区星久喜町の貸地【357坪】,,千葉県千葉市中央区星久喜町570-1,,,,1.00,3.00,,1.00,1182.29,,357.64,1399,2026/01/29,"2025/09/02 15:25","2026/01/29 17:32",先物(仲介),,株式会社ＨｅａｒｔＹ,-,"=""0436-63-5343""",,,2600808
倉庫,R00176-024946,,,,空,アーカイブ(成約),無,1164240,,階,1990年01月,越谷市大字増林の貸倉庫【294坪】,,埼玉県越谷市大字増林4215-1,,,3.00,1.00,,,,1894.21,971.90,293.99,3961,2026/01/29,"2025/10/09 09:46","2026/01/29 17:17",先物(仲介),,瀧田倉庫産業株式会社,-,"=""048-964-0828""",空有,"20251118　申込入る予定
・2025/10/9　at-home転載可物件｜瀧?倉庫産業（株）",3430011
貸地,R00176-024486,,,,更地,アーカイブ(成約),無,440000,,階,-,柏市名戸ケ谷の貸地【464坪】,,千葉県柏市名戸ケ谷929-3,,,,1.00,4.00,,1.00,1537.00,,464.94,947,2026/01/29,"2025/06/19 10:09","2026/01/29 17:15",先物(仲介),,株式会社イコム,-,"=""048-799-3200""",,・枝番：929-3、他,2770032
貸地,R00176-024999,,,,更地,アーカイブ(成約),無,300000,,階,-,千葉市花見川区内山町の貸地【519坪】,,千葉県千葉市花見川区内山町45,,,5.00,1.00,,,1.00,1715.98,,519.08,578,2026/01/29,"2025/10/20 10:46","2026/01/29 17:04",先物(仲介),,株式会社栄ハウジング,-,"=""043-257-8991""",,"・⑦-1
・所在地：内山町45の一部",2620002
貸地,R00176-024991,,,,更地,アーカイブ(成約),無,500000,,階,-,松戸市大橋の貸地【485坪】,,千葉県松戸市大橋112-1,,,,1.00,6.00,,1.05,1603.39,,485.02,1031,2026/01/29,"2025/10/17 10:49","2026/01/29 16:57",先物(仲介),,株式会社　丸井住宅,-,"=""047-392-5576""",,,2702224
倉庫,R00176-023879,,,,空,アーカイブ(成約),無,352000,,1階,1985年09月,横浜市港北区新羽町の貸倉庫【40坪】,,神奈川県横浜市港北区新羽町695-3,,,,2.00,4.00,,1.00,178.56,133.65,40.42,8707,2025/12/18,"2025/02/12 10:15","2026/01/29 16:55",先物(仲介),,株式会社石原興業,-,"=""045-541-4180""",空有,"・1階部分
※2025/2/12　広告NG業者のためマッチングのみ｜石原興業",2230057
倉庫,R00176-025176,,,,居住中,アーカイブ(成約),無,4180000,,階,1991年03月,横浜市都筑区東方町の貸倉庫【475坪】,,神奈川県横浜市都筑区東方町362-1,,,,2.00,4.00,,1.00,1206.60,1571.09,475.25,8796,2025/12/16,"2025/12/02 09:25","2026/01/29 16:54",先物(仲介),,株式会社石原興業,-,"=""045-541-4180""",,※マッチングのみ,2240045
店舗事務所(建物一部),R00176-023675,,,,空,アーカイブ(成約),無,440000,,1階,2003年11月,川口市本町2丁目の貸店舗・事務所【40坪】,,埼玉県川口市本町２丁目10-18,,7920,,1.00,6.00,,1.00,,132.56,40.09,10973,2026/01/29,"2025/01/07 10:21","2026/01/29 16:45",先物(仲介),,生和コーポレーション（株）不動産部　テナント課,平林,"=""03-6811-0464""",空有,,3320012
貸地,R00176-024323,,,,更地,アーカイブ(成約),無,884400,,階,-,横浜市青葉区奈良町の貸地【402坪】,,神奈川県横浜市青葉区奈良町2330,,,6.00,2.00,,1.00,1.10,1331.00,,402.62,2197,2025/12/24,"2025/05/15 11:18","2026/01/29 16:25",先物(仲介),,（株）コタニ興業,-,"=""045-593-3721""",,・地番：2330他,2270036
倉庫,R00176-024648,,,,居住中,アーカイブ(成約),無,1531200,,階,1975年05月,厚木市戸田の貸倉庫【289坪】,,神奈川県厚木市戸田2235-3,,,4.00,1.00,,,,1520.66,958.67,289.99,5281,2025/12/24,"2025/07/30 09:40","2026/01/29 16:21",先物(仲介),,株式会社シーアールイー　本社,-,"=""03-5572-6604""",,,2430023
貸地,R00176-023833,,,,更地,アーカイブ(成約),無,850000,,階,-,船橋市小室町の貸地【1059坪】,,千葉県船橋市小室町2457-1,,,,1.00,4.00,,1.00,3504.00,,1059.96,802,2026/01/29,"2025/02/04 11:17","2026/01/29 14:42",先物(仲介),,スターリンク（株）,-,"=""047-420-0111""",,"2025.2.28　プレハブ設置、テナント様の責任の下であれば相談可。

※2025/2/4　広告確認中のためマッチングのみ｜スターリンク（株）",2701471
倉庫,R00176-025144,,,,空,アーカイブ(成約),無,825000,,階,1991年11月,朝霞市田島1丁目の貸倉庫【123坪】,,埼玉県朝霞市田島１丁目17-3,,,6.00,1.00,,,,263.88,409.20,123.78,6665,2026/01/28,"2025/11/20 09:26","2026/01/28 18:04",先物(仲介),,ジーエルアールインベストメント株式会社,-,"=""03-5797-7822""",空有,,3510032
工場,R00176-024953,,,,空,アーカイブ(成約),無,473000,,階,1993年08月,入間郡三芳町大字上富の貸工場【213坪】,,埼玉県入間郡三芳町大字上富460-10,,,3.00,1.00,,1.00,1.00,,703.62,212.84,2223,2026/01/28,"2025/10/10 09:41","2026/01/28 17:58",先物(仲介),,株式会社コジョソコ,-,"=""045-530-9890""",無,,3540045
倉庫,R00176-023010,,,,空,アーカイブ(成約),無,220000,,1階,1992年06月,所沢市大字山口の貸倉庫【55坪】,,埼玉県所沢市大字山口2891-7,5500,,,1.00,5.00,,1.00,,184.57,55.83,3941,2026/01/28,"2024/08/20 10:24","2026/01/28 17:57",先物(仲介),,合同会社ｔｅａｍ　ｓｕｐｐｏｒｔ,-,"=""042-454-2870""",空有,,3591145
倉庫,R00176-025227,,,,使用中,アーカイブ(成約),無,1375000,,1階,-,川崎市川崎区塩浜2丁目の貸倉庫【125坪】,,神奈川県川崎市川崎区塩浜２丁目23-4,,,3.00,2.00,,,1.00,,413.23,125,11000,2026/01/20,"2025/12/12 09:52","2026/01/28 17:27",先物(仲介),,（株）天野屋倉庫,-,"=""045-501-0058""",,"※マッチングのみ
※築年月不明",2100826
工場,R00176-024587,,,,空,アーカイブ(成約),無,640000,,階,1977年04月,茅ヶ崎市矢畑の貸工場【92坪】,,神奈川県茅ヶ崎市矢畑995,,,2.00,1.00,,,0.50,,298.96,90.43,7077,2026/01/28,"2025/07/15 10:08","2026/01/28 17:12",先物(仲介),,株式会社米澤設計,-,"=""045-681-7811""",空有,"■3階②
・2025/7/15　324.29㎡→298.96㎡へ面積変更して再募集をat-homeにて確認
　　　　　　　（以前掲載依頼のあった物件のため、マッチングのみにしています）
・2024/8　成約済
■R00176-022004、022005、022006、022007は同一物件（元付に写真が無いため、外観写真撮りをお願いします）
■2024/2/26　業者様掲載依頼物件（掲載内容については大和にて対応）｜仲介可※米澤設計様へ通常通り直接お問い合わせしていただいてOKです！
　《依頼元》株式会社米澤設計　担当：折田様
　　　　　　横浜市中区長者町3-8-13TK関内プラザ6F
　　　　　　TEL：045-681-7811　FAX：045-681-7887
　　　　　　メール：yonezawa@architect-eizo.co.jp
　　　　　　受付時間：9：00～17：30（定休日:土日祝）",2530085
倉庫,R00176-025226,,,,空,アーカイブ(成約),無,1980000,,1階,1970年03月,川崎市高津区新作5丁目の貸倉庫【199坪】,,神奈川県川崎市高津区新作５丁目4-34,,,6.00,1.00,,,,,658.50,199.19,9940,2026/01/19,"2025/12/12 09:42","2026/01/28 17:00",先物(仲介),,寺田倉庫株式会社,-,"=""03-5479-1616""",,※2025/12/12　at-home転載可物件｜寺?倉庫株式会社?不動産部,2130014
倉庫,R00176-025081,,,,使用中,アーカイブ(成約),無,16506500,,2階,1987年01月,川崎市川崎区東扇島の貸倉庫【2723坪】,,神奈川県川崎市川崎区東扇島18-2,600239,,3.00,2.00,,,,,9003.58,2723.58,6061,2026/01/28,"2025/11/05 09:33","2026/01/28 16:55",先物(仲介),,合同会社彩虹舎,-,"=""03-6810-8728""",,・202、203、204、205、206、207、208、209、211（一部）,2100869
工場,R00176-025162,,,,空,アーカイブ(成約),無,605000,,階,2004年08月,海老名市本郷の貸工場【63坪】,,神奈川県海老名市本郷2348-3,,,3.00,1.00,,,1.00,,210.94,63.8,9482,2026/01/28,"2025/11/26 10:56","2026/01/28 16:18",先物(仲介),,,-,"=""046-268-1157""",空有,,2430417
店舗事務所(建物一括),R00176-025168,,,,使用中,アーカイブ(成約),無,660000,,階,1978年08月,相模原市中央区富士見3丁目の貸店舗・事務所【60坪】,,神奈川県相模原市中央区富士見３丁目16-4,,,,1.00,6.00,,1.00,,198.74,60.11,10979,2026/01/28,"2025/11/27 09:57","2026/01/28 16:10",先物(仲介),,（株）トラストプロパティ,-,"=""03-3527-1667""",空有,※2025/11/27　レインズ広告可物件｜(株)トラストプロパティ,2520236
倉庫,R00176-024077,,,,空,アーカイブ(成約),無,440000,,階,1969年01月,平塚市中原3丁目の貸倉庫【109坪】,,神奈川県平塚市中原３丁目3-33,,,,1.00,3.00,,,641.00,363.00,109.8,4008,2026/01/28,"2025/03/24 10:43","2026/01/28 15:57",先物(仲介),,（有）プロジェクト１,-,"=""0463-33-4477""",空有,,2540075
貸地,R00176-025221,,,,古家付,アーカイブ(成約),無,348700,,階,-,横浜市旭区西川島町の貸地【317坪】,,神奈川県横浜市旭区西川島町36,,,5.00,1.00,,,0.25,1050.00,,317.62,1098,2026/01/28,"2025/12/10 10:45","2026/01/28 15:40",先物(仲介),,オグラ商事（株）,-,"=""045-370-4466""",,※2025/12/10　広告確認中のためマッチングのみ｜オグラ商事（株）,2410012
倉庫,R00176-024949,,,,空,アーカイブ(成約),無,341000,,1階,1984年08月,新宿区戸塚町1丁目の貸倉庫【19坪】,,東京都新宿区戸塚町１丁目100-7,11000,,6.00,1.00,,1.00,1.00,,64.11,19.39,17584,2025/12/24,"2025/10/09 10:24","2026/01/28 14:47",先物(仲介),,（有）グッドウィル　,-,"=""045-943-1783""",,・1階部分,1690071
貸地,R00176-024790,,,,更地,アーカイブ(成約),無,300000,,階,-,横浜市都筑区東方町の貸地【89坪】,,神奈川県横浜市都筑区東方町1314,,,3.00,2.00,,,1.00,297.52,,89.99,3334,2026/01/28,"2025/09/02 10:22","2026/01/28 11:45",先物(仲介),,株式会社総合店舗開発,-,"=""045-326-2736""",,,2240045
倉庫,R00176-025093,,,,使用中,アーカイブ(成約),無,2800400,,階,1972年03月,さいたま市南区辻8丁目の貸倉庫【509坪】,,埼玉県さいたま市南区辻８丁目12-8,,,,1.00,4.00,,,2657.00,1683.00,509.1,5501,2026/01/28,"2025/11/06 12:10","2026/01/28 11:36",先物(仲介),,株式会社拓洋,-,"=""048-995-4147""",空有,"2025-11-11
業者変更：コジョソコ⇒拓洋",3360026
貸地,R00176-025195,,,,更地,アーカイブ(成約),無,1367000,,階,-,厚木市上依知の貸地【1953坪】,,神奈川県厚木市上依知2848-3,,,3.00,1.00,,,1.00,6457.10,,1953.27,700,2026/01/28,"2025/12/05 10:34","2026/01/28 11:35",先物(仲介),,（有）大塚不動産,-,"=""046-245-0751""",,,2430801
貸地,R00176-024109,,,,更地,アーカイブ(成約),無,350000,,階,-,相模原市南区新磯野の貸地【299坪】,,神奈川県相模原市南区新磯野87,,,2.00,1.00,,,1.00,991.00,,299.77,1168,2026/01/28,"2025/04/01 10:46","2026/01/28 11:31",先物(仲介),,（有）ヤマシンホーム,-,"=""042-748-1001""",,,2520325
貸地,R00176-023763,,,,更地,アーカイブ(成約),無,700000,,階,-,横浜市旭区上川井町の貸地【598坪】,,神奈川県横浜市旭区上川井町536,,,,1.00,2.00,,1.00,1980.00,,598.95,1169,2026/01/28,"2025/01/21 11:40","2026/01/28 11:11",先物(仲介),,株式会社タッグ総合企画開発,-,"=""046-261-5078""",,"2025.10.16　賃料変更90万→70万　4ｔ車程度なら可能
・番地：536他",2410802
貸地,R00176-023434,,,,更地,アーカイブ(成約),無,600000,,階,-,伊勢原市坪ノ内の貸地【692坪】,,神奈川県伊勢原市坪ノ内198-1,,,3.00,1.00,,,,2290.00,,692.72,867,2026/01/28,"2024/11/12 10:25","2026/01/28 11:06",先物(仲介),,GｉｖｅＲｅ（株）,-,"=""0467-40-6760""",,,2591104
倉庫,R00176-025205,,,,空,アーカイブ(成約),無,550000,,階,1980年02月,葛飾区東新小岩2丁目の貸倉庫【128坪】,,東京都葛飾区東新小岩２丁目2-6,,,3.00,2.00,,,,330.57,424.38,128.37,4285,2026/01/27,"2025/12/08 10:22","2026/01/27 17:32",先物(仲介),,栄新不動産販売株式会社,-,"=""03-3697-7800""",空有,※2025/12/8　広告確認中のためマッチングのみ｜栄新不動産販売（株）,1240023
事務所(建物一括),R00176-025193,,,,空,アーカイブ(成約),無,2000000,,階,1995年05月,東久留米市滝山7丁目の貸事務所【157坪】,,東京都東久留米市滝山７丁目22-15,,,,1.00,6.00,,,,519.30,157.08,12732,2026/01/27,"2025/12/04 12:03","2026/01/27 17:28",先物(仲介),,サンエム興産（株）,-,"=""045-315-5814""",空有,,2030033
店舗事務所(建物一部),R00176-025348,,,,居住中,保留,無,330000,,1階,2023年02月,戸田市上戸田2丁目の貸店舗・事務所【23坪】,,埼玉県戸田市上戸田２丁目25,,,2.00,1.00,,,1.00,,77.11,23.32,14148,2026/01/27,"2026/01/27 09:55","2026/01/27 17:19",先物(仲介),,株式会社オフィス・コヤマ,-,"=""048-430-5111""",空有,"※住宅街にある店舗物件のため掲載確認中
・Googleマップ：https://maps.app.goo.gl/UbC4r7k13ra1TGd69",3350022
倉庫,R00176-024689,,,,空,アーカイブ(成約),無,363000,,階,1987年07月,青梅市新町8丁目の貸倉庫【71坪】,,東京都青梅市新町８丁目29-3,,,3.00,1.00,,,1.00,,238.00,71.99,5043,2026/01/27,"2025/08/07 10:39","2026/01/27 16:49",先物(仲介),,扶桑管理サービス（株）,-,"=""042-545-5544""",空有,・A区画,1980024
倉庫,R00176-024338,,,,空,アーカイブ(成約),無,1449624,,5階,1987年03月,江東区新砂2丁目の貸倉庫【173坪】,,東京都江東区新砂２丁目5-20,,,,0.50,,,,,573.23,173.4,8360,2026/01/27,"2025/05/19 10:59","2026/01/27 16:46",先物(仲介),,イーソーコ株式会社,-,"=""03-5439-9401""",,"・5階部分（一部）
2025-09-03　物確→申込有。そちらでお話進みそうとのことでした。",1360075
倉庫,R00176-024131,,,,空,アーカイブ(成約),無,3134670,,5階,1987年03月,江東区新砂2丁目の貸倉庫【412坪】,,東京都江東区新砂２丁目,,,4.00,1.00,,1.00,,,1365.21,412.97,7591,2025/06/17,"2025/04/04 11:24","2026/01/27 16:32",先物(仲介),,イーソーコ株式会社,-,"=""03-5439-9401""",,"・1階と5階（2区画）
・枝番：5-20",1360075
倉庫,R00176-023885,,,,使用中,アーカイブ(成約),無,2694400,,階,1987年01月,江東区新砂2丁目の貸倉庫【354坪】,,東京都江東区新砂２丁目5-20,,,,1.00,4.00,,,,1173.52,354.98,7591,2025/06/10,"2025/02/12 11:38","2026/01/27 16:32",先物(仲介),,株式会社コジョソコ,-,"=""045-530-9890""",,・1階と5階部分（一部）,1360075
倉庫,R00176-023668,,,,空,アーカイブ(成約),無,550903,,1階,1998年04月,江東区新砂1丁目の貸倉庫【61坪】,,東京都江東区新砂１丁目5-23,,,6.00,,,,,,202.34,61.2,9001,2025/02/12,"2024/12/26 10:39","2026/01/27 16:32",先物(仲介),,イーソーコ株式会社,-,"=""03-5439-9401""",,"・1階一区画
・2025/1/21　広告許可取得済｜イーソーコ(株)上原 駒様へ確認済
2025/02/12　物確→2件申込あり。3番手可",1360075
倉庫,R00176-024161,,,,空,アーカイブ(成約),無,1973400,,5階,1987年03月,江東区新砂2丁目の貸倉庫【260坪】,,東京都江東区新砂２丁目5-20,,,4.00,1.00,,,,,859.50,259.99,7591,2025/06/17,"2025/04/11 11:47","2026/01/27 16:32",先物(仲介),,イーソーコ株式会社,-,"=""03-5439-9401""",,"・5階B区画（+1階一部）　260坪
※定期借家契約：2026年3月31日まで
・パレット→無し",1360075
倉庫,R00176-023095,,,,空,アーカイブ(成約),無,1650000,,階,1980年02月,江東区新砂3丁目の貸倉庫【194坪】,,東京都江東区新砂３丁目10-18,,,,1.00,6.00,,1.00,,644.62,194.99,8462,2024/10/11,"2024/09/02 11:31","2026/01/27 16:27",先物(仲介),,（株）タープ不動産,-,"=""03-5844-6300""",空有,,1360075
店舗事務所(建物一部),R00176-023790,,,,空,アーカイブ(成約),無,346500,,1階,2000年02月,日野市南平4丁目の貸店舗・事務所【34坪】,,東京都日野市南平４丁目40-3,,,,,6.00,,1.00,,112.63,34.07,10171,2026/01/27,"2025/01/27 11:45","2026/01/27 16:22",先物(仲介),,（株）東都　テナント第１グループ,-,"=""03-5429-8911""",空有,,1910041
倉庫,R00176-024778,,,,空,アーカイブ(成約),無,330000,,2階,2017年03月,横浜市神奈川区片倉1丁目の貸倉庫【35坪】,,神奈川県横浜市神奈川区片倉１丁目8-3,,,,1.00,3.00,,1.00,,118.49,35.84,9207,2026/04/06,"2025/09/01 10:27","2026/01/27 16:20",先物(仲介),,（株）タープ不動産,-,"=""03-5844-6300""",空有,・2階部分,2210865
倉庫,R00176-024597,,,,空,アーカイブ(成約),無,3475600,,1階,2023年05月,あきる野市伊奈の貸倉庫【715坪】,,東京都あきる野市伊奈643,,,3.00,1.00,,,,,2364.00,715.11,4861,2026/01/27,"2025/07/17 11:11","2026/01/27 16:17",先物(仲介),,彩西不動産株式会社,-,"=""04-2960-5555""",,・1階B区画,1900142
店舗事務所(建物一部),R00176-023934,,,,空,アーカイブ(成約),無,330000,,1階,1990年07月,葛飾区白鳥2丁目の貸店舗・事務所【27坪】,,東京都葛飾区白鳥２丁目3-7,,40000,,,5.00,,2.00,,90.00,27.22,12122,2026/01/27,"2025/02/20 12:50","2026/01/27 15:43",先物(仲介),,（株）アセットインベスター,-,"=""03-3552-2103""",,※2025/10/24　マイソク自社HP広告掲載可物件｜(株)アセットインベスター,1250063
倉庫,R00176-025112,,,,空,アーカイブ(成約),無,495000,,1階,2018年06月,武蔵村山市伊奈平1丁目の貸倉庫【61坪】,,東京都武蔵村山市伊奈平１丁目36-3,,11000,3.00,,,,1.10,643.49,201.86,61.06,8107,2026/01/27,"2025/11/11 11:41","2026/01/27 15:23",先物(仲介),,比留間商事（株）,-,"=""042-560-3624""",空有,・枝番：36-3、36-4,2080023
倉庫,R00176-024579,,,,空,アーカイブ(成約),無,330000,,階,1985年11月,武蔵村山市大南1丁目の貸倉庫【52坪】,,東京都武蔵村山市大南１丁目162-1,,,3.00,1.00,,,1.00,172.24,172.24,52.1,6334,2026/01/27,"2025/07/11 09:36","2026/01/27 15:23",先物(仲介),,比留間商事（株）,-,"=""042-560-3624""",空有,,2080013
倉庫,R00176-023725,,,,空,アーカイブ(成約),無,1430000,,階,1973年01月,武蔵村山市伊奈平1丁目の貸倉庫【357坪】,,東京都武蔵村山市伊奈平１丁目54-1,,,6.00,,,,1.00,,1182.63,357.74,3998,2026/01/27,"2025/01/15 14:09","2026/01/27 15:22",先物(仲介),,比留間商事（株）,-,"=""042-560-3624""",空有,"※無断転載不可
・住所：伊奈平1丁目54-1、2、3、4",2080023
倉庫,R00176-024442,,,,空,アーカイブ(成約),無,385000,,階,1974年01月,東久留米市柳窪5丁目の貸倉庫【30坪】,,東京都東久留米市柳窪５丁目4-12,,,2.00,1.00,,,,,100.00,30.25,12728,2026/01/27,"2025/06/10 10:54","2026/01/27 15:16",先物(仲介),,（有）山延住宅,-,"=""042-329-3110""",空有,,2030044
倉庫,R00176-024736,,,,空,アーカイブ(成約),無,703120,,階,1969年07月,千葉市美浜区の貸倉庫【136坪】,,千葉県千葉市美浜区新港55,,,3.00,1.00,,1.00,1.00,,449.58,135.99,5171,2026/01/27,"2025/08/21 12:04","2026/01/27 14:49",先物(仲介),,イーソーコ株式会社,-,"=""03-5439-9401""",,・区画貸し,2610002
倉庫,R00176-024440,,,,空,アーカイブ(成約),無,462000,,階,1969年07月,武蔵村山市中原2丁目の貸倉庫【126坪】,,東京都武蔵村山市中原２丁目,,,2.00,1.00,,,,,419.10,126.77,3645,2026/01/27,"2025/06/10 10:25","2026/01/27 14:48",先物(仲介),,Ｊ・Ｔ・Ｓ株式会社,-,"=""042-516-8231""",空有,・枝番：10-21,2080035
倉庫,R00176-023139,,,,空,アーカイブ(成約),無,770000,,階,1992年01月,武蔵村山市榎2丁目の貸倉庫【118坪】,,東京都武蔵村山市榎２丁目84,,,4.00,1.00,,,1.00,485.00,392.00,118.58,6494,2026/01/27,"2024/09/10 13:12","2026/01/27 14:46",先物(仲介),,比留間商事（株）,-,"=""042-560-3624""",空有,2024.12.23　検討企業は2件いるが、書面は出ていない。物件確認必須。,2080022
倉庫,R00176-024623,,,,空,アーカイブ(成約),無,1250000,,階,1999年04月,東久留米市前沢4丁目の貸倉庫【東久留米市坪】,,東京都東久留米市前沢４丁目1-18,,,,2.00,3.00,,1.00,,697.20,210.9,5927,2026/01/27,"2025/07/25 10:21","2026/01/27 14:27",先物(仲介),,株式会社クリエイト興産,-,"=""042-479-1311""",空有,,2030032
倉庫,R00176-024758,,,,居住中,アーカイブ(成約),無,400000,,階,1988年08月,川口市東領家５丁目の貸倉庫【72坪】,,埼玉県川口市東領家５丁目21-25,,,2.00,1.00,,,1.00,,239.25,72.37,5527,2026/01/26,"2025/08/26 12:01","2026/01/26 17:49",先物(仲介),,謝藤開発株式会社,-,"=""048-222-5548""",空有,2025.8.28　道幅6M。車両横づけの際に両隣の物件に差し掛かるのは、オーナー様懸念される。,3320003
倉庫,R00176-024061,,,,空,アーカイブ(成約),無,396000,,階,1982年10月,川越市大字竹野の貸倉庫【85坪】,,埼玉県川越市大字竹野2,,,4.00,2.00,,,1.00,,280.99,84.99,4659,2026/01/26,"2025/03/19 12:23","2026/01/26 17:44",先物(仲介),,■三光物産株式会社,-,"=""049-226-3535""",空有,2025.3.21　平屋倉庫の片側半分が賃貸部分。隣、倉庫前にホワイト急便の店舗あり。,3500801
貸地,R00176-024417,,,,更地,アーカイブ(成約),無,336732,,階,-,八潮市八潮2丁目の貸地【153坪】,,埼玉県八潮市八潮２丁目27-1,,,,1.00,4.00,,,505.98,,153.05,2201,2026/01/26,"2025/06/04 10:06","2026/01/26 16:27",先物(仲介),,株式会社拓洋,-,"=""048-995-4147""",,,3400815
倉庫,R00176-024939,,,,空,アーカイブ(成約),無,85000,,階,1966年12月,横浜市戸塚区小雀町の貸倉庫【38坪】,,神奈川県横浜市戸塚区小雀町486-1,,,,,,,1.00,,126.95,38.4,2214,2026/01/14,"2025/10/08 11:09","2026/01/26 13:13",自社,一般媒介,株式会社センチュリーダイソー,飯田,"=""03-6441-2258""",近有,"・2025/10/27　賃料変更｜旧9.5万円→新8.5万円
■一般媒介件（担当：飯田さん）
　2025/10/8公開",2440004
貸地,R00176-024989,,,,更地,アーカイブ(成約),無,572000,,階,-,新座市畑中1丁目の貸地【519坪】,,埼玉県新座市畑中１丁目5605-1,,,3.00,1.00,,,,1719.00,,519.99,1101,2026/01/23,"2025/10/17 09:48","2026/01/23 16:23",先物(仲介),,株式会社ココ・エステート,-,"=""048-452-7722""",,,3520012
貸地,R00176-025206,,,,更地,アーカイブ(成約),無,681000,,階,-,越谷市東町3丁目の貸地【487坪】,,埼玉県越谷市東町３丁目68-1,,,5.00,1.00,,,1.00,1610.24,,487.09,1399,2026/01/23,"2025/12/08 10:34","2026/01/23 16:22",先物(仲介),,株式会社クレイブホーム,-,"=""048-240-3188""",,【所在地】埼玉県越谷市東町３丁目68-1、69-1,3430826
貸地,R00176-025104,,,,更地,アーカイブ(成約),無,333000,,階,-,さいたま市桜区大字塚本の貸地【444坪】,,埼玉県さいたま市桜区大字塚本39-1,,,2.00,1.00,,,1.00,1468.00,,444.07,750,2026/01/23,"2025/11/11 09:55","2026/01/23 16:16",先物(仲介),,株式会社アルーム総合不動産,-,"=""048-716-2732""",,※2025/11/11　レインズ広告掲載可物件｜(株)アムール総合不動産,3380816
貸地,R00176-024848,,,,古家付,アーカイブ(成約),無,300000,,階,-,北葛飾郡松伏町大字大川戸の貸地【209坪】,,埼玉県北葛飾郡松伏町大字大川戸2412,,,2.00,1.00,,,1.00,693.95,,209.91,1430,2026/01/23,"2025/09/17 09:51","2026/01/23 14:16",先物(仲介),,株式会社プロシード,-,"=""048-960-6461""",,,3430106
貸地,R00176-024948,,,,更地,アーカイブ(成約),無,484000,,階,-,三郷市半田の貸地【519坪】,,埼玉県三郷市半田991,,,,1.00,4.00,,1.00,1715.00,,518.78,933,2026/01/23,"2025/10/09 09:59","2026/01/23 14:12",先物(仲介),,株式会社イコム,-,"=""048-799-3200""",,"地番：埼玉県三郷市半田991，993
ナビ住所：埼玉県三郷市半田1979-2 (東側)
",3410012
倉庫,R00176-024580,,,,使用中,アーカイブ(成約),無,445500,,階,-,戸田市氷川町2丁目の貸倉庫【67坪】,,埼玉県戸田市氷川町２丁目13-6,,,,1.00,3.00,,1.00,300.00,223.15,67.5,6600,2026/01/23,"2025/07/11 10:12","2026/01/23 11:52",先物(仲介),,（株）タープ不動産,-,"=""03-5844-6300""",空有,2025.8.1　物件の隣オーナー様お住まいの為、稼働時間や音など相談。,3350027
倉庫,R00176-025305,,,,空,アーカイブ(成約),無,440000,,階,1981年05月,川口市上青木西1丁目の貸倉庫【138坪】,,埼玉県川口市上青木西１丁目7-17,,,2.00,1.00,,,1.50,,459.00,138.84,3169,2026/01/16,"2026/01/16 09:34","2026/01/23 09:07",先物(仲介),,株式会社駒澤建設,-,"=""048-295-4600""",空有,※2026/1/15　広告確認中のためマッチングのみ｜(株)駒澤建設,3330845
貸地,R00176-024881,,,,更地,アーカイブ(成約),無,330000,,階,-,横浜市旭区上白根町の貸地【201坪】,,神奈川県横浜市旭区上白根町1306,,,3.00,2.00,,,1.00,665.03,,201.17,1641,2026/01/22,"2025/09/24 11:04","2026/01/22 14:55",先物(仲介),,青木ハウジング株式会社,-,"=""045-933-2131""",,,2410001
倉庫,R00176-023776,,,,空,アーカイブ(成約),無,990000,,階,1992年11月,鎌倉市関谷の貸倉庫【128坪】,,神奈川県鎌倉市関谷714,,,5.00,1.00,,,1.00,2367.00,426.00,128.86,7683,2026/01/22,"2025/01/24 10:35","2026/01/22 12:33",先物(仲介),,（株）ハウスナビ湘南,-,"=""0466-22-4231""",空有,"■2025/10/06　倉庫利用不可。特積み（ヤマトや佐川などの配送センターとしての利用に限る）
※調整区域。用途は配送センターに限る（行政の確認要・貸主意向）
2026/1/22確認：募集止め",2470075
倉庫,R00176-025294,,,,使用中,保留,無,1100000,,階,1997年10月,横浜市港北区新羽町の貸倉庫【90坪】,,神奈川県横浜市港北区新羽町298,,,,2.00,4.00,,1.00,314.00,299.80,90.68,12130,2026/01/16,"2026/01/14 10:25","2026/01/22 10:36",先物(仲介),,株式会社石原興業,-,"=""045-541-4180""",空有,2026/1/22　現在業者紹介NG（星さんヒアリング済）,2230057
店舗(建物一部),R00176-023361,,,,空,アーカイブ(成約),無,847000,,1階,1994年10月,川崎市多摩区登戸の貸店舗【40坪】,,神奈川県川崎市多摩区登戸1792-2,,,3.00,1.00,,1.00,1.00,,135.53,40.99,20660,2025/12/19,"2024/10/25 10:38","2026/01/20 17:50",先物(仲介),,（株）エイブル　東日本テナント営業部,-,"=""03-5414-0650""",,,2140014
店舗(建物一部),R00176-023882,,,,使用中,アーカイブ(成約),無,1982000,,1階,1971年01月,横浜市神奈川区鶴屋町1丁目の貸店舗【48坪】,,神奈川県横浜市神奈川区鶴屋町１丁目1-2,160710,,,1.00,10.00,,,,161.00,48.7,40697,2025/12/15,"2025/02/12 10:52","2026/01/20 17:10",先物(仲介),,店舗情報館(株)総合店舗開発,-,"=""045-326-2736""",無,■2025/9/30　就労支援センター・カードゲーム場NG・8階も募集中,2210835
店舗(建物一部),R00176-024841,,,,使用中,アーカイブ(成約),無,330000,,1階,1994年02月,相模原市緑区相原5丁目の貸店舗【43坪】,,神奈川県相模原市緑区相原５丁目13-2,,,5.00,1.00,,,,,144.69,43.76,7540,2025/10/01,"2025/09/12 09:47","2026/01/19 16:28",先物(仲介),,（株）リビングストア,-,"=""050-1807-8946""",空有,"・1A号室
※2025/9/12　レインズ広告可物件｜(株)リビングストア",2520141
工場,R00176-025118,,,,空,アーカイブ(成約),無,1100000,,階,1994年08月,朝霞市大字上内間木の貸工場【222坪】,,埼玉県朝霞市大字上内間木323-8,,,3000000,1100000,,,1.00,925.65,735.39,222.45,4945,2026/01/16,"2025/11/12 14:35","2026/01/16 14:10",先物(仲介),,（株）ハギサワホーム,-,"=""042-652-5877""",空有,※2025/11/12　広告掲載確認中のためマッチングのみ｜(株)ハギサワホーム,3510001
倉庫,R00176-024910,,,,空,アーカイブ(成約),無,481800,,階,1974年07月,横浜市西区伊勢町３丁目の貸倉庫【48坪】,,神奈川県横浜市西区伊勢町３丁目,,,3.00,1.00,,20.00,1.00,,158.98,48.09,10019,2026/01/15,"2025/10/01 10:21","2026/01/15 11:42",先物(仲介),,（有）浜商,-,"=""045-313-0001""",空有,"・Googleマップ：https://maps.app.goo.gl/KWPGt9TwxCsLTDdG6
　　　　　　　　※伊勢町３丁目140の建物の東へ2軒隣の横浜駅根岸道路沿いの物件
※2025/10/1　広告要確認のためマッチングのみ｜(有)浜商",2200045
貸地,R00176-024588,,,,更地,アーカイブ(成約),無,438000,,階,-,野田市七光台の貸地【1095坪】,,千葉県野田市七光台11-1,,,2.00,1.10,,,,3623.00,,1095.95,400,2026/01/15,"2025/07/15 10:28","2026/01/15 11:27",先物(仲介),,（有）オカダランド,-,"=""04-7129-1323""",,・11-1他,2780051
貸地,R00176-024770,,,,その他,アーカイブ(成約),無,473000,,階,-,市川市堀之内5丁目の貸地【360坪】,,千葉県市川市堀之内５丁目1262-2,,,,1.00,4.00,,,1192.00,,360.58,1312,2026/01/06,"2025/08/29 09:55","2026/01/14 14:33",先物(仲介),,スターリンク（株）,-,"=""047-420-0111""",,"・場所：グーグルマップでは、堀之内5丁目21-11（双葉工芸印刷市川工場）の東側あたり

・2025月12月　小林さん契約",2720837
倉庫,R00176-024196,,,,,アーカイブ(成約),無,66000,,階,1991年02月,群馬県佐波郡玉村町の貸倉庫【33坪】,,群馬県佐波郡玉村町大字斎田508-1,,,3.00,1.00,,,,,110.00,33.27,1984,2025/10/28,"2025/04/18 09:26","2026/01/14 13:00",自社,一般媒介,株式会社センチュリーダイソー,小林,"=""03-6441-2258""",空有,"担当：小林さん
2025年11月契約（担当小林さん）",3701131
貸地,R00176-024828,,,,更地,アーカイブ(成約),無,335200,,階,-,三郷市上口１丁目の貸地【296坪】,,埼玉県三郷市上口１丁目201-1,,,2.00,2.00,,,,980.00,,296.45,1131,2025/10/08,"2025/09/10 09:23","2026/01/14 12:25",先物(仲介),,（株）石田興産　埼玉支店,-,"=""048-948-6866""",,"住所：埼玉県三郷市上口1丁目201-1他
2025年10月　山崎さん契約
",3410055
工場,R00176-024117,,,,空,アーカイブ(成約),無,900000,,階,2008年07月,八潮市大字木曽根の貸工場【111坪】,,埼玉県八潮市大字木曽根654-1,,,3.00,2.00,,,,746.92,367.33,111.11,8100,2025/09/24,"2025/04/02 11:29","2026/01/14 11:31",先物(仲介),,（株）石田興産　埼玉支店,-,"=""048-948-6866""",空有,2025/10　大山さん契約,3400813
倉庫,R00176-024694,,,,空,アーカイブ(成約),無,7391230,,階,2016年05月,印西市泉野１丁目の貸倉庫【2317坪】,,千葉県印西市泉野１丁目2,,,,1.00,,,,,7659.50,2316.99,3191,2025/11/19,"2025/08/07 14:08","2026/01/14 10:14",自社,一般媒介,株式会社センチュリーダイソー,星,"=""03-6441-2258""",,"坪数：2,317坪
坪単価：2,900円(共益費込み、税抜)
使用可能期間：2025.10月～12月迄
＊2026.1月～　使用不可
※R00176-024154の区画違い
担当：星さん",2701360
倉庫,R00176-025041,,,,空,公開可,無,1980000,,3階,2015年11月,佐倉市太田の貸倉庫【400坪】,,千葉県佐倉市太田2464-11,297000,,,1.00,4.00,,,,1322.32,400,4950,2026/06/16,"2025/10/24 10:24","2026/01/13 18:23",先物(仲介),,（株）タープ不動産,-,"=""03-5844-6300""",,・3階部分,2850808
貸地,R00176-024134,,,,更地,アーカイブ(成約),無,275000,,階,-,所沢市大字亀ケ谷の貸地【215坪】,,埼玉県所沢市大字亀ケ谷186-4,,,,1.00,4.00,,1.00,712.00,,215.38,1277,2025/12/11,"2025/04/07 10:02","2026/01/13 18:05",先物(仲介),,株式会社イコム,-,"=""048-799-3200""",,"2025/10/28　小林さん申込キャンセル
2025/11　小林さん契約",3590014
貸地,R00176-024643,,,,更地,アーカイブ(成約),無,398000,,階,-,川口市大字安行原の貸地【330坪】,,埼玉県川口市大字安行原650-3,,,3.00,1.00,1.00,,,1093.88,,330.89,1203,2025/12/09,"2025/07/29 10:59","2026/01/13 17:55",先物(仲介),,（株）ミクニ不動産,-,"=""048-921-7000""",,"物件担当者TEL：080-2568-5455
■2025/11　飯田さん契約
■2025/11/05　車両置場OK（業種応相談）
■2025/08/26　4t車でギリギリ。10t車は不可。
20251027　解体業は以前オーナーNGだった",3340057
工場,R00176-023236,,,,空,アーカイブ(成約),無,550000,,階,1981年12月,川崎市高津区久地3丁目の貸工場【119坪】,,神奈川県川崎市高津区久地３丁目7-28,,,5.00,1.00,,,,,393.42,119,4622,2025/11/04,"2024/10/01 11:30","2026/01/13 17:36",先物(仲介),,（株）石塚商事,-,"=""044-822-2319""",,2025/11　飯田さん契約,2130032
貸地,R00176-024938,,,,更地,アーカイブ(成約),無,300000,,階,-,野田市西三ケ尾の貸地【600坪】,,千葉県野田市西三ケ尾742-1,,,3.00,2.00,,,,1983.47,,599.99,501,2025/10/08,"2025/10/08 10:25","2026/01/13 17:05",先物(仲介),,（株）ＭＩＴＳＵＭＩ　Ｃａｐｉｔａｌ,-,"=""04-7198-6818""",,"マイソク住所：千葉県野田市西三ケ尾741-3,741-2,741-１の一部
ナビ住所：千葉県野田市西三ケ尾742-1
",2780015
工場,R00176-024857,,,,空,アーカイブ(成約),無,484000,,階,2025年10月,川口市大字榛松の貸工場【55坪】,,埼玉県川口市大字榛松380-1,,,2.00,1.00,,,,,182.00,55.05,8792,2025/11/12,"2025/09/18 09:31","2026/01/13 17:03",先物(仲介),,（株）山下五島総業,-,"=""048-284-6410""",,"2025/11/25　大山さん契約
※2025/9/18　広告NGのためマッチングのみ｜(株)山下五島総業",3340062
倉庫,R00176-025184,,,,使用中,アーカイブ(成約),無,935000,,階,1983年11月,横浜市港北区岸根町の貸倉庫【59坪】,,神奈川県横浜市港北区岸根町566-1,24750,,6.00,1.00,,1.00,1.00,261.81,198.33,59.99,15585,2026/01/13,"2025/12/04 09:40","2026/01/13 16:26",先物(仲介),,株式会社コタニ興業,-,"=""045-593-2781""",空有,,2220034
倉庫,R00176-023289,,,,使用中,アーカイブ(成約),無,792000,,階,1985年09月,横浜市旭区今宿南町の貸倉庫【101坪】,,神奈川県横浜市旭区今宿南町2158,,,,1.00,3.00,,,,333.89,101,7842,2026/01/13,"2024/10/11 10:14","2026/01/13 16:23",先物(仲介),,株式会社加瀬テナントサービス,-,"=""045-534-8232""",,,2410034
工場,R00176-025046,,,,空,アーカイブ(成約),無,440000,,1階,1997年06月,横浜市青葉区上谷本町の貸工場【48坪】,,神奈川県横浜市青葉区上谷本町90,,,6.00,2.00,,,1.00,,160.00,48.4,9091,2026/01/13,"2025/10/27 09:55","2026/01/13 16:15",先物(仲介),,鳳不動産（有）,-,"=""045-971-9622""",空有,,2270041
倉庫,R00176-023322,,,,空,アーカイブ(成約),無,600000,,階,1980年07月,墨田区東墨田2丁目の貸倉庫【99坪】,,東京都墨田区東墨田２丁目9-8,5000,,,1.00,3.00,,1.00,500.00,329.60,99.7,6018,2025/11/21,"2024/10/17 13:33","2026/01/13 14:22",先物(仲介),,（株）タープ不動産,-,"=""03-5844-6300""",無,"2025/11　飯田さん、契約
2024.12.2　1Fの奥から2番目の細長いシャッターが荷物搬入ようのEV。2F・3F専用。
・金属加工業は要相談※ただし板金塗装はNG
・音の大きい作業があるものも程度によるため要相談",1310042
倉庫,R00176-024815,,,,空,アーカイブ(成約),無,416000,,階,2001年04月,横浜市都筑区南??町の貸倉庫【52坪】,,神奈川県横浜市都筑区南山田町4239-3,,,3.00,1.00,,1.00,1.10,,171.90,51.99,8001,2025/11/28,"2025/09/08 11:58","2026/01/13 12:31",先物(仲介),,（株）コタニ興業,-,"=""045-593-3721""",空有,"2025.12.05　飯田さん契約
2025.11.28　申込み1番手有。2番手受付可。",2240026
倉庫,R00176-023723,,,,,アーカイブ(成約),無,3410000,,階,-,大田区京浜島2丁目の貸倉庫【309坪】,,東京都大田区京浜島２丁目4-18,,85000,,,13640000,,,899.37,1023.00,309.45,11020,2026/01/06,"2025/01/15 13:21","2026/01/13 12:30",先物(仲介),,アーバンシステム管理株式会社,-,"=""03-3643-8130""",空有,2025/12　タープ不動産元付にて、山崎さん契約,1430003
倉庫,R00176-023473,,,,空,アーカイブ(成約),無,440000,,階,1997年06月,横浜市神奈川区羽沢町の貸倉庫【59坪】,,神奈川県横浜市神奈川区羽沢町1336,,,,1.00,3.00,,1.00,,198.00,59.89,7347,2026/01/09,"2024/11/18 11:38","2026/01/09 18:17",先物(仲介),,双葉商事（株）,-,"=""045-434-1600""",空有,※2025/11/18　at-home広告可物件｜双葉商事（株）,2210863
倉庫,R00176-024582,,,,居住中,アーカイブ(成約),無,935000,,階,1982年01月,西多摩郡瑞穂町南平1丁目の貸倉庫【283坪】,,東京都西多摩郡瑞穂町南平１丁目4-8,,,4.00,1.00,,,,1069.07,937.66,283.64,3297,2026/01/09,"2025/07/14 09:51","2026/01/09 16:49",先物(仲介),,株式会社シーアールイー　本社,-,"=""03-5572-6604""",,,1901224
店舗(建物一括),R00176-023727,,,,空,アーカイブ(成約),無,450000,,階,1998年10月,東久留米市大門町1丁目の貸店舗【67坪】,,東京都東久留米市大門町１丁目1-21,,,1150000,450000,,,,,223.45,67.59,6658,2026/01/09,"2025/01/15 14:36","2026/01/09 16:38",先物(仲介),,（株）志藤,-,"=""042-473-9538""",,※2025/1/15　広告確認中のためマッチングのみ｜(株)志藤,2030011
店舗(建物一部),R00176-024050,,,,空,アーカイブ(成約),無,385000,,1階,2011年11月,稲城市大丸の貸店舗【34坪】,,東京都稲城市大丸3049,,,,1.00,3.00,,1.00,,115.50,34.93,11020,2026/01/09,"2025/03/17 11:06","2026/01/09 16:31",先物(仲介),,（株）加瀬テナントサービス,-,"=""045-548-8881""",,・102号室,2060801
倉庫,R00176-025242,,,,空,アーカイブ(成約),無,418000,,1階,1992年06月,春日部市大場の貸倉庫【153坪】,,埼玉県春日部市大場595-1,,,2.00,,,,1.00,,507.21,153.43,2725,2026/01/08,"2025/12/16 09:31","2026/01/08 16:16",先物(仲介),,株式会社ＤＫハウス,-,"=""048-796-8853""",空有,"2026/1/8　申込みあり審査中　二番手受け付けない
2025/12/16　at-home転載可物件｜(株)DKハウス",3440021
倉庫,R00176-025017,,,,空,アーカイブ(成約),無,363000,,階,2025年09月,松戸市紙敷の貸倉庫【28坪】,,千葉県松戸市紙敷1371-1,3300,,,1.00,2.00,,1.00,,93.62,28.32,12818,2025/10/30,"2025/10/21 11:06","2026/01/08 15:00",先物(仲介),,（有）ビーエス商事,-,"=""047-392-2307""",,,2702221
倉庫,R00176-024475,,,,空,アーカイブ(成約),無,396000,,階,1970年10月,松戸市松戸の貸倉庫【48坪】,,千葉県松戸市松戸1299-2,,,,3.00,2000000,,1.00,,160.60,48.58,8152,2025/11/21,"2025/06/17 10:51","2026/01/08 10:40",先物(仲介),,（株）プラチナホームズ,-,"=""03-3782-1400""",,"2025.8.4　8/末　貸主様の方で床張り予定。
※2025/6/17　広告確認中のためマッチングのみ｜(株)プラチナホームズ",2710092
倉庫,R00176-025278,,,,空,公開可,無,4762450,,階,1964年01月,港区海岸3丁目の貸倉庫【408坪】,,東京都港区海岸３丁目7-19,,488400,,1.00,6.00,,1.00,,1352.00,408.98,11645,2026/07/15,"2026/01/07 10:37","2026/01/07 14:27",先物(仲介),,イーソーコ株式会社,-,"=""03-5439-9401""",,・倉庫2、3、5階、事務所6階部分,1080022
倉庫,R00176-023960,,,,空,アーカイブ(成約),無,1870000,,階,1989年04月,埼玉第52倉庫／A区画【404坪】,,埼玉県入間市大字上藤沢538-1,,,4.00,1.00,,,1.00,2904.36,1337.75,404.66,4622,2025/07/25,"2025/02/26 16:30","2026/01/07 11:50",自社,代理,株式会社センチュリーダイソー,小林,"=""03-6441-2258""",,"■2025/7/25　ご成約
■2025/5/7　賃料変更　￥2,003,067円→￥1,870,000円
■2025/2/28　広告料1ヶ月あり
■2025/2/26　分割案開始　サブリース物件｜担当：小林
■埼玉第52倉庫／A区画",3580013
倉庫,R00176-024674,,,,空,保留,無,330000,,階,2016年03月,川越市藤倉２丁目の貸倉庫【46坪】,,埼玉県川越市藤倉２丁目12-19,,,4.00,1.00,,,1.00,357.51,153.00,46.28,7131,2026/01/06,"2025/08/05 10:22","2026/01/06 16:54",先物(仲介),,株式会社コジョソコ,-,"=""045-530-9890""",,,3501166
倉庫,R00176-025229,,,,使用中,アーカイブ(成約),無,1101100,,1階,1989年07月,海老名市社家3丁目の貸倉庫【143坪】,,神奈川県海老名市社家３丁目17-38,,,3.00,2.20,,,,783.48,472.73,143,7700,2025/12/12,"2025/12/12 10:38","2026/01/06 15:04",先物(仲介),,,営業課：西・石丸,"=""080-5690-7828""",,※マッチングのみ,2430424
倉庫,R00176-025265,,,,空,公開可,無,1320000,,3階,2000年10月,市川市原木の貸倉庫【199坪】,,千葉県市川市原木3030,,,,1.00,3.00,,,,660.00,199.65,6612,2026/07/09,"2026/01/06 09:54","2026/01/06 12:35",先物(仲介),,合同会社彩虹舎,-,"=""03-6810-8728""",,・3階部分,2720004
倉庫,R00176-024706,,,,空,アーカイブ(成約),無,17240000,,階,2001年01月,川崎市幸区塚越4丁目の貸倉庫【948坪】,,神奈川県川崎市幸区塚越４丁目320-1,,539000,6.00,1.00,,,,3718.00,3135.00,948.33,18180,2026/01/05,"2025/08/19 10:51","2026/01/05 16:44",先物(仲介),,（株）ワイズ,-,"=""045-290-1881""",空有,"・A、C、E区画
※2025/8/19　広告確認中のためマッチングのみ｜(株)ワイズ",2120024
倉庫,R00176-024361,,,,空,アーカイブ(成約),無,9218000,,1階,2001年01月,川崎市幸区塚越4丁目の貸倉庫【464坪】,,神奈川県川崎市幸区塚越４丁目320-1,,264000,6.00,1.00,,,,3718.00,1536.00,464.64,19840,2026/01/05,"2025/05/22 11:39","2026/01/05 16:44",先物(仲介),,（株）ワイズ,-,"=""045-290-1881""",空有,,2120024
店舗(建物一括),R00176-024156,,,,空,アーカイブ(成約),無,350000,,階,2006年01月,川越市大字大袋新田の貸店舗【16坪】,,埼玉県川越市大字大袋新田956-1,,,2.00,1.00,,,1.00,52.99,52.99,16.02,21835,2025/12/25,"2025/04/11 09:31","2025/12/25 17:11",先物(仲介),,（株）アジアハウジング,-,"=""049-245-0007""",空有,2025/12/25　募集止め,3501167
倉庫,R00176-024863,,,,使用中,アーカイブ(成約),無,990000,,階,1969年09月,八潮市大字二丁目の貸倉庫【180坪】,,埼玉県八潮市大字二丁目498,7150,,4.00,1.00,,,,842.00,595.30,180.07,5498,2025/12/25,"2025/09/19 10:01","2025/12/25 16:31",先物(仲介),,株式会社シーアールイー　本社,-,"=""03-5572-6604""",,,3400811
倉庫,R00176-024696,,,,空,アーカイブ(成約),無,330000,,階,2001年05月,町田市野津田町の貸倉庫【143坪】,,東京都町田市野津田町120-1,,,,1.00,3.00,,1.00,1929.15,473.38,143.19,2305,2025/11/20,"2025/08/08 09:24","2025/12/25 15:09",先物(仲介),,（株）サウスキーハウス,-,"=""042-785-4471""",空有,※2025/8/8　at-home転載可物件｜(株)サウスキーハウス,1950063
倉庫,R00176-024226,,,,使用中,アーカイブ(成約),無,693000,,階,1975年05月,町田市野津田町の貸倉庫【139坪】,,東京都町田市野津田町120-1,,,,1.00,3.00,,1.00,1929.15,461.70,139.66,4962,2025/11/04,"2025/04/23 11:53","2025/12/25 15:08",先物(仲介),,（株）サウスキーハウス,-,"=""042-785-4471""",空有,※2025/4/23　レインズ広告可物件｜(株)サウスキーハウス,1950063
店舗事務所(建物一部),R00176-024114,,,,空,公開可,無,1265000,,階,1984年04月,荒川区東尾久3丁目の貸店舗・事務所【90坪】,,東京都荒川区東尾久３丁目28-4,,,,1.00,6.00,,,,299.49,90.59,13964,2026/07/29,"2025/04/01 13:05","2025/12/25 10:00",先物(仲介),,（株）ルーム,-,"=""045-228-1325""",空有,・1-2階部分,1160012
倉庫,R00176-024098,,,,空,アーカイブ(成約),無,616000,,階,1992年04月,八王子市散田町5丁目の貸倉庫【194坪】,,東京都八王子市散田町５丁目26-8,33000,,5.00,1.00,,,1.00,387.96,644.30,194.9,3161,2025/11/11,"2025/03/27 13:00","2025/12/25 09:29",先物(仲介),,（有）アビ・コーポレーション,-,"=""03-5475-5385""",空有,"2025.6.11　準工だが、左にライオンズマンション、右に6軒戸建てが並んでる。オーナーがネームプレートの作業所として使用していた際は溶接など音も出ていたがクレーム無。ただし、そのあと1年短期貸しで別の用途で使っていた＋半年空室の為、音が出る業種についてはテナントが嫌じゃなければ。

※2025/9/1　広告確認中のためマッチングのみ｜(有)アビ・コーポレーション",1930832
倉庫,R00176-023415,,,,空,アーカイブ(成約),無,997960,,3階,1992年01月,八王子市小宮町の貸倉庫【257坪】,,東京都八王子市小宮町325-1,,,2.00,1.00,,,,1487.61,852.48,257.87,3870,2025/11/28,"2024/11/07 11:23","2025/12/25 09:26",先物(仲介),,有限会社勇不動産コンサルタント,-,"=""042-643-3311""",,"・3階部分
・場所：グーグルマップでは小宮町324",1920031
倉庫,R00176-024713,,,,空,アーカイブ(成約),無,330000,,1階,1983年12月,八王子市大和田町2丁目の貸倉庫【39坪】,,東京都八王子市大和田町２丁目19-21,,,,,3.00,,1.00,,130.44,39.45,8364,2025/11/11,"2025/08/19 13:01","2025/12/25 09:21",先物(仲介),,（株）エスエストラスト,-,"=""042-644-6680""",無,,1920045
工場,R00176-024930,,,,使用中,アーカイブ(成約),無,1045000,,階,1981年01月,八王子市大和田町1丁目の貸工場【212坪】,,東京都八王子市大和田町１丁目12-5,,,,1.00,5.00,,1.00,848.99,702.14,212.39,4921,2025/11/28,"2025/10/07 11:00","2025/12/25 09:20",先物(仲介),,（株）松村地所,-,"=""042-642-6702""",空有,,1920045
店舗(建物一部),R00176-024550,,,,使用中,アーカイブ(成約),無,407000,,1階,2005年03月,相模原市緑区橋本7丁目の貸店舗【28坪】,,神奈川県相模原市緑区橋本７丁目6-18,,,,1.00,6.00,,1.00,,93.96,28.42,14320,2025/11/28,"2025/07/02 10:59","2025/12/24 19:12",先物(仲介),,生和コーポレーション（株）不動産部　テナント課,-,"=""03-6811-0464""",空有,"2025/10/30　物確→募集中　現在のat-home掲載金額は407,000円税込ですが、本日値下げの予定。まだ掲載等追いついていないが税込みで35万円程度になる見込み為、その認識でご紹介くださいとのことでした。",2520143
貸地,R00176-024972,,,,更地,アーカイブ(成約),無,715000,,階,-,川越市大字下赤坂の貸地【1235坪】,,埼玉県川越市大字下赤坂,,,,1.00,3000000,,1.00,4084.00,,1235.41,579,2025/12/24,"2025/10/15 09:46","2025/12/24 17:52",先物(仲介),,横田建設株式会社,-,"=""049-242-3592""",,"・場所：グーグルマップでは、下赤坂681-1（森木重機リース 川越ヤード）",3501155
貸地,R00176-024436,,,,更地,アーカイブ(成約),無,595700,,階,-,さいたま市岩槻区大字岩槻の貸地【992坪】,,埼玉県さいたま市岩槻区大字岩槻5280-1,,,3.00,2.00,,,1.00,3282.00,,992.8,601,2025/12/24,"2025/06/09 11:40","2025/12/24 17:52",先物(仲介),,有限会社丸益商事,-,"=""048-756-2860""",,"2025/11/21　農転もまだやってないが募集中
【所在地】さいたま市岩槻区大字岩槻5280-1、5280-2",3390061
貸地,R00176-023922,,,,古家付,アーカイブ(成約),無,350000,,階,-,坂戸市大字塚越の貸地【226坪】,,埼玉県坂戸市大字塚越979-4,,,6.00,,,,1.00,749.00,,226.57,1545,2025/12/24,"2025/02/18 11:58","2025/12/24 17:48",先物(仲介),,ファインエステート株式会社,-,"=""049-288-1101""",,【所在地】坂戸市大字塚越979-4、5、19、20,3500209
貸地,R00176-023892,,,,更地,アーカイブ(成約),無,775000,,階,-,三郷市中央2丁目の貸地【352坪】,,埼玉県三郷市中央２丁目35-8,,,2.00,1.00,,,,1165.58,,352.58,2199,2025/12/24,"2025/02/14 09:55","2025/12/24 17:41",先物(仲介),,（有）中田商事不動産,-,"=""048-952-2458""",,"2025/10/10　4ｔ車まで
2025/09/04　10日間ほど募集止め。その後再開は状況により決定。
・所在地：中央2丁目35-8外3筆
2025/2/14　広告掲載不可のためマッチングのみ｜(有)中田商事不動産

2025.6.9確認：1番手あり、2番手は可能",3410038
貸地,R00176-024484,,,,更地,アーカイブ(成約),無,330000,,階,-,横浜市戸塚区小雀町の貸地【189坪】,,神奈川県横浜市戸塚区小雀町2309,,,,2.00,4.00,,1.00,625.00,,189.06,1746,2025/10/21,"2025/06/19 09:34","2025/12/24 17:40",先物(仲介),,（有）マルヤ,-,"=""045-231-2344""",,,2440004
倉庫,R00176-024931,,,,居住中,アーカイブ(成約),無,330000,,3階,2005年12月,江戸川区北葛西4丁目の貸倉庫【34坪】,,東京都江戸川区北葛西４丁目19-11,,,3.00,,,,1.00,,113.16,34.23,9641,2025/11/27,"2025/10/07 11:22","2025/12/24 17:08",先物(仲介),,（株）長栄　ベルヴィ東京,-,"=""03-6407-9763""",,"・3階C・D区画
※2025/10/6　広告確認中のためマッチング｜(株)?栄ベルヴィ東京",1340081
事務所(建物一括),R00176-025054,,,,空,アーカイブ(成約),無,550000,,階,1999年01月,葛飾区水元3丁目の貸事務所【48坪】,,東京都葛飾区水元３丁目1-17,,,2.00,1.00,,,1.00,236.02,159.84,48.35,11376,2025/11/04,"2025/10/27 11:50","2025/12/24 16:49",先物(仲介),,(有)梅津不動産,-,"=""03-3627-2525""",空有,,1250032
貸地,R00176-024031,,,,更地,アーカイブ(成約),無,670000,,階,-,熊谷市円光1丁目の貸地【706坪】,,埼玉県熊谷市円光１丁目1534-1,,,3.00,1.00,,,1.00,2336.00,,706.64,949,2025/12/24,"2025/03/13 10:30","2025/12/24 16:41",先物(仲介),,株式会社　奈良不動産,-,"=""048-524-1105""",,"【所在地】熊谷市円光1丁目1534-1，1535-1
",3600813
倉庫,R00176-025090,,,,使用中,アーカイブ(成約),無,765100,,1階,1973年10月,厚木市岡田3丁目の貸倉庫【147坪】,,神奈川県厚木市岡田３丁目3-23,3300,,3.00,1.00,,,,4196.84,489.00,147.92,5173,2025/11/06,"2025/11/06 09:51","2025/12/24 16:33",先物(仲介),,株式会社天幸物流,-,"=""046-229-0345""",,2025/11/13　東側真ん中の区画,2430021
倉庫,R00176-025019,,,,使用中,アーカイブ(成約),無,1595000,,階,1974年04月,草加市青柳3丁目の貸倉庫【302坪】,,埼玉県草加市青柳３丁目28-17,,,,1.00,3.00,,,1729.00,1001.09,302.82,5267,2025/12/24,"2025/10/21 11:14","2025/12/24 16:32",先物(仲介),,株式会社鈴久,-,"=""048-296-3428""",空有,"2025/11/18　物確→申込有。このまま進む見込み
※2025/10/21　at-home転載可物件｜(株)鈴久",3400002
倉庫,R00176-024883,,,,空,アーカイブ(成約),無,4593270,,階,1995年01月,比企郡嵐山町花見台の貸倉庫【1374坪】,,埼玉県比企郡嵐山町花見台8,,,3.00,,,,1.00,11303.00,4542.98,1374.25,3343,2025/12/24,"2025/09/24 11:51","2025/12/24 16:30",先物(仲介),,株式会社三愛不動産,-,"=""0493-63-2233""",空有,,3550204
店舗(建物一部),R00176-024897,,,,使用中,アーカイブ(成約),無,616000,,1階,1989年06月,豊島区千早4丁目の貸店舗【36坪】,,東京都豊島区千早４丁目1-3,,,3.00,1.00,,,1.00,,121.78,36.83,16722,2025/11/27,"2025/09/26 10:13","2025/12/24 15:23",先物(仲介),,センチュリー21　ベルツリー,-,"=""048-661-9588""",,※マッチングのみ,1710044
倉庫,R00176-024968,,,,空,アーカイブ(成約),無,397001,,1階,1988年01月,渋谷区千駄ヶ谷3丁目の貸倉庫【21坪】,,東京都渋谷区千駄ヶ谷３丁目7-4,,70059,8.00,1.00,,,1.00,,70.21,21.23,18693,2025/11/26,"2025/10/14 11:13","2025/12/24 15:17",先物(仲介),,（株）アースウィンド　青山店,-,"=""03-5775-7666""",,"・1階A
2025-11-26　物確→契約予定",1510051
倉庫,R00176-024195,,,,空,アーカイブ(成約),無,500000,,階,1986年04月,文京区音羽1丁目の貸倉庫【36坪】,,東京都文京区音羽１丁目9-6,,,4.00,1.00,,,1.00,,120.66,36.49,13699,2025/11/17,"2025/04/17 11:44","2025/12/24 15:07",先物(仲介),,株式会社　クロストン,-,"=""03-3235-5556""",,・1-2階部分,1120013
店舗(建物一部),R00176-024781,,,,建築中,アーカイブ(成約),無,1100000,,1階,2026年07月,大田区仲六郷3丁目の貸店舗【59坪】,,東京都大田区仲六郷３丁目28-5,,,6.00,1.00,,,,,195.30,59.07,18620,2025/11/27,"2025/09/01 11:14","2025/12/24 14:52",先物(仲介),,京急不動産,-,"=""045-307-3820""",,※2025/9/1　広告確認中のためマッチングのみ｜京急不動産,1440055
工場,R00176-023937,,,,空,アーカイブ(成約),無,1650000,,1階,1971年01月,大田区仲池上2丁目の貸工場【83坪】,,東京都大田区仲池上２丁目,,,,1.00,10.00,,1.00,,274.86,83.14,19845,2025/11/27,"2025/02/21 10:04","2025/12/24 14:51",先物(仲介),,（株）タープ不動産,-,"=""03-5844-6300""",,・枝番：19-1：,1460081
倉庫,R00176-025124,,,,空,アーカイブ(成約),無,4542900,,5階,2015年06月,座間市広野台2丁目の貸倉庫【809坪】,,神奈川県座間市広野台２丁目10-10,,,6.00,,,,,,2676.98,809.78,5610,2025/11/14,"2025/11/14 09:40","2025/12/24 14:47",先物(仲介),,（株）立和コーポレーション　神奈川店,-,"=""042-759-5801""",,・5階B区画,2520012
倉庫,R00176-024673,,,,空,アーカイブ(成約),無,9503900,,5階,2015年06月,座間市広野台2丁目の貸倉庫【1694坪】,,神奈川県座間市広野台２丁目10-10,,,6.00,,,,,,5600.32,1694.09,5611,2025/11/28,"2025/08/05 10:00","2025/12/24 14:46",先物(仲介),,（株）立和コーポレーション　神奈川店,-,"=""042-759-5801""",,・5階B区画,2520012
店舗事務所(建物一括),R00176-025037,,,,空,アーカイブ(成約),無,664000,,階,1993年09月,墨田区文花1丁目の貸店舗・事務所【83坪】,,東京都墨田区文花１丁目34-8,,,6.00,,,22.00,1.10,,274.38,82.99,8001,2025/11/28,"2025/10/23 10:30","2025/12/24 14:33",先物(仲介),,（株）アットオフィス,-,"=""050-2018-8333""",,,1310044
店舗事務所(建物一部),R00176-025049,,,,空,アーカイブ(成約),無,660000,,1階,1985年05月,横浜市緑区いぶき野の貸店舗・事務所【44坪】,,神奈川県横浜市緑区いぶき野26-6,55000,,6.00,2.00,,1.00,1.00,,148.23,44.83,14720,2025/11/28,"2025/10/27 10:45","2025/12/24 14:32",先物(仲介),,（株）コタニ興業,-,"=""045-593-3721""",無,,2260028
倉庫,R00176-024254,,,,空,アーカイブ(成約),無,418000,,階,1963年12月,墨田区東駒形1丁目の貸倉庫【56坪】,,東京都墨田区東駒形１丁目7-4,,22000,,1.00,5.00,,1.00,,186.51,56.41,7409,2025/11/19,"2025/04/30 10:39","2025/12/24 14:31",先物(仲介),,（株）エニスト,-,"=""03-5823-6106""",,"20251121　物確→契約予定
20250512　定借3年に変更。借地のため、定借としている。",1300005
工場,R00176-025088,,,,空,アーカイブ(成約),無,300000,,1階,1985年02月,墨田区墨田2丁目の貸工場【30坪】,,東京都墨田区墨田２丁目29,,,2.00,2.00,,,,,99.50,30.09,9968,2025/11/25,"2025/11/05 10:53","2025/12/24 14:30",先物(仲介),,（株）曳舟不動産,-,"=""03-3611-2805""",,"・1階部分
・場所：グーグルマップでは、墨田2丁目29-14（長谷川モータース）
・2025/11/25確認：申込有、２番手可能",1310031
倉庫,R00176-023606,,,,空,アーカイブ(成約),無,974800,,1階,1981年06月,新宿区矢来町の貸倉庫【74坪】,,東京都新宿区矢来町112,107170,,4.00,2.00,,,1.00,,245.06,74.13,13150,2025/11/07,"2024/12/12 10:05","2025/12/24 12:52",先物(仲介),,(株)東興商事,-,"=""03-3269-2555""",,,1620805
倉庫,R00176-024810,,,,空,アーカイブ(成約),無,412200,,地下1階,2010年10月,中央区京橋2丁目の貸倉庫【18坪】,,東京都中央区京橋２丁目1-1,,41228,,,8.00,,,,61.96,18.74,21993,2025/11/04,"2025/09/05 09:51","2025/12/24 12:39",先物(仲介),,永山不動産（株）,-,"=""03-6228-5300""",無,・地下1階部分（B001号室）,1040031
貸地,R00176-024680,,,,更地,アーカイブ(成約),無,395000,,階,-,町田市小野路町の貸地【359坪】,,東京都町田市小野路町2687-3,,,3.00,1.00,,,,1190.00,,359.97,1098,2025/11/28,"2025/08/05 11:34","2025/12/24 12:19",先物(仲介),,（有）馬駈不動産　,-,"=""042-789-6630""",,・住所：小野路町2687-3、-4,1950064
貸地,R00176-023570,,,,古家付,アーカイブ(成約),無,520000,,階,-,宮城県仙台市太白区茂庭字人来田西の貸地【589坪】,,宮城県仙台市太白区茂庭字人来田西111-10,,,,1.00,3.00,,1.00,1947.00,,588.96,883,2025/10/28,"2024/12/04 13:18","2025/12/24 09:12",自社,一般媒介,株式会社センチュリーダイソー,小林,"=""03-6441-2258""",,"■2024/9/6　一般媒介｜担当：小林
　　　　　　　貸主：株式会社マグファイン",9820251
倉庫,R00176-025027,,,,使用中,アーカイブ(成約),無,1788386,,階,1991年03月,八潮市大字二丁目の貸倉庫【361坪】,,埼玉県八潮市大字二丁目1103-1,,,,1.00,4.00,,,975.02,1194.36,361.29,4950,2025/12/23,"2025/10/22 10:24","2025/12/23 16:16",先物(仲介),,（株）タープ不動産,-,"=""03-5844-6300""",空有,貸主：拓洋,3400811
倉庫,R00176-025117,,,,空,アーカイブ(成約),無,770000,,階,1972年06月,八潮市大字大瀬の貸倉庫【122坪】,,埼玉県八潮市大字大瀬400-1,,,2.00,1.00,,,1.00,,405.00,122.51,6286,2025/12/23,"2025/11/12 13:43","2025/12/23 16:02",先物(仲介),,株式会社石田住宅,-,"=""048-997-4448""",空有,,3400822
店舗(建物一括),R00176-024253,,,,空,アーカイブ(成約),無,1650000,,階,2000年12月,柏市藤ケ谷新田の貸店舗【81坪】,,千葉県柏市藤ケ谷新田24-1,,,,2.00,3.00,,1.00,,269.88,81.63,20212,2025/10/16,"2025/04/30 10:27","2025/12/19 16:36",先物(仲介),,センチュリー２１　ＫＯＵＳＨＵコーポレーション,-,"=""0476-37-4131""",空有,,2770932
倉庫,R00176-025003,,,,空,アーカイブ(成約),無,1210000,,1階,2019年01月,川崎市川崎区東扇島の貸倉庫【200坪】,,神奈川県川崎市川崎区東扇島7-1,,,,1.00,,,,134832.00,661.16,200,6050,2025/11/04,"2025/10/20 11:27","2025/12/19 16:25",先物(仲介),,久保田倉庫（有）,-,"=""0270-23-1057""",,・1階部分（一部）,2100869
倉庫,R00176-024703,,,,空,アーカイブ(成約),無,594000,,階,1988年01月,横浜市神奈川区子安台2丁目の貸倉庫【52坪】,,神奈川県横浜市神奈川区子安台２丁目6-13,,,,1.00,6.00,,1.00,,172.00,52.03,11417,2025/11/14,"2025/08/19 10:16","2025/12/19 16:17",先物(仲介),,アンゼン（株）,福海　大輔様／携帯：080-4771-8531,"=""03-5544-9623""",空有,"■2025/8/25　業者様掲載依頼物件（資料一式受領済）｜大和
　※反響・物確等は通常の反響と同様の対応でお願いします。
【元付情報】
　アンゼン株式会社　https://www.taf110.com/
　ご担当：福海　大輔様／携帯：080-4771-8531
　〒108-0074　東京都港区高輪3-6-11 K高輪ビル7F　
　TEL：03-5544-9623 
　FAX：03-5544-9624",2210012
貸地,R00176-025028,,,,更地,アーカイブ(成約),無,495000,,階,-,横浜市青葉区上谷本町の貸地【250坪】,,神奈川県横浜市青葉区上谷本町111-2,,,3.00,1.00,,,1.00,825.00,,249.56,1984,2025/11/28,"2025/10/22 10:29","2025/12/19 15:12",先物(仲介),,（株）イークリード,-,"=""045-530-0853""",,マイソク住所：神奈川県横浜市?葉区上?本町111-2・3（一部）,2270041
倉庫,R00176-025146,,,,使用中,アーカイブ(成約),無,1537360,,1階,-,川崎市川崎区日ノ出2丁目の貸倉庫【139坪】,,神奈川県川崎市川崎区日ノ出２丁目10-6,,,3.00,2.00,,,1.00,,462.02,139.76,11000,2025/11/20,"2025/11/20 10:21","2025/12/19 15:11",先物(仲介),,（株）天野屋倉庫,-,"=""045-501-0058""",,"※マッチングのみ｜(株)天野屋倉庫
※建築年月日不明",2100824
倉庫,R00176-025145,,,,使用中,アーカイブ(成約),無,638000,,1階,-,川崎市幸区南加瀬2丁目の貸倉庫【58坪】,,神奈川県川崎市幸区南加瀬２丁目9-19,,,3.00,2.00,,,1.00,,191.74,58,11000,2025/11/20,"2025/11/20 10:03","2025/12/19 15:10",先物(仲介),,（株）天野屋倉庫,-,"=""045-501-0058""",,※マッチングのみ｜(株)天野屋倉庫,2120055
貸地,R00176-023360,,,,更地,アーカイブ(成約),無,330000,,階,-,厚木市下依知の貸地【329坪】,,神奈川県厚木市下依知648,,,,1.00,2.00,,1.00,1087.63,,329,1004,2024/10/25,"2024/10/25 10:20","2025/12/19 15:05",先物(仲介),,あかり不動産（株）,-,"=""046-271-2752""",,※2024/10/25　at-home転載可物件｜あかり不動産（株）,2430806
倉庫,R00176-025092,,,,居住中,アーカイブ(成約),無,1100000,,階,1972年06月,板橋区赤塚４丁目の貸倉庫【239坪】,,東京都板橋区赤塚４丁目31-2,,,,1.00,3.00,,,820.50,791.10,239.3,4597,2025/11/06,"2025/11/06 10:55","2025/12/19 10:44",先物(仲介),,荒井商事株式会社　東武練馬店,-,"=""03-3934-1190""",無,,1750092
倉庫,R00176-025248,,,,空,公開可,無,5977700,,4階,2005年09月,大田区東海1丁目の貸倉庫【563坪】,,東京都大田区東海１丁目3-6,,,6.00,1.00,,,,,1864.30,563.95,10600,2026/07/27,"2025/12/19 09:26","2025/12/19 10:23",先物(仲介),,（株）タープ不動産,-,"=""03-5844-6300""",,・4階部分,1430001
店舗事務所(建物一部),R00176-024278,,,,空,アーカイブ(成約),無,440000,,階,2011年01月,宮城県仙台市太白区富沢４丁目の貸店舗・事務所【40坪】,,宮城県仙台市太白区富沢４丁目2-15,,,4800000,440000,,,,,133.00,40.23,10937,2025/05/08,"2025/05/08 11:18","2025/12/19 08:28",先物(仲介),,（株）ストアープランニング,-,"=""090-2841-1997""",空有,■2025/5/8　掲載依頼物件｜担当：飯田さん,9820032
店舗事務所(建物一括),R00176-022964,,,,空,アーカイブ(成約),無,693000,,階,1984年09月,宮城県仙台市太白区富沢2丁目の貸店舗・事務所【105坪】,,宮城県仙台市太白区富沢２丁目3-10,,,12.00,1.00,,,,,349.92,105.85,6547,2024/11/07,"2024/08/01 12:53","2025/12/19 08:28",先物(仲介),,（株）むつみ・ハウジング,-,"=""022-395-9065""",空有,※2024/8/1　広告確認中のためマッチングのみ｜(株)むつみ・ハウジング,9820032
店舗事務所(建物一括),R00176-024974,,,,居住中,アーカイブ(成約),無,770000,,階,1997年06月,さいたま市緑区東浦和1丁目の貸店舗・事務所【70坪】,,埼玉県さいたま市緑区東浦和１丁目11-10,,,,1.00,2.00,,1.00,449.06,232.67,70.38,10941,2025/12/18,"2025/10/15 10:18","2025/12/18 11:58",先物(仲介),,（株）ＡーＬＩＮＥ,-,"=""048-799-3941""",空有,"2025/12/18　現在業者への紹介不可・一般の方のみ
・葬祭業不可
・2025.10.23確認　1番手有、契約予定ではあるが2番手可
・2025.11.26　　　契約予定",3360926
倉庫,R00176-024344,,,,空,アーカイブ(成約),無,825000,,地下1階,1981年06月,渋谷区元代々木町の貸倉庫【66坪】,,東京都渋谷区元代々木町48-15,,,,1.00,,,1.00,,219.32,66.34,12436,2025/12/16,"2025/05/20 10:46","2025/12/16 14:16",先物(仲介),,"株式会社GA HOLDINGS",相澤様：080-1275-4574,"=""047-396-5586""",,・地下1階部分,1510062
貸地,R00176-024384,,,,更地,アーカイブ(成約),無,880000,,階,-,横浜市都筑区池辺町の貸地【455坪】,,神奈川県横浜市都筑区池辺町3001,,,5.00,1.00,,1.00,1.00,1506.23,,455.63,1932,2025/11/07,"2025/05/27 11:44","2025/12/15 17:47",先物(仲介),,（株）ヴィンテージ,-,"=""045-943-1227""",,2025.10.16　テナント様責任の下であればプレハブ等の事務所機能、設置可。,2240053
店舗事務所(建物一部),R00176-025125,,,,空,アーカイブ(成約),無,748000,,1階,2008年04月,厚木市岡田2丁目の貸店舗・事務所【56坪】,,神奈川県厚木市岡田２丁目13-39,,,5.00,1.10,,,1.10,,187.34,56.67,13200,2025/11/14,"2025/11/14 10:03","2025/12/15 15:36",先物(仲介),,（株）杉田商事,-,"=""046-228-4581""",空有,,2430021
貸地,R00176-024818,,,,更地,アーカイブ(成約),無,440000,,階,-,茅ヶ崎市赤羽根の貸地【579坪】,,神奈川県茅ヶ崎市赤羽根4285-1,,,,1.00,5.00,,1.00,1915.00,,579.28,760,2025/11/25,"2025/09/09 09:42","2025/12/15 15:22",先物(仲介),,株式会社コスモジェーオーピー,-,"=""0466-45-5501""",,,2530001
店舗事務所(建物一部),R00176-025159,,,,空,アーカイブ(成約),無,638000,,1階,2003年10月,大和市深見西2丁目の貸店舗・事務所【47坪】,,神奈川県大和市深見西２丁目2-2,,55000,6.00,1.00,,,1.00,,158.57,47.96,13301,2025/11/26,"2025/11/26 10:05","2025/12/15 11:41",先物(仲介),,(株)和光不動産,-,"=""046-261-7575""",,"
※マッチングのみ",2420018
貸地,R00176-024748,,,,更地,アーカイブ(成約),無,4066900,,階,-,海老名市杉久保南3丁目の貸地【3081坪】,,神奈川県海老名市杉久保南３丁目32-12,,,6.00,2.00,,1.00,1.00,10186.84,,3081.51,1320,2025/12/12,"2025/08/25 10:54","2025/12/12 10:34",先物(仲介),,（株）コタニ興業,-,"=""045-593-3721""",,"2025.12.12 星さん契約予定
2028.11.28　申込み1件有。2番手受付可。",2430427
店舗(建物一括),R00176-023077,,,,空,アーカイブ(成約),無,800000,,階,1984年10月,相模原市中央区中央2丁目の貸店舗【117坪】,,神奈川県相模原市中央区中央２丁目3-12,20000,,,1.00,3.00,,1.00,,388.38,117.48,6810,2025/12/10,"2024/08/29 10:37","2025/12/10 13:32",先物(仲介),,（株）グリーンワールド,-,"=""042-711-7441""",空有,2025.6.13　使用用途何業でも可。詳細は一旦オーナー相談。,2520239
店舗事務所(建物一括),R00176-024686,,,,使用中,アーカイブ(成約),無,500000,,2階,2020年08月,フィル・パーク池尻大橋II｜2F【12坪】,,東京都目黒区東山３丁目1-3,,,6.00,1.00,,,,,42.77,12.93,38647,2025/11/28,"2025/08/06 15:04","2025/12/10 09:32",自社,一般媒介,株式会社センチュリーダイソー,明石,"=""03-6441-2258""",,"■2025.11.28　明石さんのお客様で契約予定⇒12/10成約済
　お問い合わせのあった際は、1番手でお話し進みそうだとやんわりお断りの方向でお願いします。
■2025.11.4　明石さんのお客様で1件申し込み有り。2番手でのご紹介は可能。
■2025.8.6　明石次長より入力依頼（ロジコロのみ掲載※一括メールも不可）｜担当：明石さん

★2025/11/13確認事項▼
・軽飲食：可能　重飲食：内容次第(相談可※臭い強すぎはNG)
・現況事務所（不動産会社）のため、屋上までのダクト工事等が必須
・内見相談可（現在のテナント様（ウィルビー様/不動産業者）が対応してくださってるとの事）",1530043
工場,R00176-024701,,,,使用中,アーカイブ(成約),無,396000,,階,1971年09月,横浜市都筑区池辺町の貸工場【36坪】,,神奈川県横浜市都筑区池辺町3356,,,,3.00,3.00,,1.00,,119.27,36.07,10976,2025/12/09,"2025/08/19 10:01","2025/12/09 15:23",先物(仲介),,株式会社見村鉄骨グループ,-,"=""044-588-5231""",,※2025/8/19　at-home転載可物件｜(株)?村鉄?グループ,2240053
倉庫,R00176-025202,,,,,保留,無,2991457,,1階,-,戸田市南町の貸倉庫【438坪】,,埼玉県戸田市南町10-7,,,,2.00,3.00,,,,1450.02,438.63,6820,2025/12/08,"2025/12/08 09:40","2025/12/09 12:20",先物(仲介),,株式会社トラスト,-,"=""03-5832-9959""",空有,※2025/12/8　レインズから削除されているため公開保留中｜(株)トラスト,3350025
工場,R00176-025131,,,,使用中,アーカイブ(成約),無,330000,,1階,1981年06月,川口市大字榛松の貸工場【40坪】,,埼玉県川口市大字榛松1907-1,,,,2.00,3.00,,1.00,,133.20,40.29,8191,2025/12/09,"2025/11/17 09:34","2025/12/09 08:44",先物(仲介),,謝藤開発株式会社,-,"=""048-222-5548""",空有,・倉庫B,3340062
倉庫,R00176-023753,,,,空,アーカイブ(成約),無,330000,,階,1981年09月,所沢市大字南永井の貸倉庫【49坪】,,埼玉県所沢市大字南永井728-1,,,,1.00,2.00,,1.00,,165.00,49.91,6612,2025/12/09,"2025/01/21 09:41","2025/12/09 08:43",先物(仲介),,アイルホーム株式会社,-,"=""03-6909-9089""",空有,,3590011
倉庫,R00176-025039,,,,使用中,アーカイブ(成約),無,365000,,階,1988年08月,相模原市中央区田名の貸倉庫【46坪】,,神奈川県相模原市中央区田名3521-1,,,3.00,1.00,,,1.00,818.09,153.00,46.28,7887,2025/11/05,"2025/10/24 09:52","2025/12/08 15:40",先物(仲介),,株式会社ライズ,-,"=""042-741-5820""",,,2520244
倉庫,R00176-025161,,,,使用中,アーカイブ(成約),無,660000,,階,1974年01月,藤沢市善行坂2丁目の貸倉庫【182坪】,,神奈川県藤沢市善行坂２丁目1-12,,,,1.00,6.00,,1.00,794.15,604.20,182.77,3612,2025/11/26,"2025/11/26 10:40","2025/12/08 14:20",先物(仲介),,（株）セット,-,"=""0466-24-2478""",空有,"・2025/12/8　申込あり、2番手不可｜(株)セット
※2025/11/26　広告確認中のためマッチングのみ｜(株)セット",2510876
倉庫,R00176-024766,,,,空,アーカイブ(成約),無,780000,,階,1991年04月,市川市原木の貸倉庫【156坪】,,千葉県市川市原木2007,,,,1.00,6.00,,1.50,515.70,515.70,155.99,5001,2025/12/08,"2025/08/28 11:41","2025/12/08 11:37",先物(仲介),,有限会社スマイルアップ,-,"=""047-431-3330""",空有,"■20251126　小林申込キャンセル
■2025/10/21現在
　募集中ですが、小林さんにてお申込み中。
　詳細がある物件との事ですので、詳しくは小林さんに聞いてみて下さい。（大和）
■2025/9/29　賃料：686400円→780000円金額変更",2720004
倉庫,R00176-023766,,,,築後未入居,アーカイブ(成約),無,2750000,,階,2024年09月,宮城県名取市飯野坂の貸倉庫【575坪】,,宮城県名取市飯野坂,,,6.00,1.00,,,,2656.00,1904.00,575.96,4775,2025/01/21,"2025/01/21 13:29","2025/12/08 09:57",先物(仲介),,（株）ジャパンホームクリエイト,"担当：堀江 智視様","=""080-3466-1133""",空有,"■2025/1/21　掲載依頼物件（問い合わせは直でお願いします）
　元付：株式会社JHC　ご担当：堀江 智視様
　メールアドレス：　t-horie@j-hc.co.jp　電話番号：08034661133
　ご連絡方法：電話

・所在地：宮城県名取市飯野坂字北沖
　※MAP要確認（おおよその位置で入れてます）",9811225
倉庫,R00176-024712,,,,空,アーカイブ(成約),無,630300,,階,1979年04月,川口市本蓮3丁目の貸倉庫【117坪】,,埼玉県川口市本蓮３丁目3-22,,,2.00,1.00,,,,,387.00,117.06,5385,2025/12/05,"2025/08/19 12:42","2025/12/05 11:47",先物(仲介),,（有）産栄,-,"=""048-284-2253""",空有,"※広告NG
20251006小林　外国籍NG",3340076
倉庫,R00176-024554,,,,使用中,公開可,無,9714738,,2階,2009年07月,江東区新木場3丁目の貸倉庫【1999坪】,,東京都江東区新木場３丁目5-6,,,2.00,1.00,,,,,6611.00,1999.82,4858,2026/07/15,"2025/07/04 09:52","2025/12/05 10:47",先物(仲介),,イーソーコ株式会社,-,"=""03-5439-9401""",,※所在階不明、確認お願いします。,1360082
貸地,R00176-023185,,,,更地,アーカイブ(成約),無,520000,,階,-,大和市深見西3丁目の貸地【239坪】,,神奈川県大和市深見西３丁目746-5,,,,1.00,6.00,,,791.73,,239.49,2172,2025/10/09,"2024/09/20 11:18","2025/12/04 17:07",先物(仲介),,（株）プロフィット,-,"=""03-6804-5301""",,"・B号地
・Googleマップ住所：深見西3丁目4
※2024/9/20　広告確認中のためマッチングのみ｜(株)プロフィット",2420018
工場,R00176-024963,,,,空,アーカイブ(成約),無,330000,,階,1983年01月,横浜市港北区新吉田町の貸工場【33坪】,,神奈川県横浜市港北区新吉田町210,,,3.00,1.00,,,1.00,,112.00,33.88,9741,2025/10/14,"2025/10/14 10:00","2025/12/04 17:00",先物(仲介),,（株）横浜タウンサービス,-,"=""045-593-3555""",空有,"・E
※2025/10/14　広告確認中のためマッチングのみ｜(株)横浜タウンサービス",2230056
貸地,R00176-024744,,,,更地,アーカイブ(成約),無,330000,,階,-,綾瀬市大上8丁目の貸地【253坪】,,神奈川県綾瀬市大上８丁目6234-1,3000,,3.00,1.00,,,1.00,838.68,,253.7,1301,2025/10/08,"2025/08/25 09:41","2025/12/04 16:59",先物(仲介),,（株）マリンボックス,-,"=""0466-41-2133""",,"・場所：グーグルマップでは、大上8丁目5付近
・所在地：6234番1他
※2025/8/25　広告確認中のためマッチングのみ｜(株)マリンボックス",2521104
店舗事務所(建物一部),R00176-022993,,,,空,アーカイブ(成約),無,693000,,1階,1982年02月,横浜市西区楠町の貸店舗・事務所【42坪】,,神奈川県横浜市西区楠町11-2,,,,,3.00,,1.00,,138.80,41.98,16506,2025/10/10,"2024/08/07 10:42","2025/12/04 16:55",先物(仲介),,（株）フジホーム,-,"=""050-1721-8463""",無,※2025/10/10　マイソクネット掲載可物件｜(株)フジホーム,2200003
店舗(建物一部),R00176-023215,,,,空,アーカイブ(成約),無,950400,,1階,1987年06月,横浜市青葉区しらとり台の貸店舗【45坪】,,神奈川県横浜市青葉区しらとり台1-1,,,10.00,1.00,,,,,149.35,45.17,21037,2025/10/29,"2024/09/27 10:58","2025/12/04 16:44",先物(仲介),,（株）東都　テナント第１グループ,-,"=""03-5429-8911""",無,2024.9.30　ミニスーパー可、パン屋△相談。24時間利用可。,2270054
貸地,R00176-024739,,,,更地,アーカイブ(成約),無,335000,,階,-,厚木市酒井の貸地【204坪】,,神奈川県厚木市酒井1094,,,3.00,1.00,,,1.00,675.00,,204.18,1641,2025/10/09,"2025/08/22 09:57","2025/12/04 16:36",先物(仲介),,センチュリーハウジング（株）,-,"=""0463-91-0003""",,,2430022
倉庫,R00176-025149,,,,空,アーカイブ(成約),無,3880800,,1階,1986年09月,八千代市吉橋の貸倉庫【882坪】,,千葉県八千代市吉橋1831-1,,,,1.00,3.00,,,,2916.00,882.09,4400,2025/11/21,"2025/11/21 10:16","2025/12/03 19:53",先物(仲介),,ウェアハウス工業（株）,-,"=""048-262-0544""",,,2760047
貸地,R00176-025103,,,,更地,アーカイブ(成約),無,348700,,階,-,三郷市半田の貸地【452坪】,,埼玉県三郷市半田,,,3.00,,,,1.10,1496.00,,452.54,771,2025/12/02,"2025/11/11 09:36","2025/12/02 08:33",先物(仲介),,（株）Ｏｎｅ,-,"=""048-954-8001""",,"・Googleマップ：https://maps.app.goo.gl/PbJD2MZhsjBZucYR9
　※三郷市半田786－3に南側",3410012
倉庫,R00176-025078,,,,空,アーカイブ(成約),無,440000,,1階,1986年04月,江戸川区松江5丁目の貸倉庫【56坪】,,東京都江戸川区松江５丁目8-7,,,880000,440000,,,1.50,,187.30,56.65,7766,2025/11/17,"2025/11/04 10:41","2025/12/01 14:37",先物(仲介),,有限会社　大倉住宅,-,"=""03-5605-5551""",空有,"2025/11　大山さん契約
2025/11/17　物確→大山さん契約予定",1320025
倉庫,R00176-024691,,,,空,アーカイブ(成約),無,440000,,階,1980年07月,相模原市中央区田名の貸倉庫【75坪】,,神奈川県相模原市中央区田名2463-4,,,3.00,1.00,,,1.00,,250.15,75.67,5815,2026/06/10,"2025/08/07 11:12","2025/12/01 12:02",先物(仲介),,株式会社ライズ,-,"=""042-741-5820""",,,2520244
倉庫,R00176-023784,,,,空,アーカイブ(成約),無,5148000,,階,1980年11月,川崎市川崎区白石町の貸倉庫【935坪】,,神奈川県川崎市川崎区白石町,308880,,2.00,1.00,,,1.00,1557.22,3093.83,935.88,5501,2025/10/14,"2025/01/27 10:05","2025/11/28 18:16",先物(仲介),,（株）ファクトリンク,-,"=""045-717-8842""",空有,・場所：グーグルマップでは白石町3-68（東京材料　白石町物流センター）,2100857
倉庫,R00176-025010,,,,使用中,アーカイブ(成約),無,825000,,階,-,ふじみ野市鶴ケ岡5丁目の貸倉庫【201坪】,,埼玉県ふじみ野市鶴ケ岡５丁目6-10,27500,,3.00,1.00,,,0.50,,665.50,201.31,4099,2025/11/28,"2025/10/21 09:59","2025/11/28 17:14",先物(仲介),,ヤマトクリエイト株式会社,-,"=""049-291-5611""",,,3560045
貸地,R00176-024964,,,,更地,アーカイブ(成約),無,790000,,階,-,横浜市港北区新羽町の貸地【407坪】,,神奈川県横浜市港北区新羽町4154-1,,,3.00,1.00,0.70,,,1346.00,,407.16,1941,2025/10/14,"2025/10/14 10:21","2025/11/28 17:05",先物(仲介),,新日本地所（株）,-,"=""03-6413-1311""",,※地図は正確ではありません。確認お願いします。,2230057
倉庫,R00176-025042,,,,使用中,アーカイブ(成約),無,450000,,階,1987年02月,新座市堀ノ内3丁目の貸倉庫【81坪】,,埼玉県新座市堀ノ内３丁目1894-10,,,2.00,1.00,,,1.00,,270.00,81.67,5510,2025/11/28,"2025/10/24 10:37","2025/11/28 17:04",先物(仲介),,ベストライフ有限会社,-,"=""03-5935-1900""",,"2025/11/28　レインズに掲載あるが募集終了
Googleマップ：https://maps.app.goo.gl/qsgbM2x6UJoGFeKz9
※新座市堀ノ内３－２－３７付近",3520023
店舗(建物一部),R00176-024894,,,,,アーカイブ(成約),無,572000,,1階,1996年08月,所沢市西住吉の貸店舗【62坪】,,埼玉県所沢市西住吉9-3,,33000,,1.00,3.00,,1.00,,207.64,62.81,9107,2025/11/28,"2025/09/26 09:37","2025/11/28 17:00",先物(仲介),,（株）富士建設工業,-,"=""04-2941-6758""",空有,"Ｔ・Ｆビル100号室
2025/10/30　申込み3件あり　
※2025/9/26　広告確認中のためマッチングのみ｜(株)富士建設工業",3591126
倉庫,R00176-023623,,,,使用中,アーカイブ(成約),無,330000,,階,2018年11月,加須市北大桑の貸倉庫【51坪】,,埼玉県加須市北大桑781-1,,,2.00,1.00,,,1.00,,168.93,51.1,6458,2025/11/28,"2024/12/17 10:56","2025/11/28 16:57",先物(仲介),,（株）ファクトリンク,-,"=""045-717-8842""",空有,"【所在地】埼玉県加須市北大桑781-1,782-1
※2024/12/17　広告確認中のためマッチングのみ｜(株)ファクトリンク",3491147
倉庫,R00176-024967,,,,空,アーカイブ(成約),無,385000,,階,1987年04月,横浜市港北区新吉田町の貸倉庫【40坪】,,神奈川県横浜市港北区新吉田町489,,,3.00,1.00,,1.00,1.00,,132.00,39.93,9642,2025/10/23,"2025/10/14 11:06","2025/11/28 16:56",先物(仲介),,（有）三光不動産　,-,"=""045-543-6291""",空有,,2230056
工場,R00176-024426,,,,居住中,アーカイブ(成約),無,2200000,,階,1996年10月,府中市西原町の貸工場【287坪】,,東京都府中市西原町１丁目11-4,,,4.00,1.00,,1.00,1.00,657.62,951.05,287.69,7648,2025/10/29,"2025/06/06 09:49","2025/11/28 16:53",先物(仲介),,（株）川の手不動産,-,"=""03-3807-3232""",,"・場所：グーグルマップでは西原町1丁目11-5（深江化成株式会社府中工場）
※2025/6/6　広告確認中のためマッチングのみ｜(株)川の?不動産",1830046
貸地,R00176-023467,,,,更地,アーカイブ(成約),無,600000,,階,-,相模原市緑区川尻の貸地【668坪】,,神奈川県相模原市緑区川尻1660-5,,,3.00,1.00,,,,2211.41,,668.95,897,2025/10/02,"2024/11/18 10:08","2025/11/28 16:47",先物(仲介),,（有）グランディーホーム,-,"=""042-707-1161""",,,2520111
店舗(建物一部),R00176-023562,,,,空,アーカイブ(成約),無,319000,,1階,1996年03月,横浜市都筑区牛久保西1丁目の貸店舗【27坪】,,神奈川県横浜市都筑区牛久保西１丁目24-45,,22000,6.00,1.00,,,1.00,,90.90,27.49,11602,2025/10/10,"2024/12/03 10:10","2025/11/28 16:41",先物(仲介),,（株）北芝建設,-,"=""045-912-3530""",空有,・2号室,2240015
工場,R00176-024851,,,,居住中,アーカイブ(成約),無,550000,,階,1995年07月,戸田市笹目南町の貸工場【60坪】,,埼玉県戸田市笹目南町25,,,3.00,1.00,,,1.00,,198.74,60.11,9149,2025/11/28,"2025/09/17 10:32","2025/11/28 16:39",先物(仲介),,株式会社ニッケンコーポレーション本店,-,"=""080-5507-8089""",空有,"※場所は正確ではありません。確認お願いします。
（笹目南町25-14　ウエダ印刷？）
※2025/9/17　広告NGのためマッチングのみ｜(株)ニッケンコーポレーション本店
・売買あり：B00176-001526",3350035
倉庫,R00176-024532,,,,空,アーカイブ(成約),無,715000,,階,1992年05月,座間市相模が丘4丁目の貸倉庫【132坪】,,神奈川県座間市相模が丘４丁目73-23,,,4.00,1.00,,,,700.12,436.80,132.13,5412,2025/10/10,"2025/07/01 10:12","2025/11/28 16:36",先物(仲介),,株式会社シーアールイー　本社,-,"=""03-5572-6604""",,,2520001
貸地,R00176-024994,,,,更地,アーカイブ(成約),無,825000,,階,-,綾瀬市大上9丁目の貸地【573坪】,,神奈川県綾瀬市大上９丁目5-3,,,,2.00,3.00,,0.50,1896.00,,573.54,1439,2025/10/20,"2025/10/20 09:27","2025/11/28 16:33",先物(仲介),,株式会社加瀬テナントサービス,-,"=""045-534-8232""",,,2521104
貸地,R00176-025110,,,,古家付,保留,無,698000,,階,-,草加市青柳8丁目の貸地【380坪】,,埼玉県草加市青柳８丁目1-29,,,2.00,2.00,,,,1259.00,,380.84,1833,2025/11/28,"2025/11/11 11:02","2025/11/28 16:30",先物(仲介),,（有）ティーケーホーム　,-,"=""048-927-6616""",,"※2025/11/28　物確⇒申込あり（審査通る見込み）
　　　　　　　　このまま進む可能性大との事（2番手受付は微妙な感じでした）
※2025/11/11　レインズ広告掲載可物件｜(有)ティーケーホーム",3400002
店舗(建物一括),R00176-025055,,,,空,アーカイブ(成約),無,308000,,階,1984年04月,八潮市大字鶴ケ曽根の貸店舗【50坪】,,埼玉県八潮市大字鶴ケ曽根61-11,,,2.00,1.00,,,1.00,495.87,167.62,50.7,6075,2025/11/28,"2025/10/28 09:34","2025/11/28 16:06",先物(仲介),,地建総業株式会社,-,"=""048-997-4411""",空有,,3400802
倉庫,R00176-024721,,,,空,アーカイブ(成約),無,400400,,階,1991年05月,川口市領家1丁目の貸倉庫【43坪】,,埼玉県川口市領家１丁目5-11,,,,2.00,3.00,,,,142.95,43.24,9260,2025/11/28,"2025/08/19 15:01","2025/11/28 15:59",先物(仲介),,サイワハウジング（株）,-,"=""048-257-0021""",空有,,3320004
倉庫,R00176-024871,,,,空,アーカイブ(成約),無,330000,,階,1981年11月,川口市中青木2丁目の貸倉庫【53坪】,,埼玉県川口市中青木２丁目23-16,,,3.00,1.00,,,,,175.93,53.21,6201,2025/11/28,"2025/09/24 09:23","2025/11/28 15:58",先物(仲介),,サイワハウジング（株）,-,"=""048-257-0021""",,2025/10/27　申込み２件あり　募集中,3320032
倉庫,R00176-024777,,,,空,アーカイブ(成約),無,807076,,1階,1992年03月,足柄上郡中井町井ノ口の貸倉庫【209坪】,,神奈川県足柄上郡中井町井ノ口2746-5,,,3.00,1.00,,,1.00,,692.98,209.62,3851,2025/10/01,"2025/09/01 10:08","2025/11/28 15:53",先物(仲介),,イーソーコ株式会社,-,"=""03-5439-9401""",,・A区画（1階）,2590151
倉庫,R00176-024776,,,,空,アーカイブ(成約),無,1834294,,5階,1992年03月,足柄上郡中井町井ノ口の貸倉庫【476坪】,,神奈川県足柄上郡中井町井ノ口2746-5,,,3.00,1.00,,,1.00,,1575.00,476.43,3851,2025/10/01,"2025/09/01 10:01","2025/11/28 15:53",先物(仲介),,イーソーコ株式会社,-,"=""03-5439-9401""",,・C区画（5階）,2590151
倉庫,R00176-024775,,,,空,アーカイブ(成約),無,2641370,,階,1992年03月,足柄上郡中井町井ノ口の貸倉庫【686坪】,,神奈川県足柄上郡中井町井ノ口2746-5,,,3.00,1.00,,,1.00,,2268.00,686.07,3851,2025/10/01,"2025/09/01 09:42","2025/11/28 15:52",先物(仲介),,イーソーコ株式会社,-,"=""03-5439-9401""",,・B区画（1、5階）,2590151
倉庫,R00176-024685,,,,空,アーカイブ(成約),無,5166700,,階,1992年02月,足柄上郡中井町の貸倉庫【1342坪】,,神奈川県足柄上郡中井町井ノ口2746-5,,,3.00,1.00,,,1.00,,4436.36,1341.99,3851,2025/10/01,"2025/08/06 14:46","2025/11/28 15:52",先物(仲介),,イーソーコ株式会社,-,"=""03-5439-9401""",,,2590151
工場,R00176-023782,,,,空,アーカイブ(成約),無,572000,,階,1991年06月,横浜市港北区新吉田町の貸工場【64坪】,,神奈川県横浜市港北区新吉田町11,3300,,3.00,1.00,,1.00,1.00,,214.87,64.99,8801,2025/10/24,"2025/01/27 09:46","2025/11/28 15:45",先物(仲介),,（株）コタニ興業,-,"=""045-593-3721""",空有,"2025.14　申込み1件あり。2番手可。
1F天高3.7M",2230056
倉庫,R00176-023410,,,,使用中,アーカイブ(成約),無,508079,,1階,2011年09月,横浜市港北区新羽町の貸倉庫【35坪】,,神奈川県横浜市港北区新羽町1805,,38500,6.00,1.00,,1.00,,,117.47,35.53,14299,2025/10/24,"2024/11/07 10:23","2025/11/28 15:44",先物(仲介),,（株）コタニ興業,-,"=""045-593-3721""",空有,2025.10.14　2番手可,2230057
店舗事務所(建物一部),R00176-023855,,,,空,アーカイブ(成約),無,385000,,1階,1994年07月,八王子市高倉町の貸店舗・事務所【56坪】,,東京都八王子市高倉町54-4,,,3.00,1.00,,,1.00,404.90,185.88,56.22,6848,2025/10/27,"2025/02/06 12:41","2025/11/28 14:56",先物(仲介),,（株）松村地所,-,"=""042-642-6702""",近有,"2025.5.26　1番手福祉関係の申込み入る可能性高い。申請関係時間がかかるので内覧可。2番手可。


※2025/2/6　レインズ広告可物件｜(株)松村地所
・駐車場が無いためその点ご注意ください、との事です。",1920033
倉庫,R00176-024920,,,,使用中,アーカイブ(成約),無,440000,,階,2005年07月,八王子市石川町の貸倉庫【42坪】,,東京都八王子市石川町111-1,,,1320000,440000,,,1.00,495.00,141.76,42.88,10261,2025/10/06,"2025/10/06 10:12","2025/11/28 14:40",先物(仲介),,（株）松村地所,-,"=""042-642-6702""",空有,,1920032
店舗事務所(建物一部),R00176-023872,,,,空,アーカイブ(成約),無,990000,,1階,2024年12月,横浜市磯子区森1丁目の貸店舗・事務所【59坪】,,神奈川県横浜市磯子区森１丁目10,,,,990000,9900000,,1.00,,195.84,59.24,16712,2025/09/30,"2025/02/10 10:47","2025/11/28 11:41",先物(仲介),,宇佐美不動産（株）,-,"=""045-861-1111""",無,2025/9/25　1番手申し込み有、2番手なら可,2350023
工場,R00176-025060,,,,居住中,アーカイブ(成約),無,407000,,階,1972年12月,横浜市港北区新羽町の貸工場【61坪】,,神奈川県横浜市港北区新羽町1816,,,,2.00,4.00,,1.00,595.00,202.08,61.12,6659,2025/10/28,"2025/10/28 10:40","2025/11/28 11:35",先物(仲介),,株式会社石原興業,-,"=""045-541-4180""",空有,"・101号室
※マッチングのみ",2230057
工場,R00176-024901,,,,空,アーカイブ(成約),無,495000,,階,1973年11月,横浜市鶴見区矢向2丁目の貸工場【40坪】,,神奈川県横浜市鶴見区矢向２丁目1-10,,,,1.00,3.00,,1.00,,130.96,39.61,12496,2025/10/09,"2025/09/29 09:59","2025/11/28 10:56",先物(仲介),,株式会社アイビルディングシステム,-,"=""03-6303-7870""",空有,・1階部分貸し,2300001
倉庫,R00176-024655,,,,建築中,アーカイブ(成約),無,15805625,,階,2025年11月,足柄上郡中井町久所の貸倉庫【983坪】,,神奈川県足柄上郡中井町久所93-1,,,6.00,1.00,,,,17165.69,3250.00,983.12,16077,2025/10/07,"2025/07/31 09:41","2025/11/28 09:41",先物(仲介),,ＮＸ商事（株）東京支店　不動産営業部,-,"=""050-3490-7532""",空有,,2590142
倉庫,R00176-025140,,,,,アーカイブ(成約),無,341000,,1階,2000年01月,江戸川区西葛西8丁目の貸倉庫【34坪】,,東京都江戸川区西葛西８丁目20-1,,,,1.00,3.00,,,,114.00,34.48,9889,2025/11/18,"2025/11/18 10:58","2025/11/27 17:24",先物(仲介),,スターツピタットハウス（株）　西葛西店,-,"=""03-3686-1015""",,,1340088
倉庫,R00176-025066,,,,空,アーカイブ(成約),無,462000,,階,1990年08月,草加市両新田西町の貸倉庫【81坪】,,埼玉県草加市両新田西町392-5,8000,,2.00,1.00,,,1.00,314.74,270.00,81.67,5657,2025/11/27,"2025/10/29 12:00","2025/11/27 16:42",先物(仲介),,埼玉地建株式会社,-,"=""048-928-8888""",空有,"【所在地】埼玉県草加市両新田西町字塚田392-5他
※2025/10/29　広告確認中のためマッチングのみ｜埼玉地建(株)",3400027
工場,R00176-025056,,,,空,アーカイブ(成約),無,448000,,階,1989年08月,春日部市武里中野の貸工場【99坪】,,埼玉県春日部市武里中野768-3,,,2.00,1.00,,,1.00,473.22,327.51,99.07,4522,2025/11/27,"2025/10/28 09:50","2025/11/27 16:23",先物(仲介),,（株）オーマイホーム　,-,"=""048-940-6728""",空有,,3440026
貸地,R00176-023512,,,,その他,アーカイブ(成約),無,200000,,階,-,さいたま市岩槻区大字平林寺の貸地【204坪】,,埼玉県さいたま市岩槻区大字平林寺611,,,2.00,1.00,,,,675.00,,204.18,980,2025/11/27,"2024/11/26 11:47","2025/11/27 16:05",先物(仲介),,（株）ＡーＬＩＮＥ,-,"=""048-799-3941""",,"2026/09/26　申込みありだが、なくなる可能性あり
■農転必要：借主負担",3390076
倉庫,R00176-025058,,,,空,アーカイブ(成約),無,550000,,階,1996年08月,越谷市蒲生2丁目の貸倉庫【99坪】,,埼玉県越谷市蒲生２丁目11-13,,,2.00,1.00,,,1.00,,330.04,99.83,5509,2025/11/27,"2025/10/28 10:14","2025/11/27 15:50",先物(仲介),,株式会社セイリツホーム,-,"=""048-966-1894""",空有,,3430838
倉庫,R00176-024264,,,,空,アーカイブ(成約),無,660000,,階,1991年03月,江戸川区篠崎町7丁目の貸倉庫【61坪】,,東京都江戸川区篠崎町７丁目7-16,,,,2.00,4.00,,1.00,337.17,202.13,61.14,10795,2025/10/28,"2025/05/07 10:23","2025/11/27 15:31",先物(仲介),,センチュリー２１（株）すみれホーム,-,"=""03-6231-8631""",空有,"・1-2階部分
※2025/5/7　広告確認中のためマッチングのみ｜すみれホーム
2025/10/28　確認：申込有、２番手可能",1330061
倉庫,R00176-024808,,,,使用中,アーカイブ(成約),無,1815000,,階,1991年11月,足立区花畑4丁目の貸倉庫【361坪】,,東京都足立区花畑４丁目7-15,,,3.00,1.00,,,1.00,,1196.16,361.83,5017,2025/10/21,"2025/09/05 09:32","2025/11/27 15:20",先物(仲介),,■株式会社イワキプランニング,-,"=""03-3858-1234""",空有,,1210061
店舗事務所(建物一括),R00176-024960,,,,空,アーカイブ(成約),無,1100000,,階,2004年11月,練馬区富士見台1丁目の貸店舗・事務所【91坪】,,東京都練馬区富士見台１丁目17-6,,,,2.00,5.00,,,,303.91,91.93,11966,2025/10/10,"2025/10/10 10:51","2025/11/27 15:18",先物(仲介),,梶山産業（株）,-,"=""03-5999-6873""",空有,,1770034
店舗(建物一部),R00176-023740,,,,空,アーカイブ(成約),無,990000,,1階,1986年10月,練馬区東大泉3丁目の貸店舗・事務所【67坪】,,東京都練馬区東大泉３丁目1-7,,,,1.00,10.00,,1.00,,223.08,67.48,14671,2025/10/24,"2025/01/16 11:55","2025/11/27 15:17",先物(仲介),,みやつき（株）,-,"=""03-5942-9240""",,"※2025/10/24　広告確認中のためマッチングのみ｜みやつき（株）
",1780063
店舗事務所(建物一部),R00176-024951,,,,,アーカイブ(成約),無,550000,,1階,1995年04月,練馬区関町北3丁目の貸店舗・事務所【41坪】,,東京都練馬区関町北３丁目3-13,,,4.00,1.00,,,0.50,,136.17,41.19,13353,2025/10/22,"2025/10/09 10:51","2025/11/27 15:15",先物(仲介),,マーテルハウス（株）,-,"=""03-5991-2127""",空有,,1770051
店舗事務所(建物一部),R00176-024519,,,,使用中,アーカイブ(成約),無,407000,,1階,-,荒川区南千住2丁目の貸店舗・事務所【28坪】,,東京都荒川区南千住２丁目28-12,,,,1.00,3.00,,1.00,,93.15,28.17,14444,2025/10/22,"2025/06/26 11:19","2025/11/27 15:12",先物(仲介),,（株）タープ不動産,-,"=""03-5844-6300""",,2025.6.26　音・臭いが出る用途、不可。,1160003
店舗事務所(建物一部),R00176-025035,,,,空,アーカイブ(成約),無,525600,,1階,1992年04月,大田区南馬込1丁目の貸店舗・事務所【43坪】,,東京都大田区南馬込１丁目16-16,,11000,,,6.00,,1.10,,144.98,43.85,11985,2025/10/23,"2025/10/23 10:12","2025/11/27 14:54",先物(仲介),,シマダハウス（株）,-,"=""03-6275-1199""",,※2025/10/23　レインズ広告可物件｜シマダハウス（株）,1430025
倉庫,R00176-024966,,,,空,アーカイブ(成約),無,3590400,,階,1991年06月,江東区東雲1丁目の貸倉庫【357坪】,,東京都江東区東雲１丁目10-5,,,,,21000000,,,,1182.00,357.55,10042,2025/10/21,"2025/10/14 10:55","2025/11/27 12:46",先物(仲介),,(株)日経プラザ＆サービス,-,"=""03-5577-8372""",,"2025.10.21　2番手可。前向きなので今月中に契約でまとまる可能性あり。

※2025/10/14　広告確認中のためマッチングのみ｜(株)?経プラザ＆サービス",1350062
店舗事務所(建物一括),R00176-024913,,,,空,アーカイブ(成約),無,400000,,階,1992年12月,墨田区業平1丁目の貸店舗・事務所【13坪】,,東京都墨田区業平１丁目18-1,,,4.00,2.00,,,1.00,,46.06,13.93,28709,2025/10/09,"2025/10/02 09:32","2025/11/27 10:51",先物(仲介),,（株）北澤土地,-,"=""03-3626-0333""",,,1300002
倉庫,R00176-024645,,,,空,アーカイブ(成約),無,337700,,2階,1987年10月,新宿区山吹町の貸倉庫【30坪】,,東京都新宿区山吹町,33770,,4.00,1.00,,,1.00,,101.50,30.7,10999,2025/10/16,"2025/07/29 11:38","2025/11/27 10:39",先物(仲介),,トップクォーター（株）,-,"=""03-3669-9000""",,"※番地無し、地図は正確ではありません。確認お願いします。
・場所：グーグルマップでは、山吹町81-23（遠山ビル）？
・2階部分",1620801
倉庫,R00176-023849,,,,空,アーカイブ(成約),無,385000,,地下階,1987年10月,港区南麻布3丁目の貸倉庫【25坪】,,東京都港区南麻布３丁目16-6,,,5.00,1.00,,,1.00,,83.84,25.36,15181,2025/10/09,"2025/02/06 10:56","2025/11/27 10:35",先物(仲介),,（株）きふね,-,"=""03-5792-5460""",,"・地下1階部分
※2025/1/10　広告確認中のためマッチングのみ｜(株)きふね
・2025/02/04　大森さん物確→今はB1しか募集していない
※2025/2/6　広告確認中のためマッチングのみ｜(株)きふね",1060047
倉庫,R00176-025167,,,,空,公開可,無,330000,,階,1966年05月,群馬県高崎市井野町の貸倉庫【105坪】,,群馬県高崎市井野町714,11000,,1.00,1.00,,,1.00,4297.55,349.92,105.85,3118,2026/01/14,"2025/11/27 09:38","2025/11/27 10:22",先物(仲介),,株式会社センチュリーダイソー,小林,"=""03-6441-2258""",空有,"■2025/11/27　掲載依頼物件｜担当：小林さん
　◎オーナー様情報
　　会社：横田ボード株式会社
　　担当：横田様
　　電話：090-7725-2858（入電は027-361-3456より）
　◎元付情報
　　近代産業（株）｜027-362-5675
",3700004
貸地,R00176-024842,,,,更地,アーカイブ(成約),無,500000,,階,-,八王子市石川町の貸地【292坪】,,東京都八王子市石川町2791,,,1.00,1.00,,,0.50,967.00,,292.51,1710,2025/10/16,"2025/09/12 10:00","2025/11/27 09:54",先物(仲介),,（有）エム・ケーコーポレーション,-,"=""042-626-8555""",,所在地：石川町2791、2797,1920032
倉庫,R00176-024242,,,,空,アーカイブ(成約),無,495000,,階,1990年08月,さいたま市岩槻区加倉1丁目の貸倉庫【150坪】,,埼玉県さいたま市岩槻区加倉１丁目33-28,,,3.00,1.00,,,1.00,462.81,495.87,150,3300,2025/11/26,"2025/04/28 09:37","2025/11/26 17:50",先物(仲介),,株式会社ビーズ,-,"=""048-263-2882""",空有,2025/11　祷さん契約予定,3390056
工場,R00176-024682,,,,空,アーカイブ(成約),無,2420000,,階,1996年12月,八潮市大字西袋の貸工場【356坪】,,埼玉県八潮市大字西袋779-1,,,,1.00,3.00,,1.00,,1180.00,356.95,6780,2025/11/26,"2025/08/06 11:42","2025/11/26 15:56",先物(仲介),,（株）タープ不動産,-,"=""03-5844-6300""",空有,,3400833
倉庫,R00176-024473,,,,居住中,アーカイブ(成約),無,1386300,,階,2024年07月,松戸市松戸新田の貸倉庫【280坪】,,千葉県松戸市松戸新田558-4,,,,1.00,4.00,,,,925.93,280.09,4950,2025/11/26,"2025/06/17 10:44","2025/11/26 15:48",先物(仲介),,株式会社拓洋,-,"=""048-995-4147""",,,2702241
貸地,R00176-023072,,,,更地,アーカイブ(成約),無,350000,,階,-,四街道市鹿放ケ丘の貸地【729坪】,,千葉県四街道市鹿放ケ丘427-1,,,1.00,1.00,,,1.00,2410.00,,729.02,481,2025/11/26,"2024/08/27 13:09","2025/11/26 15:38",先物(仲介),,有限会社大日総業,-,"=""043-259-6284""",,,2840008
貸地,R00176-024591,,,,更地,アーカイブ(成約),無,300000,,階,-,さいたま市岩槻区大字岩槻の貸地【290坪】,,埼玉県さいたま市岩槻区大字岩槻5184,,,1.00,1.00,,,1.00,959.00,,290.09,1035,2025/11/25,"2025/07/15 15:08","2025/11/25 17:59",先物(仲介),,（株）仁,-,"=""048-797-9517""",,"2025.7.18　本管の引込み前面道路まではきているので、テナント様の方で敷地に引込可能。洗車相談可。
※2025/7/15　at-home転載可物件｜(株)仁",3390061
事務所(建物一部),R00176-024734,,,,,保留,無,1474000,,2階,1989年12月,入間市宮寺貸倉庫,,埼玉県入間市宮寺4197,,,2.00,1.00,,,,,1147.10,346.99,4248,2025/11/25,"2025/08/21 11:52","2025/11/25 17:38",先物(仲介),,（株）エイブル法人事業本部,-,"=""03-5414-0650""",,,3580014
倉庫,R00176-025034,,,,使用中,アーカイブ(成約),無,330000,,階,1990年05月,行田市持田2丁目の貸倉庫【100坪】,,埼玉県行田市持田２丁目3-13,,,2.00,2.00,,,1.00,,330.00,99.82,3306,2025/11/25,"2025/10/23 10:01","2025/11/25 15:40",先物(仲介),,■三光物産株式会社,-,"=""049-226-3535""",,,3610056
倉庫,R00176-024178,,,,空,アーカイブ(成約),無,275000,,階,1990年01月,草加市青柳６丁目の貸倉庫【23坪】,,埼玉県草加市青柳６丁目54-6,,,4.00,,,,1.00,,75.95,22.97,11970,2025/11/25,"2025/04/15 11:42","2025/11/25 08:53",自社,一般媒介,株式会社センチュリーダイソー,星,"=""03-6441-2258""",空有,"■2025/10/31
・「☆無料駐車スペース有」→「駐車スペース１台有（別途費用）」　へ変更
・備考追加→「駐車場１台15,000円」
・備考変更「■設備：エアコン・洋式トイレ・洗面台あり（残置物）」
　→「エアコン（残置物）・洋式トイレあり」　へ変更
・備考の「■鍵交換：相談」→削除
・面積→154.00㎡から75.95㎡へ変更
・金額→33万円→27万5,000円（税込）へ変更

■2025/8/26　賃料変更　38.5万円⇒33万円
　　　　　　　 条件変更　礼金1カ月⇒ 無、無料駐車スペース有
■2025/4/15　一般媒介物件｜担当：星さん
　JCビル1階部分",3400002
貸地,R00176-024182,,,,更地,アーカイブ(成約),無,297000,,階,-,さいたま市緑区大字大門の貸地【271坪】,,埼玉県さいたま市緑区大字大門1593-10,,,,1.00,4.00,,1.00,897.00,,271.34,1095,2025/11/21,"2025/04/15 12:16","2025/11/21 14:58",先物(仲介),,株式会社イコム,-,"=""048-799-3200""",,"2025/10/21　申込みあり　二番手可
2025.7.14　担当ヨシダ様
・地面は砂利と一部、土。　
・契約終わり最短、次第2～3週間で引渡し。
・普通借。
・入口が旗竿のように狭くなっている。

・ナビ住所：大門1593",3360963
倉庫,R00176-024631,,,,空,アーカイブ(成約),無,2400000,,階,1970年01月,三郷市彦江1丁目の貸倉庫【307坪】,,埼玉県三郷市彦江１丁目60,,,3.00,1.00,,,1.00,1792.94,1015.41,307.16,7814,2025/11/21,"2025/07/28 11:16","2025/11/21 14:51",先物(仲介),,有限会社住栄建設不動産,-,"=""048-955-6466""",,"2025/10/21　申込みあり　二番手可
※転載不可のためマッチングのみ｜(有)住栄建設不動産",3410058
倉庫,R00176-025051,,,,使用中,公開可,無,440000,,階,2013年11月,国分寺市東戸倉2丁目の貸倉庫【23坪】,,東京都国分寺市東戸倉２丁目2-7,,,,1.00,3.00,,1.00,,76.13,23.02,19107,2026/06/26,"2025/10/27 11:00","2025/11/20 17:34",先物(仲介),,タワーズプランニング（株）,-,"=""03-5217-3711""",空有,,1850002
貸地,R00176-024779,,,,更地,アーカイブ(成約),無,1180000,,階,-,相模原市中央区上溝の貸地【1480坪】,,神奈川県相模原市中央区上溝1118-1,,,2.00,1.00,,,,4894.00,,1480.43,798,2025/10/01,"2025/09/01 10:47","2025/11/20 16:24",先物(仲介),,有限会社ムラタカンパニー,-,"=""042-763-3953""",,"■2025/9/30　申し込み有
・住所：上溝1118-1、1119-1、1120-1
※2025/9/1　広告確認中のためマッチングのみ｜(有)ムラタカンパニー",2520243
貸地,R00176-023053,,,,,アーカイブ(成約),無,462000,,階,-,平塚市西八幡4丁目の貸地【351坪】,,神奈川県平塚市西八幡４丁目59-1,,,3.00,2.00,,,1.00,1162.00,,351.5,1315,2025/10/06,"2024/08/26 10:20","2025/11/20 16:16",先物(仲介),,有限会社湘南住販,-,"=""0463-23-3828""",,"■2025/10/06　二番手
・地番：西八幡4丁目59-1、-2、-3
・Googleマップ：平塚市西八幡4-3-11付近
■駐車場一括貸し希望｜元付：(有)湘南住販",2540073
貸地,R00176-023316,,,,更地,アーカイブ(成約),無,360000,,階,-,厚木市恩名1丁目の貸地【301坪】,,神奈川県厚木市恩名１丁目324,,,3.00,1.00,,,1.00,998.00,,301.89,1193,2025/10/06,"2024/10/17 11:34","2025/11/20 16:06",先物(仲介),,（株）県央三國屋　中町店,-,"=""046-223-6927""",,"■2025/10/01　賃料286,000円→360,000円に金額変更
・2025/7/1　募集中　現在工事中
・場所：グーグルマップでは、恩名1丁目17-18（厚木中央高等学校）の南側
2025/6/11 賃料３６万円",2430032
工場,R00176-023047,,,,空,アーカイブ(成約),無,2500000,,階,2000年09月,横浜市港北区新羽町の貸工場【276坪】,,神奈川県横浜市港北区新羽町2865,,,4.00,2.00,,,1.00,,913.53,276.34,9047,2025/10/22,"2024/08/23 11:06","2025/11/20 16:03",先物(仲介),,（株）司興業,-,"=""045-942-1651""",空有,■2025/10/02　一番手申し込みあり・2番手OK,2230057
工場,R00176-024416,,,,使用中,アーカイブ(成約),無,26000000,,階,2006年02月,坂戸市にっさい花みず木6丁目の貸工場【4455坪】,,埼玉県坂戸市にっさい花みず木６丁目22-1,,,8.00,1.00,,,,25637.62,14729.84,4455.77,5836,2025/09/26,"2025/06/03 11:05","2025/11/19 15:03",先物(仲介),,ジョーンズラングラサール（株）,-,"=""03-4361-1826""",空有,,3500269
貸地,R00176-025142,,,,,保留,無,380000,,階,-,藤沢市用田の貸地【344坪】,,神奈川県藤沢市用田989-1,3000,,3.00,1.00,,,,1140.00,,344.85,1102,2025/11/19,"2025/11/19 11:47","2025/11/19 12:57",先物(仲介),,（株）マリンボックス,-,"=""0466-41-2133""",,※2025/11/19　レインズ削除されているため公開保留中｜(株)マリンボックス,2520821
倉庫,R00176-024510,,,,築後未入居,公開可,無,3767040,,階,2025年06月,群馬県伊勢崎市三和町の貸倉庫【1007坪】,,群馬県伊勢崎市三和町2529,,,4.00,1.00,,,,,3329.70,1007.23,3740,2026/01/14,"2025/06/25 17:51","2025/11/18 18:03",自社,一般媒介,株式会社センチュリーダイソー,小林,"=""03-6441-2258""",,"■2025/9/17　賃料改定【修正前】3,500円／坪（税抜）【修正後】3,400円／坪（税抜）
■2025/6/25　一般媒介｜担当：小林さん",3720011
倉庫,R00176-024300,,,,空,公開可,無,99000,,階,1993年05月,群馬県高崎市井野町の貸倉庫【14坪】,,群馬県高崎市井野町714,3300,,1.00,1.00,,,1.00,4297.55,48.53,14.68,6744,2026/01/14,"2025/05/13 12:45","2025/11/18 18:03",先物(仲介),,株式会社センチュリーダイソー,小林,"=""03-6441-2258""",空有,"■2025/5/13　掲載依頼物件｜担当：小林さん
　◎オーナー様情報
　　会社：横田ボード株式会社
　　担当：横田様
　　電話：090-7725-2858（入電は027-361-3456より）
　◎元付情報
　　近代産業（株）｜027-362-5675
",3700004
倉庫,R00176-024564,,,,使用中,アーカイブ(成約),無,4400000,,階,1970年10月,相模原市南区大野台1丁目の貸倉庫【772坪】,,神奈川県相模原市南区大野台１丁目5-11,9900,,4.00,1.00,,,,3636.36,2552.07,772,5700,2025/11/21,"2025/07/08 09:57","2025/11/18 17:48",先物(仲介),,株式会社シーアールイー　本社,-,"=""03-5572-6604""",,,2520331
事務所(建物一部),R00176-024984,,,,,アーカイブ(成約),無,1595000,,1階,1989年10月,川崎市高津区二子6丁目の貸事務所【267坪】,,神奈川県川崎市高津区二子６丁目14-10,,,6.00,,,,,,882.71,267.01,5974,2025/10/16,"2025/10/16 09:51","2025/11/18 16:19",先物(仲介),,三鬼商事株式会社,-,"=""045-662-5221""",,,2130002
貸地,R00176-024198,,,,更地,アーカイブ(成約),無,279400,,階,-,八潮市大字鶴ケ曽根の貸地【254坪】,,埼玉県八潮市大字鶴ケ曽根1862-1,,,508000,1.00,,,1.00,840.00,,254.1,1100,2025/11/17,"2025/04/18 10:35","2025/11/17 16:17",先物(仲介),,エンクルレント（株）八潮店,-,"=""048-999-4664""",,,3400802
倉庫,R00176-024877,,,,空,アーカイブ(成約),無,330000,,階,2013年10月,東松山市大字毛塚の貸倉庫【57坪】,,埼玉県東松山市大字毛塚578-1,,,4.00,2.00,,,,1057.00,190.00,57.47,5742,2025/11/17,"2025/09/24 10:36","2025/11/17 16:03",先物(仲介),,有限会社　ヒロックス,-,"=""048-660-5588""",空有,,3550064
倉庫,R00176-025130,,,,空,アーカイブ(成約),無,385000,,階,1979年03月,足立区西伊興4丁目の貸倉庫【80坪】,,東京都足立区西伊興４丁目10-22,,,2.00,1.00,,,1.00,,266.64,80.65,4774,2025/11/17,"2025/11/14 10:53","2025/11/17 15:27",先物(仲介),,（株）サンネット,-,"=""03-5823-5011""",空有,,1210824
貸地,R00176-023973,,,,更地,アーカイブ(成約),無,341000,,階,-,茅ヶ崎市行谷の貸地【348坪】,,神奈川県茅ヶ崎市行谷1092-4,,,,2.00,3.00,,0.50,1152.00,,348.48,979,2025/10/31,"2025/03/03 10:28","2025/11/14 16:01",先物(仲介),,株式会社加瀬テナントサービス,-,"=""045-534-8232""",,"■2025/10/1　一括と分割で募集中
・場所：グーグルマップでは、行谷1090-9（茅ケ崎警察署 小出駐在所）の西側
・所在地：1092-4、他",2530007
倉庫,R00176-024876,,,,空,アーカイブ(成約),無,350000,,1階,1997年06月,高座郡寒川町倉見の貸倉庫【96坪】,,神奈川県高座郡寒川町倉見871-4,,,,1.00,1000000,,,,320.28,96.88,3613,2025/11/11,"2025/09/24 10:25","2025/11/12 13:45",先物(仲介),,（株）中央不動産,-,"=""0463-92-3666""",空有,"2025.11.11　契約予定
2025.10.16　１件申し込み有、2番手は可
・1階部分
・2025/9/24　at-home転載可物件｜(株)中央不動産",2530101
貸地,R00176-024698,,,,更地,アーカイブ(成約),無,275000,,階,-,比企郡滑川町大字福田の貸地【499坪】,,埼玉県比企郡滑川町大字福田914,,,2.00,,,,,1652.00,,499.73,551,2025/11/11,"2025/08/08 10:21","2025/11/11 16:03",先物(仲介),,ここみ不動産,-,"=""048-500-9593""",,,3550803
倉庫,R00176-024936,,,,空,アーカイブ(成約),無,385000,,階,1998年11月,三郷市仁蔵の貸倉庫【69坪】,,埼玉県三郷市仁蔵285-3,3300,,2.00,1.00,,,1.00,427.00,231.30,69.96,5503,2025/11/11,"2025/10/08 10:10","2025/11/11 15:57",先物(仲介),,飯島設計株式会社　資産管理部,-,"=""048-983-1110""",空有,"・A棟（連棟式を2分割しており、その一区画が賃貸区画）
※2025/10/8　広告確認中のためマッチングのみ｜飯島設計(株)",3410023
倉庫,R00176-024917,,,,使用中,アーカイブ(成約),無,638000,,階,1984年04月,さいたま市南区曲本3丁目の貸倉庫【39坪】,,埼玉県さいたま市南区曲本３丁目4-3,,,2.00,1.00,,,1.00,602.77,131.49,39.77,16040,2025/11/10,"2025/10/03 10:27","2025/11/10 16:19",先物(仲介),,共同住販（株）パンダハウス,-,"=""048-444-4000""",空有,"2025/11/6　取り壊し予定　
・曲本3丁目貸倉庫・軽作業所B
※2025/10/6　広告確認中のためマッチングのみ｜共同住販(株)",3360033
倉庫,R00176-024802,,,,空,アーカイブ(成約),無,330000,,階,1985年08月,本庄市寿2丁目の貸倉庫【156坪】,,埼玉県本庄市寿２丁目11-38,,,4.00,1.00,,,1.00,1027.98,518.83,156.94,2103,2025/11/10,"2025/09/03 10:10","2025/11/10 15:54",先物(仲介),,株式会社ビーズ,-,"=""048-263-2882""",空有,,3670023
倉庫,R00176-024787,,,,空,アーカイブ(成約),無,811800,,階,-,さいたま市南区松本４丁目の貸倉庫【124坪】,,埼玉県さいたま市南区松本４丁目20-1,,,1.00,1.00,,,0.25,,409.00,123.72,6562,2025/11/07,"2025/09/01 15:38","2025/11/07 15:51",先物(仲介),,（株）平和不動産※広告NG業者,-,"=""048-446-1000""",空有,※広告NG業者のためマッチングのみ｜平和不動産,3360035
倉庫,R00176-024625,,,,空,アーカイブ(成約),無,440000,,階,2005年07月,川越市問屋町の貸倉庫【107坪】,,埼玉県川越市問屋町9-12,,,4.00,2.00,,,1.00,519.00,353.76,107.01,4112,2025/11/07,"2025/07/25 12:03","2025/11/07 15:24",先物(仲介),,■三光物産株式会社,-,"=""049-226-3535""",空有,,3500856
貸地,R00176-024407,,,,更地,アーカイブ(成約),無,550000,,階,-,八潮市大字八條の貸地【542坪】,,埼玉県八潮市大字八條2567,,,3.00,1.00,,,,1795.00,,542.98,1013,2025/11/07,"2025/06/02 11:01","2025/11/07 15:22",先物(仲介),,株式会社セイコービル管理,-,"=""048-924-5969""",,"※2025/10/8　広告確認中のためマッチングのみ｜(株)セイコービル管理
・2025.6.5　6末までテナント使用中、引渡し7月以降。トレーラーハウス相談可。インフラなし。
・所在地：2567他",3400801
事務所(建物一括),R00176-023523,,,,空,アーカイブ(成約),無,2255000,,階,2025年06月,さいたま市北区植竹町1丁目の貸事務所【158坪】,,埼玉県さいたま市北区植竹町１丁目120-2,,,,,22500000,,,492.05,523.92,158.48,14229,2025/11/06,"2024/11/27 10:44","2025/11/06 16:31",先物(仲介),,株式会社令和,-,"=""045-883-0101""",空有,,3310813
貸地,R00176-023993,,,,その他,アーカイブ(成約),無,800000,,階,-,上尾市大字原市の貸地【1228坪】,,埼玉県上尾市大字原市2126-1,,,,1.00,10000000,,,4059.52,,1228,652,2025/11/06,"2025/03/05 11:10","2025/11/06 16:26",先物(仲介),,有限会社林企画,-,"=""090-8686-9537""",,"2025/10/2　周辺住宅地の為、業種限られる。
【所在地】埼玉県上尾市大字原市2126-1、2127、2128、2129
※2025/3/5　広告確認中のためマッチングのみ｜(有)林企画",3620021
倉庫,R00176-024858,,,,居住中,アーカイブ(成約),無,330000,,階,2010年04月,大和市下鶴間の貸倉庫【44坪】,,神奈川県大和市下鶴間2305-1,,,3.00,1.00,,,1.00,,145.73,44.08,7486,2025/11/05,"2025/09/18 09:44","2025/11/05 13:46",先物(仲介),,（株）グランドワーク,-,"=""046-274-9832""",空有,"・所在地枝番：2305-1,2306-1,2307-1各?部",2420001
工場,R00176-024804,,,,空,アーカイブ(成約),無,330000,,階,1967年05月,入間郡三芳町大字北永井の貸工場【185坪】,,埼玉県入間郡三芳町大字北永井935,22000,,,1.00,3.00,,,,611.16,184.87,1785,2025/11/04,"2025/09/03 10:38","2025/11/04 18:01",先物(仲介),,株式会社リテラス,-,"=""03-6915-7922""",空有,2025/10/23　申込み1件あり,3540044
工場,R00176-024209,,,,使用中,保留,無,790000,,階,1981年06月,加須市花崎の貸工場【188坪】,,埼玉県加須市花崎1289-6,,,2.00,1.00,,,1.00,1031.00,624.23,188.82,4184,2025/11/04,"2025/04/21 09:37","2025/11/04 17:37",先物(仲介),,謝藤開発株式会社,-,"=""048-222-5548""",空有,,3470032
貸地,R00176-023497,,,,更地,公開可,無,900000,,階,-,白井市河原子の貸地【1787坪】,,千葉県白井市河原子240-5,,,,1.00,5.00,,1.00,5909.00,,1787.47,504,2026/07/27,"2024/11/22 10:51","2025/11/04 17:29",先物(仲介),,ｉｓｔ（株）,-,"=""03-5913-8403""",,※2024/11/22　at-home転載可物件｜ｉｓｔ（株）,2701403
貸地,R00176-023948,,,,更地,保留,無,362700,,階,-,平塚市田村2丁目の貸地【402坪】,,神奈川県平塚市田村２丁目4800-1,15000,,,1.00,3.00,,1.00,1331.00,,402.62,901,2025/11/25,"2025/02/26 09:40","2025/11/04 12:05",先物(仲介),,有限会社インテリアプランニング※広告NG・業者,-,"=""03-6820-6462""",,"・Googleマップ枝番：14
　※近隣住所：神奈川県平塚市?村2丁?11の18付近
※2025/11/4　掲載NG業者｜(有)インテリアプランニング",2540013
倉庫,R00176-025069,,,,居住中,保留,無,660000,,階,1992年03月,厚木市岡田の貸倉庫【104坪】,,神奈川県厚木市岡田3122,16500,,,1.00,4.00,,1.00,640.13,345.00,104.36,6325,2025/11/14,"2025/10/30 10:25","2025/11/04 11:55",先物(仲介),,有限会社インテリアプランニング※広告NG・業者,-,"=""03-6820-6462""",空有,※2025/11/4　掲載NG（オーナー様より指摘あり）｜インテリアプランニング様よりクレーム連絡あり,2430021
工場,R00176-025077,,,,空,保留,無,440000,,階,1969年09月,大田区千鳥1丁目の貸工場【97坪】,,東京都大田区千鳥１丁目13-12,,,3.00,1.00,,,1.00,,320.85,97.05,4534,2025/11/07,"2025/11/04 10:13","2025/11/04 10:47",先物(仲介),,（有）シティプラン,-,"=""03-3754-4935""",無,※2025/11/4　レインズから消えているため公開保留中｜(有)シティプラン,1460083
倉庫,R00176-024633,,,,空,保留,無,92400,,階,1969年12月,熊谷市小江川の貸倉庫【17坪】,,埼玉県熊谷市小江川,,,1.00,1.00,,,1.00,303.66,57.85,17.49,5281,2025/11/04,"2025/07/28 12:54","2025/11/04 09:52",自社,一般媒介,株式会社センチュリーダイソー,星,"=""03-6441-2258""",空有,"2025/11/04　成約済　非表示依頼
■2025/7/28　一般媒介物件｜担当：星",3600103
倉庫,R00176-025073,,,,居住中,保留,無,385000,,1階,2004年08月,厚木市中依知の貸倉庫【65坪】,,神奈川県厚木市中依知113-1,,,1.00,1.00,,,1.00,,215.00,65.03,5920,2025/10/31,"2025/10/31 09:47","2025/10/31 13:13",先物(仲介),,（有）スズキエンタープライズ,-,"=""046-245-8181""",空有,※2025/10/30　at-homeから削除されているため公開保留中｜(有)スズキエンタープライズ,2430805
倉庫,R00176-024596,,,,使用中,アーカイブ(成約),無,3748600,,階,1964年06月,千葉市稲毛区山王町の貸倉庫【757坪】,,千葉県千葉市稲毛区山王町150-1,,,4.00,1.00,,,,4550.45,2503.44,757.29,4951,2025/10/30,"2025/07/17 11:02","2025/10/30 17:55",先物(仲介),,（株）タープ不動産,-,"=""03-5844-6300""",空有,,2630002
貸地,R00176-023269,,,,更地,公開可,無,300000,,階,-,市川市曽谷の貸地【387坪】,,千葉県市川市曽谷４丁目18,,,1.00,2.20,,,0.50,1282.00,,387.8,774,2026/07/27,"2024/10/08 11:01","2025/10/30 17:40",先物(仲介),,ＲＥＲ　Ａｇｅｎｃｙ（株）,-,"=""03-4590-0249""",,"2024.11.19　担当サンペイ様080-9361-0888　
大型車両が進入できる間口について→大型車両の免許持ってないから分からない。現地見てくださいとのこと。",2720832
貸地,R00176-024902,,,,更地,公開可,無,400000,,階,-,千葉市中央区星久喜町の貸地【235坪】,,千葉県千葉市中央区星久喜町570-1,,,,1.00,3.00,,1.00,780.00,,235.95,1696,2026/07/27,"2025/09/29 10:10","2025/10/30 17:37",先物(仲介),,株式会社ＨｅａｒｔＹ,-,"=""0436-63-5343""",,2025/10/30　仮申込み1件あり,2600808
店舗(建物一括),R00176-024350,,,,使用中,アーカイブ(成約),無,550000,,階,1980年04月,東村山市富士見町3丁目の貸店舗【85坪】,,東京都東村山市富士見町３丁目29-5,,,,2.00,4.00,,1.00,284.89,282.12,85.34,6445,2025/06/19,"2025/05/20 12:50","2025/10/29 09:30",先物(仲介),,店舗流通サービス（株）,-,"=""042-525-1000""",空有,※2025/5/20　広告確認中のためマッチングのみ｜店舗流通サービス（株）,1890024
店舗事務所(建物一括),R00176-024460,,,,空,アーカイブ(成約),無,330000,,階,2016年09月,東村山市秋津町2丁目の貸店舗・事務所【36坪】,,東京都東村山市秋津町２丁目15-5,,,,,1500000,,,,121.98,36.89,8944,2025/07/30,"2025/06/13 11:42","2025/10/29 09:27",先物(仲介),,（株）吉川不動産,-,"=""042-391-1111""",空有,,1890001
店舗事務所(建物一部),R00176-023087,,,,空,アーカイブ(成約),無,330000,,1階,1987年04月,日野市旭が丘2丁目の貸店舗・事務所【21坪】,,東京都日野市旭が丘２丁目7-6,,11000,,1.00,6.00,1.00,1.00,,70.70,21.38,15431,2025/06/23,"2024/08/30 11:59","2025/10/29 09:22",先物(仲介),,株式会社ハウスメイトマネジメント,-,"=""03-3590-0566""",空有,,1910065
倉庫,R00176-024718,,,,使用中,アーカイブ(成約),無,1650000,,階,2002年10月,町田市南町田3丁目の貸倉庫【264坪】,,東京都町田市南町田３丁目12,,,6.00,1.00,,,1.00,1325.91,873.20,264.14,6247,2025/08/25,"2025/08/19 14:22","2025/10/29 09:19",先物(仲介),,有限会社　古木不動産,-,"=""046-277-9381""",空有,,1940005
倉庫,R00176-024641,,,,空,アーカイブ(成約),無,350000,,階,1999年10月,町田市野津田町の貸倉庫【31坪】,,東京都町田市野津田町78-1,,,,1.00,3.00,,,299.72,104.13,31.49,11112,2025/07/29,"2025/07/29 10:45","2025/10/29 09:17",先物(仲介),,(有)角屋商事,-,"=""042-735-5207""",,,1950063
工場,R00176-024072,,,,空,アーカイブ(成約),無,418000,,階,1988年01月,青梅市新町5丁目の貸工場【110坪】,,東京都青梅市新町５丁目32-6,,,500000,418000,,,,762.16,365.09,110.43,3785,2025/06/06,"2025/03/21 13:23","2025/10/29 09:08",先物(仲介),,有限会社勇不動産コンサルタント,-,"=""042-643-3311""",空有,・1-2階一部分,1980024
倉庫,R00176-024388,,,,,アーカイブ(成約),無,1056000,,階,-,さいたま市北区吉野町2丁目の貸倉庫【199坪】,,埼玉県さいたま市北区吉野町２丁目174-14,,,4.00,1.00,,,,1090.92,660.00,199.65,5290,2025/10/28,"2025/05/28 10:29","2025/10/28 17:44",先物(仲介),,株式会社トラスト,-,"=""03-5832-9959""",空有,,3310811
店舗事務所(建物一括),R00176-023466,,,,空,アーカイブ(成約),無,550000,,階,2018年01月,所沢市大字中富の貸店舗・事務所【43坪】,,埼玉県所沢市大字中富1654-1,,,3.00,2.00,,,,,142.18,43,12788,2025/10/28,"2024/11/18 09:56","2025/10/28 15:45",先物(仲介),,（株）Ｉ・コネクト東京,-,"=""03-6914-7801""",空有,"2025/10/28　申込みあり　募集止め
※2024/11/18　広告確認中のためマッチングのみ｜(株)Ｉ・コネクト東京",3590002
店舗事務所(建物一部),R00176-024865,,,,使用中,アーカイブ(成約),無,303600,,1階,2003年02月,習志野市谷津6丁目の貸店舗・事務所【27坪】,,千葉県習志野市谷津６丁目21-12,,,,1.00,3.00,,1.00,,91.08,27.55,11020,2025/10/28,"2025/09/19 10:26","2025/10/28 13:16",先物(仲介),,（株）ハウスエージェント,-,"=""047-411-9200""",空有,・2025/9/19　マイソク広告可物件｜(株)ハウスエージェント,2750026
店舗(建物一部),R00176-024435,,,,使用中,アーカイブ(成約),無,330000,,1階,1990年08月,八王子市上川町の貸店舗【29坪】,,東京都八王子市上川町3468-4,,,2.00,2.00,,,,425.00,98.32,29.74,11096,2025/09/16,"2025/06/09 11:36","2025/10/27 15:45",先物(仲介),,（株）城南地所,-,"=""042-786-0008""",空有,・1階部分,1920151
工場,R00176-024116,,,,空,アーカイブ(成約),無,935000,,階,1991年05月,秩父郡長瀞町大字矢那瀬の貸工場【464坪】,,埼玉県秩父郡長瀞町大字矢那瀬918-1,,,2.00,2.00,,1.00,1.00,,1534.38,464.14,2015,2025/10/27,"2025/04/02 10:50","2025/10/27 15:20",先物(仲介),,ファーストリンク株式会社,-,"=""045-511-7197""",空有,,3691301
貸地,R00176-024624,,,,,アーカイブ(成約),無,5500000,,階,-,狭山市新狭山1丁目の貸地【10129坪】,,埼玉県狭山市新狭山１丁目3-5,,,2.00,,,,,33487.13,,10129.85,543,2025/10/27,"2025/07/25 11:17","2025/10/27 14:49",先物(仲介),,アーバンシステム管理株式会社,-,"=""03-3643-8130""",,"■2025/9/25　定期契約1年のみでもよければ（おそらく更新不可）
■2025/07/25　
物件概要の㎡数は誤り。建築不可。
分割貸し不可（駐車場と資材置場に分けて使うのは良いが、箱で借りて欲しい）",3501331
倉庫,R00176-023945,,,,空,アーカイブ(成約),無,440000,,階,1987年04月,立川市錦町6丁目の貸倉庫【84坪】,,東京都立川市錦町６丁目20-21,,,4.00,1.00,,,,261.34,280.72,84.91,5182,2025/06/11,"2025/02/25 11:03","2025/10/27 11:43",先物(仲介),,（株）なかやま不動産,-,"=""042-525-2510""",空有,20250/06/11　物確→申込有,1900022
店舗事務所(建物一部),R00176-023741,,,,空,アーカイブ(成約),無,330000,,1階,1988年10月,立川市栄町6丁目の貸店舗・事務所【27坪】,,東京都立川市栄町６丁目9-15,,,,,6.00,,1.00,,90.00,27.22,12122,2025/06/09,"2025/01/16 13:13","2025/10/27 11:42",先物(仲介),,エイカ商事（株）,-,"=""042-519-1662""",,"・101
※2025/1/16　レインズ広告可物件｜エイカ商事（株）",1900003
店舗事務所(建物一括),R00176-024348,,,,空,アーカイブ(成約),無,10759925,,階,1994年11月,八王子市横山町の貸店舗・事務所【889坪】,,東京都八王子市横山町19-4,,,10.00,,,,,,2939.68,889.25,12100,2025/08/04,"2025/05/20 11:43","2025/10/27 11:38",先物(仲介),,トーセイ・コミュニティ（株）,-,"=""0570-025-352""",空有,,1920081
店舗事務所(建物一括),R00176-023789,,,,使用中,アーカイブ(成約),無,1540000,,階,1993年09月,小金井市桜町3丁目の貸店舗・事務所【141坪】,,東京都小金井市桜町３丁目4,,,,1.00,6.00,,1.00,909.03,468.00,141.57,10879,2025/06/09,"2025/01/27 11:41","2025/10/24 17:49",先物(仲介),,（株）エフ・アンド・ビー,-,"=""03-5775-7300""",空有,"・場所：グーグルマップでは、桜町3丁目4-2（ドンドンダウンオンウェンズデイ 小金井店）
・2025.6.9申込２件（うち１件A宮本さん）",1840005
倉庫,R00176-024463,,,,空,アーカイブ(成約),無,1585861,,4階,1992年11月,江戸川区臨海町4丁目の貸倉庫【171坪】,,東京都江戸川区臨海町４丁目2-2,,,3.00,1.00,,,1.00,,567.40,171.63,9240,2025/08/25,"2025/06/13 12:55","2025/10/24 10:19",先物(仲介),,ティーエントランス株式会社,-,"=""03-3538-8500""",空有,・4階部分,1340086
倉庫,R00176-024462,,,,使用中,アーカイブ(成約),無,3020688,,階,1992年11月,江戸川区臨海町4丁目の貸倉庫【343坪】,,東京都江戸川区臨海町４丁目2-2,,,3.00,1.00,,,1.00,,1134.80,343.27,8800,2025/06/13,"2025/06/13 12:55","2025/10/24 10:18",先物(仲介),,ティーエントランス株式会社,-,"=""03-3538-8500""",空有,・4-5階部分,1340086
倉庫,R00176-024461,,,,空,アーカイブ(成約),無,1604740,,5階,1992年11月,江戸川区臨海町4丁目の貸倉庫【171坪】,,東京都江戸川区臨海町４丁目2-2,,,3.00,1.00,,,,,567.40,171.63,9350,2025/08/04,"2025/06/13 11:50","2025/10/24 10:18",先物(仲介),,ティーエントランス株式会社,-,"=""03-3538-8500""",空有,・5階部分,1340086
倉庫,R00176-024181,,,,空,アーカイブ(成約),無,412500,,1階,2009年02月,江戸川区南小岩3丁目の貸倉庫【40坪】,,東京都江戸川区南小岩３丁目7-8,,,,825000,6.00,,,,133.84,40.48,10189,2025/06/19,"2025/04/15 11:56","2025/10/24 10:17",先物(仲介),,（有）寺村不動産　錦糸町店,-,"=""03-5608-0018""",空有,,1330056
倉庫,R00176-023389,,,,使用中,アーカイブ(成約),無,770000,,階,1976年04月,江戸川区南葛西4丁目の貸倉庫【87坪】,,東京都江戸川区南葛西４丁目21-8,,,,2.00,3.00,,1.00,,287.76,87.04,8846,2025/09/02,"2024/11/01 10:36","2025/10/24 10:15",先物(仲介),,（株）タープ不動産,-,"=""03-5844-6300""",空有,,1340085
倉庫,R00176-024740,,,,使用中,アーカイブ(成約),無,1120000,,階,1987年08月,江戸川区春江町2丁目の貸倉庫【160坪】,,東京都江戸川区春江町２丁目40-10,,,4.00,2.00,,,1.00,,531.52,160.78,6966,2025/09/18,"2025/08/22 10:01","2025/10/24 10:06",先物(仲介),,有限会社郷商事,-,"=""03-3622-2544""",空有,,1320003
工場,R00176-024288,,,,居住中,アーカイブ(成約),無,330000,,階,1978年06月,江戸川区中央2丁目の貸工場【44坪】,,東京都江戸川区中央２丁目18-3,,,2.00,1.00,,,,,147.42,44.59,7401,2025/07/24,"2025/05/09 11:07","2025/10/24 10:00",先物(仲介),,(株)田島不動産※広告NG業者,-,"=""03-3653-6101""",無,2025.6.16　天井高不明だがおそらく5Mない。,1320021
工場,R00176-024359,,,,,アーカイブ(成約),無,1980000,,階,2005年01月,葛飾区東四つ木1丁目の貸工場【87坪】,,東京都葛飾区東四つ木１丁目21-5,,,,1.00,3.00,,1.00,,287.76,87.04,22747,2025/06/16,"2025/05/22 11:07","2025/10/24 09:52",先物(仲介),,（有）ビジョナリー,-,"=""03-5625-5850""",空有,,1240014
倉庫,R00176-024679,,,,空,アーカイブ(成約),無,1320000,,階,1987年01月,葛飾区新宿1丁目の貸倉庫【88坪】,,東京都葛飾区新宿１丁目13-10,,,6.00,2.00,,,1.00,661.15,290.95,88.01,14998,2025/09/11,"2025/08/05 11:30","2025/10/24 09:51",先物(仲介),,（株）Ｄｅｎｓｈｉｎ,-,"=""03-5846-9616""",,,1250051
倉庫,R00176-024875,,,,居住中,アーカイブ(成約),無,385000,,階,2021年08月,三郷市彦成5丁目の貸倉庫【60坪】,,埼玉県三郷市彦成５丁目266-1,,,2.00,2.00,,,1.50,365.15,198.30,59.98,6419,2025/10/23,"2025/09/24 10:13","2025/10/23 17:11",先物(仲介),,（株）ハウストゥエンティーワン,-,"=""048-958-6611""",,,3410003
工場,R00176-024297,,,,空,アーカイブ(成約),無,350000,,階,1973年10月,川口市宮町の貸工場【52坪】,,埼玉県川口市宮町1-8,,,2.00,1.00,,,1.00,136.87,172.28,52.11,6716,2025/10/23,"2025/05/13 10:33","2025/10/23 17:02",先物(仲介),,（株）秋山不動産,-,"=""048-299-8417""",無,※2025/9/2　広告NGのためマッチングのみ｜(株)秋山不動産,3320028
店舗事務所(建物一括),R00176-024243,,,,空,アーカイブ(成約),無,990000,,階,2000年12月,さいたま市岩槻区加倉4丁目の貸店舗・事務所【53坪】,,埼玉県さいたま市岩槻区加倉４丁目24-8,11000,,,1.00,4.00,,1.00,,177.05,53.55,18485,2025/10/23,"2025/04/28 09:48","2025/10/23 16:57",先物(仲介),,株式会社アースパワー,-,"=""048-688-3585""",空有,・2025/4/28　at-home転載可物件｜(株)アースパワー,3390056
貸地,R00176-024151,,,,更地,アーカイブ(成約),無,440000,,階,-,さいたま市岩槻区大字南下新井の貸地【577坪】,,埼玉県さいたま市岩槻区大字南下新井941-2,,,2.00,2.00,,,1.50,1909.00,,577.47,762,2025/10/23,"2025/04/10 10:04","2025/10/23 16:19",先物(仲介),,株式会社Ｔ－Ｌｉｆｅ,-,"=""048-264-7000""",,,3390032
倉庫,R00176-024873,,,,空,アーカイブ(成約),無,1980000,,階,2019年06月,越谷市新川町1丁目の貸倉庫【421坪】,,埼玉県越谷市新川町１丁目124-1,,,2.00,1.00,,,1.00,2218.30,1395.00,421.98,4693,2025/10/23,"2025/09/24 09:54","2025/10/23 15:37",先物(仲介),,（株）オーマイホーム　,-,"=""048-940-6728""",,"・場所：グーグルマップでは、新川町1-123
・売買販売中：B00176-001395



",3430852
倉庫,R00176-023739,,,,空,アーカイブ(成約),無,1650000,,階,1992年11月,足立区中央本町3丁目の貸倉庫【195坪】,,東京都足立区中央本町３丁目1-3,,,5.00,1.00,,1.00,1.00,465.94,645.67,195.31,8448,2025/10/23,"2025/01/16 11:45","2025/10/23 15:36",先物(仲介),,（株）立和コーポレーション　神奈川店,-,"=""042-759-5801""",空有,※2025/1/16　広告確認中のためマッチングのみ｜(株)立和コーポレーション,1210011
倉庫,R00176-024525,,,,空,アーカイブ(成約),無,2365320,,4階,1993年01月,足立区千住関屋町の貸倉庫【372坪】,,東京都足立区千住関屋町9-1,,78844,6.00,1.00,,,,,1230.11,372.1,6357,2025/09/04,"2025/06/30 10:31","2025/10/23 15:35",先物(仲介),,（有）山﨑ハウジング,-,"=""03-3882-2324""",,・1号倉庫、4階部分,1200024
倉庫,R00176-024411,,,,空,アーカイブ(成約),無,2200000,,階,1977年01月,足立区入谷9丁目の貸倉庫【506坪】,,東京都足立区入谷９丁目1-7,,,3.00,1.00,,,1.00,840.00,1675.68,506.89,4341,2025/08/04,"2025/06/03 10:15","2025/10/23 15:27",先物(仲介),,合同会社ニュースマイル,-,"=""048-229-3997""",空有,,1210836
倉庫,R00176-024446,,,,空,公開可,無,330000,,階,1997年09月,千葉市稲毛区小深町の貸倉庫【86坪】,,千葉県千葉市稲毛区小深町133-2,,,3.00,1.00,,,,,284.34,86.01,3837,2026/06/12,"2025/06/11 10:01","2025/10/23 15:26",先物(仲介),,日東不動産（株）,-,"=""043-246-4321""",空有,"2025.10.23　申込みあり
※2025/6/11　広告確認中のためマッチングのみ｜?東不動産（株）",2630003
事務所(建物一部),R00176-024030,,,,空,アーカイブ(成約),無,440000,,1階,1993年03月,足立区谷在家3丁目の貸事務所【46坪】,,東京都足立区谷在家３丁目8-4,,,2.00,1.00,,,1.00,,155.02,46.89,9383,2025/07/24,"2025/03/12 11:48","2025/10/23 15:25",先物(仲介),,まさひろ商事不動産(株),-,"=""03-3890-8314""",空有,"・場所：グーグルマップでは、谷在家3丁目8-12（三和食養研究所）
・1階部分
※2025/3/12　広告確認中のためマッチングのみ｜まさひろ商事不動産（株）",1230863
倉庫,R00176-024793,,,,使用中,アーカイブ(成約),無,385000,,1階,1990年09月,足立区西綾瀬1丁目の貸倉庫【35坪】,,東京都足立区西綾瀬１丁目,,,,1.00,3.00,,,,116.00,35.09,10972,2025/09/02,"2025/09/02 10:57","2025/10/23 15:21",先物(仲介),,（株）昇司不動産,-,"=""03-3628-1111""",,・Googleマップ枝番：3-5,1200014
工場,R00176-024042,,,,使用中,アーカイブ(成約),無,500000,,1階,1981年03月,足立区中川4丁目の貸工場【52坪】,,東京都足立区中川４丁目10-3,,,,3.00,,,1.00,,173.43,52.46,9531,2025/07/23,"2025/03/14 10:04","2025/10/23 15:19",先物(仲介),,都商事（株）,-,"=""03-3697-2181""",無,・1階部分,1200002
倉庫,R00176-024577,,,,空,アーカイブ(成約),無,2601852,,4階,1993年01月,足立区千住関屋町の貸倉庫【416坪】,,東京都足立区千住関屋町9-1,,86548,6.00,1.00,,,,,1376.29,416.32,6250,2025/08/18,"2025/07/10 10:58","2025/10/23 15:16",先物(仲介),,東京建物不動産販売　賃貸営業第二部,-,"=""03-6837-7535""",無,"・4階B
※2025/7/10　広告確認中のためマッチングのみ｜東京建物不動産販売（株）賃貸営業第?部リーシング第?グループ",1200024
倉庫,R00176-023385,,,,空,アーカイブ(成約),無,5157700,,4階,1993年01月,足立区千住関屋町の貸倉庫【744坪】,,東京都足立区千住関屋町9-1,,171923,6.00,1.00,,,,,2460.24,744.22,6931,2025/07/11,"2024/10/30 10:57","2025/10/23 15:15",先物(仲介),,（有）山﨑ハウジング,-,"=""03-3882-2324""",,・4階部分,1200024
店舗(建物一部),R00176-023779,,,,空,アーカイブ(成約),無,330000,,1階,1975年01月,足立区梅島3丁目の貸店舗【33坪】,,東京都足立区梅島３丁目26-14,,,2.00,1.00,,,1.50,,111.35,33.68,9798,2025/06/10,"2025/01/24 10:56","2025/10/23 15:09",先物(仲介),,グローバルエステート（株）梅島店,-,"=""03-5845-8357""",,,1210816
倉庫,R00176-024310,,,,空,アーカイブ(成約),無,990000,,2階,-,板橋区前野町1丁目の貸倉庫【205坪】,,東京都板橋区前野町１丁目29-10,11000,,,1.00,3.00,,,,678.40,205.21,4825,2025/07/29,"2025/05/14 11:26","2025/10/23 15:02",先物(仲介),,（株）タープ不動産,-,"=""03-5844-6300""",,・1号館2階部分,1740063
貸地,R00176-024524,,,,更地,公開可,無,350000,,階,-,流山市木2丁目の貸地【282坪】,,千葉県流山市木２丁目17-2,,,,1.00,4.00,,1.00,934.46,,282.67,1239,2026/07/27,"2025/06/30 10:26","2025/10/23 14:47",先物(仲介),,株式会社イコム,-,"=""048-799-3200""",,,2700162
貸地,R00176-023917,,,,その他,公開可,無,2110000,,階,-,鎌ケ谷市初富の貸地【2110坪】,,千葉県鎌ケ谷市初富800-535,,,3.00,1.00,,,1.00,6976.00,,2110.24,1000,2026/07/27,"2025/02/18 10:46","2025/10/23 14:44",先物(仲介),,有限会社スペースハウジング,-,"=""047-495-1688""",,,2730121
倉庫,R00176-023905,,,,空,アーカイブ(成約),無,187000,,階,1980年04月,川越市大字寺井の貸倉庫【34坪】,,埼玉県川越市大字寺井321,,,1.00,1.00,,,1.00,,113.84,34.43,5431,2025/10/23,"2025/02/17 11:08","2025/10/23 12:10",先物(仲介),,株式会社大進不動産流通センター,-,"=""049-222-8171""",空有,"・2025/9/19現在→募集中。内見可。
　立ち合いではないので、内見希望日をお電話にて連絡ください、との事でした。（大和）",3500854
倉庫,R00176-024864,,,,使用中,アーカイブ(成約),無,1541800,,階,1992年03月,八潮市大字二丁目の貸倉庫【291坪】,,埼玉県八潮市大字二丁目1093-3,,,4.00,1.00,,,,1067.10,963.76,291.53,5289,2025/10/23,"2025/09/19 10:18","2025/10/23 11:51",先物(仲介),,浦和中央倉庫株式会社,-,"=""048-863-3811""",空有,,3400811
工場,R00176-023260,,,,居住中,アーカイブ(成約),無,880000,,階,1999年06月,板橋区中丸町の貸工場【81坪】,,東京都板橋区中丸町41-3,,,,1.00,6.00,,1.00,,269.21,81.43,10807,2025/06/19,"2024/10/07 10:27","2025/10/22 17:02",先物(仲介),,（株）きふね,-,"=""03-5792-5460""",空有,"・1-2階部分
※2024/10/7　広告確認中のためマッチングのみ｜(株)きふね",1730026
店舗事務所(建物一部),R00176-023505,,,,空,アーカイブ(成約),無,363000,,1階,1989年02月,板橋区中丸町の貸店舗・事務所【24坪】,,東京都板橋区中丸町13-1,,37400,,,3.00,,1.00,,79.66,24.09,15065,2025/06/06,"2024/11/25 11:27","2025/10/22 17:01",先物(仲介),,株式会社フジホーム,渡邉：070-1526-7342,"=""03-6206-2831""",,※2024/11/25　マイソク広告可物件｜(株)フジホーム,1730026
倉庫,R00176-023638,,,,空,アーカイブ(成約),無,2310000,,階,1998年01月,板橋区志村3丁目の貸倉庫【107坪】,,東京都板橋区志村３丁目3-6,,,,,,,,1180.51,354.00,107.08,21572,2025/06/04,"2024/12/20 10:24","2025/10/22 17:00",先物(仲介),,ＵＴロジティクス（株）,戸田,"=""03-3258-1211""",,※2024/12/20　レインズ広告可物件｜UTロジスティクス（株）,1740056
倉庫,R00176-024751,,,,空,アーカイブ(成約),無,300000,,1階,1991年05月,板橋区熊野町の貸倉庫【43坪】,,東京都板橋区熊野町18-2,,10000,1.00,1.00,,,1.00,,145.00,43.86,6840,2025/08/25,"2025/08/25 11:24","2025/10/22 16:58",先物(仲介),,（株）ハウスステーション中央　ハウスステーション池袋店,-,"=""03-3590-2211""",空有,※広告NGのためマッチングのみ｜ハウスステーション池袋店,1730025
倉庫,R00176-024037,,,,使用中,アーカイブ(成約),無,6767000,,4階,2000年05月,荒川区南千住4丁目の貸倉庫【878坪】,,東京都荒川区南千住４丁目1-1,,,6.00,1.00,,,,,2905.30,878.85,7700,2025/06/17,"2025/03/13 11:37","2025/10/22 16:57",先物(仲介),,イーソーコ株式会社,-,"=""03-5439-9401""",,・4階部分（東・西側）,1160003
倉庫,R00176-024113,,,,空,アーカイブ(成約),無,1980000,,階,1982年09月,北区赤羽北2丁目の貸倉庫【386坪】,,東京都北区赤羽北２丁目,,,,2.20,6.00,,1.50,1036.24,1277.65,386.48,5124,2025/07/11,"2025/04/01 11:54","2025/10/22 16:52",先物(仲介),,（株）ハウシーズ,-,"=""03-3778-9881""",空有,"※マッチングのみ
・場所：グーグルマップでは、赤羽北2丁目2-22（東京紙工本社工場）",1150052
工場,R00176-024642,,,,空,アーカイブ(成約),無,330000,,階,1969年12月,豊島区高田1丁目の貸工場【39坪】,,東京都豊島区高田１丁目12-17,,,2.00,1.00,,,1.00,,131.80,39.86,8278,2025/08/04,"2025/07/29 10:54","2025/10/22 16:49",先物(仲介),,有限会社　佐久間不動産,-,"=""03-3203-3540""",,・1-2階部分,1710033
店舗(建物一括),R00176-023524,,,,空,アーカイブ(成約),無,990000,,階,2023年02月,中野区中野5丁目の貸店舗【30坪】,,東京都中野区中野５丁目49-6,,,,2.00,6.00,,1.00,,100.10,30.28,32695,2025/06/05,"2024/11/27 10:58","2025/10/22 15:55",先物(仲介),,（株）松崎ハウジング　新井店,-,"=""03-3388-6666""",,,1640001
店舗(建物一部),R00176-023371,,,,空,アーカイブ(成約),無,704000,,1階,1974年01月,中野区中央1丁目の貸店舗【37坪】,,東京都中野区中央１丁目35-1,,,1280000,1408000,,,1.00,,123.16,37.25,18897,2025/06/05,"2024/10/28 11:34","2025/10/22 15:53",先物(仲介),,ｘＬＩＮＫ　バイリンク（株）東京支社,-,"=""03-5521-8707""",,"業者が変わった為、物件確認は

・101号室
※2024/10/28　自社HP掲載可物件｜貸主：バイリンク（株）東京支社",1640011
店舗(建物一部),R00176-023899,,,,空,アーカイブ(成約),無,825000,,階,1985年01月,渋谷区本町3丁目の貸店舗【31坪】,,東京都渋谷区本町３丁目41-11,,,,1.00,10.00,,1.00,,105.02,31.76,25970,2025/07/30,"2025/02/14 11:41","2025/10/22 15:26",先物(仲介),,株式会社イリオス,-,"=""03-5990-5767""",,"・1-2階部分
※2025/2/14　広告確認中のためマッチングのみ｜(株)イリオス",1510071
倉庫,R00176-022976,,,,空,アーカイブ(成約),無,400000,,1階,1984年01月,世田谷区岡本1丁目の貸倉庫【38坪】,,東京都世田谷区岡本１丁目29-5,,,2.00,1.00,,,,,127.17,38.46,10399,2025/06/09,"2024/08/05 10:53","2025/10/22 15:22",先物(仲介),,（株）アクセス,-,"=""03-3700-5010""",空有,※2024/8/5　広告確認中のためマッチングのみ｜(株)アクセス,1570076
倉庫,R00176-023181,,,,居住中,保留,無,484000,,階,1950年01月,荒川区東日暮里6丁目の貸倉庫【72坪】,,東京都荒川区東日暮里６丁目,,,,1.00,3.00,,1.00,,240.38,72.71,6657,2025/10/22,"2024/09/20 10:30","2025/10/22 09:40",先物(仲介),,（株）笠原　日暮里店,-,"=""03-5850-6701""",,"※2024/9/20　場所不明のため公開保留中｜(株)笠原 ?暮?店※",1160014
店舗(建物一括),R00176-023162,,,,居住中,アーカイブ(成約),無,385000,,階,2001年11月,春日部市南中曽根の貸店舗・事務所【97坪】,,埼玉県春日部市南中曽根635-1,50000,,,1.00,5.00,,1.00,258.06,321.51,97.25,3959,2025/10/21,"2024/09/18 10:07","2025/10/21 16:05",先物(仲介),,大栄興産（株）,-,"=""048-754-5411""",空有,2025/10/21　オーナーより貸し止め,3440048
店舗事務所(建物一部),R00176-023586,,,,空,アーカイブ(成約),無,1188000,,1階,2025年03月,世田谷区千歳台4丁目の貸店舗・事務所【60坪】,,東京都世田谷区千歳台４丁目30-11,,,6.00,1.00,,,1.10,496.70,199.76,60.42,19660,2025/08/01,"2024/12/06 11:17","2025/10/21 15:39",先物(仲介),,株式会社コタニ興業,-,"=""045-593-2781""",空有,2025.3.14　駐車台数MAX4台、別途契約可。,1570071
倉庫,R00176-024530,,,,空,アーカイブ(成約),無,1848000,,階,1968年03月,綾瀬市深谷上7丁目の貸倉庫【394坪】,,神奈川県綾瀬市深谷上７丁目25-3,,,,,3.00,,,1685.88,1303.18,394.21,4688,2025/10/21,"2025/07/01 09:37","2025/10/21 12:11",先物(仲介),,（株）オフ・タイム,-,"=""045-322-5080""",空有,"※追加で1件内見有り。2025.9.30
※1番手有り。2025.9.5",2521108
店舗事務所(建物一部),R00176-024616,,,,空,アーカイブ(成約),無,396000,,1階,1990年01月,大田区萩中3丁目の貸店舗・事務所【43坪】,,東京都大田区萩中３丁目28-11,,,,1.10,6.00,,1.00,,143.19,43.31,9143,2025/07/23,"2025/07/23 10:59","2025/10/21 12:06",先物(仲介),,（株）シティ・ハウジング　糀谷本店,-,"=""050-3615-8765""",空有,,1440047
工場,R00176-024639,,,,居住中,アーカイブ(成約),無,1265000,,階,1982年04月,川崎市高津区久地3丁目の貸工場【192坪】,,神奈川県川崎市高津区久地３丁目7-34,,,5.00,1.00,,,1.00,,637.16,192.74,6564,2025/10/21,"2025/07/29 10:18","2025/10/21 12:06",先物(仲介),,（株）石塚商事,-,"=""044-822-2319""",,申込１件あり（２番手案内可だがかたい）2025.9.30,2130032
工場,R00176-023154,,,,空,アーカイブ(成約),無,5500000,,階,1978年02月,大田区京浜島2丁目の貸工場【152坪】,,東京都大田区京浜島２丁目12-4,,,,1.00,,,,1112.92,504.01,152.46,36075,2025/06/10,"2024/09/13 10:53","2025/10/21 11:46",先物(仲介),,コリアーズ・インターナショナル・ジャパン株式会社,-,"=""03-4540-8600""",,,1430003
店舗事務所(建物一部),R00176-024527,,,,使用中,アーカイブ(成約),無,607200,,階,1991年01月,大田区上池台5丁目の貸店舗・事務所【92坪】,,東京都大田区上池台５丁目6-17,,,,1.00,4.00,,1.00,,305.31,92.35,6575,2025/06/30,"2025/06/30 11:01","2025/10/21 11:27",先物(仲介),,（株）扇屋,-,"=""045-241-7833""",空有,※2025/6/30　広告確認中のためマッチングのみ｜(株)扇屋,1450064
倉庫,R00176-024644,,,,空,アーカイブ(成約),無,341000,,1階,1982年12月,大田区大森中3丁目の貸倉庫【25坪】,,東京都大田区大森中３丁目27-7,,,,1.00,3.00,,1.00,,85.64,25.9,13163,2025/10/21,"2025/07/29 11:15","2025/10/21 11:07",先物(仲介),,株式会社シティ・ハウジング?テナントセンター,-,"=""03-3745-0228""",,,1430014
倉庫,R00176-023995,,,,空,アーカイブ(成約),無,605000,,1階,1978年07月,品川区南大井2丁目の貸倉庫【69坪】,,東京都品川区南大井２丁目12-10,,,4.00,1.00,,1.00,1.00,,228.11,69,8768,2025/07/08,"2025/03/06 09:56","2025/10/21 10:23",先物(仲介),,（有）グッドウィル　,-,"=""045-943-1783""",,R00176-023920の一部分貸し,1400013
倉庫,R00176-023920,,,,空,アーカイブ(成約),無,900000,,1階,1978年07月,品川区南大井2丁目の貸倉庫【82坪】,,東京都品川区南大井２丁目12-10,,,4.00,1.00,,1.00,1.00,,273.19,82.63,10891,2025/07/08,"2025/02/18 11:13","2025/10/21 10:23",先物(仲介),,（有）グッドウィル　,-,"=""045-943-1783""",,分割でも募集中→R00176-023995,1400013
倉庫,R00176-023301,,,,空,アーカイブ(成約),無,1755930,,4階,1975年01月,品川区勝島1丁目の貸倉庫【266坪】,,東京都品川区勝島１丁目,292655,,,,12291510,,,,879.52,266.05,6600,2025/09/16,"2024/10/15 12:15","2025/10/20 16:25",先物(仲介),,トップクォーター（株）,-,"=""03-3669-9000""",,"・C-409、410、411、412
・住所：勝島1丁目4-11

トップクォーター（株）／03-3669-9000
物件担当：トガミ様",1400012
倉庫,R00176-024145,,,,空,アーカイブ(成約),無,7378800,,階,1994年03月,江東区若洲2丁目の貸倉庫【1032坪】,,東京都江東区若洲２丁目,,,6.00,1.00,,,,2062.01,3414.87,1032.99,7144,2025/08/18,"2025/04/08 11:40","2025/10/20 16:21",先物(仲介),,ロジソーコ　ゼクス（株）,-,"=""047-468-8685""",,・枝番：5-11,1360083
店舗事務所(建物一部),R00176-023006,,,,空,アーカイブ(成約),無,407000,,1階,1987年07月,江東区東砂6丁目の貸店舗・事務所【36坪】,,東京都江東区東砂６丁目7-6,,11000,,,4.00,,1.00,,122.19,36.96,11012,2025/06/06,"2024/08/19 11:03","2025/10/20 16:17",先物(仲介),,,-,"=""佐々木：070-1381-9580""",空有,※2024/8/19　レインズ広告可物件｜(株)フジホーム,1360074
倉庫,R00176-024517,,,,空,アーカイブ(成約),無,660000,,階,1986年11月,江東区辰巳3丁目の貸倉庫【33坪】,,東京都江東区辰巳３丁目20-24,,,5.00,1.00,,,1.00,,112.39,33.99,19413,2025/10/20,"2025/06/26 10:49","2025/10/20 16:16",先物(仲介),,株式会社リンケージ,-,"=""03-3554-1811""",空有,※2025/6/26　広告確認中のためマッチングのみ｜(株)リンケージ,1350053
倉庫,R00176-023607,,,,空,アーカイブ(成約),無,9350000,,階,2001年05月,江東区新木場1丁目の貸倉庫【782坪】,,東京都江東区新木場１丁目14-9,,,51000000,,,,,2286.00,2586.70,782.47,11950,2025/08/28,"2024/12/12 10:25","2025/10/20 16:12",先物(仲介),,（株）富士テック,-,"=""03-3838-7561""",空有,,1360082
倉庫,R00176-023670,,,,空,アーカイブ(成約),無,4316218,,4階,1996年11月,江東区東雲2丁目の貸倉庫【542坪】,,東京都江東区東雲２丁目9-51,,,8.00,1.00,,,,,1794.71,542.89,7951,2025/09/16,"2024/12/26 11:11","2025/10/20 16:11",先物(仲介),,イーソーコ株式会社,川井,"=""03-5439-9401""",,"・4階部分
・2025/1/21　広告許可取得済｜イーソーコ(株)上原 駒様へ確認済",1350062
倉庫,R00176-024615,,,,空,アーカイブ(成約),無,950400,,1階,1988年05月,江東区塩浜2丁目の貸倉庫【71坪】,,東京都江東区塩浜２丁目2-13,,,6.00,1.00,,,,,237.78,71.92,13214,2025/07/23,"2025/07/23 10:46","2025/10/20 16:10",先物(仲介),,東都エステート,-,"=""03-5633-7190""",,"・1階部分
・2025/7/23　at-home転載可物件｜東都エステート（株）",1350043
倉庫,R00176-024012,,,,空,アーカイブ(成約),無,1078000,,階,1988年05月,江東区塩浜2丁目の貸倉庫【97坪】,,東京都江東区塩浜２丁目2-13,,,6.00,1.00,,,,,323.96,97.99,11001,2025/06/03,"2025/03/11 09:19","2025/10/20 16:08",先物(仲介),,東都エステート,-,"=""03-5633-7190""",空有,■2階部分,1350043
倉庫,R00176-024255,,,,空,アーカイブ(成約),無,385000,,階,1968年01月,足立区梅島3丁目の貸倉庫【39坪】,,東京都足立区梅島３丁目40-11,,,2.00,1.10,,,1.00,,131.60,39.8,9672,2025/07/30,"2025/04/30 10:46","2025/10/20 15:59",先物(仲介),,山一管理センター（株）西新井東口店,-,"=""03-3848-3891""",,※場所不明、該当住所は住宅のようです。確認お願いします。,1210816
倉庫,R00176-024652,,,,空,アーカイブ(成約),無,550000,,1階,1969年10月,墨田区本所4丁目の貸倉庫【64坪】,,東京都墨田区本所４丁目30-6,,,3.00,,,,,,214.50,64.88,8477,2025/07/30,"2025/07/30 10:18","2025/10/20 15:57",先物(仲介),,（株）ペネトレイト,-,"=""03-6455-1755""",,※2025/7/30　at-home転載可物件｜(株)ペネトレイト,1300004
倉庫,R00176-024369,,,,空,アーカイブ(成約),無,1000000,,階,2000年04月,墨田区本所4丁目の貸倉庫【84坪】,,東京都墨田区本所４丁目3-8,50000,,2.00,2.00,,,1.00,,280.74,84.92,11776,2025/08/04,"2025/05/23 10:38","2025/10/20 15:57",先物(仲介),,有限会社　第一京葉不動産,-,"=""03-3626-3852""",空有,"※マッチングのみ
・1-3階部分
2025/7/24 確認：読み方は「ニカビル」",1300004
倉庫,R00176-023484,,,,空,アーカイブ(成約),無,1650000,,階,1963年02月,墨田区石原1丁目の貸倉庫【210坪】,,東京都墨田区石原１丁目3-2,,,,1.00,6.00,,,,696.02,210.54,7837,2025/09/19,"2024/11/19 12:31","2025/10/20 15:36",先物(仲介),,有限会社郷商事,-,"=""03-3622-2544""",無,"・1-3階部分
※2024/11/19　広告確認中のためマッチングのみ｜(有)郷商事",1300011
店舗事務所(建物一部),R00176-024007,,,,空,アーカイブ(成約),無,555500,,1階,1996年08月,台東区東上野6丁目の貸店舗・事務所【25坪】,,東京都台東区東上野６丁目10-8,,,,1.00,5050000,,1.10,,83.47,25.24,22001,2025/06/09,"2025/03/07 13:11","2025/10/20 15:35",先物(仲介),,（株）ヴィクシー,-,"=""03-3549-8020""",無,2025.4.23確認：申込１社、２番手可能,1100015
倉庫,R00176-024086,,,,空,アーカイブ(成約),無,825000,,階,1989年09月,台東区浅草橋1丁目の貸倉庫【70坪】,,東京都台東区浅草橋１丁目18-10,,,,1.00,6.00,,1.00,,233.17,70.53,11697,2025/06/23,"2025/03/25 11:05","2025/10/20 15:26",先物(仲介),,東京シティリアルエステート株式会社,-,"=""03-5835-5291""",,"・6-8階部分
※2025/3/25　広告確認中のためマッチングのみ｜東京シティリアルエステート（株）",1110053
倉庫,R00176-024599,,,,空,アーカイブ(成約),無,647000,,1階,1989年01月,町田市中町2丁目の貸倉庫【71坪】,,東京都町田市中町２丁目21-8,33000,,,1.00,3000000,,1.00,,237.80,71.93,8995,2025/10/17,"2025/07/17 11:57","2025/10/17 17:30",先物(仲介),,（株）ミニミニ神奈川　神奈川テナント事業部,-,"=""045-477-3268""",空有,※2025/7/14　at-home転載可物件｜(株)ミニミニ神奈川?神奈川テナント事業部,1940021
倉庫,R00176-024697,,,,空,アーカイブ(成約),無,10032000,,4階,2006年01月,浦安市千鳥の貸倉庫【1899坪】,,千葉県浦安市千鳥,,,6.00,1.00,,,,,6280.99,1899.99,5281,2025/10/17,"2025/08/08 09:58","2025/10/17 16:25",先物(仲介),,ロジソーコ　ゼクス（株）,-,"=""047-468-8685""",,"・4階フロア一括
・枝番：12",2790032
店舗(建物一括),R00176-024208,,,,使用中,アーカイブ(成約),無,2110000,,階,1987年05月,浦安市堀江1丁目の貸店舗【192坪】,,千葉県浦安市堀江１丁目35-17,,,,1.00,6.00,,1.00,,636.88,192.65,10953,2025/10/17,"2025/04/18 13:15","2025/10/17 16:22",先物(仲介),,（株）もとゆき　（不動産のもとゆき）,-,"=""047-351-1511""",空有,,2790041
貸地,R00176-024754,,,,更地,アーカイブ(成約),無,450000,,階,-,松戸市紙敷の貸地【800坪】,,千葉県松戸市紙敷1164-1,,,,1.10,6.00,,1.05,2645.00,,800.11,563,2025/10/17,"2025/08/26 10:24","2025/10/17 16:21",先物(仲介),,株式会社　丸井住宅,-,"=""047-392-5576""",,・所在地：1164-1他,2702221
店舗(建物一部),R00176-024433,,,,空,アーカイブ(成約),無,330000,,1階,2023年01月,八千代市村上南2丁目の貸店舗【31坪】,,千葉県八千代市村上南２丁目19-7,,22000,3.00,,,,1.00,,104.74,31.68,10416,2025/10/17,"2025/06/09 11:05","2025/10/17 16:17",先物(仲介),,（株）フソウアルファ,-,"=""03-5829-6315""",空有,・102号室,2760029
店舗(建物一部),R00176-023188,,,,空,公開可,無,1030700,,1階,2018年03月,八千代市緑が丘西4丁目の貸店舗【93坪】,,千葉県八千代市緑が丘西４丁目6-3,,49500,6.60,1.50,,,1.50,,309.77,93.7,11000,2026/06/16,"2024/09/20 11:49","2025/10/17 16:16",先物(仲介),,ピタットハウス八千代緑が丘店　スターツピタットハウス株式会社,-,"=""047-458-0271""",空有,,2760040
倉庫,R00176-024670,,,,空,アーカイブ(成約),無,400000,,階,1986年03月,松戸市高塚新田の貸倉庫【80坪】,,千葉県松戸市高塚新田463-5,,,,,3.00,,1.00,1378.21,264.99,80.15,4991,2025/10/17,"2025/08/04 11:20","2025/10/17 16:10",先物(仲介),,（株）東和開発,-,"=""047-364-6805""",空有,※2025/8/4　at-home転載可物件｜(株)東和開発,2702222
倉庫,R00176-024066,,,,使用中,アーカイブ(成約),無,9891200,,階,1965年01月,松戸市上本郷の貸倉庫【2248坪】,,千葉県松戸市上本郷131,,,6.00,1.00,,,,,7431.47,2248.01,4400,2025/10/17,"2025/03/21 10:40","2025/10/17 16:09",先物(仲介),,寺田倉庫株式会社,-,"=""03-5479-1616""",,"・場所：グーグルマップでは、上本郷131（エイトレント株式会社 東日本商品センター）
・事務所1階+倉庫区画貸し
※用途：金属プレス業→相談可
※敷地面積：詳細不明
　　　　　　共有敷地になるため、実際の広さは要確認
　　　　　　目安としては、事務所前に普通車10台程度
　　　　　　裏入口部分に縦列で普通車15台程度、とのこ・
※2025/3/21　レインズ広告可物件｜寺田倉庫（株）",2710064
貸地,R00176-024420,,,,古家付,公開可,無,2310000,,階,-,佐倉市上座の貸地【3000坪】,,千葉県佐倉市上座36,,,,1.00,3.00,,1.00,9917.40,,3000.01,770,2026/07/27,"2025/06/05 09:50","2025/10/17 16:06",先物(仲介),,（株）タープ不動産,-,"=""03-5844-6300""",,,2850854
倉庫,R00176-023652,,,,空,アーカイブ(成約),無,871200,,階,2017年01月,柏市大島田2丁目の貸倉庫【197坪】,,千葉県柏市大島田２丁目18,,43560,3.00,1.00,,,,,654.00,197.83,4404,2025/07/30,"2024/12/25 09:21","2025/10/17 15:59",先物(仲介),,ゼクス株式会社,-,"=""047-468-8685""",近有,"・場所：グーグルマップでは、大島田2丁目18-6（GLP柏Ⅱ）

※2025/2/20 賃料871,200/共益費43,560",2770922
倉庫,R00176-023653,,,,空,アーカイブ(成約),無,1584000,,階,2017年01月,柏市大島田2丁目の貸倉庫【395坪】,,千葉県柏市大島田２丁目18,,79200,3.00,1.00,,,,,1309.00,395.97,4001,2025/07/30,"2024/12/25 09:22","2025/10/17 15:59",先物(仲介),,ゼクス株式会社,-,"=""047-468-8685""",近有,"・場所：グーグルマップでは、大島田2丁目18-6（GLP柏Ⅱ）

3/28→税込174.24万円",2770922
倉庫,R00176-023654,,,,空,アーカイブ(成約),無,2178000,,階,2017年01月,柏市大島田2丁目の貸倉庫【494坪】,,千葉県柏市大島田２丁目18,,99000,3.00,1.00,,,,,1636.30,494.98,4401,2025/07/30,"2024/12/25 09:37","2025/10/17 15:59",先物(仲介),,ゼクス株式会社,-,"=""047-468-8685""",近有,・場所：グーグルマップでは、大島田2丁目18-6（GLP柏Ⅱ）,2770922
倉庫,R00176-023810,,,,空,アーカイブ(成約),無,1306800,,階,2017年01月,柏市大島田2丁目の貸倉庫【296坪】,,千葉県柏市大島田２丁目18,,59350,3.00,1.00,,,,,981.80,296.99,4401,2025/07/30,"2025/01/29 10:21","2025/10/17 15:58",先物(仲介),,ゼクス株式会社,-,"=""047-468-8685""",近有,"※所在階不明、確認お願いします。
・場所：グーグルマップでは、大島田2丁目18-6（GLP柏Ⅱ）

※2025/2/20　賃料1,306,800/共益費65,340",2770922
倉庫,R00176-023811,,,,空,アーカイブ(成約),無,435600,,階,2017年01月,柏市大島田2丁目の貸倉庫【99坪】,,千葉県柏市大島田２丁目18,,19800,3.00,2.00,,,,,327.30,99,4400,2025/07/30,"2025/01/29 10:35","2025/10/17 15:58",先物(仲介),,ゼクス株式会社,-,"=""047-468-8685""",近有,"※所在階不明、確認お願いします。
・場所：グーグルマップでは、大島田2丁目18-6（GLP柏Ⅱ）

※2025/2/20 賃料435,600/共益費21,780",2770922
倉庫,R00176-024607,,,,空,アーカイブ(成約),無,3344000,,3階,2017年01月,柏市大島田2丁目の貸倉庫【799坪】,,千葉県柏市大島田２丁目18,,176000,3.00,2.00,,,,,2644.60,799.99,4181,2025/07/30,"2025/07/18 10:46","2025/10/17 15:58",先物(仲介),,ゼクス株式会社,-,"=""047-468-8685""",近有,"・3階A（南側）B（北側）区画
・場所：グーグルマップでは、大島田2丁目18-6（GLP柏Ⅱ）",2770922
貸地,R00176-024457,,,,更地,公開可,無,530000,,階,-,白井市木の貸地【1014坪】,,千葉県白井市木,,,,1.00,4.00,,1.50,3353.51,,1014.43,523,2026/07/27,"2025/06/13 11:09","2025/10/17 15:32",先物(仲介),,貸地バンク（株）,-,"=""047-471-0034""",,,2701437
店舗事務所(建物一部),R00176-024004,,,,築後未入居,公開可,無,592515,,1階,2024年12月,市川市下貝塚1丁目の貸店舗・事務所【35坪】,,千葉県市川市下貝塚１丁目20-8,,27500,,1.00,5.00,,1.00,,118.27,35.77,16562,2026/07/09,"2025/03/07 11:29","2025/10/17 15:26",先物(仲介),,（株）菊地建築設計事務所　,-,"=""047-445-9990""",空有,業種確認,2720821
倉庫,R00176-024206,,,,空,アーカイブ(成約),無,363000,,階,1997年01月,佐倉市臼井台の貸倉庫【105坪】,,千葉県佐倉市臼井台1708,,,3.00,1.00,,,1.00,,347.80,105.2,3451,2025/10/17,"2025/04/18 11:48","2025/10/17 15:21",先物(仲介),,鶴産商事株式会社,白根：090-3595-6007,"=""043-461-1331""",空有,"※物件確認は担当者携帯へ（白根：090-3595-6007）
※2025/4/18　レインズ広告可物件｜鶴産商事（株）",2850866
倉庫,R00176-024542,,,,使用中,アーカイブ(成約),無,935000,,階,1984年09月,戸田市笹目8丁目の貸倉庫【125坪】,,埼玉県戸田市笹目８丁目11-1,,,2.00,2.00,,,1.00,,415.58,125.71,7438,2025/10/17,"2025/07/01 14:54","2025/10/17 14:52",先物(仲介),,（株）ｚｅｎハウジング,-,"=""048-421-1710""",空有,,3350034
貸地,R00176-024833,,,,更地,アーカイブ(成約),無,508000,,階,-,三郷市彦倉1丁目の貸地【422坪】,,埼玉県三郷市彦倉１丁目270-1,,,2.00,2.00,,,,1398.00,,422.89,1202,2025/10/17,"2025/09/11 09:54","2025/10/17 14:31",先物(仲介),,（株）石田興産　埼玉支店,-,"=""048-948-6866""",,・所在地：270-1他,3410053
貸地,R00176-023648,,,,更地,アーカイブ(成約),無,500000,,階,-,鶴ヶ島市大字太田ヶ谷の貸地【2034坪】,,埼玉県鶴ヶ島市大字太田ヶ谷55-1,,,6.00,1.00,,,,6724.00,,2034.01,246,2025/10/17,"2024/12/24 11:03","2025/10/17 14:29",先物(仲介),,※広告NG業者※アクシス不動産,-,"=""048-871-8731""",,"【所在地】鶴ヶ島市大字太田ヶ谷55-1,56-1,57-1
※2024/12/24　広告NGのためマッチングのみ｜アクシス不動産

",3502214
倉庫,R00176-024498,,,,使用中,保留,無,350000,,階,1988年07月,八王子市楢原町の貸倉庫【82坪】,,東京都八王子市楢原町308-4,,,2.00,1.00,,,1.00,360.39,272.16,82.32,4252,2025/10/17,"2025/06/23 10:35","2025/10/17 10:19",先物(仲介),,（株）誠光ハウジング　,-,"=""042-622-1125""",空有,2025/10/17　非掲載依頼あり,1930803
店舗事務所(建物一部),R00176-024653,,,,空,アーカイブ(成約),無,594000,,1階,1987年12月,杉並区上井草2丁目の貸店舗【43坪】,,東京都杉並区上井草２丁目1-15,,,3240000,594000,,,,,144.87,43.82,13555,2025/07/30,"2025/07/30 10:27","2025/10/17 10:11",先物(仲介),,（株）フソウアルファ,-,"=""03-5829-6315""",空無,・元ミニストップの方の区画（隣区画：R00176-024149）,1670023
店舗事務所(建物一括),R00176-024773,,,,空,アーカイブ(成約),無,890000,,階,2013年02月,葛飾区堀切3丁目の貸店舗・事務所【46坪】,,東京都葛飾区堀切３丁目12-10,,,,,6.00,,1.00,,152.12,46.01,19341,2025/09/08,"2025/08/29 11:06","2025/10/17 10:01",先物(仲介),,（株）エイブル　東日本テナント営業部,-,"=""03-5414-0650""",,,1240006
倉庫,R00176-024693,,,,空,アーカイブ(成約),無,350000,,1階,1992年08月,江戸川区江戸川3丁目の貸倉庫【51坪】,,東京都江戸川区江戸川３丁目11-2,20000,,,,6.00,,0.50,,169.86,51.38,6812,2025/08/07,"2025/08/07 11:28","2025/10/16 18:00",先物(仲介),,（株）インテック,営業2課：黒澤直人,"=""03-6231-9328""",空有,,1320013
貸地,R00176-024898,,,,その他,アーカイブ(成約),無,310000,,階,-,横浜市戸塚区汲沢町の貸地【172坪】,,神奈川県横浜市戸塚区汲沢町219-3,3850,,,1.00,,,,570.00,,172.42,1798,2025/10/16,"2025/09/26 11:08","2025/10/16 16:32",先物(仲介),,（株）ファクトリンク,-,"=""045-717-8842""",,,2450062
店舗事務所(建物一部),R00176-024430,,,,空,公開可,無,363000,,1階,1989年01月,千葉市若葉区谷当町の貸店舗・事務所【39坪】,,千葉県千葉市若葉区谷当町1257-3,,,3.00,1.00,,,1.10,,129.60,39.2,9260,2026/06/16,"2025/06/09 10:29","2025/10/16 15:49",先物(仲介),,芳野屋不動産（株）,-,"=""043-237-0497""",空有,,2650072
貸地,R00176-023802,,,,更地,公開可,無,300000,,階,-,野田市木間ケ瀬の貸地【935坪】,,千葉県野田市木間ケ瀬2565-1,,,2.00,1.00,,,1.00,3091.94,,935.31,321,2026/07/27,"2025/01/28 11:46","2025/10/16 15:16",先物(仲介),,株式会社東海住宅建設,-,"=""04-7129-8211""",,,2700222
倉庫,R00176-023918,,,,空,アーカイブ(成約),無,774000,,1階,1985年11月,新宿区東榎町の貸倉庫【63坪】,,東京都新宿区東榎町12-3,,,4.00,2.00,,,1.00,,211.57,63.99,12094,2025/07/15,"2025/02/18 10:59","2025/10/16 12:32",先物(仲介),,（株）つくば商事　本店,-,"=""03-3268-0201""",空有,※2025/2/18　マイソク自社サイト広告掲載可物件｜(株)つくば商事,1620807
倉庫,R00176-024762,,,,空,アーカイブ(成約),無,374000,,1階,1983年08月,新宿区新宿7丁目の貸倉庫【36坪】,,東京都新宿区新宿７丁目11-11,25300,,3.00,1.00,,,1.25,,120.70,36.51,10244,2025/09/27,"2025/08/28 10:38","2025/10/16 12:29",先物(仲介),,永幸不動産（株）,-,"=""050-3187-4012""",,※2025/8/28　レインズ広告可物件｜永幸不動産（株）,1600022
事務所(建物一括),R00176-023426,,,,使用中,アーカイブ(成約),無,18092800,,階,1979年11月,港区海岸3丁目の貸事務所【1827坪】,,東京都港区海岸３丁目3-8,6030948,,,,12.00,,,,6041.63,1827.59,9900,2025/06/23,"2024/11/08 11:27","2025/10/16 12:23",先物(仲介),,（株）東京ファシリティーズ,-,"=""03-6233-7960""",,2025.6.23確認：申し込みあり、２番手可能,1080022
店舗事務所(建物一括),R00176-023671,,,,空,アーカイブ(成約),無,1053360,,階,2025年01月,中央区日本橋小伝馬町の貸店舗・事務所【23坪】,,東京都中央区日本橋小伝馬町4-10,,,,,,,1.00,,79.13,23.93,44006,2025/08/01,"2024/12/26 11:36","2025/10/16 12:07",先物(仲介),,（株）ステラブリッジ,飯島：090-4450-0418,"=""03-3519-3103""",,"※2024/12/26
　元付：レインズ登録名｜(株)エス・シー・エス　新橋支店　03-3519-3103
　　　　マイソク記載名｜(株)ステラブリッジ　03-3519-3103
　　　　　　　　　　　　ご担当：飯島様｜090-4450-0418",1030001
倉庫,R00176-023750,,,,空,アーカイブ(成約),無,880000,,5階,1971年04月,千代田区東神田1丁目の貸倉庫【45坪】,,東京都千代田区東神田１丁目2-10,110000,,4.00,2.00,,,1.00,,148.83,45.02,19547,2025/06/23,"2025/01/20 10:45","2025/10/16 12:02",先物(仲介),,（有）原田建設不動産,-,"=""03-3805-3332""",無,"・501
・2025/1/20　at-home転載可物件｜(有)原田建設不動産",1010031
貸地,R00176-023627,,,,更地,アーカイブ(成約),無,1273200,,階,-,小平市鈴木町2丁目の貸地【254坪】,,東京都小平市鈴木町２丁目730-1,,,,,6.00,,,841.81,,254.64,5000,2025/07/25,"2024/12/17 11:57","2025/10/16 11:52",先物(仲介),,誠賀建設（株）　,-,"=""042-324-3224""",,2025.7.25担当しか把握していない→7/30迄休み,1870011
貸地,R00176-024166,,,,更地,アーカイブ(成約),無,458000,,階,-,青梅市今井5丁目の貸地【910坪】,,東京都青梅市今井５丁目2422-11,,,3.00,,,,,3008.56,,910.08,504,2025/10/07,"2025/04/14 10:57","2025/10/16 11:44",先物(仲介),,ＤＡＣ不動産紹介,-,"=""0428-78-3423""",,※2025/4/14　レインズ広告可物件｜(株)ディー・エー・シー,1980023
貸地,R00176-024602,,,,古家付,アーカイブ(成約),無,350000,,階,-,八王子市大谷町の貸地【267坪】,,東京都八王子市大谷町300,,,2.00,1.00,,,1.00,885.00,,267.71,1308,2025/07/17,"2025/07/17 13:26","2025/10/16 11:34",先物(仲介),,エステイター（株）,-,"=""050-3503-1579""",,,1920034
店舗事務所(建物一部),R00176-023499,,,,空,アーカイブ(成約),無,1210000,,1階,1991年03月,横浜市都筑区平台の貸店舗・事務所【150坪】,,神奈川県横浜市都筑区平台1-25,,,,1210000,5500000,,1.10,,496.00,150.04,8065,2025/09/30,"2024/11/25 10:11","2025/10/15 17:50",先物(仲介),,ハウジングセンター（株）センター南営業所,-,"=""045-949-6161""",空有,■2025/9/30　業者不可,2240064
店舗(建物一部),R00176-024522,,,,使用中,アーカイブ(成約),無,500000,,1階,1979年12月,上尾市東町3丁目の貸店舗【75坪】,,埼玉県上尾市東町３丁目1963-1,,,,,10.00,,1.00,,250.00,75.62,6612,2025/10/15,"2025/06/27 10:00","2025/10/15 16:02",先物(仲介),,株式会社ベストライフ,金田,"=""080-3427-7226""",,※2025/9/9　レインズ広告可物件｜(株)ベストライフ,3620031
貸地,R00176-023965,,,,その他,アーカイブ(成約),無,1130000,,階,-,三郷市新和1丁目の貸地【565坪】,,埼玉県三郷市新和１丁目,,,3.00,2.00,,,,1868.00,,565.07,2000,2025/10/15,"2025/02/27 10:41","2025/10/15 16:00",先物(仲介),,（株）石田興産　埼玉支店,-,"=""048-948-6866""",,・場所：グーグルマップでは、新和1丁目1-77（株式会社福脇建設不動産）の南側あたり,3410034
倉庫,R00176-024874,,,,空,アーカイブ(成約),無,363900,,階,1974年03月,相模原市中央区横山台1丁目の貸倉庫【50坪】,,神奈川県相模原市中央区横山台１丁目12-11,,,2.00,1.00,,,1.00,,166.86,50.47,7210,2025/09/24,"2025/09/24 10:11","2025/10/14 17:37",先物(仲介),,有限会社坪井企業,-,"=""042-763-0008""",空有,※2025/9/24　広告確認中のためマッチングのみ｜(有)坪井企業,2520241
店舗(建物一部),R00176-023931,,,,空,アーカイブ(成約),無,649000,,1階,1982年08月,横浜市神奈川区鶴屋町3丁目の貸店舗【49坪】,,神奈川県横浜市神奈川区鶴屋町３丁目29-9,,110000,,1.00,10.00,,,,163.58,49.48,13116,2025/10/14,"2025/02/20 11:21","2025/10/14 17:34",先物(仲介),,拓陵建設（株）,-,"=""045-805-1141""",無,※2025/2/20　広告確認中のためマッチングのみ｜拓陵建設（株）,2210835
店舗(建物一部),R00176-024565,,,,空,アーカイブ(成約),無,682770,,1階,1990年11月,相模原市南区上鶴間1丁目の貸店舗【59坪】,,神奈川県相模原市南区上鶴間１丁目8-3,,,10.00,1.00,,,,,195.30,59.07,11558,2025/10/14,"2025/07/08 10:12","2025/10/14 15:45",先物(仲介),,東京建物不動産販売　賃貸営業第二部,-,"=""03-6837-7535""",空有,2025/9/24　1件契約予定,2520302
倉庫,R00176-023232,,,,空,保留,無,280000,,階,1969年03月,川越市大字北田島の貸倉庫【11坪】,,埼玉県川越市大字北田島521-3,,,,1.00,3.00,,1.00,306.47,38.51,11.64,24036,2025/10/14,"2024/10/01 10:24","2025/10/14 15:23",先物(仲介),,（株）タープ不動産,-,"=""03-5844-6300""",空有,※写真撮り直しお願いします。,3500842
倉庫,R00176-024539,,,,空,アーカイブ(成約),無,330000,,階,1983年09月,江戸川区松江2丁目の貸倉庫【29坪】,,東京都江戸川区松江２丁目36-4,,,2.00,2.20,,,1.10,,96.22,29.1,11338,2025/10/14,"2025/07/01 11:42","2025/10/14 13:55",先物(仲介),,（有）瑞江住販,-,"=""03-3698-5571""",空有,,1320025
倉庫,R00176-024752,,,,空,アーカイブ(成約),無,550000,,階,1990年03月,横浜市都筑区東方町の貸倉庫【35坪】,,神奈川県横浜市都筑区東方町403-1,,,6.00,1.00,,,1.00,,118.50,35.84,15344,2025/10/14,"2025/08/26 09:45","2025/10/14 13:20",先物(仲介),,"株式会社東都不動産 テナントユニット 営業第２グループ",-,"=""045-317-2350""",空有,,2240045
店舗(建物一括),R00176-024807,,,,居住中,保留,無,1650000,,階,2009年05月,足立区鹿浜5丁目の貸店舗【52坪】,,東京都足立区鹿浜５丁目15-10,,,,1.00,10.00,,1.00,1030.10,170.94,51.7,31910,2025/10/14,"2025/09/04 12:09","2025/10/14 13:19",先物(仲介),,（株）アスター,-,"=""03-5775-2121""",空有,"・2025/10/14　物確
　→現在申込みがあり審査中
　　（2番手受付は現時点だと微妙そうな感じでした）
　　現況まだテナント様が使用しており、10/23解約予定
　　その頃になれば進捗がはっきり出ていると思うので再度ご連絡くださいとの事です。
※2025/9/4　マイソク広告可物件｜(株)アスター
",1230864
店舗(建物一括),R00176-024738,,,,空,アーカイブ(成約),無,858000,,階,1988年01月,藤沢市辻堂元町4丁目の貸店舗【50坪】,,神奈川県藤沢市辻堂元町４丁目9-27,4400,,1.00,1.00,,,1.00,,165.64,50.1,17124,2025/10/10,"2025/08/22 09:23","2025/10/10 16:16",先物(仲介),,（株）アップル神奈川,-,"=""046-401-3535""",空有,※2025/8/22　広告確認中のためマッチングのみ｜(株)アップル神奈川,2510043
倉庫,R00176-024760,,,,空,アーカイブ(成約),無,462000,,階,1977年06月,所沢市大字中富の貸倉庫【161坪】,,埼玉県所沢市大字中富68-2,,,4.00,1.00,,,,,533.68,161.43,2862,2025/10/10,"2025/08/27 10:19","2025/10/10 14:37",先物(仲介),,共同流通株式会社,-,"=""049-247-4311""",,,3590002
貸地,R00176-024757,,,,,アーカイブ(成約),無,300000,,階,-,八王子市川口町の貸地【303坪】,,東京都八王子市川口町1160-1,,,3.00,1.00,,,1.00,1002.04,,303.11,990,2025/10/10,"2025/08/26 11:25","2025/10/10 09:20",先物(仲介),,（株）ダイワ不動産,-,"=""042-361-4391""",,※2025/8/26　レインズ広告可物件｜(株)ダイワ不動産,1930801
倉庫,R00176-024106,,,,空,アーカイブ(成約),無,2103750,,2階,2010年01月,川崎市川崎区東扇島の貸倉庫【424坪】,,神奈川県川崎市川崎区東扇島90,,93500,3.00,1.00,,,1.00,,1402.50,424.25,4959,2025/10/06,"2025/04/01 10:06","2025/10/09 15:42",先物(仲介),,合同会社彩虹舎,070-6555-3592,"=""03-6810-8728""",,・2階部分,2100869
倉庫,R00176-024268,,,,居住中,アーカイブ(成約),無,550000,,階,2021年05月,印西市草深の貸倉庫【179坪】,,千葉県印西市草深397-2,,,2.00,1.00,,,1.00,367.90,592.71,179.29,3068,2025/10/08,"2025/05/07 11:23","2025/10/08 17:58",先物(仲介),,株式会社ＨＲＥ　津田沼店,-,"=""047-411-9633""",,"・倉庫D、事務所C、区画C・D
※2025/5/7　広告確認中のためマッチングのみ｜（株）HRE",2701337
倉庫,R00176-024127,,,,使用中,アーカイブ(成約),無,7590000,,階,1981年12月,船橋市西浦2丁目の貸倉庫【1322坪】,,千葉県船橋市西浦２丁目8-6,,,4.00,1.00,,,,2295.67,4370.98,1322.22,5741,2025/10/08,"2025/04/04 10:01","2025/10/08 17:55",先物(仲介),,ディールエージェント株式会社,-,"=""03-3263-7180""",空有,,2730017
工場,R00176-023202,,,,空,アーカイブ(成約),無,327800,,階,1974年05月,野田市中野台鹿島町の貸工場【110坪】,,千葉県野田市中野台鹿島町35-10,,,3.00,,,,,,365.39,110.53,2966,2025/10/08,"2024/09/26 10:43","2025/10/08 17:52",先物(仲介),,翔洋（株）,-,"=""03-6661-8555""",空有,"※2024/9/26　マイソク広告可物件｜翔洋（株）
080-3707-5568（レインズ記載の連絡先）",2780036
貸地,R00176-024035,,,,更地,アーカイブ(成約),無,300000,,階,-,我孫子市中峠の貸地【694坪】,,千葉県我孫子市中峠3050-3,,,2.00,2.00,,,1.00,2295.00,,694.23,433,2025/10/08,"2025/03/13 11:16","2025/10/08 17:44",先物(仲介),,ゼクス株式会社,-,"=""047-468-8685""",,※2025/5/15　レインズ広告可物件｜ゼクス（株）,2701121
貸地,R00176-024812,,,,更地,アーカイブ(成約),無,450000,,階,-,足立区入谷8丁目の貸倉庫【95坪】,,東京都足立区入谷８丁目10-14,,,1.00,1.00,,,1.00,312.95,,94.66,4754,2025/10/08,"2025/09/05 12:08","2025/10/08 17:05",先物(仲介),,岡田不動産（株）　,-,"=""03-3883-3120""",空有,"※2025/9/5　広告NGのためマッチングのみ｜岡田不動産（株）
2025/09/08　物確→1件申込有、2番手可",1210836
倉庫,R00176-024215,,,,空,アーカイブ(成約),無,1324400,,1階,1981年01月,戸田市美女木東2丁目の貸倉庫【171坪】,,埼玉県戸田市美女木東２丁目5-1,,,3.00,,,,,,568.58,171.99,7701,2025/10/08,"2025/04/22 10:12","2025/10/08 16:37",先物(仲介),,株式会社コジョソコ,-,"=""045-530-9890""",空有,・2号棟、1階2区画貸し,3350032
工場,R00176-024796,,,,空,アーカイブ(成約),無,795300,,階,1987年05月,川口市八幡木３丁目の貸工場【120坪】,,埼玉県川口市八幡木３丁目3-28,,,1590600,795300,,,1.50,300.70,398.02,120.4,6606,2025/10/08,"2025/09/02 11:38","2025/10/08 16:29",先物(仲介),,株式会社ハウスセイラーズ,-,"=""03-3896-0141""",空有,,3340012
貸地,R00176-023902,,,,更地,アーカイブ(成約),無,400000,,階,-,北葛飾郡杉戸町大字下高野の貸地【1169坪】,,埼玉県北葛飾郡杉戸町大字下高野331-1,,,3.00,1.00,,,1.00,3859.00,,1167.34,343,2025/10/08,"2025/02/17 10:34","2025/10/08 16:28",先物(仲介),,株式会社太陽産業,-,"=""0280-87-1322""",,※2025/2/17　at-home広告可物件｜(株)太陽産業,3450043
工場,R00176-024334,,,,空,アーカイブ(成約),無,1210000,,階,1971年11月,川口市元郷3丁目の貸工場【169坪】,,埼玉県川口市元郷３丁目11-14,121000,,2.00,1.00,,,1.00,,560.92,169.67,7132,2025/10/08,"2025/05/19 10:18","2025/10/08 16:27",先物(仲介),,?場倉庫経営?援株式会社,-,"=""048-254-1811""",無,"2025.7.7　オーナーさんは準工なので、基本的に何でも可。

2025.6.20　引渡し時期、9月より前倒し相談不可。短期賃貸、敷金・礼金など通常契約であれば相談可。",3320011
店舗(建物一部),R00176-024520,,,,空,アーカイブ(成約),無,350000,,1階,1975年06月,所沢市大字中富の貸店舗【36坪】,,埼玉県所沢市大字中富1565-1,,,,1.00,1500000,,1.00,634.94,119.24,36.07,9704,2025/10/08,"2025/06/27 09:29","2025/10/08 16:20",先物(仲介),,株式会社新日本ハウス,-,"=""03-5248-0069""",,,3590002
貸地,R00176-024809,,,,更地,アーカイブ(成約),無,384000,,階,-,八潮市大字大原の貸地【256坪】,,埼玉県八潮市大字大原,,,3.00,1.00,1.00,,0.50,847.00,,256.21,1499,2025/10/08,"2025/09/05 09:44","2025/10/08 16:18",先物(仲介),,フラット商事株式会社,小林,"=""048-996-5311""",,"・Googleマップ：https://maps.app.goo.gl/feg3nGQypgukTC3N7
・八潮市大原666-1の道を挟んで住戸1つ挟んだ南側の更地",3400825
倉庫,R00176-024640,,,,空,アーカイブ(成約),無,300000,,階,2001年09月,墨田区八広3丁目の貸倉庫【42坪】,,東京都墨田区八広３丁目24-14,,,2.00,1.00,,,,,138.80,41.98,7146,2025/10/08,"2025/07/29 10:20","2025/10/08 10:19",先物(仲介),,村田商事（株）,-,"=""03-3610-1616""",空有,,1310041
倉庫,R00176-024715,,,,居住中,アーカイブ(成約),無,447600,,階,1973年11月,墨田区緑2丁目の貸倉庫【46坪】,,東京都墨田区緑２丁目16-5,,5000,3.00,2.00,,,1.00,,153.45,46.41,9643,2025/10/08,"2025/08/19 13:33","2025/10/08 10:16",先物(仲介),,なら土地建物(株),-,"=""03-3631-0328""",空有,,1300021
倉庫,R00176-024162,,,,空,アーカイブ(成約),無,400000,,階,2025年04月,松戸市根木内の貸倉庫【30坪】,,千葉県松戸市根木内68-7,,,3.00,1.00,,,,261.33,99.29,30.03,13318,2025/10/07,"2025/04/14 09:51","2025/10/07 16:24",先物(仲介),,富田不動産（株）,-,"=""047-338-1351""",空有,,2700011
店舗(建物一部),R00176-024144,,,,空,アーカイブ(成約),無,396000,,1階,1999年02月,八千代市ゆりのき台4丁目の貸店舗【30坪】,,千葉県八千代市ゆりのき台４丁目,,,,3.00,6.00,,1.00,,99.33,30.04,13180,2025/10/07,"2025/04/08 11:18","2025/10/07 16:23",先物(仲介),,（株）ＵＳＥＮ　Ｐｒｏｐｅｒｔｉｅｓ,-,"=""03-6634-0868""",,"・枝番：1-14
※2025/4/8　レインズ広告可物件｜(株)USEN Properties",2760042
貸地,R00176-024933,,,,更地,保留,無,600000,,階,-,江戸川区南葛西1丁目の貸地【109坪】,,東京都江戸川区南葛西１丁目6-3,,,2.00,1.00,,,0.55,360.83,,109.15,5497,2025/10/07,"2025/10/07 11:57","2025/10/07 12:58",先物(仲介),,（株）建陽　,-,"=""03-3688-8888""",,※2025/10/7　レインズから消えているため公開保留中,1340085
店舗事務所(建物一括),R00176-023282,,,,空,アーカイブ(成約),無,385000,,階,1981年07月,横浜市金沢区富岡東5丁目の貸店舗・事務所【42坪】,,神奈川県横浜市金沢区富岡東５丁目21-7,,,6.00,1.00,,,1.10,,142.12,42.99,8956,2025/10/07,"2024/10/10 11:24","2025/10/07 11:04",先物(仲介),,（株）コタニ興業,-,"=""045-593-3721""",無,,2360051
工場,R00176-024076,,,,空,アーカイブ(成約),無,330000,,1階,1989年11月,横浜市緑区白山1丁目の貸工場【37坪】,,神奈川県横浜市緑区白山１丁目2-11,,,,2.00,3.00,,1.00,,122.54,37.06,8903,2025/10/06,"2025/03/24 10:36","2025/10/06 15:30",先物(仲介),,有限会社　横浜西部建物,-,"=""045-932-1172""",,,2260006
倉庫,R00176-024120,,,,空,アーカイブ(成約),無,429000,,1階,1973年09月,大田区東糀谷3丁目の貸倉庫【26坪】,,東京都大田区東糀谷３丁目18-11,,,5.00,2.20,,,1.10,,87.23,26.38,16258,2025/10/06,"2025/04/03 10:31","2025/10/06 15:17",先物(仲介),,（株）東伸開発不動産,-,"=""03-3745-0023""",,,1440033
倉庫,R00176-024719,,,,空,アーカイブ(成約),無,1870000,,階,1987年09月,江東区亀戸4丁目の貸倉庫【229坪】,,東京都江東区亀戸４丁目,,,,1.00,4.00,,1.00,,760.33,229.99,8131,2025/08/19,"2025/08/19 14:38","2025/10/06 15:01",先物(仲介),,株式会社豊徳,-,"=""03-3964-0861""",,・枝番：52-17,1360071
貸地,R00176-024613,,,,更地,アーカイブ(成約),無,587000,,階,-,さいたま市岩槻区大字釣上新田の貸地【587坪】,,埼玉県さいたま市岩槻区大字釣上新田1087-1,,,1.00,2.00,,,1.00,1942.00,,587.45,1000,2025/10/06,"2025/07/23 10:13","2025/10/06 13:54",先物(仲介),,(株)さくらハウジング,-,"=""048-789-7111""",,■2025/09/04　申込みあり　2番手可,3390025
貸地,R00176-024657,,,,更地,アーカイブ(成約),無,300000,,階,-,厚木市下荻野の貸地【306坪】,,神奈川県厚木市下荻野983-1,,,3.00,1.00,,,1.00,1013.11,,306.46,979,2025/10/06,"2025/07/31 10:20","2025/10/06 10:43",先物(仲介),,（有）双栄建設,-,"=""046-225-1855""",,※2025/7/31　広告確認中のためマッチングのみ｜(有)双栄建設,2430203
倉庫,R00176-024365,,,,空,アーカイブ(成約),無,450000,,階,1984年02月,葛飾区金町6丁目の貸倉庫【101坪】,,東京都葛飾区金町６丁目12-6,,,3.00,1.00,,,1.00,,333.72,100.95,4458,2025/10/06,"2025/05/22 13:23","2025/10/06 10:43",先物(仲介),,ユニオネスト（株）,-,"=""03-6808-1900""",,"・1-2階部分
※2025/7/10　at-home転載可物件｜ユニオネスト（株）

2025/09/01　物確→1件申込あり。2番手可",1250042
倉庫,R00176-024907,,,,空,アーカイブ(成約),無,623700,,1階,1989年11月,江戸川区西瑞江3丁目の貸倉庫【106坪】,,東京都江戸川区西瑞江３丁目14-12,,,3.00,1.00,,,1.00,,353.00,106.78,5841,2025/10/06,"2025/09/30 10:09","2025/10/06 10:42",先物(仲介),,株式会社ワイジープランニング,-,"=""045-595-9518""",空有,・A棟1区画貸し,1320015
店舗事務所(建物一部),R00176-024294,,,,空,アーカイブ(成約),無,900000,,1階,1994年09月,葛飾区亀有4丁目の貸店舗・事務所【65坪】,,東京都葛飾区亀有４丁目4-16,,,,2.00,6.00,,1.00,,217.44,65.77,13683,2025/10/06,"2025/05/12 11:04","2025/10/06 10:00",先物(仲介),,（株）ＲＥＶＩＡ,-,"=""03-6825-7745""",空有,,1250061
工場,R00176-024817,,,,空,アーカイブ(成約),無,666000,,階,1984年01月,横浜市鶴見区矢向1丁目の貸工場【49坪】,,神奈川県横浜市鶴見区矢向１丁目1-1,,,5.00,5.00,,,1.00,,164.95,49.89,13348,2025/10/02,"2025/09/09 09:29","2025/10/02 13:58",先物(仲介),,（株）タウンハウジング東京　新宿店,-,"=""03-3355-6100""",,物件MAP：https://maps.app.goo.gl/pA8qDQ6U75UYgWNd9,2300001
貸地,R00176-024585,,,,更地,アーカイブ(成約),無,330000,,階,-,横浜市港北区新羽町の貸地【121坪】,,神奈川県横浜市港北区新羽町4436,,,4.00,2.00,,,1.00,400.00,,121,2728,2025/09/09,"2025/07/15 09:34","2025/10/02 13:43",先物(仲介),,（株）司興業,-,"=""045-942-1651""",,"・住所：新羽町4436、4499、4500
・B区画",2230057
倉庫,R00176-023735,,,,空,保留,無,,,階,1974年05月,さいたま市岩槻区大字笹久保新田の貸倉庫【480坪】,,埼玉県さいたま市岩槻区大字笹久保新田803,,,3.00,1.00,,,1.00,,1590.00,480.97,,2025/04/22,"2025/01/16 10:39","2025/10/02 10:56",先物(仲介),,株式会社Ｔ－Ｌｉｆｅ,-,"=""048-264-7000""",,担当：祷さん　※2025/9/26　非公開　,3390035
貸地,R00176-023023,,,,その他,アーカイブ(成約),無,495000,,階,-,伊勢原市高森3丁目の貸地【620坪】,,神奈川県伊勢原市高森３丁目22-19,,,2.00,1.00,,,,2050.43,,620.25,799,2025/10/02,"2024/08/20 13:46","2025/10/02 10:33",先物(仲介),,（株）スピードホーム,-,"=""0466-54-9786""",,"・C区画
・高森3丁目22-19南側",2591114
貸地,R00176-023367,,,,その他,アーカイブ(成約),無,330000,,階,-,伊勢原市高森3丁目の貸地【414坪】,,神奈川県伊勢原市高森３丁目22-19,,,2.00,1.00,,,,1371.37,,414.83,796,2025/10/02,"2024/10/28 10:19","2025/10/02 10:33",先物(仲介),,（株）スピードホーム,-,"=""0466-54-9786""",,※高森3丁目22-19南側・東側,2591114
貸地,R00176-024477,,,,更地,アーカイブ(成約),無,550000,,階,-,松戸市紙敷の貸地【1144坪】,,千葉県松戸市紙敷1164-1,,,,605000,3300000,,1.05,3782.00,,1144.05,481,2025/10/01,"2025/06/17 11:21","2025/10/01 16:10",先物(仲介),,株式会社　丸井住宅,-,"=""047-392-5576""",,・枝番：1164-1他,2702221
貸地,R00176-023400,,,,更地,アーカイブ(成約),無,500000,,階,-,千葉市緑区大野台2丁目の貸地【304坪】,,千葉県千葉市緑区大野台２丁目3-12,,,6.00,1.00,,,,1005.85,,304.26,1644,2025/10/01,"2024/11/05 10:22","2025/10/01 16:06",先物(仲介),,ピタットハウス鎌取店　スターツピタットハウス（株）,-,"=""043-291-2401""",,,2670056
貸地,R00176-023119,,,,更地,アーカイブ(成約),無,500000,,階,-,松戸市紙敷の貸地【577坪】,,千葉県松戸市紙敷1361,,,,2.00,2.00,,,1909.00,,577.47,866,2025/10/01,"2024/09/09 10:10","2025/10/01 16:06",先物(仲介),,（有）ビーエス商事,-,"=""047-392-2307""",,・住所：紙敷1361、1362-1、1360-2,2702221
貸地,R00176-024142,,,,更地,アーカイブ(成約),無,300000,,階,-,野田市二ツ塚の貸地【726坪】,,千葉県野田市二ツ塚410-1,,,2.00,,,,1.00,2403.00,,726.9,413,2025/10/01,"2025/04/08 10:53","2025/10/01 16:02",先物(仲介),,（株）なまず屋不動産事務所,-,"=""048-935-0700""",,※2025/4/8　広告確認中のためマッチングのみ｜(株)なまず屋不動産事務所,2780016
貸地,R00176-023928,,,,,アーカイブ(成約),無,600000,,階,-,鎌ケ谷市中沢の貸地【992坪】,,千葉県鎌ケ谷市中沢1102-2,,,3.00,1.00,,,1.00,3280.00,,992.2,605,2025/10/01,"2025/02/20 10:34","2025/10/01 15:59",先物(仲介),,株式会社タッグ総合企画開発,-,"=""046-261-5078""",,,2730118
貸地,R00176-024331,,,,更地,アーカイブ(成約),無,330000,,階,-,松戸市千駄堀の貸地【549坪】,,千葉県松戸市千駄堀1329-1,,,,1.00,2.00,,,1818.00,,549.94,601,2025/10/01,"2025/05/16 11:06","2025/10/01 15:46",先物(仲介),,（株）グリーンホーム,-,"=""04-7168-6161""",,"2025.6/19　10ｔ搬入可。
・枝番：1329-1他
※2025/9/1　at-home転載可物件｜(株)グリーンホーム",2702252
貸地,R00176-024159,,,,更地,アーカイブ(成約),無,550000,,階,-,船橋市小野田町の貸地【1297坪】,,千葉県船橋市小野田町883,,,3.00,,,,1.00,4290.00,,1297.72,424,2025/10/01,"2025/04/11 10:16","2025/10/01 15:11",先物(仲介),,（株）インフィニティ,-,"=""027-388-8875""",,,2740081
貸地,R00176-024677,,,,その他,アーカイブ(成約),無,500000,,階,-,松戸市金ケ作の貸地【182坪】,,千葉県松戸市金ケ作267-4,,,1.00,1.00,,,0.50,602.00,,182.1,2746,2025/10/01,"2025/08/05 10:39","2025/10/01 15:09",先物(仲介),,アルファ地所（株）　,-,"=""047-364-6039""",,"・所在地枝番：267-4、6
・B区画
※2025/8/5　広告確認中のためマッチングのみ｜アルファ地所（株）",2702251
貸地,R00176-024676,,,,その他,アーカイブ(成約),無,400000,,階,-,松戸市金ケ作の貸地【140坪】,,千葉県松戸市金ケ作267-4,,,1.00,1.00,,,0.50,464.00,,140.36,2850,2025/10/01,"2025/08/05 10:33","2025/10/01 15:08",先物(仲介),,アルファ地所（株）　,-,"=""047-364-6039""",,"・所在地枝番：267-4、6
・A区画
※2025/8/5　広告確認中のためマッチングのみ｜アルファ地所（株）",2702251
貸地,R00176-024675,,,,その他,アーカイブ(成約),無,350000,,階,-,松戸市金ケ作の貸地【111坪】,,千葉県松戸市金ケ作267-4,,,1.00,1.00,,,0.50,369.00,,111.62,3136,2025/10/01,"2025/08/05 10:22","2025/10/01 15:08",先物(仲介),,アルファ地所（株）　,-,"=""047-364-6039""",,"・所在地枝番：267-4、6
・C区画
※2025/8/5　広告確認中のためマッチングのみ｜アルファ地所（株）",2702251
貸地,R00176-023584,,,,古家付,アーカイブ(成約),無,1700000,,階,-,四街道市大日の貸地【1899坪】,,千葉県四街道市大日796-1,,,1.00,1.00,,,,6279.00,,1899.39,896,2025/10/01,"2024/12/06 10:48","2025/10/01 14:58",先物(仲介),,有限会社大日総業,-,"=""043-259-6284""",,,2840001
貸地,R00176-024083,,,,更地,アーカイブ(成約),無,600000,,階,-,四街道市大日の貸地【1199坪】,,千葉県四街道市大日2013-3,,,5.00,1.00,,,1.00,3966.00,,1199.71,501,2025/10/01,"2025/03/25 10:24","2025/10/01 14:55",先物(仲介),,（株）栄ハウジング四街道店　,-,"=""043-308-7991""",,・場所：グーグルマップでは、大日2016-3近藤機工（株）の南西側あたり,2840001
貸地,R00176-023153,,,,更地,アーカイブ(成約),無,450000,,階,-,四街道市大日の貸地【899坪】,,千葉県四街道市大日2013-3,,,5.00,1.00,,,1.00,2975.00,,899.93,501,2025/10/01,"2024/09/13 10:37","2025/10/01 14:54",先物(仲介),,（株）栄ハウジング四街道店　,-,"=""043-308-7991""",,・場所：グーグルマップでは、大日2026-2（Fuji養殖場）道路挟んで北東側,2840001
貸地,R00176-024531,,,,更地,アーカイブ(成約),無,330000,,階,-,海老名市上河内の貸地【300坪】,,神奈川県海老名市上河内336,,,3.00,1.00,,,1.00,991.74,,300,1100,2025/09/03,"2025/07/01 09:55","2025/10/01 14:17",先物(仲介),,株式会社アノンズ,-,"=""046-264-8711""",,※2025/7/1　広告確認中のためマッチングのみ｜(株)アノンズ,2430415
工場,R00176-024820,,,,使用中,アーカイブ(成約),無,660000,,1階,1992年03月,綾瀬市早川の貸工場【99坪】,,神奈川県綾瀬市早川1640,,,6.00,1.00,,,1.00,,329.79,99.76,6616,2025/10/01,"2025/09/09 10:27","2025/10/01 14:17",先物(仲介),,株式会社アノンズ,-,"=""046-264-8711""",,"■2025/10/1　申し込み有
・1階部分
※2025/9/9　広告確認中のためマッチングのみ｜(株)アノンズ",2521123
倉庫,R00176-024681,,,,使用中,アーカイブ(成約),無,2200000,,階,1991年08月,厚木市船子の貸倉庫【364坪】,,神奈川県厚木市船子151,,,12000000,2200000,,,1.00,1126.34,1205.21,364.57,6035,2025/10/01,"2025/08/06 11:30","2025/10/01 14:07",先物(仲介),,厚農商事（株）本店,-,"=""046-224-1555""",,,2430034
貸地,R00176-024250,,,,更地,アーカイブ(成約),無,1100000,,階,-,海老名市柏ケ谷5丁目の貸地【982坪】,,神奈川県海老名市柏ケ谷５丁目24-3,,,5.00,1.00,,1.00,1.00,3247.57,,982.38,1120,2025/10/01,"2025/04/30 09:46","2025/10/01 13:58",先物(仲介),,（有）グッドウィル　,-,"=""045-943-1783""",,・Googleマップ：https://maps.app.goo.gl/vUNeXzUqh1Nb3Eqf6,2430402
貸地,R00176-024251,,,,更地,アーカイブ(成約),無,550000,,階,-,海老名市柏ケ谷5丁目の貸地【492坪】,,神奈川県海老名市柏ケ谷５丁目24-1,,,5.00,1.00,,1.00,1.00,1627.54,,492.33,1118,2025/10/01,"2025/04/30 09:53","2025/10/01 13:58",先物(仲介),,（有）グッドウィル　,-,"=""045-943-1783""",,・Googleマップ：https://maps.app.goo.gl/VUoFFUxZX4e14qJUA,2430402
倉庫,R00176-024240,,,,空,アーカイブ(成約),無,330000,,階,1919年01月,千代田区神田須田町2丁目の貸倉庫【23坪】,,東京都千代田区神田須田町２丁目21,,,,2.00,3.00,,1.00,,78.68,23.8,13866,2025/06/17,"2025/04/25 10:53","2025/10/01 13:41",先物(仲介),,（株）エスサポート,-,"=""03-6260-5750""",空有,・S1,1010041
倉庫,R00176-024332,,,,空,アーカイブ(成約),無,286000,,階,1971年06月,群馬県高崎市井野町の貸倉庫【65坪】,,群馬県高崎市井野町714,11000,,1.00,1.00,,,1.00,4297.55,216.53,65.5,4367,2025/09/30,"2025/05/16 11:35","2025/09/30 18:01",先物(仲介),,株式会社センチュリーダイソー,小林,"=""03-6441-2258""",空有,"■2025/5/16　掲載依頼物件｜担当：小林さん
　◎オーナー様情報
　　会社：横田ボード株式会社
　　担当：横田様
　　電話：090-7725-2858（入電は027-361-3456より）
　◎元付情報
　　近代産業（株）｜027-362-5675
",3700004
倉庫,R00176-024823,,,,空,アーカイブ(成約),無,418000,,階,2023年08月,平塚市田村9丁目の貸倉庫【12坪】,,神奈川県平塚市田村９丁目,,,2.00,1.00,,,,394.18,42.62,12.89,32422,2025/09/30,"2025/09/09 11:07","2025/09/30 17:41",先物(仲介),,（株）協和不動産,-,"=""0463-55-0551""",空有,"■2025/9/30　申し込み1件あり・紹介不可
・Googleマップ：田村9丁目20-13",2540013
貸地,R00176-023374,,,,更地,アーカイブ(成約),無,960000,,階,-,川崎市高津区久末の貸地【488坪】,,神奈川県川崎市高津区久末643-1,,,2.00,2.00,,1.00,,1615.00,,488.53,1966,2025/09/30,"2024/10/29 10:46","2025/09/30 17:25",先物(仲介),,（有）飛鳥興業,-,"=""044-751-3939""",,"■2025/9/30　申し込み有り・紹介不可
※2025/4/22　at-home転載可物件｜(有)飛鳥興業",2130026
貸地,R00176-023649,,,,更地,アーカイブ(成約),無,250000,,階,-,川越市大字今福の貸地【361坪】,,埼玉県川越市大字今福1645,,,6.00,1.00,,,1.00,1196.00,,361.79,692,2025/09/29,"2024/12/24 11:43","2025/09/29 17:53",先物(仲介),,横田建設株式会社,-,"=""049-242-3592""",,,3501151
工場,R00176-024826,,,,使用中,アーカイブ(成約),無,385000,,階,1974年01月,足立区島根2丁目の貸工場【42坪】,,東京都足立区島根２丁目14-8,,,3.00,,,,,,141.63,42.84,8987,2025/09/29,"2025/09/09 11:46","2025/09/29 17:19",先物(仲介),,三愛ホーム（株）　,-,"=""03-3860-0021""",無,,1210815
店舗事務所(建物一部),R00176-024011,,,,空,アーカイブ(成約),無,550000,,1階,1980年03月,江戸川区松島1丁目の貸店舗・事務所【52坪】,,東京都江戸川区松島１丁目41-19,,33000,,1.00,4.00,,1.00,,175.00,52.93,10390,2025/08/06,"2025/03/10 10:36","2025/09/29 17:19",先物(仲介),,株式会社ＴＡＫＵＥＴＳＵグループ,-,"=""03-6550-8138""",,・101号室,1320031
倉庫,R00176-023912,,,,空,アーカイブ(成約),無,2442000,,階,2008年02月,戸田市大字新曽の貸倉庫【350坪】,,埼玉県戸田市大字新曽915,,,3.00,3.00,,,1.00,,1157.24,350.06,6976,2025/09/29,"2025/02/18 09:33","2025/09/29 16:51",先物(仲介),,パンダハウス（有）,-,"=""048-447-0112""",空有,"2025/9/29　ATBB掲載ありだが、募集終了
※2025/2/18　広告確認中のためマッチングのみ｜パンダハウス(有)",3350021
倉庫,R00176-024866,,,,空,アーカイブ(成約),無,390000,,階,1995年10月,足立区加賀2丁目の貸倉庫【53坪】,,東京都足立区加賀２丁目23-1,,,2.00,,,,1.00,,176.48,53.38,7306,2025/09/19,"2025/09/19 10:42","2025/09/29 16:43",先物(仲介),,（株）カガヤ,-,"=""03-3853-3535""",空有,,1230861
倉庫,R00176-024658,,,,空,アーカイブ(成約),無,300000,,階,1994年01月,草加市弁天5丁目の貸倉庫【22坪】,,埼玉県草加市弁天５丁目2-7,,,2.00,1.00,,,1.00,361.78,75.56,22.85,13126,2025/09/29,"2025/07/31 10:22","2025/09/29 16:41",先物(仲介),,日本エステート（株）,-,"=""048-936-1264""",空有,"【地番】埼玉県草加市弁天５丁目131-12
※2025/7/31　広告確認中のためマッチングのみ｜日本エステート（株）
※注意※敷金相違：レインズ→2ヶ月、マイソク→1ヶ月（レインズに合わせています）",3400004
工場,R00176-024651,,,,空,アーカイブ(成約),無,330000,,階,1971年11月,鴻巣市上谷の貸倉庫【132坪】,,埼玉県鴻巣市上谷2119-1,,,2.00,1.00,,1.00,1.00,782.55,438.93,132.77,2486,2025/09/29,"2025/07/30 10:16","2025/09/29 16:06",先物(仲介),,中庸興産（株）,-,"=""03-5848-4622""",空有,※2025/7/30　広告NGのためマッチングのみ｜中庸興産(株),3650027
倉庫,R00176-023568,,,,空,アーカイブ(成約),無,6181200,,階,2024年11月,羽生市大字北袋の貸倉庫【1477坪】,,埼玉県羽生市大字北袋690-1,,,4.00,1.00,,,,,4885.95,1477.99,4183,2025/09/29,"2024/12/03 12:00","2025/09/29 15:59",先物(仲介),,（株）タープ不動産,-,"=""03-5844-6300""",空有,,3480028
貸地,R00176-023702,,,,古家付,アーカイブ(成約),無,231000,,階,-,飯能市大字落合の貸地【558坪】,,埼玉県飯能市大字落合371,,,2.00,1.00,,,1.00,1847.27,,558.79,414,2025/09/26,"2025/01/14 09:49","2025/09/26 16:52",先物(仲介),,サン住宅（株）,-,"=""042-972-7422""",,※2025/1/14　広告確認中のためマッチングのみ｜サン住宅（株）,3570047
貸地,R00176-023304,,,,更地,アーカイブ(成約),無,600000,,階,-,さいたま市岩槻区大字村国の貸地【969坪】,,埼玉県さいたま市岩槻区大字村国584-2,,,,2.00,4.00,,,3206.00,,969.81,619,2025/09/26,"2024/10/16 10:36","2025/09/26 16:39",先物(仲介),,センチュリー21　ベルツリー,-,"=""048-661-9588""",,"【所在地】埼玉県さいたま市岩槻区大字村国584-2,585-2,585-3,585-4
※2024/10/14　レインズ広告可物件｜(株)ベルツリー
",3390041
倉庫,R00176-024118,,,,空,アーカイブ(成約),無,3437100,,階,1995年04月,坂戸市大字小山の貸倉庫【1041坪】,,埼玉県坂戸市大字小山110,,,4.00,1.00,,,,2926.28,3443.17,1041.55,3300,2025/09/26,"2025/04/02 12:31","2025/09/26 16:32",先物(仲介),,株式会社シーアールイー　リーシンググループ,-,"=""03-5572-6604""",,,3500257
倉庫,R00176-023672,,,,空,アーカイブ(成約),無,487100,,階,1990年06月,深谷市宿根の貸倉庫【147坪】,,埼玉県深谷市宿根1129-2,,,3.00,1.00,,,1.00,2425.69,488.02,147.62,3300,2025/09/26,"2025/01/06 11:01","2025/09/26 16:16",先物(仲介),,株式会社塚田不動産事務所,-,"=""048-594-9486""",空有,,3660810
倉庫,R00176-024391,,,,空,アーカイブ(成約),無,600000,,階,1980年06月,八潮市大字古新田の貸倉庫【95坪】,,埼玉県八潮市大字古新田906-1,,,,1.00,3.00,,1.00,686.30,316.70,95.8,6263,2025/09/26,"2025/05/28 14:42","2025/09/26 16:07",先物(仲介),,株式会社エス・デザイン開発,-,"=""047-456-5677""",空有,,3400823
貸地,R00176-024269,,,,更地,アーカイブ(成約),無,230000,,階,-,八潮市大字八條の貸地【271坪】,,埼玉県八潮市大字八條,,,,1.00,4.00,,1.50,897.00,,271.34,848,2025/09/26,"2025/05/07 11:35","2025/09/26 16:03",先物(仲介),,貸地バンク（株）,-,"=""047-471-0034""",,"【所在地】埼玉県八潮市大字八條字和ノ村
【グーグルマップ】埼玉県八潮市八條1778の南側",3400801
倉庫,R00176-024342,,,,空,アーカイブ(成約),無,1430000,,階,2018年09月,墨田区錦糸1丁目の貸倉庫【107坪】,,東京都墨田区錦糸１丁目16-4,,110000,,,10.00,,1.00,,356.74,107.91,13252,2025/09/26,"2025/05/20 10:09","2025/09/26 13:34",先物(仲介),,ゲン・エステート（株）,-,"=""03-5256-0070""",,,1300013
倉庫,R00176-023599,,,,空,アーカイブ(成約),無,880000,,2階,1980年02月,横浜市金沢区幸浦2丁目の貸倉庫【49坪】,,神奈川県横浜市金沢区幸浦２丁目21-1,22000,,,1.00,6.00,,,,411.40,124.44,7072,2025/09/26,"2024/12/10 11:36","2025/09/26 11:32",先物(仲介),,（株）ライク,-,"=""045-349-4031""",空有,"2025/9/26　物確→急ぎの場合は、小川様：070-8405-1919に連絡
・2階部分",2360003
倉庫,R00176-023598,,,,空,アーカイブ(成約),無,550000,,1階,1980年02月,横浜市金沢区幸浦2丁目の貸倉庫【49坪】,,神奈川県横浜市金沢区幸浦２丁目21-1,22000,,,1.00,6.00,,,,164.15,49.65,11077,2025/09/26,"2024/12/10 11:34","2025/09/26 11:32",先物(仲介),,（株）ライク,-,"=""045-349-4031""",空有,"2025/9/26　物確→急ぎの場合は、小川様：070-8405-1919に連絡
・1階部分",2360003
店舗事務所(建物一括),R00176-024313,,,,空,アーカイブ(成約),無,385000,,階,1997年01月,江戸川区南篠崎町2丁目の貸店舗・事務所【40坪】,,東京都江戸川区南篠崎町２丁目15-2,,,3.00,1.00,,,1.00,,133.70,40.44,9520,2025/08/18,"2025/05/14 12:37","2025/09/26 11:20",先物(仲介),,(株)本州不動産,-,"=""03-3677-3761""",無,,1330065
倉庫,R00176-023532,,,,使用中,アーカイブ(成約),無,717750,,階,1967年09月,茨城県坂東市辺田の貸倉庫【261坪】,,茨城県坂東市辺田286,,,2.00,1.00,,,1.00,2310.00,861.82,260.7,2754,2025/09/26,"2024/11/28 09:54","2025/09/26 09:40",先物(仲介),,（株）小野寺商事,-,"=""090-9018-6197""",空有,"■2024/11/28　掲載依頼物件｜担当：星さん
一度募集停止となる",3060632
倉庫,R00176-024632,,,,空,アーカイブ(成約),無,506000,,階,1996年04月,蓮田市関山1丁目の貸倉庫【146坪】,,埼玉県蓮田市関山１丁目2,11000,,,1.00,3.00,,1.00,,483.18,146.16,3462,2025/09/25,"2025/07/28 11:52","2025/09/25 17:41",先物(仲介),,株式会社アースパワー,-,"=""048-688-3585""",空有,※2025/7/28　at-home転載可｜(株)アースパワー,3490121
貸地,R00176-024516,,,,更地,アーカイブ(成約),無,300000,,階,-,さいたま市岩槻区大字笹久保新田の貸地【433坪】,,埼玉県さいたま市岩槻区大字笹久保新田1107-1,,,2.00,1.00,,,1.00,1432.00,,433.18,693,2025/09/25,"2025/06/26 10:31","2025/09/25 17:33",先物(仲介),,株式会社Ｔ－Ｌｉｆｅ,-,"=""048-264-7000""",,"2025/08/27　申し込み入っているが、２番手は可能
2025/08/25　申し込みが入っているところで決まる見込みとのことでした
2025/08/07　申込みあり進めている",3390035
倉庫,R00176-024219,,,,空,アーカイブ(成約),無,8443400,,階,2023年03月,川崎市川崎区東扇島の貸倉庫【1476坪】,,神奈川県川崎市川崎区東扇島21,,,6.00,,,,,,4881.88,1476.76,5718,2025/09/25,"2025/04/22 11:07","2025/09/25 17:29",先物(仲介),,合同会社彩虹舎,070-6555-3592,"=""03-6879-9833""",,・1階B区画,2100869
倉庫,R00176-024123,,,,使用中,アーカイブ(成約),無,5241324,,階,1992年02月,品川区南大井5丁目の貸倉庫【397坪】,,東京都品川区南大井５丁目26-12,,,,,8.00,,,,1312.62,397.06,13201,2025/09/25,"2025/04/03 11:22","2025/09/25 16:56",先物(仲介),,（株）アースウィンド五反田店,-,"=""03-5719-5666""",,・地下2-1階部分,1400013
倉庫,R00176-024122,,,,使用中,アーカイブ(成約),無,1099296,,2階,1992年02月,品川区南大井5丁目の貸倉庫【83坪】,,東京都品川区南大井５丁目26-12,,,,,8.00,,,,275.30,83.27,13201,2025/09/25,"2025/04/03 11:22","2025/09/25 16:56",先物(仲介),,（株）アースウィンド五反田店,-,"=""03-5719-5666""",,・2階部分,1400013
倉庫,R00176-024540,,,,,アーカイブ(成約),無,3914746,,階,1992年02月,品川区南大井5丁目の貸倉庫【397坪】,,東京都品川区南大井５丁目26-12,,,8.00,,,,1.00,,1312.62,397.06,9860,2025/09/25,"2025/07/01 11:52","2025/09/25 16:55",先物(仲介),,（株）アースウィンド五反田店,-,"=""03-5719-5666""",,・地下2-1階部分,1400013
倉庫,R00176-024600,,,,空,アーカイブ(成約),無,311800,,2階,1973年04月,厚木市旭町1丁目の貸倉庫【32坪】,,神奈川県厚木市旭町１丁目33-5,5500,,3.00,1.00,,,,,107.77,32.6,9565,2025/09/25,"2025/07/17 12:00","2025/09/25 16:05",先物(仲介),,厚?倉庫株式会社,-,"=""046-233-5111""",空有,・2階部分,2430014
倉庫,R00176-024506,,,,空,アーカイブ(成約),無,990000,,1階,1995年12月,厚木市戸室5丁目の貸倉庫【149坪】,,神奈川県厚木市戸室５丁目31-1,,,3.00,,,,,,495.86,149.99,6601,2025/09/25,"2025/06/24 10:16","2025/09/25 16:05",先物(仲介),,厚?倉庫株式会社,-,"=""046-233-5111""",,※資料の住所は間違っています。正しくは戸室5丁目31-1,2430031
店舗(建物一括),R00176-023605,,,,空,アーカイブ(成約),無,396000,,階,2009年01月,藤沢市長後の貸店舗【20坪】,,神奈川県藤沢市長後1206-5,2750,,4.00,1.00,,,,497.00,68.99,20.86,18976,2025/09/25,"2024/12/12 10:02","2025/09/25 16:01",先物(仲介),,株式会社シーアールイ―,-,"=""03-5572-6604""",,,2520801
倉庫,R00176-024097,,,,空,アーカイブ(成約),無,2267799,,1階,1987年01月,川崎市川崎区東扇島の貸倉庫【479坪】,,神奈川県川崎市川崎区東扇島18-3,,,6.00,1.00,,,,5000.00,1584.96,479.45,4730,2025/09/25,"2025/03/27 11:45","2025/09/25 14:55",先物(仲介),,（株）タープ不動産,-,"=""03-5844-6300""",,・A棟1階部分,2100869
店舗(建物一部),R00176-023860,,,,使用中,アーカイブ(成約),無,660000,,1階,1987年12月,小田原市久野の貸店舗【159坪】,,神奈川県小田原市久野753-4,,,,1.00,6.00,,1.00,1157.72,526.50,159.26,4145,2025/09/25,"2025/02/07 10:34","2025/09/25 14:51",先物(仲介),,シニアライフリアルティ（株）本店,-,"=""0465-46-6320""",,※2025/2/7　広告確認中のためマッチングのみ｜シニアライフリアルティ（株）本店,2500055
倉庫,R00176-024405,,,,居住中,アーカイブ(成約),無,363000,,階,1993年07月,足柄上郡中井町井ノ口の貸倉庫【79坪】,,神奈川県足柄上郡中井町井ノ口2411-8,16500,,4.00,1.00,,,,3328.26,264.00,79.86,4546,2025/09/25,"2025/06/02 10:35","2025/09/25 14:05",先物(仲介),,株式会社シーアールイー　本社,-,"=""03-5572-6604""",,・1区画貸し,2590151
工場,R00176-024291,,,,使用中,アーカイブ(成約),無,900000,,階,1988年01月,相模原市中央区田名の貸工場【197坪】,,神奈川県相模原市中央区田名4081-1,,,,1.00,3.00,,,1475.72,653.62,197.72,4552,2025/09/25,"2025/05/12 10:31","2025/09/25 14:03",先物(仲介),,金子建設（株）,-,"=""042-757-0001""",空有,※2025/5/12　広告確認中のためマッチングのみ｜金子建設（株）,2520244
工場,R00176-024311,,,,空,アーカイブ(成約),無,440000,,階,1981年06月,横浜市都筑区佐江戸町の貸工場【56坪】,,神奈川県横浜市都筑区佐江戸町403,,,2.00,1.00,,1.00,1.00,,188.38,56.98,7722,2025/09/25,"2025/05/14 11:44","2025/09/25 14:02",先物(仲介),,神奈川中央住宅（株）,-,"=""045-941-1000""",空有,・1区画貸し,2240054
工場,R00176-023947,,,,空,アーカイブ(成約),無,841500,,階,1984年10月,横浜市都筑区早渕1丁目の貸工場【86坪】,,神奈川県横浜市都筑区早渕１丁目28-2,,,6.00,1.00,,,1.00,,287.00,86.81,9693,2025/09/25,"2025/02/26 09:25","2025/09/25 14:01",先物(仲介),,金光商事（株）,-,"=""045-941-0303""",空有,"2025.5.26　申込み有、2番手可。

※2025/2/26　広告確認中のためマッチングのみ｜?光商事（株）",2240025
工場,R00176-024108,,,,使用中,アーカイブ(成約),無,385000,,1階,1990年01月,横浜市都筑区川向町の貸工場【28坪】,,神奈川県横浜市都筑区川向町957-29,,22000,,2.00,4.00,,1.00,,94.77,28.66,13430,2025/09/25,"2025/04/01 10:31","2025/09/25 13:39",先物(仲介),,株式会社石原興業,-,"=""045-541-4180""",空有,※マッチングのみ,2240044
事務所(建物一部),R00176-024008,,,,空,アーカイブ(成約),無,480000,,1階,1990年10月,横浜市南区新川町1丁目の貸事務所【50坪】,,神奈川県横浜市南区新川町１丁目2-1,,,4.00,1.00,,,1.00,,167.66,50.71,9465,2025/09/24,"2025/03/10 09:46","2025/09/24 17:24",先物(仲介),,南青山リアルエステート（株）,王　梓,"=""090-8668-8167""",空有,・104号室,2320027
倉庫,R00176-024468,,,,使用中,アーカイブ(成約),無,1820500,,階,1974年01月,横浜市神奈川区羽沢町の貸倉庫【206坪】,,神奈川県横浜市神奈川区羽沢町1623-2,27500,,6.00,1.00,,,,,683.96,206.89,8800,2025/09/24,"2025/06/17 09:44","2025/09/24 16:20",先物(仲介),,寺田倉庫株式会社,-,"=""03-5479-1616""",,・2025/6/17　at-home転載可物件｜寺?倉庫（株）不動産部,2210863
倉庫,R00176-023747,,,,居住中,アーカイブ(成約),無,495000,,階,1990年07月,綾瀬市寺尾西3丁目の貸倉庫【104坪】,,神奈川県綾瀬市寺尾西３丁目1201-16,,,4.00,1.00,,,,,346.21,104.72,4727,2025/09/24,"2025/01/20 09:52","2025/09/24 16:09",先物(仲介),,,高田,"=""東京支店：090-4304-6091""",,"※問合せ先：（株）ネクサス東京?店担当：髙?様｜090-4304-6091へ直接お電話
・Googleマップ：神奈川県綾瀬市寺尾西３丁目１－１２０１－7
　　　　　　　　 https://maps.app.goo.gl/akRuFMygBxFmWk1M8",2521136
倉庫,R00176-024048,,,,空,アーカイブ(成約),無,825000,,1階,1981年06月,江戸川区南小岩3丁目の貸倉庫【70坪】,,東京都江戸川区南小岩３丁目7-8,,,,1650000,4500000,,,,232.20,70.24,11746,2025/09/24,"2025/03/17 10:39","2025/09/24 15:22",先物(仲介),,（有）寺村不動産　錦糸町店,-,"=""03-5608-0018""",空有,"2025/09　A多久島さん契約予定
",1330056
倉庫,R00176-024203,,,,空,アーカイブ(成約),無,4988500,,階,2013年11月,厚木市岡田の貸倉庫【904坪】,,神奈川県厚木市岡田４丁目19-20,448965,,3.00,1.00,,,,3660.99,2990.62,904.66,5515,2025/09/24,"2025/04/18 11:13","2025/09/24 14:53",先物(仲介),,中央日土地ソリューションズ　横浜支店,-,"=""045-312-2521""",,"2025/9/24　1件申し込みあり
※2025/4/18　広告確認中のためマッチングのみ｜中央??地ソリューションズ株式会社?横浜?店
",2430021
店舗(建物一部),R00176-024002,,,,空,アーカイブ(成約),無,450000,,1階,1996年01月,秦野市鈴張町の貸店舗【59坪】,,神奈川県秦野市鈴張町7-14,15000,,,1.00,3.00,,,,196.55,59.45,7569,2025/09/24,"2025/03/07 11:03","2025/09/24 14:13",先物(仲介),,（株）コラム建設,平塚：080-7634-5753,"=""0463-83-8191""",空有,"2025.3.11　1Fワンフロアに2区画。

・1階一部分
※2025/3/7　レインズ広告可物件｜(株)コラム建設",2570055
工場,R00176-024707,,,,空,アーカイブ(成約),無,1400000,,階,1985年11月,相模原市中央区南橋本4丁目の貸工場【282坪】,,神奈川県相模原市中央区南橋本４丁目3-15,,,4.00,1.00,,,0.50,,932.64,282.12,4963,2025/09/24,"2025/08/19 11:09","2025/09/24 13:49",先物(仲介),,株式会社アクティオ,-,"=""042-775-7801""",,,2520253
倉庫,R00176-024063,,,,空,アーカイブ(成約),無,450000,,1階,1986年02月,横須賀市東浦賀1丁目の貸倉庫【86坪】,,神奈川県横須賀市東浦賀１丁目10-7,,,1.00,,1.00,,1.00,,286.00,86.51,5202,2025/09/24,"2025/03/21 09:48","2025/09/24 13:43",先物(仲介),,一般社団法人　エステートリョーマ,-,"=""046-842-8177""",無,※2025/3/21　レインズ広告可物件｜?般社団法?エステートリョーマ,2390821
倉庫,R00176-024695,,,,建築中,アーカイブ(成約),無,2395800,,階,2025年11月,横浜市鶴見区駒岡４丁目の貸倉庫【145坪】,,神奈川県横浜市鶴見区駒岡４丁目39,,,3.00,2.00,,,,797.88,480.00,145.2,16500,2025/09/24,"2025/08/07 16:39","2025/09/24 13:39",先物(仲介),,（株）天野屋倉庫,-,"=""045-501-0058""",空有,,2300071
倉庫,R00176-024245,,,,使用中,アーカイブ(成約),無,26554000,,階,1987年05月,横浜市鶴見区大黒ふ頭の貸倉庫【5310坪】,,神奈川県横浜市鶴見区大黒ふ頭15-1,,,6.00,,,,1.00,5195.34,17556.46,5310.82,5000,2025/09/24,"2025/04/28 10:36","2025/09/24 13:22",先物(仲介),,三洋ビル管理（株）東京本部,田口：090-1544-2572,"=""03-6417-4810""",,,2300054
店舗(建物一部),R00176-024104,,,,空,アーカイブ(成約),無,605000,,1階,1981年03月,川崎市高津区溝口3丁目の貸店舗【41坪】,,神奈川県川崎市高津区溝口３丁目9-3,,,6.00,2.00,,,1.00,,138.73,41.96,14417,2025/09/22,"2025/03/31 09:55","2025/09/22 17:35",先物(仲介),,株式会社鈴幸ハウス　横浜青葉台支店,-,"=""045-989-3700""",無,,2130001
店舗事務所(建物一部),R00176-024192,,,,使用中,アーカイブ(成約),無,1100000,,1階,1990年06月,横浜市都筑区荏田東1丁目の貸店舗・事務所【79坪】,,神奈川県横浜市都筑区荏田東１丁目1-12,,,,1100000,5000000,,1.00,,263.82,79.8,13784,2025/09/22,"2025/04/17 10:52","2025/09/22 17:21",先物(仲介),,ハウジングセンター（株）センター南営業所,-,"=""045-949-6161""",空有,,2240006
倉庫,R00176-024040,,,,空,アーカイブ(成約),無,286000,,1階,1969年09月,熊谷市中奈良の貸倉庫【129坪】,,埼玉県熊谷市中奈良1066,,,2.00,1.00,,,1.00,,427.68,129.37,2211,2025/09/05,"2025/03/14 09:38","2025/09/22 15:29",先物(仲介),,（株）末広不動産　,-,"=""048-522-1112""",空有,"2025.8.7　内覧　キーBOX対応、事前名刺FAX。40ftコンテナは現地ご確認ください。恐らくギリギリのラインとのことです。

・1階部分",3600801
店舗事務所(建物一部),R00176-023737,,,,空,アーカイブ(成約),無,660000,,1階,1987年03月,浦安市富士見2丁目の貸店舗・事務所【105坪】,,千葉県浦安市富士見２丁目9-34,,,,1.00,5.00,,1.00,,347.13,105,6286,2025/09/22,"2025/01/16 11:05","2025/09/22 12:32",先物(仲介),,アパマンショップ浦安店（株）菊家商事,-,"=""047-351-1225""",,,2790043
店舗(建物一部),R00176-024780,,,,居住中,アーカイブ(成約),無,440000,,1階,2009年08月,江東区東砂7丁目の貸店舗【33坪】,,東京都江東区東砂７丁目16,,,3.00,1.00,,,1.00,,111.39,33.69,13059,2025/09/22,"2025/09/01 10:51","2025/09/22 12:09",先物(仲介),,大東建託リーシング（株）亀戸店,-,"=""03-3682-0701""",,"・枝番：16-6
2025/09/22　物確→契約予定",1360074
貸地,R00176-024708,,,,更地,アーカイブ(成約),無,300000,,階,-,横浜市港北区篠原町の貸地【113坪】,,神奈川県横浜市港北区篠原町3124,,,2.00,1.00,,,1.00,373.81,,113.07,2654,2025/09/18,"2025/08/19 11:28","2025/09/22 11:30",先物(仲介),,有限会社アークプランニング,-,"=""045-474-5322""",,,2220026
貸地,R00176-024649,,,,古家付,アーカイブ(成約),無,350000,,階,-,千葉市花見川区柏井町の貸地【140坪】,,千葉県千葉市花見川区柏井町1127-1,,,1.00,1.00,,,1.00,465.00,,140.66,2489,2025/09/08,"2025/07/30 09:56","2025/09/22 10:00",先物(仲介),,有限会社大日総業,-,"=""043-259-6284""",,,2620041
事務所(建物一部),R00176-024521,,,,空,アーカイブ(成約),無,399360,,1階,2022年04月,日高市大字田木の貸事務所【60坪】,,埼玉県日高市大字田木482,,11000,1.00,1.00,,,,,200.00,60.5,6601,2025/09/19,"2025/06/27 09:49","2025/09/19 17:50",先物(仲介),,株式会社ランド,-,"=""049-238-1321""",空有,・1階部分,3501224
倉庫,R00176-023773,,,,空,アーカイブ(成約),無,380000,,階,1990年10月,鴻巣市逆川1丁目の貸倉庫【176坪】,,埼玉県鴻巣市逆川１丁目14-25,,,2.00,1.00,,,,642.27,582.98,176.35,2155,2025/09/19,"2025/01/23 10:18","2025/09/19 17:47",先物(仲介),,オオタREドック株式会社,-,"=""050-3746-3171""",空有,※2025/7/31　広告確認中のためマッチングのみ｜オオタＲＥドック（株）,3650047
倉庫,R00176-024741,,,,空,アーカイブ(成約),無,440000,,階,1986年06月,越谷市七左町8丁目の貸倉庫【75坪】,,埼玉県越谷市七左町８丁目137-2,,,4.00,1.00,,,1.00,446.00,248.86,75.28,5845,2025/09/19,"2025/08/22 11:08","2025/09/19 17:00",先物(仲介),,株式会社ビーズ,-,"=""048-263-2882""",空有,,3430851
倉庫,R00176-023560,,,,空,アーカイブ(成約),無,2090000,,階,1975年03月,厚木市長沼の貸倉庫【494坪】,,神奈川県厚木市長沼245-1,104500,,4.00,1.00,,,1.00,1503.00,1633.64,494.17,4230,2025/07/15,"2024/12/03 09:56","2025/09/19 16:58",先物(仲介),,有限会社トラストワン,-,"=""045-943-7011""",,,2430024
貸地,R00176-024731,,,,更地,アーカイブ(成約),無,300000,,階,-,所沢市大字荒幡の貸地【80坪】,,埼玉県所沢市大字荒幡1287-1,,,,1.00,4.00,,1.00,266.00,,80.46,3729,2025/09/19,"2025/08/21 11:03","2025/09/19 16:58",先物(仲介),,株式会社イコム,-,"=""048-799-3200""",,【ナビ住所】所沢市大字荒幡1292-4付近,3591133
倉庫,R00176-024533,,,,空,アーカイブ(成約),無,418000,,階,1986年12月,横浜市神奈川区羽沢町の貸倉庫【36坪】,,神奈川県横浜市神奈川区羽沢町1570,,,3.00,1.00,,,1.00,,120.00,36.3,11516,2025/07/01,"2025/07/01 10:14","2025/09/19 16:55",先物(仲介),,有限会社　三枝商事,-,"=""045-931-1729""",空有,,2210863
倉庫,R00176-023610,,,,空,アーカイブ(成約),無,385000,,階,1973年06月,相模原市中央区相模原5丁目の貸倉庫【49坪】,,神奈川県相模原市中央区相模原５丁目289-10,,,3.00,1.00,,,1.00,390.13,162.00,49,7857,2025/07/11,"2024/12/13 09:30","2025/09/19 16:53",先物(仲介),,くみあい商事株式会社,-,"=""042-776-1234""",空有,"・場所：グーグルマップでは、相模原5丁目8-18（シャディ ミキ 物流センター）
・枝番：289-10の一部
※2024/12/13　広告確認中のためマッチングのみ｜くみあい商事（株）",2520231
貸地,R00176-023916,,,,古家付,アーカイブ(成約),無,660000,,階,-,横浜市磯子区峰町の貸地【302坪】,,神奈川県横浜市磯子区峰町507-1,,,2.00,2.00,,,1.00,1000.00,,302.5,2182,2025/05/13,"2025/02/18 10:08","2025/09/19 11:39",先物(仲介),,（株）貴奈美,-,"=""045-900-5463""",,"詳細は担当者へ→090-8844-8860｜元付：（株）貴奈美
※2025/2/18　広告NGのためマッチングのみ",2350044
貸地,R00176-024148,,,,更地,アーカイブ(成約),無,363000,,階,-,横浜市都筑区東山田町の貸地【142坪】,,神奈川県横浜市都筑区東山田町328,,,2.00,2.00,,,1.00,472.00,,142.78,2543,2025/07/28,"2025/04/09 10:12","2025/09/19 11:36",先物(仲介),,株式会社横浜タウンサービス仲町台店,-,"=""045-949-3555""",,,2240024
貸地,R00176-023785,,,,更地,アーカイブ(成約),無,640000,,階,-,藤沢市用田の貸地【902坪】,,神奈川県藤沢市用田2652-4,,,5.00,2.00,,1.00,1.00,2983.00,,902.35,710,2025/05/09,"2025/01/27 10:24","2025/09/19 11:34",先物(仲介),,（株）フィード,藤岡：080-7277-6801,"=""045-828-6134""",,"・2025/5/9　マイソク⇒64万円、レインズ⇒54万円のためマイソクに合わせてます
・2025/4/14　1番手なくなったため募集中
・2025/3/27　1番手あり。2番手で良ければ可。
※物件確認は担当者直接。会社に来ないとのことで携帯へ：藤岡様：080-7277-6801｜(株)フィード
※広告不可のためマッチングのみ",2520821
貸地,R00176-024222,,,,更地,アーカイブ(成約),無,330000,,階,-,横浜市保土ケ谷区仏向町の貸地【166坪】,,神奈川県横浜市保土ケ谷区仏向町1454,,,3.00,2.00,,,1.00,550.00,,166.37,1984,2025/06/20,"2025/04/22 11:43","2025/09/19 11:30",先物(仲介),,（有）三光不動産　,-,"=""045-543-6291""",,,2400044
貸地,R00176-024386,,,,更地,アーカイブ(成約),無,300000,,階,-,横浜市瀬谷区宮沢4丁目の貸地【251坪】,,神奈川県横浜市瀬谷区宮沢４丁目17-20,,,1.00,1.00,,1.00,1.00,832.00,,251.68,1192,2025/05/27,"2025/05/27 12:02","2025/09/19 10:36",先物(仲介),,株式会社令和,-,"=""045-883-0101""",,※2025/5/27　広告確認中のためマッチングのみ｜(株)令和,2460038
貸地,R00176-024424,,,,更地,アーカイブ(成約),無,400000,,階,-,横浜市都筑区大棚町の貸地【279坪】,,神奈川県横浜市都筑区大棚町62,,,3.00,1.00,,,1.00,924.00,,279.51,1432,2025/07/28,"2025/06/05 10:50","2025/09/19 10:32",先物(仲介),,株式会社ファイブエステイト,-,"=""03-3780-7000""",,"・枝番：62、63
※2025/6/5　広告確認中のためマッチングのみ｜(株)ファイブエステート",2240027
貸地,R00176-024404,,,,更地,アーカイブ(成約),無,380000,,階,-,横浜市緑区十日市場町の貸地【150坪】,,神奈川県横浜市緑区十日市場町19-2,,,3.00,1.00,,,1.00,497.00,,150.34,2528,2025/07/25,"2025/06/02 10:15","2025/09/19 10:30",先物(仲介),,（有）エス・ワイ・ジェイ,-,"=""045-532-9389""",,※2025/6/2　広告確認中のためマッチングのみ｜(有)エス・ワイ・ジェイ,2260025
貸地,R00176-024534,,,,更地,アーカイブ(成約),無,300000,,階,-,平塚市土屋の貸地【308坪】,,神奈川県平塚市土屋2289-1,,,900000,,,,220000,1019.00,,308.24,974,2025/07/01,"2025/07/01 10:44","2025/09/19 10:28",先物(仲介),,（有）豊栄ハウジング,-,"=""0463-34-6009""",,"・住所：平塚市土屋2289-1、2289-9、2290-1、他1
※202/7/1　at-home転載可物件｜(有)豊栄ハウジング",2591205
貸地,R00176-024574,,,,,アーカイブ(成約),無,540000,,階,-,横浜市港北区鳥山町の貸地【299坪】,,神奈川県横浜市港北区鳥山町1065,,,,1.00,3.00,,1.00,991.00,,299.77,1802,2025/07/25,"2025/07/10 10:36","2025/09/19 10:25",先物(仲介),,（株）メイクリーン,-,"=""045-309-7315""",,※2025/7/10　マイソクより自社HPのみ掲載可物件｜(株)メイクリーン,2220035
倉庫,R00176-024491,,,,空,アーカイブ(成約),無,400000,,1階,1967年08月,墨田区江東橋1丁目の貸倉庫【52坪】,,東京都墨田区江東橋１丁目,,,4.00,1.00,,,,,172.51,52.18,7666,2025/06/23,"2025/06/20 10:24","2025/09/19 09:04",先物(仲介),,(有)ライフネット,-,"=""03-5669-1911""",,,1300022
貸地,R00176-024466,,,,更地,アーカイブ(成約),無,330000,,階,-,越谷市大字平方の貸地【287坪】,,埼玉県越谷市大字平方2480-1,,,,1.00,3.00,,,952.00,,287.98,1146,2025/09/18,"2025/06/16 11:34","2025/09/18 17:39",先物(仲介),,株式会社インペリアルホールディングス,-,"=""048-940-8128""",,"2025.6.20　プレハブ設置　前テナントも現場事務所で設置していたので相談可。トイレは仮設で利用されていた。　

【所在地】埼玉県越谷市大字平方字南田2480-1
",3430002
貸地,R00176-024452,,,,更地,アーカイブ(成約),無,427000,,階,-,八潮市大字八條の貸地【408坪】,,埼玉県八潮市大字八條3599-1,,,,1.00,4.00,,1.50,1351.56,,408.84,1045,2025/09/18,"2025/06/12 10:18","2025/09/18 17:38",先物(仲介),,貸地バンク（株）,-,"=""047-471-0034""",,,3400801
貸地,R00176-024730,,,,更地,アーカイブ(成約),無,3000000,,階,-,富士見市大字鶴馬の貸地【1679坪】,,埼玉県富士見市大字鶴馬3576-5,,,3.00,1.00,,,,5552.00,,1679.48,1787,2025/09/18,"2025/08/21 10:24","2025/09/18 16:41",先物(仲介),,石川不動産　,-,"=""048-456-0355""",,"【所在地】埼玉県富士見市大字鶴馬字鶉町3576-5
【グーグルマップ】埼玉県富士見市大字下南畑字竹ノ内3663-2（しののめの里入口交差点付近）",3540021
倉庫,R00176-024346,,,,空,アーカイブ(成約),無,440000,,1階,2000年03月,文京区後楽2丁目の貸倉庫【40坪】,,東京都文京区後楽２丁目3-11,,,6.00,,,,1.10,,132.80,40.17,10953,2025/09/18,"2025/05/20 11:12","2025/09/18 15:45",先物(仲介),,（株）松屋,-,"=""03-3815-1010""",空有,・1階部分,1120004
倉庫,R00176-024363,,,,使用中,アーカイブ(成約),無,1155000,,階,2007年04月,八街市朝日の貸倉庫【299坪】,,千葉県八街市朝日235-3,,,4.00,2.00,,,1.00,,990.00,299.47,3857,2025/07/17,"2025/05/22 12:03","2025/09/18 14:16",先物(仲介),,ゼクス株式会社,-,"=""047-468-8685""",,,2891101
倉庫,R00176-023259,,,,空,アーカイブ(成約),無,367200,,地下2階,1986年01月,横浜市中区山下町の貸倉庫【27坪】,,神奈川県横浜市中区山下町,,,12.00,,,,,,91.99,27.82,13196,2025/09/18,"2024/10/07 10:17","2025/09/18 13:52",先物(仲介),,（株）ブルーム,-,"=""045-900-4599""",,"担当者　新木様070-3605-6806
araki@broom2007.com

・住所：山下町89-6",2310023
貸地,R00176-024453,,,,その他,アーカイブ(成約),無,420000,,階,-,横浜市都筑区勝田町の貸地【227坪】,,神奈川県横浜市都筑区勝田町720,3000,,3.00,1.00,,,55000,753.00,,227.78,1844,2025/07/01,"2025/06/13 09:42","2025/09/18 13:17",先物(仲介),,（株）マリンボックス,-,"=""0466-41-2133""",,※2025/6/13　広告確認中のためマッチングのみ｜(株)マリンボックス,2240034
貸地,R00176-024062,,,,更地,アーカイブ(成約),無,480000,,階,-,横浜市緑区三保町の貸地【268坪】,,神奈川県横浜市緑区三保町970-2,,,,1.00,3.00,,1.00,888.00,,268.62,1787,2025/07/01,"2025/03/21 09:35","2025/09/18 13:09",先物(仲介),,株式会社タッグ総合企画開発,-,"=""046-261-5078""",,,2260015
倉庫,R00176-024669,,,,使用中,アーカイブ(成約),無,440000,,階,1978年01月,戸田市新曽南4丁目の貸倉庫【79坪】,,埼玉県戸田市新曽南４丁目1-35,,,2.00,1.00,,,,,264.00,79.86,5510,2025/09/17,"2025/08/04 11:19","2025/09/17 14:46",先物(仲介),,（株）平和不動産※広告NG業者,-,"=""048-446-1000""",空有,"2025.8.25　4t?
・物件番号：1-1
※広告NG業者のためマッチングのみ

2025/09/17　A宮本さん契約予定",3350026
倉庫,R00176-024665,,,,空,アーカイブ(成約),無,935000,,階,1983年12月,海老名市社家3丁目の貸倉庫【126坪】,,神奈川県海老名市社家３丁目13-9,13750,,4.00,1.00,,,,908.06,418.31,126.53,7390,2025/09/17,"2025/08/01 10:42","2025/09/17 12:11",先物(仲介),,株式会社シーアールイー　本社,-,"=""03-5572-6604""",空有,2025.8.26　中古車販売相談可、整備は法通り50㎡以下の作業場であれば相談可。,2430424
倉庫,R00176-024544,,,,空,アーカイブ(成約),無,606683,,1階,1970年09月,千葉市美浜区新港の貸倉庫【157坪】,,千葉県千葉市美浜区新港65-2,,,3.00,1.00,,,,2150.00,520.95,157.58,3850,2025/07/02,"2025/07/02 10:05","2025/09/17 11:52",先物(仲介),,株式会社シーアールイー　本社,-,"=""03-5572-6604""",,・1階部分,2610002
倉庫,R00176-024822,,,,空,アーカイブ(成約),無,385000,,階,1992年01月,羽生市大字上新郷の貸倉庫【177坪】,,埼玉県羽生市大字上新郷5615,11000,,2.00,1.00,,,1.00,996.31,588.00,177.87,2165,2025/09/16,"2025/09/09 11:04","2025/09/16 10:16",先物(仲介),,有限会社谷島商事,-,"=""048-563-1177""",空有,,3480041
店舗(建物一括),R00176-024720,,,,空,アーカイブ(成約),無,770000,,階,2014年06月,あきる野市秋川6丁目の貸店舗【57坪】,,東京都あきる野市秋川６丁目3-1,,,3.00,1.00,,,1.00,648.77,191.59,57.95,13286,2025/09/16,"2025/08/19 14:50","2025/09/16 09:48",先物(仲介),,センチュリー２１　（株）トラヤ,-,"=""042-579-5212""",空有,,1970804
工場,R00176-024831,,,,空,公開可,無,3520000,,階,2001年03月,八王子市四谷町の貸工場【545坪】,,東京都八王子市四谷町,,,,1.00,6.00,,1.00,1896.64,1801.12,544.83,6461,2026/06/25,"2025/09/10 14:26","2025/09/16 09:24",先物(仲介),,（株）博栄不動産,-,"=""042-666-8288""",空有,・Googleマップ枝番：657-1,1930813
貸地,R00176-024705,,,,更地,アーカイブ(成約),無,300000,,階,-,さいたま市岩槻区古ヶ場1丁目の貸地【193坪】,,埼玉県さいたま市岩槻区古ヶ場１丁目8-12,,,1.00,,,,1.00,641.00,,193.9,1548,2025/09/12,"2025/08/19 10:46","2025/09/12 16:06",先物(仲介),,（株）仁,-,"=""048-797-9517""",,※2025/8/19　at-home広告可物件｜(株)仁,3390072
倉庫,R00176-024301,,,,使用中,アーカイブ(成約),無,880000,,階,1969年03月,北足立郡伊奈町小針新宿の貸倉庫【200坪】,,埼玉県北足立郡伊奈町大字小針新宿555,,,,1.00,4.00,,,,661.50,200.1,4398,2025/09/12,"2025/05/13 15:28","2025/09/12 16:05",先物(仲介),,株式会社シーアールイー　リーシンググループ,-,"=""03-5572-6604""",空有,A2倉庫,3620808
貸地,R00176-024702,,,,更地,アーカイブ(成約),無,300000,,階,-,鶴ヶ島市大字高倉の貸地【399坪】,,埼玉県鶴ヶ島市大字高倉1250-6,,,1.00,1.00,,,1.00,1322.18,,399.95,751,2025/09/12,"2025/08/19 10:10","2025/09/12 16:02",先物(仲介),,川木建設株式会社,-,"=""049-242-2110""",,【所在地】埼玉県鶴ヶ島市大字高倉1250-6、7、8,3502223
倉庫,R00176-024545,,,,空,アーカイブ(成約),無,1716000,,階,2012年01月,深谷市上柴町東2丁目の貸倉庫【780坪】,,埼玉県深谷市上柴町東２丁目22-2,,,1.00,1.00,,,,,2578.51,779.99,2201,2025/09/12,"2025/07/02 10:11","2025/09/12 15:47",先物(仲介),,柴崎倉庫（株）　,柴崎,"=""048-571-0798""",空有,※2025/7/2　レインズ広告可物件｜柴崎倉庫（株）,3660051
工場,R00176-024727,,,,空,公開可,無,385000,,階,1965年03月,青梅市成木5丁目の貸工場【93坪】,,東京都青梅市成木５丁目1307,,,2.00,385000,,,1.00,799.32,310.00,93.77,4106,2026/06/26,"2025/08/20 09:54","2025/09/12 13:04",先物(仲介),,（株）三愛※広告NG業者,-,"=""0428-24-3300""",空有,※マッチングのみ,1980001
貸地,R00176-023838,,,,更地,アーカイブ(成約),無,550000,,階,-,立川市幸町2丁目の貸地【175坪】,,東京都立川市幸町２丁目44-4,,,,550000,500000,,1.10,581.00,,175.75,3130,2025/09/12,"2025/02/04 13:00","2025/09/12 10:30",先物(仲介),,（株）オメガ国立店　,-,"=""042-571-1151""",,"2025/6/5確認：1番手あり、2番手可能。
2025.6.27確認：契約が流れ継続募集中となる",1900002
倉庫,R00176-024794,,,,空,公開可,無,1134300,,2階,1963年01月,港区海岸3丁目の貸倉庫【104坪】,,東京都港区海岸３丁目5-10,,,,1.00,6.00,,,,344.99,104.35,10870,2026/07/24,"2025/09/02 11:04","2025/09/10 14:10",先物(仲介),,イーソーコ株式会社,-,"=""03-5439-9401""",,"・2階部分

2025/09/10　物確→募集中、内見可。
ただし契約期間2026年3月31日まで。このエリアの開発に関するものの為再契約の可否などは明確には分からないとのことでした（フジタ様対応）",1080022
事務所(建物一括),R00176-024536,,,,空,アーカイブ(成約),無,300000,,階,1969年02月,松戸市小山の貸事務所【145坪】,,千葉県松戸市小山464-3,,,,,3.00,,1.00,228.09,482.59,145.98,2056,2025/09/10,"2025/07/01 11:09","2025/09/10 09:06",先物(仲介),,（株）東和開発,-,"=""047-364-6805""",空有,※2025/7/1　at-home転載可物件｜(株)東和開発,2710093
工場,R00176-024647,,,,使用中,アーカイブ(成約),無,385000,,階,1977年11月,戸田市美女木4丁目の貸工場【48坪】,,埼玉県戸田市美女木４丁目25-8,,,3.00,1.00,,,,,159.49,48.24,7980,2025/09/09,"2025/07/29 14:09","2025/09/09 16:58",先物(仲介),,株式会社土屋商事,-,"=""048-421-9111""",無,※2025/7/29　広告確認中のためマッチングのみ｜(株)土屋商事,3350031
倉庫,R00176-024354,,,,空,アーカイブ(成約),無,770000,,階,1986年05月,さいたま市北区吉野町1丁目の貸倉庫【115坪】,,埼玉県さいたま市北区吉野町１丁目440-2,,,3.00,1.00,,,1.00,,381.40,115.37,6674,2025/09/09,"2025/05/21 11:54","2025/09/09 16:16",先物(仲介),,有限会社　ヒロックス,-,"=""048-660-5588""",空有,,3310811
貸地,R00176-024668,,,,古家付,アーカイブ(成約),無,440000,,階,-,草加市稲荷5丁目の貸地【279坪】,,埼玉県草加市稲荷５丁目32-20,,,2.00,1.10,,,1.10,923.86,,279.46,1575,2025/09/09,"2025/08/04 10:30","2025/09/09 14:45",先物(仲介),,株式会社Ｔ－Ｌｉｆｅ,-,"=""048-264-7000""",,2025/09/04　契約予定,3400003
倉庫,R00176-023643,,,,使用中,アーカイブ(成約),無,2310000,,階,1986年01月,中野区上鷺宮3丁目の貸倉庫【223坪】,,東京都中野区上鷺宮３丁目16-9,,,,1.00,6.00,,1.00,280.35,737.83,223.19,10350,2025/09/09,"2024/12/23 09:49","2025/09/09 10:17",先物(仲介),,株式会社オンリースタイル,大槌良太,"=""03-4455-7426""",空有,"2025-01-06　掲載依頼反響→2025/9/9成約済
貸主：株式会社オンリースタイル
物件担当：大槌 良太さま
内見可能時間: 平日 11:00～17:00
先物：タープ不動産で登録あり⇒貸主：オンリースタイルに変更
",1650031
貸地,R00176-024233,,,,,アーカイブ(成約),無,768153,,階,-,船橋市習志野台8丁目の貸地【537坪】,,千葉県船橋市習志野台８丁目16-16,,,3.00,1.00,,,,1775.76,,537.16,1431,2025/08/20,"2025/04/24 10:24","2025/09/08 11:45",先物(仲介),,株式会社シーアールイ―,-,"=""03-5572-6604""",,,2740063
貸地,R00176-024317,,,,更地,アーカイブ(成約),無,700000,,階,-,新座市畑中1丁目の貸地【243坪】,,埼玉県新座市畑中１丁目5-6,,,,1.00,3.00,,1.00,805.92,,243.79,2872,2025/09/08,"2025/05/15 10:12","2025/09/08 10:35",先物(仲介),,株式会社豊徳,-,"=""03-3964-0861""",,,3520012
工場,R00176-024750,,,,空,アーカイブ(成約),無,495000,,階,1986年01月,横浜市都筑区早渕1丁目の貸工場【58坪】,,神奈川県横浜市都筑区早渕１丁目28-4,,,,1.10,3.00,,1.00,,192.00,58.08,8523,2025/08/29,"2025/08/25 11:15","2025/09/05 17:57",先物(仲介),,（株）大幸エステート,-,"=""045-944-5790""",空有,・2025/9/5　申込あり。2番手NG。,2240025
店舗事務所(建物一括),R00176-024124,,,,,アーカイブ(成約),無,660000,,階,2004年10月,中郡大磯町生沢の貸店舗・事務所【51坪】,,神奈川県中郡大磯町生沢492-1,,,6.00,1.00,,,,1510.00,170.11,51.45,12826,2025/05/29,"2025/04/03 11:39","2025/09/05 13:15",先物(仲介),,（株）ＴＡＫＡＭＵＲＡ,-,"=""0463-61-0866""",空有,,2590102
貸地,R00176-024139,,,,更地,アーカイブ(成約),無,385000,,階,-,戸田市笹目6丁目の貸地【180坪】,,埼玉県戸田市笹目６丁目9-5,,,1.00,1.00,,,,595.05,,180,2139,2025/05/12,"2025/04/08 10:16","2025/09/05 13:07",先物(仲介),,オルテ地所開発株式会社,-,"=""050-3134-4182""",,"※2025/5/12　申込あり。2番手不可。
【グーグルマップ住所】戸田市笹目6丁目9-4の北側
・一括駐車場　※資材置き場不可",3350034
倉庫,R00176-024503,,,,使用中,アーカイブ(成約),無,440000,,階,1993年01月,横浜市旭区中希望が丘の貸倉庫【48坪】,,神奈川県横浜市旭区中希望が丘15-5,,,,1.00,3.00,,1.00,,159.30,48.18,9131,2025/07/11,"2025/06/24 09:46","2025/09/05 11:41",先物(仲介),,（株）コタニ興業,-,"=""045-593-3721""",空有,申込２件あり。,2410825
工場,R00176-023761,,,,空,アーカイブ(成約),無,385000,,階,1991年07月,相模原市緑区橋本台1丁目の貸工場【49坪】,,神奈川県相模原市緑区橋本台１丁目4-12,,,3.00,1.00,,,1.00,335.48,164.03,49.61,7760,2025/05/27,"2025/01/21 11:19","2025/09/05 10:46",先物(仲介),,片野溶研有限会社,-,"=""042-703-6188""",空有,※2025/1/21　広告確認中のためマッチングのみ｜片野溶研(有),2520132
倉庫,R00176-023237,,,,空,アーカイブ(成約),無,1078000,,階,1996年07月,大和市下和田の貸倉庫【273坪】,,神奈川県大和市下和田2,,,,1.00,3.00,,,,903.12,273.19,3946,2025/07/28,"2024/10/01 11:40","2025/09/05 10:42",先物(仲介),,株式会社加瀬テナントサービス,-,"=""045-534-8232""",空有,,2420015
店舗事務所(建物一部),R00176-024495,,,,居住中,アーカイブ(成約),無,423500,,1階,1977年03月,横浜市栄区笠間2丁目の貸店舗・事務所【35坪】,,神奈川県横浜市栄区笠間２丁目21-2,,,,1.00,10.00,,,60.00,116.10,35.12,12059,2025/07/25,"2025/06/23 09:45","2025/09/05 10:25",先物(仲介),,オセアンハマ住（株）,-,"=""045-869-3434""",空有,※2025/6/23　at-home転載可物件｜オセアンハマ住（株）,2470006
倉庫,R00176-024518,,,,空,アーカイブ(成約),無,836132,,階,-,江戸川区東葛西4丁目の貸倉庫【101坪】,,東京都江戸川区東葛西４丁目17-5,,,,1.00,4.00,,,,334.54,101.19,8263,2025/09/05,"2025/06/26 11:04","2025/09/05 09:29",先物(仲介),,（株）タープ不動産,-,"=""03-5844-6300""",空有,,1340084
工場,R00176-023925,,,,空,アーカイブ(成約),無,490000,,階,1989年07月,比企郡吉見町東野1丁目の貸工場【257坪】,,埼玉県比企郡吉見町東野１丁目21-6,,,3.00,1.00,,,1.00,922.38,851.92,257.7,1902,2025/09/04,"2025/02/18 16:27","2025/09/04 17:51",先物(仲介),,ファインエステート株式会社,-,"=""049-288-1101""",空有,"【所在地】比企郡吉見町東野1丁目21-6、7
※2025/8/5　at-home転載可物件｜ファインエステ－ト",3550110
貸地,R00176-024353,,,,更地,アーカイブ(成約),無,385000,,階,-,狭山市大字加佐志の貸地【944坪】,,埼玉県狭山市大字加佐志561-1,,,3.00,1.00,,,0.50,3123.00,,944.7,408,2025/09/04,"2025/05/21 11:26","2025/09/04 17:43",先物(仲介),,株式会社三幸,-,"=""04-2953-5555""",,■2025/06/17　残土以外は応相談（コンテナハウス等）,3501314
貸地,R00176-024337,,,,更地,アーカイブ(成約),無,350000,,階,-,春日部市赤沼の貸地【500坪】,,埼玉県春日部市赤沼764-1,,,,1.00,2.00,,1.00,1654.00,,500.33,700,2025/09/04,"2025/05/19 10:58","2025/09/04 17:42",先物(仲介),,（株）エヌケーエス,-,"=""048-795-4510""",,"2025.7.18　配管の引込み前面道路まではきているので、テナント様の方で敷地に引込可能。
洗車可能。
2025.6.24　残土不可


【グーグルマップ】埼玉県春日部市赤沼763の道路挟んで南側角地
【所在地】埼玉県春日部市赤沼香取764-1　他4筆
・レインズ掲載中は募集中のため物確不要｜(株)エヌケーエス",3440015
貸地,R00176-023796,,,,更地,アーカイブ(成約),無,220000,,階,-,坂戸市花影町の貸地【364坪】,,埼玉県坂戸市花影町9-9,,,500000,,,,1.00,1205.42,,364.63,604,2025/09/04,"2025/01/28 10:32","2025/09/04 16:52",先物(仲介),,（株）恩田商店　,-,"=""049-284-5001""",,・枝番：9-9,3500236
貸地,R00176-024666,,,,更地,アーカイブ(成約),無,330000,,階,-,三郷市上口1丁目の貸地【292坪】,,埼玉県三郷市上口１丁目200,,,2.00,2.00,,,1.00,966.00,,292.21,1130,2025/09/04,"2025/08/01 10:46","2025/09/04 10:57",先物(仲介),,（株）ハウストゥエンティーワン,-,"=""048-958-6611""",,2025/09　山崎さん契約予定,3410055
貸地,R00176-023265,,,,更地,アーカイブ(成約),無,495000,,階,-,厚木市岡津古久の貸地【417坪】,,神奈川県厚木市岡津古久83-1,,,,1.00,3.00,,,1379.00,,417.14,1187,2025/06/12,"2024/10/08 10:15","2025/09/03 07:36",先物(仲介),,フランクサービス（株）　,-,"=""042-705-4300""",,,2430126
貸地,R00176-024470,,,,更地,アーカイブ(成約),無,1298000,,階,-,横浜市都筑区池辺町の貸地【563坪】,,神奈川県横浜市都筑区池辺町980,,,,2.00,3.00,,0.50,1861.93,,563.23,2305,2025/07/09,"2025/06/17 10:02","2025/09/03 07:32",先物(仲介),,株式会社加瀬テナントサービス,-,"=""045-534-8232""",,"2025.7.9　プレハブやトレーラーハウスなど大きくないもの相談可。
インフラ：電気と汲み取りトイレ(残置物)水道は調整区域の為、エリア的に引き込めない。

・枝番：980、他",2240053
貸地,R00176-024483,,,,更地,アーカイブ(成約),無,497280,,階,-,横浜市港北区新羽町の貸地【296坪】,,神奈川県横浜市港北区新羽町2886-1,,,,1.00,3.00,,1.00,979.00,,296.14,1680,2025/07/01,"2025/06/19 09:22","2025/09/03 07:28",先物(仲介),,（株）メイクリーン,-,"=""045-309-7315""",,,2230057
貸地,R00176-024479,,,,更地,アーカイブ(成約),無,600000,,階,-,千葉市中央区星久喜町の貸地【455坪】,,千葉県千葉市中央区星久喜町570-1,,,,1.00,3.00,,1.00,1504.23,,455.02,1319,2025/09/02,"2025/06/17 11:53","2025/09/02 18:00",先物(仲介),,株式会社ＨｅａｒｔＹ,-,"=""0436-63-5343""",,,2600808
倉庫,R00176-024627,,,,,保留,無,770000,,階,-,所沢市大字南永井の貸倉庫【149坪】,,埼玉県所沢市大字南永井239-1,,,2310000,1.00,,,,878.80,495.00,149.73,5143,2025/09/02,"2025/07/25 14:31","2025/09/02 17:10",先物(仲介),,（株）トラスト　,-,"=""03-5832-9959""",空有,・2025/7/25　レインズ広告可物件｜(株)トラスト,3590011
貸地,R00176-023624,,,,その他,アーカイブ(成約),無,1100000,,階,-,松戸市金ケ作の貸地【2413坪】,,千葉県松戸市金ケ作267-4,,,1.00,1.00,,,0.50,7979.00,,2413.64,456,2025/09/02,"2024/12/17 11:23","2025/09/02 16:59",先物(仲介),,アルファ地所（株）　,-,"=""047-364-6039""",,"・所在地枝番：267-4、6
※2024/12/17　広告確認中のためマッチングのみ｜アルファ地所（株）",2702251
貸地,R00176-022982,,,,更地,アーカイブ(成約),無,351400,,階,-,四街道市鹿放ケ丘の貸地【1004坪】,,千葉県四街道市鹿放ケ丘125-1,,,3.00,1.00,,,1.00,3320.00,,1004.3,350,2025/09/02,"2024/08/06 10:46","2025/09/02 16:50",先物(仲介),,有限会社菱信商事,-,"=""043-421-5711""",,※2024/8/6　広告確認中のためマッチングのみ｜(有)菱信商事,2840008
倉庫,R00176-024428,,,,居住中,アーカイブ(成約),無,550000,,階,1986年11月,相模原市中央区清新7丁目の貸倉庫【109坪】,,神奈川県相模原市中央区清新７丁目2-12,,,4.00,1.00,1.00,,,360.00,361.00,109.2,5037,2025/09/02,"2025/06/09 09:51","2025/09/02 14:42",先物(仲介),,株式会社アクティオ,-,"=""042-775-7801""",,2025/09/02　物確→契約予定,2520216
貸地,R00176-024307,,,,更地,アーカイブ(成約),無,307000,,階,-,高座郡寒川町田端の貸地【307坪】,,神奈川県高座郡寒川町田端652-1,,,3.00,1.00,,,0.50,1015.00,,307.03,1000,2025/07/14,"2025/05/14 10:52","2025/09/02 11:45",先物(仲介),,村田商事（株）,-,"=""0467-74-1222""",,,2530114
倉庫,R00176-024570,,,,使用中,アーカイブ(成約),無,330000,,階,1981年05月,和光市白子2丁目の貸倉庫【44坪】,,埼玉県和光市白子２丁目25-2,,,,2.00,3.00,,1.00,,148.76,44.99,7334,2025/09/01,"2025/07/08 14:53","2025/09/01 19:02",先物(仲介),,ビル開発株式会社,-,"=""03-3975-7711""",空有,2025/08/28　申込みあり契約に進んでいるところ,3510101
店舗事務所(建物一部),R00176-023124,,,,空,アーカイブ(成約),無,1023000,,1階,1981年02月,横浜市戸塚区平戸町の貸店舗・事務所【120坪】,,神奈川県横浜市戸塚区平戸町219-7,,,,1.00,6.00,,1.00,963.63,398.78,120.63,8481,2025/07/11,"2024/09/09 11:09","2025/09/01 15:25",先物(仲介),,（株）ウィル・パートナーズ,-,"=""03-3385-8868""",,"・AB区画
・住所：グーグルマップでは平戸町209-7",2440803
貸地,R00176-024472,,,,更地,アーカイブ(成約),無,550000,,階,-,横浜市都筑区勝田町の貸地【514坪】,,神奈川県横浜市都筑区勝田町316-1,,,4.00,1.00,,1.00,1.00,1701.29,,514.64,1069,2025/07/01,"2025/06/17 10:29","2025/09/01 15:24",先物(仲介),,（有）グッドウィル　,-,"=""045-943-1783""",,,2240034
貸地,R00176-024512,,,,更地,アーカイブ(成約),無,330000,,階,-,横浜市都筑区勝田町の貸地【302坪】,,神奈川県横浜市都筑区勝田町316-1,,,4.00,1.00,,1.00,1.00,1000.00,,302.5,1091,2025/07/01,"2025/06/26 09:48","2025/09/01 15:23",先物(仲介),,（有）グッドウィル　,-,"=""045-943-1783""",,,2240034
工場,R00176-024726,,,,空,アーカイブ(成約),無,495000,,階,1986年07月,白井市河原子の貸工場【108坪】,,千葉県白井市河原子249-3,,,,,1485000,,,827.00,360.00,108.9,4546,2025/09/01,"2025/08/20 09:51","2025/09/01 15:04",先物(仲介),,（株）橋本産業,-,"=""047-491-0311""",空有,,2701403
倉庫,R00176-024557,,,,空,アーカイブ(成約),無,770000,,階,1982年05月,戸田市大字新曽の貸倉庫【112坪】,,埼玉県戸田市大字新曽1852-4,,,2.00,1.00,,,,499.14,371.00,112.22,6862,2025/09/01,"2025/07/04 10:46","2025/09/01 14:20",先物(仲介),,（株）平和不動産※広告NG業者,-,"=""048-446-1000""",空有,"・資料番号：3-4
※2025/7/4　広告NG業者のためマッチングのみ｜(株)平和不動産

2025/08　A宮本さん契約",3350021
倉庫,R00176-024073,,,,空,アーカイブ(成約),無,385000,,階,1970年05月,所沢市大字南永井の貸倉庫【269坪】,,埼玉県所沢市大字南永井1062-2,,,4.00,1.00,,1.00,1.00,884.30,889.30,269.01,1432,2025/08/29,"2025/03/24 09:50","2025/08/29 16:51",先物(仲介),,ＬＩＶＥ　ＪＡＰＡＮ（株）,-,"=""03-3561-8881""",,"※マッチングメールのみ（広告不可）｜LIVE JAPAN（株）",3590011
倉庫,R00176-024635,,,,使用中,保留,無,,,階,-,戸田市笹目北町の貸倉庫【272坪】,,埼玉県戸田市笹目北町10-6,,,,1.00,6.00,,,1400.00,899.89,272.21,,2025/07/28,"2025/07/28 15:49","2025/08/29 16:45",先物(仲介),,株式会社センチュリーダイソー,星,"=""03-6441-2258""",,"第一倉庫冷蔵株式会社　戸田3号冷蔵C棟
星さん担当物件（一般媒介）",3350033
工場,R00176-024439,,,,空,アーカイブ(成約),無,497700,,階,2003年09月,横浜市港北区新吉田町の貸工場【62坪】,,神奈川県横浜市港北区新吉田町4270,3000,,3.00,1.00,,1.00,1.00,,208.00,62.92,7911,2025/08/29,"2025/06/10 10:23","2025/08/29 16:44",先物(仲介),,（有）三光不動産　,-,"=""045-543-6291""",空有,・2号棟,2230056
貸地,R00176-024412,,,,更地,アーカイブ(成約),無,400000,,階,-,狭山市大字堀兼の貸地【389坪】,,埼玉県狭山市大字堀兼2535-2,,,3.00,1.00,,,1.00,1288.00,,389.62,1027,2025/08/29,"2025/06/03 10:19","2025/08/29 16:41",先物(仲介),,有限会社大成土地,-,"=""04-2948-1814""",,・枝番：2535-2他,3501312
貸地,R00176-024606,,,,更地,アーカイブ(成約),無,330000,,階,-,横浜市都筑区川和町の貸地【165坪】,,神奈川県横浜市都筑区川和町2440,,,2.00,1.00,,,1.00,548.00,,165.77,1991,2025/07/24,"2025/07/18 10:29","2025/08/29 11:37",先物(仲介),,株式会社ランドオフィス,-,"=""045-941-8181""",,,2240057
貸地,R00176-024769,,,,更地,保留,無,399500,,階,-,八潮市大字大曽根の貸地【234坪】,,埼玉県八潮市大字大曽根665,,,1.00,1.00,,,1.00,776.00,,234.74,1702,2025/08/29,"2025/08/29 09:49","2025/08/29 09:52",先物(仲介),,（株）小栗,-,"=""048-997-7439""",,,3400834
倉庫,R00176-024074,,,,使用中,アーカイブ(成約),無,957000,,階,2005年02月,越谷市大成町8丁目の貸倉庫【157坪】,,埼玉県越谷市大成町８丁目,,,3.00,1.00,,,1.00,2996.42,521.25,157.67,6070,2025/08/28,"2025/03/24 10:19","2025/08/28 16:32",先物(仲介),,（株）Ｂｅｓｔ　ｔｏ,-,"=""03-3382-6870""",空有,"※マッチングメールのみ（広告不可）｜(株)Best to
・2-3階一部
・場所：グーグルマップでは、大成町8丁目2393-1（F&G株式会社）？",3430825
倉庫,R00176-024355,,,,空,アーカイブ(成約),無,550000,,階,1988年10月,座間市小松原1丁目の貸倉庫【107坪】,,神奈川県座間市小松原１丁目24-9,,,1650000,550000,,,1.00,462.81,356.53,107.85,5100,2025/06/05,"2025/05/22 09:40","2025/08/28 14:48",先物(仲介),,有限会社三和建物管理,-,"=""046-257-7780""",空有,,2520002
倉庫,R00176-024020,,,,空,アーカイブ(成約),無,1650000,,階,1981年08月,さいたま市北区吉野町2丁目の貸倉庫【227坪】,,埼玉県さいたま市北区吉野町２丁目254-6,,,4.00,1.00,,,,1242.00,750.44,227,7269,2025/08/21,"2025/03/11 12:03","2025/08/28 13:49",先物(仲介),,共同流通株式会社,-,"=""049-247-4311""",空有,,3310811
倉庫,R00176-024764,,,,使用中,保留,無,2530000,,階,1991年11月,厚木市長谷の貸倉庫【428坪】,,神奈川県厚木市長谷,,,,,4.00,,,1461.15,1417.44,428.77,5901,2025/08/28,"2025/08/28 11:18","2025/08/28 12:37",先物(仲介),,（株）アロランド,-,"=""03-5809-1222""",空有,※番地無し、地図未指定です。確認お願いします。→公開保留※内容要確認,2430036
店舗事務所(建物一部),R00176-024292,,,,使用中,アーカイブ(成約),無,660000,,1階,1996年01月,小金井市本町5丁目の貸店舗・事務所【65坪】,,東京都小金井市本町５丁目33-12,,,6.00,1.00,,,1.00,,217.99,65.94,10009,2025/06/17,"2025/05/12 10:46","2025/08/28 11:59",先物(仲介),,（株）タウンハウジング東京　国分寺店,-,"=""042-323-4800""",空有,2025.6.17確認：2社申込有、今月いっぱいまでは募集行う。,1840004
倉庫,R00176-024398,,,,空,保留,無,5940000,,階,2023年02月,所沢市大字本郷の貸倉庫【1200坪】,,埼玉県所沢市大字本郷8-1,,,,1.00,,,,17539.45,3967.00,1200.01,4950,2025/08/27,"2025/05/29 11:16","2025/08/27 17:17",先物(仲介),,久保田倉庫（有）,-,"=""0270-23-1057""",空有,,3590022
倉庫,R00176-024543,,,,空,アーカイブ(成約),無,374000,,階,2005年01月,幸手市大字円藤内の貸倉庫【61坪】,,埼玉県幸手市大字円藤内33-1,,,3.00,2.00,,,1.00,,203.82,61.65,6066,2025/08/27,"2025/07/01 15:48","2025/08/27 16:11",先物(仲介),,株式会社東武土地建物,-,"=""0480-42-0396""",空有,,3400104
貸地,R00176-023799,,,,更地,保留,無,400000,,階,-,さいたま市岩槻区大字釣上の貸地【297坪】,,埼玉県さいたま市岩槻区大字釣上95-3,,,,1.00,3.00,,1.00,983.80,,297.59,1345,2025/08/27,"2025/01/28 11:14","2025/08/27 15:26",先物(仲介),,（株）住まい　,-,"=""048-497-5705""",,"【所在地】さいたま市岩槻区大字釣上95-3、95-4、95-1
【ナビ住所】さいたま市岩槻区大字釣上95

2025/04/18
追記：大型車ＯＫだが地盤緩い場所ある
2025/04/18　物確→募集中
解体業での資材置場の場合は賃料40万円
物件担当：吉田様／080-5054-6494

2025/05/08
解体業の場合は40万円
外国籍可",3390024
倉庫,R00176-023933,,,,空,アーカイブ(成約),無,330000,,1階,1970年07月,台東区日本堤2丁目の貸倉庫【19坪】,,東京都台東区日本堤２丁目11-1,,,,2.00,5.00,,1.00,,66.11,19.99,16502,2025/08/26,"2025/02/20 11:58","2025/08/26 17:59",先物(仲介),,（株）アースウィンド　新宿店,-,"=""03-5308-4666""",,,1110021
店舗(建物一括),R00176-024397,,,,使用中,アーカイブ(成約),無,462000,,階,1980年04月,越谷市大間野町3丁目の貸店舗【89坪】,,埼玉県越谷市大間野町３丁目56-1,,,3.00,1.00,,,1.10,716.32,294.65,89.13,5184,2025/08/26,"2025/05/29 11:13","2025/08/26 15:59",先物(仲介),,田園住宅サービス株式会社,-,"=""048-965-4888""",空有,・枝番：56-1の一部、56-2の一部,3430844
工場,R00176-024001,,,,空,アーカイブ(成約),無,1320000,,階,2004年07月,さいたま市岩槻区大字馬込の貸工場【182坪】,,埼玉県さいたま市岩槻区大字馬込777-3,,,,1.00,5.00,,1.00,1020.33,603.72,182.62,7228,2025/08/26,"2025/03/07 10:41","2025/08/26 15:12",先物(仲介),,（株）タープ不動産,-,"=""03-5844-6300""",空有,,3390077
店舗事務所(建物一部),R00176-024017,,,,使用中,アーカイブ(成約),無,627000,,階,1991年07月,多摩市和田の貸店舗・事務所【61坪】,,東京都多摩市和田1145-5,,,,1.00,5.00,,,633.00,204.07,61.73,10157,2025/08/22,"2025/03/11 10:32","2025/08/26 14:00",先物(仲介),,（株）ライン企画,-,"=""042-674-1678""",,2025.8.22　フィットネスジム相談可。,2060001
店舗事務所(建物一括),R00176-023453,,,,空,アーカイブ(成約),無,440000,,階,1971年06月,横浜市瀬谷区橋戸2丁目の貸店舗・事務所【40坪】,,神奈川県横浜市瀬谷区橋戸２丁目2-1,,,,2.00,10.00,,,,132.49,40.07,10979,2025/05/29,"2024/11/14 10:58","2025/08/26 12:50",先物(仲介),,株式会社総合店舗開発,-,"=""045-326-2736""",空有,,2460037
工場,R00176-024650,,,,空,アーカイブ(成約),無,1199000,,階,1989年08月,千葉市美浜区新港の貸工場【136坪】,,千葉県千葉市美浜区新港116-2,,,5.00,1.00,,,,444.00,450.71,136.33,8795,2025/07/30,"2025/07/30 09:58","2025/08/26 11:43",先物(仲介),,丸一土地建物(株),-,"=""043-224-6561""",,※2025/7/30　広告確認中のためマッチングのみ｜丸??地建物（株）,2610002
倉庫,R00176-024755,,,,空,保留,無,495000,,階,1992年05月,荒川区東日暮里6丁目の貸倉庫【45坪】,,東京都荒川区東日暮里６丁目,,,,1.00,4.00,,1.50,82.64,151.13,45.71,10828,2025/08/26,"2025/08/26 10:41","2025/08/26 11:18",先物(仲介),,（株）笠原　日暮里店,-,"=""03-5850-6701""",,※番地無し、場所不明です。確認お願いします。→公開保留中,1160014
倉庫,R00176-024153,,,,建築中,アーカイブ(成約),無,1956933,,階,2025年08月,春日部市永沼の貸倉庫【395坪】,,埼玉県春日部市永沼2024,,,4.00,1.00,,,,2433.92,1306.90,395.33,4951,2025/08/26,"2025/04/10 12:11","2025/08/26 10:58",先物(仲介),,株式会社シーアールイ―,-,"=""03-5572-6604""",,・Googleマップ：おそらく永沼1022周辺,3440123
倉庫,R00176-024661,,,,使用中,アーカイブ(成約),無,718300,,階,1980年11月,川口市本蓮３丁目の貸倉庫【137坪】,ノ,埼玉県川口市本蓮３丁目3-20,,,2.00,1.00,,,1.00,,453.60,137.21,5235,2025/08/26,"2025/07/31 11:12","2025/08/26 09:18",先物(仲介),,（有）産栄,-,"=""048-284-2253""",空有,"7/31　・埼玉県・川口市の条例により業種・機械設備作業内容により騒音・振動等の規制がありますので、事前に問い合わせ必要
※問い合わせ先　川口市環境部・環境保全課・振動騒音係（048-258-1110）
※2025/7/31　広告転載不可のためマッチングのみ｜(有)産栄
",3340076
貸地,R00176-023667,,,,更地,アーカイブ(成約),無,318000,,階,-,横須賀市長沢5丁目の貸地【160坪】,,神奈川県横須賀市長沢５丁目5,,,,1.00,4.00,,,532.00,,160.93,1977,2025/08/25,"2024/12/26 10:28","2025/08/25 09:39",先物(仲介),,（株）アップルハウス,-,"=""046-825-8400""",,"・I区画
※2024/12/26　広告確認中のためマッチングのみ｜アップルハウス
",2390842
貸地,R00176-023666,,,,更地,アーカイブ(成約),無,325000,,階,-,横須賀市長沢5丁目の貸地【162坪】,,神奈川県横須賀市長沢５丁目5,,,,1.00,4.00,,,536.00,,162.14,2005,2025/08/25,"2024/12/26 10:23","2025/08/25 09:39",先物(仲介),,（株）アップルハウス,-,"=""046-825-8400""",,"・H区画
※2024/12/26　広告確認中のためマッチングのみ｜アップルハウス
",2390842
貸地,R00176-023665,,,,更地,アーカイブ(成約),無,315000,,階,-,横須賀市長沢5丁目の貸地【159坪】,,神奈川県横須賀市長沢５丁目5,,,,1.00,4.00,,,528.00,,159.72,1973,2025/08/25,"2024/12/26 10:19","2025/08/25 09:39",先物(仲介),,（株）アップルハウス,-,"=""046-825-8400""",,"・G区画
※2024/12/26　広告確認中のためマッチングのみ｜アップルハウス
",2390842
貸地,R00176-023664,,,,更地,アーカイブ(成約),無,320000,,階,-,横須賀市長沢5丁目の貸地【163坪】,,神奈川県横須賀市長沢５丁目5,,,,1.00,4.00,,,541.00,,163.65,1956,2025/08/25,"2024/12/26 10:14","2025/08/25 09:39",先物(仲介),,（株）アップルハウス,-,"=""046-825-8400""",,"・F区画
※2024/12/26　広告確認中のためマッチングのみ｜アップルハウス
",2390842
貸地,R00176-023663,,,,更地,アーカイブ(成約),無,1000000,,階,-,横須賀市長沢5丁目の貸地【578坪】,,神奈川県横須賀市長沢５丁目5,,,,1.00,4.00,,,1914.00,,578.98,1728,2025/08/25,"2024/12/26 10:08","2025/08/25 09:39",先物(仲介),,（株）アップルハウス,-,"=""046-825-8400""",,"・E区画
※2024/12/26　広告確認中のためマッチングのみ｜アップルハウス
",2390842
貸地,R00176-023662,,,,更地,アーカイブ(成約),無,580000,,階,-,横須賀市長沢5丁目の貸地【313坪】,,神奈川県横須賀市長沢５丁目5,,,,1.00,4.00,,,1037.00,,313.69,1849,2025/08/25,"2024/12/26 10:03","2025/08/25 09:38",先物(仲介),,（株）アップルハウス,-,"=""046-825-8400""",,"・D区画
※2024/12/26　広告確認中のためマッチングのみ｜アップルハウス
",2390842
貸地,R00176-023661,,,,更地,アーカイブ(成約),無,600000,,階,-,横須賀市長沢5丁目の貸地【316坪】,,神奈川県横須賀市長沢５丁目5,,,,1.00,4.00,,,1045.00,,316.11,1899,2025/08/25,"2024/12/26 09:57","2025/08/25 09:38",先物(仲介),,（株）アップルハウス,-,"=""046-825-8400""",,"・Ｃ区画
※2024/12/26　広告確認中のためマッチングのみ｜アップルハウス
",2390842
貸地,R00176-023479,,,,更地,アーカイブ(成約),無,385000,,階,-,相模原市南区当麻の貸地【306坪】,,神奈川県相模原市南区当麻238-1,,,3.00,2.00,,,1.00,1013.00,,306.43,1257,2025/07/11,"2024/11/19 10:32","2025/08/25 09:26",先物(仲介),,くみあい商事株式会社,-,"=""042-776-1234""",,"・場所：グーグルマップでは、田名塩田2丁目24-1（中村自動車商会）
・産廃/スクラップ等/残土/危険物/火を取り扱う業種不可
2025/03/11　物確→足場の保管NG。住宅街のため早朝の作業等で音が出るのがNGだそうです。",2520336
貸地,R00176-024220,,,,古家付,アーカイブ(成約),無,485000,,階,-,横浜市泉区上飯田町の貸地【299坪】,,神奈川県横浜市泉区上飯田町2926-1,3000,,3.00,1.00,,,,990.42,,299.6,1619,2025/07/01,"2025/04/22 11:28","2025/08/25 09:21",先物(仲介),,（株）マリンボックス,-,"=""0120-53-4185""",,※2025/4/22　広告確認中のためマッチングのみ｜(株)マリンボックス,2450018
工場,R00176-024147,,,,使用中,アーカイブ(成約),無,770000,,階,1985年03月,入間市宮寺の貸工場【150坪】,,埼玉県入間市宮寺4079-8,,,4.00,1.00,,,,966.75,496.00,150.04,5132,2025/08/22,"2025/04/09 10:00","2025/08/22 17:32",先物(仲介),,共同流通株式会社,-,"=""049-247-4311""",空有,,3580014
倉庫,R00176-023123,,,,使用中,アーカイブ(成約),無,986062,,階,1992年10月,越谷市東大沢4丁目の貸倉庫【256坪】,,埼玉県越谷市東大沢４丁目18-4,,,4.00,1.00,,,,846.28,846.68,256.12,3850,2025/08/22,"2024/09/09 10:58","2025/08/22 17:27",先物(仲介),,株式会社シーアールイー　本社,-,"=""03-5572-6604""",,,3430022
倉庫,R00176-024252,,,,空,アーカイブ(成約),無,280000,,階,-,入間郡越生町大字上野の貸倉庫【49坪】,,埼玉県入間郡越生町大字上野534-14,,,3.00,1.00,,,,574.00,164.16,49.65,5639,2025/08/22,"2025/04/30 10:20","2025/08/22 17:27",先物(仲介),,株式会社金丸商事,-,"=""048-452-8817""",空有,,3500415
倉庫,R00176-024621,,,,空,アーカイブ(成約),無,495000,,階,1989年11月,横浜市港北区新吉田町の貸倉庫【44坪】,,神奈川県横浜市港北区新吉田町,,,,1.10,4.00,,1.10,,147.51,44.62,11094,2025/08/22,"2025/07/25 09:34","2025/08/22 17:23",先物(仲介),,（株）大幸エステート,-,"=""045-944-5790""",空有,※Googleマップ枝番：6114-1,2230056
倉庫,R00176-024469,,,,居住中,アーカイブ(成約),無,330000,,階,1981年03月,横浜市都筑区池辺町の貸倉庫【41坪】,,神奈川県横浜市都筑区池辺町4670,,,4.00,2.00,,,1.00,,138.24,41.81,7892,2025/08/22,"2025/06/17 10:00","2025/08/22 17:22",先物(仲介),,（株）グリーンハウジング,-,"=""045-935-7370""",空有,・2025/6/17　at-home転載可物件｜(株)グリーンハウジング,2240053
倉庫,R00176-024021,,,,空,アーカイブ(成約),無,473000,,階,1986年08月,川越市大字上老袋の貸倉庫【133坪】,,埼玉県川越市大字上老袋146-3,,,,1.00,1.00,,1.00,,442.50,133.85,3534,2025/08/22,"2025/03/11 15:33","2025/08/22 16:26",先物(仲介),,■三光物産株式会社,-,"=""049-226-3535""",空有,,3500845
店舗事務所(建物一括),R00176-024494,,,,空,アーカイブ(成約),無,500000,,階,1987年11月,越谷市越ヶ谷1丁目の貸店舗・事務所【58坪】,,埼玉県越谷市越ヶ谷１丁目7-20,,,6.00,1.00,,,0.50,204.81,193.38,58.49,8548,2025/08/22,"2025/06/23 09:32","2025/08/22 16:24",先物(仲介),,株式会社　ハウジングネット,-,"=""048-652-3300""",空有,,3430813
倉庫,R00176-024474,,,,,アーカイブ(成約),無,2146000,,階,-,鶴ヶ島市大字脚折の貸倉庫【415坪】,,埼玉県鶴ヶ島市大字脚折1451-5,,,4.00,1.00,,,,2483.24,1372.50,415.18,5169,2025/07/30,"2025/06/17 10:45","2025/08/22 15:23",先物(仲介),,株式会社トラスト,-,"=""03-5832-9959""",空有,"■A号倉庫
・2025/6/17　レインズ広告可物件｜(株)トラスト｜080-6602-6065",3502213
店舗(建物一括),R00176-023695,,,,空,アーカイブ(成約),無,396000,,階,2025年01月,藤沢市宮原の貸店舗【25坪】,,神奈川県藤沢市宮原3482-1,,,,1.00,3.00,,0.50,578.39,82.81,25.05,15809,2025/08/22,"2025/01/10 10:30","2025/08/22 15:01",先物(仲介),,（株）ハウスステーション,-,"=""0467-40-3888""",空有,,2520826
貸地,R00176-024158,,,,更地,アーカイブ(成約),無,300000,,階,-,春日部市金崎の貸地【523坪】,,埼玉県春日部市金崎393-1,,,2.00,2.00,,,,1729.00,,523.02,574,2025/08/21,"2025/04/11 09:50","2025/08/21 16:16",先物(仲介),,株式会社スマイル総合ハウジング,-,"=""048-940-6158""",,【所在地】埼玉県春日部市金崎393-1　他2筆,3440117
工場,R00176-024583,,,,使用中,アーカイブ(成約),無,1320000,,階,1973年10月,横浜市鶴見区駒岡2丁目の貸工場【103坪】,,神奈川県横浜市鶴見区駒岡２丁目5-33,,,,1.00,3.00,,1.00,,340.84,103.1,12803,2025/08/21,"2025/07/14 10:12","2025/08/21 16:04",先物(仲介),,（有）エスケーハウジング　,-,"=""045-584-3250""",空有,"2025/8/21　契約予定のため2番手受付無し
2025.7.23　1番手申込み有。審査はこれからだが、2番手については明日以降担当者に確認して欲しいとのこと。(定休日)

※2025/7/14　レインズ→132万、at-home→136.4万で賃料記載
　　　　　　　一旦、レインズに合わせておきます｜元付：(有)エスケーハウジング",2300071
工場,R00176-024634,,,,,保留,無,880000,,階,1998年01月,葛飾区白鳥２丁目の貸倉庫【133坪】,,東京都葛飾区白鳥２丁目14-5,,,4.00,1.00,,,1.00,165.29,440.14,133.14,6610,2025/08/21,"2025/07/28 13:39","2025/08/21 14:16",,,株式会社センチュリーダイソー,星,"=""03-6441-2258""",,"■2025/7/28　入力依頼物件｜担当：星さん
　※詳細条件等確認中につき公開NG",1250063
工場,R00176-024737,,,,,保留,無,220000,,階,2012年04月,葛飾区白鳥２丁目の貸倉庫【21坪】,,東京都葛飾区白鳥２丁目13-14,,,4.00,1.00,,,1.00,150.57,72.50,21.93,10032,2025/08/21,"2025/08/21 12:30","2025/08/21 13:14",,,株式会社センチュリーダイソー,星,"=""03-6441-2258""",空有,"■2025/8/21　入力依頼物件｜担当：星さん
　※詳細条件等確認中につき公開NG",1250063
店舗(建物一部),R00176-024733,,,,,保留,無,825000,,2階,2020年08月,フィル・パーク西新宿２階,,東京都新宿区西新宿４丁目18-2,,,,1.50,6.00,,,,85.88,25.97,31757,2025/08/21,"2025/08/21 11:38","2025/08/21 11:38",自社,,株式会社センチュリーダイソー,-,"=""03-6441-2258""",,,1600023
工場,R00176-024099,,,,使用中,アーカイブ(成約),無,1540000,,階,1978年05月,草加市弁天2丁目の貸工場【416坪】,,埼玉県草加市弁天２丁目1-4,,,4.00,1.00,,,1.25,1815.89,1377.24,416.61,3697,2025/08/20,"2025/03/28 09:47","2025/08/20 18:13",先物(仲介),,株式会社ビーズ,-,"=""048-263-2882""",空有,"・A棟とB棟（2棟）
2025/07　A多久島さん契約予定",3400004
店舗(建物一括),R00176-024305,,,,空,アーカイブ(成約),無,308000,,階,2006年10月,上尾市大字上野の貸店舗【63坪】,,埼玉県上尾市大字上野1072-5,5000,,7.00,1.00,,,,,209.53,63.38,4860,2025/08/27,"2025/05/14 10:25","2025/08/20 16:39",先物(仲介),,（株）日通ハウジング,-,"=""048-772-0588""",空有,■2025/6/19　車関係は難しい,3620058
貸地,R00176-024578,,,,更地,アーカイブ(成約),無,379300,,階,-,三郷市彦成5丁目の貸地【363坪】,,埼玉県三郷市彦成５丁目12,,,1.00,1.00,,,,1200.00,,363,1045,2025/08/20,"2025/07/10 11:20","2025/08/20 15:26",先物(仲介),,株式会社レーベン,-,"=""048-441-2368""",,,3410003
倉庫,R00176-024189,,,,空,アーカイブ(成約),無,275000,,階,1991年10月,川越市大字小堤の貸倉庫【75坪】,,埼玉県川越市大字小堤624-7,,,3.00,1.00,,,,,248.34,75.12,3661,2025/08/20,"2025/04/17 10:11","2025/08/20 15:16",先物(仲介),,■三光物産株式会社,-,"=""049-226-3535""",空有,■2025/07/17申し込み有り契約に進む予定　今は二番手受け付けない,3500811
倉庫,R00176-023819,,,,空,アーカイブ(成約),無,429000,,階,1971年03月,新座市畑中1丁目の貸倉庫【46坪】,,埼玉県新座市畑中１丁目22-19,,,,2.00,3.00,,,,152.52,46.13,9299,2025/08/20,"2025/02/03 10:51","2025/08/20 15:15",先物(仲介),,（有）花里商事,-,"=""048-463-0007""",空有,・1-2階部分,3520012
倉庫,R00176-024244,,,,使用中,アーカイブ(成約),無,407000,,階,1986年06月,藤沢市石川4丁目の貸倉庫【106坪】,,神奈川県藤沢市石川４丁目27-4,,,4.00,1.00,,,1.00,445.92,350.88,106.14,3835,2025/07/07,"2025/04/28 09:56","2025/08/20 12:23",先物(仲介),,株式会社アクティオ,-,"=""042-775-7801""",空有,"※2025/4/28　at-home転載可物件｜(株)アクティオ
・2025/5/27　募集中
　内見は立ち合いのため候補日いくつか挙げたうえで可能（電話連絡でも可）
　ただし、一種低層のため物流倉庫の用途が難しいと思うので、事前にその説明をお客様にしてください、との事でした。
　　★元付：（株）アクティオ／TEL 042-775-7801",2520815
倉庫,R00176-024444,,,,使用中,アーカイブ(成約),無,1828100,,1階,1987年03月,川崎市川崎区東扇島の貸倉庫【386坪】,,神奈川県川崎市川崎区東扇島18-3,,,6.00,1.00,,,,5000.00,1277.61,386.47,4731,2025/08/20,"2025/06/11 09:19","2025/08/20 11:42",先物(仲介),,（株）タープ不動産,-,"=""03-5844-6300""",,・B棟1階部分,2100869
貸地,R00176-024722,,,,更地,保留,無,400000,,階,-,新宿区新宿6丁目の貸地【99坪】,,東京都新宿区新宿６丁目7,,,,1.00,3.00,,,330.00,,99.82,4008,2025/08/19,"2025/08/19 15:18","2025/08/19 15:23",先物(仲介),,（株）朝日企画,-,"=""03-5735-4022""",,,1600022
倉庫,R00176-024714,,,,,保留,無,1122550,,階,-,港区海岸3丁目の貸倉庫【104坪】,,東京都港区海岸３丁目5-10,,,,1.00,6.00,,,,341.49,103.3,10867,2025/08/19,"2025/08/19 13:08","2025/08/19 15:16",先物(仲介),,イーソーコ株式会社,-,"=""03-5439-9401""",,"※所在階不明
※2025/8/19　掲載消えているため公開保留中",1080022
事務所(建物一部),R00176-024102,,,,空,アーカイブ(成約),無,701250,,1階,1991年12月,大田区千鳥3丁目の貸事務所【63坪】,,東京都大田区千鳥３丁目19-15,,,10.00,1.10,,,1.00,,210.77,63.75,10999,2025/08/19,"2025/03/28 10:33","2025/08/19 13:35",先物(仲介),,株式会社レーサム,-,"=""03-5157-8873""",無,,1460083
工場,R00176-023548,,,,空,アーカイブ(成約),無,4000000,,階,1999年05月,足立区西保木間2丁目の貸工場【488坪】,,東京都足立区西保木間２丁目5-10,,,,1.00,3.00,,,1851.75,1614.80,488.47,8189,2025/07/07,"2024/11/29 12:03","2025/08/18 17:02",先物(仲介),,（株）新井商事不動産社,-,"=""03-3885-2401""",空有,"※2025/1/20　レインズ広告可｜業者変更→（株）新井商事ビル管理
※2024/11/29　at-home転載可物件｜ナイスアセット（株）営業部",1210812
倉庫,R00176-024423,,,,使用中,アーカイブ(成約),無,440000,,階,1981年10月,上尾市大字領家の貸倉庫【99坪】,,埼玉県上尾市大字領家86-3,,,,1.00,2.00,,,637.69,330.00,99.82,4408,2025/08/18,"2025/06/05 10:36","2025/08/18 15:59",先物(仲介),,有限会社富士倉庫,-,"=""048-779-0500""",空有,"2025.6.5　工場利用不可。倉庫の用途のみ。
※2025/6/5　レインズ広告可物件｜(有)富士倉庫　不動産事業部",3620066
貸地,R00176-024025,,,,更地,アーカイブ(成約),無,343000,,階,-,さいたま市岩槻区大字鹿室の貸地【683坪】,,埼玉県さいたま市岩槻区大字鹿室752,17000,,,2.00,2.00,,0.50,2260.66,,683.84,502,2025/07/30,"2025/03/12 10:33","2025/08/18 15:33",先物(仲介),,ときわビル株式会社　岩槻支店,-,"=""048-749-0500""",,"2025.6.23　プレハブ設置　テナント様の責任の元で、何かあった際に対応いただけるのであれば相談可。
2025.07　大山さん申込",3390001
倉庫,R00176-024329,,,,空,アーカイブ(成約),無,220000,,階,1982年05月,川越市大字古谷本郷の貸倉庫【69坪】,,埼玉県川越市大字古谷本郷1663-46,,,2.00,1.00,,,,,230.98,69.87,3149,2025/07/28,"2025/05/16 10:42","2025/08/18 15:32",先物(仲介),,サンハウス,-,"=""049-270-6337""",空有,,3500002
倉庫,R00176-024075,,,,空,アーカイブ(成約),無,253000,,階,1987年08月,北葛飾郡松伏町大字大川戸の貸倉庫【88坪】,,埼玉県北葛飾郡松伏町大字大川戸203-7,,,4.00,1.00,,,1.00,261.27,293.22,88.69,2853,2025/07/28,"2025/03/24 10:27","2025/08/18 13:09",先物(仲介),,株式会社コジョソコ,-,"=""045-530-9890""",空有,,3430106
倉庫,R00176-024299,,,,空,アーカイブ(成約),無,396000,,1階,1976年07月,群馬県高崎市井野町の貸倉庫【151坪】,,群馬県高崎市井野町714,5500,,1.00,1.00,,,1.00,4297.55,501.49,151.7,2611,2025/05/13,"2025/05/13 12:34","2025/08/18 12:06",先物(仲介),,株式会社センチュリーダイソー,小林,"=""03-6441-2258""",空有,"■2025/5/13　掲載依頼物件｜担当：小林さん
　◎オーナー様情報
　　会社：横田ボード株式会社
　　担当：横田様
　　電話：090-7725-2858（入電は027-361-3456より）
　◎元付情報
　　近代産業（株）｜027-362-5675
",3700004
倉庫,R00176-024298,,,,空,アーカイブ(成約),無,462000,,階,1976年07月,群馬県高崎市井野町の貸倉庫【268坪】,,群馬県高崎市井野町714,5500,,1.00,1.00,,,1.00,4297.55,887.94,268.6,1721,2025/05/13,"2025/05/13 12:31","2025/08/18 12:05",先物(仲介),,株式会社センチュリーダイソー,小林,"=""03-6441-2258""",空有,"■2025/5/13　掲載依頼物件｜担当：小林さん
　◎オーナー様情報
　　会社：横田ボード株式会社
　　担当：横田様
　　電話：090-7725-2858（入電は027-361-3456より）
　◎元付情報
　　近代産業（株）｜027-362-5675
",3700004
倉庫,R00176-023495,,,,空,アーカイブ(成約),無,4250400,,階,1999年11月,羽村市栄町3丁目の貸倉庫【840坪】,,東京都羽村市栄町３丁目3-2,,,3.00,1.00,,,,,2776.86,840,5060,2025/08/18,"2024/11/22 10:25","2025/08/18 11:56",先物(仲介),,Ｊ・Ｔ・Ｓ株式会社,-,"=""042-516-8231""",,"・1-2階一部分
※2024/11/21　at-home転載可物件｜Ｊ．Ｔ．Ｓ(株)",2050002
倉庫,R00176-024119,,,,空,アーカイブ(成約),無,330000,,階,1976年01月,藤沢市湘南台1丁目の貸倉庫【58坪】,,神奈川県藤沢市湘南台１丁目24-5,,,990000,330000,,,,327.27,191.98,58.07,5683,2025/07/07,"2025/04/03 10:28","2025/08/18 11:12",先物(仲介),,有限会社三和建物管理,-,"=""046-257-7780""",,"2025.7.7　作業系NG。保管の用途であれば可。
・2025/5/27　募集中
　内見は立ち合いのため、希望日をいくつか挙げて調整してください、との事。
　★元付：三和建物管理　TEL 046-257-7780",2520804
貸地,R00176-023274,,,,更地,アーカイブ(成約),無,236500,,階,-,さいたま市西区三橋5丁目の貸地【130坪】,,埼玉県さいたま市西区三橋５丁目1846,,,,1.00,4.00,,1.00,430.00,,130.07,1819,2025/08/08,"2024/10/09 15:02","2025/08/08 16:40",先物(仲介),,株式会社イコム,-,"=""048-799-3200""",,"■B区画
【ナビ住所】さいたま市西区三橋5丁目1848-2",3310052
店舗(建物一括),R00176-023517,,,,空,アーカイブ(成約),無,605000,,階,2000年10月,北本市二ツ家1丁目の貸店舗【64坪】,,埼玉県北本市二ツ家１丁目130,10000,,5.00,2.00,,,1.00,684.00,212.18,64.18,9426,2025/08/07,"2024/11/27 09:26","2025/08/07 16:43",先物(仲介),,有限会社二ツ家不動産,-,"=""048-592-3035""",空有,※物確はレインズ・ATBB掲載確認してから！,3640014
貸地,R00176-024612,,,,更地,アーカイブ(成約),無,460000,,階,-,市川市大町の貸地【672坪】,,千葉県市川市大町1-1,,,,1.00,4.00,,1.00,2222.00,,672.15,685,2025/07/23,"2025/07/23 10:02","2025/08/07 13:48",先物(仲介),,株式会社イコム,-,"=""048-799-3200""",,"・所在地：大町1-1、他
・ナビ住所：大町1-8",2720801
倉庫,R00176-024684,,,,空,保留,無,396000,,階,-,越谷市七左町4丁目の貸倉庫【43坪】,,埼玉県越谷市七左町４丁目,,,,2.00,3.00,,0.50,,144.00,43.56,9091,2025/08/06,"2025/08/06 14:40","2025/08/06 17:54",先物(仲介),,有限会社丸富開発,-,"=""048-966-4554""",空有,※2025/8/6　レインズから消えているので公開保留中｜(有)丸富開発,3430851
倉庫,R00176-024014,,,,空,アーカイブ(成約),無,430000,,階,1975年01月,松戸市稔台3丁目の貸倉庫【83坪】,,千葉県松戸市稔台３丁目43,27500,,6.00,1.00,,,0.50,,277.20,83.85,5129,2025/06/09,"2025/03/11 09:51","2025/08/05 16:16",先物(仲介),,アルファーキューブ株式会社,-,"=""03-6278-8482""",空有,所在：福山電機北西側,2702231
倉庫,R00176-023976,,,,空,アーカイブ(成約),無,1430000,,階,1994年10月,千葉市中央区都町3丁目の貸倉庫【192坪】,,千葉県千葉市中央区都町３丁目,11000,,,1.00,3.00,,1.00,1034.74,634.76,192.01,7448,2025/08/05,"2025/03/03 13:09","2025/08/05 09:37",先物(仲介),,（株）住まいるハウジング,-,"=""043-308-8026""",空有,・Googleマップ：18-3,2600001
工場,R00176-024667,,,,空,保留,無,990000,,階,1997年06月,足立区入谷８丁目の貸工場【98坪】,,東京都足立区入谷８丁目1-25,,,,1.00,3.00,,1.00,544.00,323.58,97.88,10115,2026/06/22,"2025/08/01 11:22","2025/08/04 16:08",先物(仲介),,（株）タープ不動産,-,"=""03-5844-6300""",空有,,1210836
倉庫,R00176-024541,,,,空,アーカイブ(成約),無,495000,,階,1975年04月,川口市芝中田2丁目の貸倉庫【99坪】,,埼玉県川口市芝中田２丁目38-19,,,3.00,,,,1.00,,329.85,99.77,4961,2025/08/04,"2025/07/01 12:28","2025/08/04 15:32",先物(仲介),,（株）浅野不動産,-,"=""048-266-1682""",空有,,3330847
工場,R00176-024654,,,,空,アーカイブ(成約),無,440000,,階,1982年01月,戸田市早瀬１丁目の貸工場【68坪】,ノ,埼玉県戸田市早瀬１丁目22-22,,22000,3.00,,,,1.00,356.00,224.64,67.95,6476,2025/07/30,"2025/07/30 11:49","2025/08/01 16:35",先物(仲介),,高島平ビルディング,-,"=""0339340007""",,,3350036
貸地,R00176-024284,,,,更地,アーカイブ(成約),無,500000,,階,-,横浜市泉区新橋町の貸地【258坪】,,神奈川県横浜市泉区新橋町918-1,,,,1.00,6.00,,,853.44,,258.16,1937,2025/07/31,"2025/05/09 10:23","2025/07/31 17:28",先物(仲介),,（株）スタイリッシュホーム,-,"=""046-260-7500""",,,2450009
店舗(建物一括),R00176-024464,,,,空,アーカイブ(成約),無,700000,,階,2004年04月,越谷市大成町7丁目の貸店舗【109坪】,,埼玉県越谷市大成町７丁目300-2,,,4.00,1.00,,,1.00,,362.00,109.5,6393,2025/07/04,"2025/06/16 10:18","2025/07/31 16:05",先物(仲介),,（株）ライブリック不動産,-,"=""048-940-0980""",空有,,3430825
倉庫,R00176-023708,,,,空,アーカイブ(成約),無,3766686,,5階,1990年12月,川崎市川崎区東扇島の貸倉庫【815坪】,,神奈川県川崎市川崎区東扇島13-1,,269049,,1.00,3.00,,1.00,5000.04,2695.90,815.5,4619,2025/05/26,"2025/01/14 11:09","2025/07/31 13:24",先物(仲介),,合同会社彩虹舎,080-6658-8954,"=""03-6810-8728""",,"2025.5.26　荷役が条件
・5階部分（501、502、503）",2100869
倉庫,R00176-024103,,,,使用中,アーカイブ(成約),無,1320000,,階,2004年07月,さいたま市岩槻区大字馬込の貸倉庫【182坪】,,埼玉県さいたま市岩槻区大字馬込777-3,,,,1.00,5.00,,,,603.05,182.42,7236,2025/07/30,"2025/03/31 09:40","2025/07/30 17:52",先物(仲介),,株式会社豊徳,-,"=""03-3964-0861""",空有,,3390077
倉庫,R00176-023388,,,,空,アーカイブ(成約),無,279400,,1階,1988年08月,戸田市本町1丁目の貸倉庫【25坪】,,埼玉県戸田市本町１丁目11-8,,30000,2.00,1.00,,,1.00,,84.10,25.44,10983,2025/07/30,"2024/11/01 10:06","2025/07/30 17:15",先物(仲介),,（有）ベルク・ゲダイエン,-,"=""048-447-7820""",無,"■1階部分
※2025/4/1　広告確認中のためマッチングのみ｜(有)ネルク・ゲダイエン",3350023
倉庫,R00176-024458,,,,,アーカイブ(成約),無,220000,,階,-,所沢市大字南永井の貸倉庫【32坪】,,埼玉県所沢市大字南永井1042,,,660000,1.00,,,,54.79,107.51,32.52,6765,2025/07/30,"2025/06/13 11:25","2025/07/30 17:00",先物(仲介),,株式会社トラスト,080-6602-6065,"=""03-5832-9959""",空有,※2025/6/13　レインズ広告可物件｜(株)トラスト　080-6602-6065,3590011
貸地,R00176-024415,,,,更地,アーカイブ(成約),無,574000,,階,-,足立区古千谷本町3丁目の貸地【199坪】,,東京都足立区古千谷本町３丁目5-7,,,2.00,1.00,,,1.00,658.31,,199.13,2883,2025/07/30,"2025/06/03 11:04","2025/07/30 11:10",先物(仲介),,京北開発(株),-,"=""03-3899-1278""",,2025.7.2　貸主様より：日本の方希望。24時間利用は騒音などがない通常利用であれば可。,1210832
倉庫,R00176-023564,,,,使用中,アーカイブ(成約),無,715000,,階,2024年04月,野田市東高野の貸倉庫【119坪】,,千葉県野田市東高野166,,,1.00,1.00,2.00,1.00,1.00,823.14,393.40,119,6009,2025/07/30,"2024/12/03 11:03","2025/07/30 11:07",先物(仲介),,順栄貿易合同会社,-,"=""03-5875-0519""",空有,,2700211
店舗事務所(建物一部),R00176-024149,,,,空,アーカイブ(成約),無,363000,,1階,1987年12月,杉並区上井草2丁目の貸店舗・事務所【33坪】,,東京都杉並区上井草２丁目1-15,,,,,4.00,,1.50,,110.82,33.52,10829,2025/07/29,"2025/04/09 10:38","2025/07/30 11:01",先物(仲介),,センチュリー２１（株）リアルタイム,-,"=""03-3396-1601""",空無,※1階向かって左側の区画（元コンビニ（R00176-024653）の隣の区画）,1670023
倉庫,R00176-024496,,,,居住中,アーカイブ(成約),無,18920000,,階,2018年03月,習志野市茜浜2丁目の貸倉庫【3589坪】,,千葉県習志野市茜浜２丁目8-2,,,,,4.00,,,,11867.41,3589.89,5271,2025/07/30,"2025/06/23 09:54","2025/07/30 10:51",先物(仲介),,（株）日本リアリスト,-,"=""03-3667-1391""",,・1階Dと3階B区画,2750024
倉庫,R00176-024393,,,,空,アーカイブ(成約),無,16506197,,4階,2020年10月,印西市鹿黒南4丁目の貸倉庫【3492坪】,,千葉県印西市鹿黒南４丁目2,,,,1.00,,,,65458.00,11545.71,3492.57,4727,2025/07/30,"2025/05/29 10:05","2025/07/30 10:27",先物(仲介),,久保田倉庫（有）,-,"=""0270-23-1057""",,・4階B区画,2701369
貸地,R00176-024431,,,,,アーカイブ(成約),無,360000,,階,-,松戸市紙敷の貸地【359坪】,,千葉県松戸市紙敷1334-1,,,,1.00,2.00,,,1186.85,,359.02,1003,2025/07/30,"2025/06/09 10:54","2025/07/30 10:18",先物(仲介),,（有）ビーエス商事,-,"=""047-392-2307""",,"・住所：紙敷1334-1、1335-2
※地図は正確ではありません。確認お願いします。",2702221
貸地,R00176-024485,,,,更地,アーカイブ(成約),無,550000,,階,-,市川市幸1丁目の貸地【172坪】,,千葉県市川市幸１丁目3-3,,,2.00,1.00,,,,571.00,,172.72,3185,2025/07/30,"2025/06/19 09:57","2025/07/30 10:16",先物(仲介),,三光建設（株）,-,"=""047-396-0161""",,"2025.6.19　申込み1件あり。2番手可。

※2025/6/19　広告確認中のためマッチングのみ｜三光建設（株）",2720123
店舗(建物一部),R00176-024295,,,,使用中,アーカイブ(成約),無,490000,,1階,1985年07月,調布市国領町5丁目の貸店舗【40坪】,,東京都調布市国領町５丁目6-8,,,,,6.00,,1.00,,133.77,40.46,12110,2025/06/10,"2025/05/12 11:18","2025/07/29 12:03",先物(仲介),,（有）三經商事,-,"=""03-5389-5500""",,,1820022
倉庫,R00176-023913,,,,空,アーカイブ(成約),無,1012000,,階,1991年10月,鶴ヶ島市大字下新田の貸倉庫【240坪】,,埼玉県鶴ヶ島市大字下新田632-10,,,4.00,1.00,,1.00,,1580.67,794.20,240.24,4213,2025/07/28,"2025/02/18 09:46","2025/07/28 17:24",先物(仲介),,共同流通株式会社,-,"=""092-247-4311""",空有,グーグルマップ上の住所は鶴ヶ島市下新田634,3502222
倉庫,R00176-024383,,,,空,アーカイブ(成約),無,300000,,階,1994年09月,さいたま市岩槻区大字柏崎の貸倉庫【40坪】,,埼玉県さいたま市岩槻区大字柏崎196-4,,,4.00,1.00,,,,495.87,135.04,40.84,7345,2025/07/28,"2025/05/27 11:28","2025/07/28 17:23",先物(仲介),,株式会社モアホーム,-,"=""048-745-1366""",,,3390045
貸地,R00176-024335,,,,更地,アーカイブ(成約),無,451000,,階,-,横浜市緑区三保町の貸地【250坪】,,神奈川県横浜市緑区三保町1256,,,,2.00,3.00,,0.50,826.45,,250,1804,2025/05/30,"2025/05/19 10:34","2025/07/28 16:53",先物(仲介),,株式会社加瀬テナントサービス,-,"=""045-534-8232""",,・枝番：1256、他,2260015
工場,R00176-023768,,,,空,アーカイブ(成約),無,698000,,階,1983年10月,八潮市大字木曽根の貸工場【132坪】,,埼玉県八潮市大字木曽根643-4,,,2.00,1.00,,,1.00,,437.02,132.19,5280,2025/07/28,"2025/01/22 10:00","2025/07/28 16:51",先物(仲介),,（株）オーマイホーム　,-,"=""048-940-6728""",空有,"2025/07/28　募集止め（募集再開予定あり）
※2025/1/22　広告確認中のためマッチングのみ｜(株)オーマイホーム",3400813
倉庫,R00176-023981,,,,空,アーカイブ(成約),無,341000,,階,2019年08月,横浜市港北区新吉田町の貸倉庫【30坪】,,神奈川県横浜市港北区新吉田町5614-1,,,,2.00,4.00,,1.00,760.61,99.37,30.05,11345,2025/06/09,"2025/03/04 11:00","2025/07/28 16:35",先物(仲介),,株式会社石原興業,-,"=""045-541-4180""",空有,・102,2230056
倉庫,R00176-022998,,,,空,アーカイブ(成約),無,3520000,,階,1992年04月,川崎市川崎区殿町1丁目の貸倉庫【561坪】,,神奈川県川崎市川崎区殿町１丁目8-1,,,4.00,1.00,,,,997.75,1857.55,561.9,6265,2025/07/28,"2024/08/09 10:22","2025/07/28 16:26",先物(仲介),,株式会社シーアールイー　本社,-,"=""03-5572-6604""",空有,,2100821
店舗(建物一部),R00176-024193,,,,空,アーカイブ(成約),無,880000,,階,1971年06月,横須賀市池上4丁目の貸店舗【79坪】,,神奈川県横須賀市池上４丁目1-1,,,,1.00,3.00,,,,261.51,79.1,11125,2025/05/26,"2025/04/17 11:07","2025/07/28 16:20",先物(仲介),,（株）桐ケ谷不動産,-,"=""046-852-3800""",空有,"・1-2階部分
※2025/4/17　広告確認中のためマッチングのみ｜(株)桐ケ谷不動産",2380035
倉庫,R00176-024392,,,,空,アーカイブ(成約),無,1815000,,1階,2019年01月,川崎市川崎区東扇島の貸倉庫【300坪】,,神奈川県川崎市川崎区東扇島7-1,,,,1.00,,,,134832.00,992.00,300.08,6049,2025/05/29,"2025/05/29 09:35","2025/07/28 16:17",先物(仲介),,久保田倉庫（有）,-,"=""0270-23-1057""",,・1階部分,2100869
倉庫,R00176-024567,,,,,アーカイブ(成約),無,682000,,階,-,江東区三好3丁目の貸倉庫【70坪】,,東京都江東区三好３丁目3-5,,,,,2728000,,,219.53,233.83,70.73,9642,2025/07/28,"2025/07/08 10:23","2025/07/28 15:13",先物(仲介),,アーバンシステム管理株式会社,-,"=""03-3643-8130""",,2025/07/28　物確→申込が6件入っているためその中から決めるそうです（内見も7/25で止めたそうです）,1350022
倉庫,R00176-024375,,,,空,アーカイブ(成約),無,272778,,階,1991年11月,川口市差間２丁目の貸倉庫【41坪】,,埼玉県川口市差間２丁目40-1,,,,1.00,3.00,,1.00,,136.63,41.33,6600,2025/07/25,"2025/05/26 12:41","2025/07/28 09:56",自社,一般媒介,株式会社センチュリーダイソー,小林,"=""03-6441-2258""",,"■2025/07　小林さん管理契約
■2025/07　飯田さん契約
■2025/5/26　一般媒介物件｜担当：小林
",3330816
倉庫,R00176-024289,,,,空,アーカイブ(成約),無,319000,,階,1988年06月,草加市青柳2丁目の貸倉庫【12坪】,,埼玉県草加市青柳２丁目6-16,,,3.00,1.00,,,1.10,,40.29,12.18,26174,2025/07/25,"2025/05/12 09:41","2025/07/25 17:06",先物(仲介),,ウィズライフ株式会社,-,"=""048-931-0003""",空有,"・1区画貸し
※2025/5/12　広告確認中のためマッチングのみ｜ウィズライフ（株）",3400002
店舗(建物一部),R00176-024434,,,,,アーカイブ(成約),無,1045000,,1階,1984年08月,足立区西竹の塚2丁目の貸店舗【96坪】,,東京都足立区西竹の塚２丁目13-16,,,2.00,1.00,,,,825.57,319.68,96.7,10807,2025/07/25,"2025/06/09 11:14","2025/07/25 15:30",先物(仲介),,（有）いちかわ不動産,-,"=""03-3859-2011""",空有,"・場所：グーグルマップでは、西竹の塚2丁目13-15
・2025.6.16確認：１番手申込あり、２番手は可能",1210822
倉庫,R00176-024065,,,,空,アーカイブ(成約),無,660000,,階,2025年03月,柏市藤心の貸倉庫【98坪】,,千葉県柏市藤心154-2,,,3.00,1.00,,,1.00,,324.00,98.01,6735,2025/05/26,"2025/03/21 10:30","2025/07/25 15:23",先物(仲介),,有限会社共進住宅,-,"=""04-7173-1971""",,"Googleマップ：https://maps.app.goo.gl/NbMu86Rwq4W8hXiu6
7/25　物件確認→成約済",2770034
店舗事務所(建物一部),R00176-024296,,,,使用中,アーカイブ(成約),無,946000,,1階,1986年03月,世田谷区弦巻3丁目の貸店舗・事務所【62坪】,,東京都世田谷区弦巻３丁目13-10,,,,1.10,8.00,,1.10,,206.40,62.43,15152,2025/07/25,"2025/05/12 11:35","2025/07/25 15:16",先物(仲介),,（株）アーバンフロンティア不動産流通,-,"=""03-3429-2181""",,※2025/5/12　広告確認中のためマッチングのみ｜(株)アーバンフロンティア不動産流通,1540016
倉庫,R00176-024370,,,,空,アーカイブ(成約),無,715000,,階,1996年04月,中野区荒井4丁目の貸倉庫【61坪】,,東京都中野区新井４丁目13-23,,,3250000,715000,,,,,203.10,61.43,11638,2025/07/25,"2025/05/23 10:40","2025/07/25 14:59",先物(仲介),,イワセ産興（株）阿佐ヶ谷駅前支店,-,"=""03-3393-7755""",空有,・1-2階部分（101号室）,1650026
店舗(建物一部),R00176-023787,,,,空,アーカイブ(成約),無,500000,,1階,1964年12月,世田谷区上用賀4丁目の貸店舗【26坪】,,東京都世田谷区上用賀４丁目34-1,,30830,,1.00,6.00,,1.00,,86.32,26.11,19149,2025/07/25,"2025/01/27 11:09","2025/07/25 14:24",先物(仲介),,（株）アバック　,-,"=""03-6278-8436""",,・101号室,1580098
貸地,R00176-024626,,,,更地,保留,無,484000,,階,-,三郷市半田の貸地【519坪】,,埼玉県三郷市半田1972-2,,,,1.00,4.00,,1.00,1715.00,,518.78,933,2025/07/25,"2025/07/25 14:05","2025/07/25 14:06",先物(仲介),,株式会社イコム,-,"=""048-799-3200""",,"Googleマップ：https://maps.app.goo.gl/n7YkUMJYb5Y636uQ6
・所在地枝番：991、993（地番）
・ナビ住所：1979-2の東側",3410012
店舗(建物一部),R00176-024501,,,,空,アーカイブ(成約),無,495000,,1階,1994年11月,八王子市下柚木2丁目の貸店舗【45坪】,,東京都八王子市下柚木２丁目12-10,,,,1.00,6.00,,1.00,,150.72,45.59,10857,2025/07/25,"2025/06/23 11:09","2025/07/25 14:05",先物(仲介),,萩生田観光株式会社,-,"=""042-675-3111""",空有,"2025.6.26　申込み1件あり。2番手可。
※マッチングのみ",1920372
工場,R00176-024096,,,,使用中,アーカイブ(成約),無,1413000,,階,1977年03月,横浜市鶴見区駒岡2丁目の貸工場【161坪】,,神奈川県横浜市鶴見区駒岡２丁目13-30,,,,1.00,3.00,,1.00,509.09,533.15,161.27,8762,2025/05/28,"2025/03/27 11:30","2025/07/25 11:21",先物(仲介),,有限会社エスケーハウジング,-,"=""045-584-3250""",,,2300071
店舗(建物一部),R00176-024493,,,,空,アーカイブ(成約),無,931744,,1階,2001年12月,川崎市麻生区黒川の貸店舗【105坪】,,神奈川県川崎市麻生区黒川778-1,,232936,,,6.00,,1.00,,350.01,105.87,8801,2025/06/20,"2025/06/20 10:51","2025/07/25 10:42",先物(仲介),,（株）アイデアル　ＰＭ事業部,-,"=""050-3615-8785""",空有,"・102号室
※2025/6/20　レインズ広告可物件｜(株)イデアル PM事業部",2150035
倉庫,R00176-024505,,,,空,アーカイブ(成約),無,550000,,階,1991年12月,川崎市高津区下野毛3丁目の貸倉庫【56坪】,,神奈川県川崎市高津区下野毛３丁目2-8,,,6.00,1.00,,,0.50,,187.83,56.81,9680,2025/06/24,"2025/06/24 10:01","2025/07/25 10:38",先物(仲介),,有限会社ディネイケダ不動産事業部,-,"=""044-812-1312""",近有,※2025/6/24　広告確認中のためマッチングのみ｜(有)ディネイケダ,2130006
店舗事務所(建物一括),R00176-023950,,,,使用中,アーカイブ(成約),無,600000,,階,-,横浜市港北区小机町の貸店舗・事務所【8坪】,,神奈川県横浜市港北区小机町1730,,,3.00,3.00,,,,330.00,28.00,8.47,70839,2025/06/30,"2025/02/26 10:16","2025/07/25 10:28",先物(仲介),,ａｎｙｂｏｄｙ,邉見様：090-8306-7817,"=""03-6450-8885""",,"■2025/2/25　掲載依頼物件（直接業者様へお問い合わせください）
　元付業者：anybody株式会社　代表取締役　邉見 俊輔（ヘンミ）様
　〒150-0031　東京都渋谷区桜丘町29-33-506
　TEL: 03-6450-8885　Phone:090-8306-7817
　Mail: shunsuke.h@anybody-inc.com
　・枝番掲載は盛況中に付きNG
　・本物件は契約締結後、貸主様と共住となります
※2025.6.30　1番手有。",2220036
倉庫,R00176-023961,,,,空,アーカイブ(成約),無,1055604,,階,1989年04月,埼玉第52倉庫／B区画【174坪】,,埼玉県入間市大字上藤沢538-1,,,4.00,1.00,,,1.00,2904.36,576.80,174.48,6050,2025/04/07,"2025/02/26 16:47","2025/07/25 10:14",自社,代理,株式会社センチュリーダイソー,小林,"=""03-6441-2258""",,"■2025/2/28　広告料1ヶ月あり
■2025/2/26　分割案開始　サブリース物件｜担当：小林
■埼玉第52倉庫／B区画",3580013
倉庫,R00176-023404,,,,空,アーカイブ(成約),無,2750000,,階,1989年04月,埼玉第52倉庫【577坪】,,埼玉県入間市大字上藤沢538-1,,,4.00,1.00,,,1.00,2904.36,1908.29,577.25,4764,2025/04/07,"2024/11/06 10:54","2025/07/25 10:14",自社,代理,株式会社センチュリーダイソー,小林,"=""03-6441-2258""",,"■2025/2/28　広告料1ヶ月あり
■2024/11/6　非公開　サブ候補物件｜担当：小林
■2024/12/9　公開",3580013
店舗事務所(建物一括),R00176-024523,,,,空,アーカイブ(成約),無,770000,,階,1986年04月,上尾市富士見2丁目の貸店舗・事務所【157坪】,,埼玉県上尾市富士見２丁目20-22,,,6.00,1.00,,,0.50,530.33,519.08,157.02,4904,2025/07/24,"2025/06/27 10:40","2025/07/24 18:03",先物(仲介),,株式会社　ハウジングネット,-,"=""048-652-3300""",空有,,3620041
貸地,R00176-024478,,,,更地,保留,無,519000,,階,-,北足立郡伊奈町大字小室の貸地【765坪】,,埼玉県北足立郡伊奈町大字小室4704-1,,,1.00,1.00,,,1.00,2529.00,,765.02,679,2025/07/24,"2025/06/17 11:39","2025/07/24 17:08",先物(仲介),,株式会社東栄　ココテラス伊奈店,-,"=""048-721-5922""",,,3620806
工場,R00176-024286,,,,使用中,アーカイブ(成約),無,380000,,1階,1988年03月,板橋区若木2丁目の貸工場【50坪】,,東京都板橋区若木２丁目33-14,,,,1.10,1.00,,1.10,,168.24,50.89,7467,2025/07/24,"2025/05/09 10:52","2025/07/24 15:22",先物(仲介),,オオダテハウジング,-,"=""03-3935-0021""",空有,2025/6/5確認：２番手迄申込あり,1740065
倉庫,R00176-024513,,,,空,アーカイブ(成約),無,440000,,1階,2011年07月,江東区東砂6丁目の貸倉庫【40坪】,,東京都江東区東砂６丁目2-12,,,4.00,2.00,,,2.00,,132.30,40.02,10995,2025/07/24,"2025/06/26 09:58","2025/07/24 14:12",先物(仲介),,(有)三和エスティ,-,"=""03-5632-5667""",,・1階部分,1360074
倉庫,R00176-023069,,,,空,アーカイブ(成約),無,1391500,,階,1972年05月,横浜市鶴見区江ケ崎町の貸倉庫【161坪】,,神奈川県横浜市鶴見区江ケ崎町6-2,,,2.00,1.00,,1.00,,704.64,534.72,161.75,8603,2025/05/19,"2024/08/27 12:00","2025/07/23 13:55",先物(仲介),,株式会社総合店舗開発,-,"=""045-326-2736""",,,2300002
倉庫,R00176-024389,,,,空,アーカイブ(成約),無,500000,,階,1995年11月,東松山市大字古凍の貸倉庫【175坪】,,埼玉県東松山市大字古凍16-1,,,2.00,2.00,,,1.00,954.03,579.60,175.32,2852,2025/07/22,"2025/05/28 11:11","2025/07/22 17:41",先物(仲介),,■三光物産株式会社,-,"=""049-226-3535""",空有,,3550035
貸地,R00176-024259,,,,更地,アーカイブ(成約),無,396000,,階,-,八潮市大字浮塚の貸地【332坪】,,埼玉県八潮市大字浮塚755-3,,,,1.00,4.00,,1.00,1100.64,,332.94,1190,2025/07/10,"2025/05/01 10:08","2025/07/22 12:45",先物(仲介),,株式会社イコム,-,"=""048-799-3200""",,,3400835
貸地,R00176-023857,,,,更地,アーカイブ(成約),無,620000,,階,-,北葛飾郡松伏町大字田島の貸地【886坪】,,埼玉県北葛飾郡松伏町大字田島739,,,3.00,1.00,,,1.00,2930.00,,886.32,700,2025/07/18,"2025/02/07 09:45","2025/07/18 17:44",先物(仲介),,さいかつ農業協同組合　資産管理部　資産管理課吉川店,-,"=""048-982-6767""",,,3430105
倉庫,R00176-024394,,,,使用中,アーカイブ(成約),無,440000,,階,2020年11月,八潮市大字木曽根の貸倉庫【49坪】,,埼玉県八潮市大字木曽根1035-1,,,4.00,1.00,,,,,163.56,49.47,8894,2025/06/02,"2025/05/29 10:09","2025/07/18 14:08",先物(仲介),,共同流通株式会社,-,"=""049-247-4311""",空有,,3400813
貸地,R00176-023424,,,,更地,保留,無,330000,,階,-,越谷市大字平方の貸地【304坪】,,埼玉県越谷市大字平方,,,,1.00,4.00,,1.50,1006.00,,304.31,1085,2025/07/17,"2024/11/08 10:45","2025/07/17 17:42",先物(仲介),,貸地バンク（株）,-,"=""047-471-0034""",,【グーグルマップ住所】埼玉県越谷市平方1622-2の隣,3430002
貸地,R00176-024414,,,,その他,アーカイブ(成約),無,340000,,階,-,西多摩郡瑞穂町大字長岡長谷部の貸地【340坪】,,東京都西多摩郡瑞穂町大字長岡長谷部375,,,,1.00,2.00,,1.00,1123.96,,339.99,1001,2025/07/17,"2025/06/03 10:45","2025/07/17 16:41",先物(仲介),,都市ホーム賃貸サービス（株）,-,"=""042-562-3377""",,,1901231
貸地,R00176-023519,,,,更地,アーカイブ(成約),無,350000,,階,-,厚木市中荻野の貸地【489坪】,,神奈川県厚木市中荻野613-2,,,1.00,1.00,,,1.00,1618.24,,489.51,715,2025/07/17,"2024/11/27 09:55","2025/07/17 11:52",先物(仲介),,株式会社プラスホーム,-,"=""046-210-4288""",,,2430202
貸地,R00176-024447,,,,更地,アーカイブ(成約),無,500000,,階,-,市川市塩浜3丁目の貸地【147坪】,,千葉県市川市塩浜３丁目10-24,,,2.00,1.00,,,,486.40,,147.13,3399,2025/06/11,"2025/06/11 10:16","2025/07/16 15:59",先物(仲介),,（株）松井不動産建築事務所　,-,"=""047-397-3701""",,※2025/6/11　広告確認中のためマッチングのみ｜(株)松井不動産建築事務所,2720127
倉庫,R00176-023334,,,,居住中,アーカイブ(成約),無,1540000,,階,2009年07月,横浜市中区かもめ町の貸倉庫【200坪】,,神奈川県横浜市中区かもめ町4-2,,,6.00,1.00,,,,,662.00,200.25,7691,2025/06/02,"2024/10/21 10:07","2025/07/15 16:07",先物(仲介),,,-,"=""東京支店・高田：090-4304-609""",,"2025.2.21　図面ない為、シャッター高・天井高は不明。現地確認とのこと。
2025.4.23　大型車が入れるシャッター高あるとのこと。隣のテナントの兼合いで整備系は?
2025.07.15　関根ロジスティクス／キシ様／045-263-9610（こちらの物件を使用されているそうです）掲載の経緯報告希望の連絡あり。

※元付：（株）ネクサス
　物件についての図?・詳細などはすべて東京?店（担当：髙?様：090-4304-6091）へ問合せ",2310813
倉庫,R00176-023656,,,,空,アーカイブ(成約),無,3049200,,階,2017年01月,柏市大島田2丁目の貸倉庫【693坪】,,千葉県柏市大島田２丁目18,,138600,3.00,1.00,,,,,2291.00,693.02,4400,2025/05/13,"2024/12/25 09:50","2025/07/15 16:02",先物(仲介),,ゼクス株式会社,-,"=""047-468-8685""",近有,・場所：グーグルマップでは、大島田2丁目18-6（GLP柏Ⅱ）,2770922
倉庫,R00176-023655,,,,空,アーカイブ(成約),無,2613600,,階,2017年01月,柏市大島田2丁目の貸倉庫【594坪】,,千葉県柏市大島田２丁目18,,118800,3.00,1.00,,,,,1963.70,594.01,4400,2025/05/13,"2024/12/25 09:43","2025/07/15 16:02",先物(仲介),,ゼクス株式会社,-,"=""047-468-8685""",近有,・場所：グーグルマップでは、大島田2丁目18-6（GLP柏Ⅱ）,2770922
倉庫,R00176-023657,,,,空,アーカイブ(成約),無,3484800,,階,2017年01月,柏市大島田2丁目の貸倉庫【792坪】,,千葉県柏市大島田２丁目18,,174240,3.00,1.00,,,,,2618.20,792,4400,2025/05/13,"2024/12/25 09:58","2025/07/15 16:01",先物(仲介),,ゼクス株式会社,-,"=""047-468-8685""",近有,・場所：グーグルマップでは、大島田2丁目18-6（GLP柏Ⅱ）,2770922
倉庫,R00176-024239,,,,空,アーカイブ(成約),無,8360000,,3階,2017年01月,柏市大島田2丁目の貸倉庫【2000坪】,,千葉県柏市大島田２丁目18,,440000,3.00,2.00,,,,,6612.00,2000.13,4180,2025/07/08,"2025/04/25 10:43","2025/07/15 16:01",先物(仲介),,ゼクス株式会社,-,"=""047-468-8685""",近有,・場所：グーグルマップでは、大島田2丁目18-6（GLP柏Ⅱ）,2770922
倉庫,R00176-024238,,,,空,アーカイブ(成約),無,4180000,,3階,2017年01月,柏市大島田2丁目の貸倉庫【999坪】,,千葉県柏市大島田２丁目18,,220000,3.00,2.00,,,,,3305.50,999.91,4181,2025/07/15,"2025/04/25 10:31","2025/07/15 16:00",先物(仲介),,ゼクス株式会社,-,"=""047-468-8685""",近有,・場所：グーグルマップでは、大島田2丁目18-6（GLP柏Ⅱ）,2770922
倉庫,R00176-023971,,,,空,アーカイブ(成約),無,386100,,階,2003年03月,横浜市港北区新吉田町の貸倉庫【38坪】,,神奈川県横浜市港北区新吉田町172,,,3.00,1.00,,1.00,1.10,,128.92,38.99,9901,2025/05/07,"2025/03/03 10:00","2025/07/15 13:46",先物(仲介),,（株）コタニ興業,-,"=""045-593-3721""",空有,,2230056
工場,R00176-024333,,,,空,アーカイブ(成約),無,597300,,階,1971年02月,川口市江戸1丁目の貸工場【93坪】,,埼玉県川口市江戸１丁目15,,,2.00,1.00,,,1.00,,308.00,93.17,6411,2025/06/20,"2025/05/19 09:46","2025/07/15 09:27",先物(仲介),,（有）産栄,-,"=""048-284-2253""",空有,,3340074
倉庫,R00176-024425,,,,空,アーカイブ(成約),無,495000,,階,1987年09月,世田谷区下馬4丁目の貸倉庫【65坪】,,東京都世田谷区下馬４丁目4-11,,,2.00,1.00,,,,,217.44,65.77,7526,2025/07/14,"2025/06/06 09:32","2025/07/14 10:26",先物(仲介),,（有）瑞江住販,-,"=""03-3698-5571""",空有,2025-06-16　物確→1件申込有。2番手可,1540002
工場,R00176-024422,,,,使用中,アーカイブ(成約),無,495000,,階,2021年01月,青梅市今寺5丁目の貸工場【75坪】,,東京都青梅市今寺５丁目13-8,,,,1.00,2.00,,1.00,,247.96,75,6600,2025/06/30,"2025/06/05 10:34","2025/07/11 17:18",先物(仲介),,ミウラ倉庫（株）不動産事業部,-,"=""042-564-1451""",空有,"2025.6.16　キュービクルなし。使用用途などは申込みベースでオーナー様、相談。

・B区画",1980021
貸地,R00176-024266,,,,更地,アーカイブ(成約),無,220000,,階,-,朝霞市大字上内間木の貸地【288坪】,,埼玉県朝霞市大字上内間木716,,,5.00,1.00,,,0.50,953.00,,288.28,764,2025/07/11,"2025/05/07 10:53","2025/07/11 16:32",先物(仲介),,株式会社リゾン　志木支店,-,"=""048-487-3711""",,,3510001
倉庫,R00176-024362,,,,,アーカイブ(成約),無,2806672,,1階,2001年12月,横浜市港北区新横浜3丁目の貸倉庫【159坪】,,神奈川県横浜市港北区新横浜３丁目22-11,,,6.00,,,,,,527.17,159.46,17601,2025/06/09,"2025/05/22 12:01","2025/07/11 15:31",先物(仲介),,三鬼商事株式会社,-,"=""045-662-5221""",空有,・1階部分,2220033
店舗(建物一部),R00176-023731,,,,空,アーカイブ(成約),無,385000,,1階,1990年04月,横浜市中区本郷町1丁目の貸店舗【49坪】,,神奈川県横浜市中区本郷町１丁目2,,,,1.00,5.00,,1.00,,163.00,49.3,7809,2025/06/09,"2025/01/16 09:39","2025/07/11 14:35",先物(仲介),,（株）おおはし不動産,-,"=""045-341-0848""",,※2025/1/16　広告確認中のためマッチングのみ｜(株)おおはし不動産,2310843
工場,R00176-024356,,,,空,アーカイブ(成約),無,470800,,階,2001年11月,秦野市曽屋の貸工場【86坪】,,神奈川県秦野市曽屋5905-5,,,,1.10,1.00,,1.10,556.28,286.33,86.61,5436,2025/07/11,"2025/05/22 10:06","2025/07/11 14:30",先物(仲介),,（株）アサヒ地建　,-,"=""046-220-4422""",空有,,2570031
倉庫,R00176-024410,,,,空,アーカイブ(成約),無,330000,,階,1982年09月,相模原市中央区上溝の貸倉庫【49坪】,,神奈川県相模原市中央区上溝4496-1,,,3.00,1.00,,,1.00,379.38,162.00,49,6735,2025/06/09,"2025/06/03 09:57","2025/07/11 14:17",先物(仲介),,（有）共立不動産,-,"=""042-754-8000""",空有,2025.6.9　1番手申込みあり。保証会社の審査中の為、元付火・水曜日定休日の為、6/12以降物件確認から。動力入ってる。,2520243
貸地,R00176-023984,,,,更地,アーカイブ(成約),無,396000,,階,-,川越市大字渋井の貸地【528坪】,,埼玉県川越市大字渋井942-1,,,4.00,2.00,,,1.00,1746.00,,528.16,750,2025/07/11,"2025/03/04 11:35","2025/07/11 11:05",先物(仲介),,■三光物産株式会社,-,"=""049-226-3535""",,2025/06　星さん契約,3500013
倉庫,R00176-024232,,,,使用中,アーカイブ(成約),無,220000,,階,1991年08月,坂戸市千代田1丁目の貸倉庫【43坪】,,埼玉県坂戸市千代田１丁目15-14,,,,2.00,3.00,,,,144.00,43.56,5051,2025/07/11,"2025/04/24 10:08","2025/07/11 11:04",先物(仲介),,株式会社川又倉庫,-,"=""049-281-5081""",空有,"※2025/4/24　広告確認中のためマッチングのみ｜(株)川又倉庫

2025/06　A宮本さん申込
2025/07　A宮本さん契約",3500214
倉庫,R00176-024185,,,,空,アーカイブ(成約),無,660000,,階,1982年09月,足立区鹿浜7丁目の貸倉庫【123坪】,,東京都足立区鹿浜７丁目24-7,,,2.00,,,,1.00,481.13,408.26,123.49,5345,2025/06/30,"2025/04/15 13:31","2025/07/11 11:00",先物(仲介),,（株）カガヤ,-,"=""03-3853-3535""",空有,2025/06　A多久島さん契約,1230864
貸地,R00176-024100,,,,更地,アーカイブ(成約),無,297000,,階,-,越谷市大字下間久里の貸地【323坪】,,埼玉県越谷市大字下間久里623-1,,,,1.00,4.00,,1.00,1068.00,,323.07,920,2025/07/10,"2025/03/28 09:49","2025/07/10 17:03",先物(仲介),,株式会社イコム,-,"=""048-799-3200""",,,3430045
貸地,R00176-024488,,,,更地,アーカイブ(成約),無,550000,,階,-,さいたま市緑区東浦和9丁目の貸地【168坪】,,埼玉県さいたま市緑区東浦和９丁目20-13,,,,1.00,4.00,,1.00,557.00,,168.49,3265,2025/07/10,"2025/06/19 11:17","2025/07/10 16:59",先物(仲介),,株式会社イコム,-,"=""048-799-3200""",,,3360926
倉庫,R00176-024177,,,,空,アーカイブ(成約),無,990000,,2階,1988年03月,品川区東大井2丁目の貸倉庫【92坪】,,東京都品川区東大井２丁目7-7,,,3.00,1.00,,,1.00,,304.64,92.15,10743,2025/06/26,"2025/04/15 11:35","2025/07/10 09:07",先物(仲介),,（株）タープ不動産,-,"=""03-5844-6300""",,・2階一区画貸し,1400011
倉庫,R00176-024357,,,,空,アーカイブ(成約),無,350000,,階,1973年02月,さいたま市桜区大字下大久保の貸倉庫【38坪】,,埼玉県さいたま市桜区大字下大久保1261,,,,1.00,6.00,,1.00,,127.75,38.64,9057,2025/07/09,"2025/05/22 10:27","2025/07/09 18:00",先物(仲介),,（株）総合施設管理,-,"=""03-6279-0833""",空有,,3380825
貸地,R00176-024187,,,,古家付,アーカイブ(成約),無,330000,,階,-,白岡市太田新井の貸地【277坪】,,埼玉県白岡市太田新井569-1,,,,2.00,3.00,,1.00,916.00,,277.09,1191,2025/07/09,"2025/04/15 14:24","2025/07/09 17:53",先物(仲介),,（株）ダイシンホーム,-,"=""03-5831-2317""",,,3490225
貸地,R00176-024571,,,,更地,保留,無,873000,,階,-,川越市大字大仙波の貸地【395坪】,,埼玉県川越市大字大仙波1083,,,4.00,1.00,,,,1308.00,,395.67,2207,2025/07/09,"2025/07/09 10:16","2025/07/09 11:01",先物(仲介),,有限会社アプリ,-,"=""049-228-5222""",,※2025/7/9　at-home・レインズから削除されているため公開保留中｜(有)アプリ,3500032
倉庫,R00176-024568,,,,築後未入居,保留,無,,,階,2025年03月,群馬県邑楽郡明和町斗合田の貸倉庫【4896坪】,,群馬県邑楽郡明和町斗合田140-1,,,,,,,,30000.00,16185.12,4895.99,,2025/07/08,"2025/07/08 10:47","2025/07/08 11:00",自社,一般媒介,株式会社センチュリーダイソー,小林,"=""03-6441-2258""",,"■2025/7/8　一般媒介物件（条件調整中）｜担当：小林
　貸主｜スーパーレックス様",3700704
倉庫,R00176-024560,,,,空,保留,無,330000,,階,1990年04月,横浜市港北区岸根町の貸倉庫【41坪】,,神奈川県横浜市港北区岸根町129-1,,,6.00,,,,,86.00,137.40,41.56,7940,2025/07/07,"2025/07/07 09:52","2025/07/07 11:18",先物(仲介),,株式会社富士通商,-,"=""045-439-6511""",無,※短期貸し物件　～2026年8月末までの定借※→公開保留中,2220034
店舗(建物一括),R00176-024372,,,,空,アーカイブ(成約),無,660000,,階,2005年11月,綾瀬市深谷中5丁目の貸店舗【51坪】,,神奈川県綾瀬市深谷中５丁目3-12,,,,1.00,6.00,,1.00,,169.32,51.21,12886,2025/06/23,"2025/05/26 09:52","2025/07/07 11:02",先物(仲介),,（株）オキムス,-,"=""045-533-5670""",近有,"2025.6.17　駐車場 近有 330,000円/? 空き22台→敷地一つ挟んだ隣の駐車場。

※2025/5/26　at-home転載可物件｜(株)オキムス??倉?店

2025.6.23確認：申込1件あり、募集は可能",2521107
倉庫,R00176-024547,,,,空,アーカイブ(成約),無,1397000,,階,1971年04月,新座市野火止3丁目の貸倉庫【406坪】,,埼玉県新座市野火止３丁目16,,,2.00,2.00,,,1.00,,1344.00,406.56,3437,2025/07/02,"2025/07/02 10:43","2025/07/07 10:10",先物(仲介),,株式会社込戸建設,-,"=""048-477-1355""",,"■A棟
※2025/7/2　広告確認中のためマッチングのみ｜(株)込?建設",3520011
貸地,R00176-024308,,,,,アーカイブ(成約),無,440000,,階,-,八千代市上高野の貸地【749坪】,,千葉県八千代市上高野473,,,2.00,2.00,,,1.10,2478.00,,749.59,587,2025/07/07,"2025/05/14 11:04","2025/07/07 10:02",先物(仲介),,（株）オカムラホーム,-,"=""03-6667-0966""",,,2760022
倉庫,R00176-023621,,,,空,アーカイブ(成約),無,770000,,階,1990年06月,八千代市下市場2丁目の貸倉庫【93坪】,,千葉県八千代市下市場２丁目7-6,,,4.00,1.00,,,1.00,1967.35,309.87,93.73,8215,2025/07/07,"2024/12/17 10:39","2025/07/07 09:56",先物(仲介),,株式会社コジョソコ,-,"=""045-530-9890""",,,2760026
貸地,R00176-024367,,,,更地,アーカイブ(成約),無,300000,,階,-,市川市大町の貸地【265坪】,,千葉県市川市大町105,,,,1.00,4.00,,1.00,879.00,,265.89,1129,2025/05/23,"2025/05/23 09:53","2025/07/07 09:28",先物(仲介),,スターリンク（株）,-,"=""047-420-0111""",,,2720801
店舗(建物一括),R00176-024408,,,,使用中,アーカイブ(成約),無,660000,,階,1990年01月,熊谷市石原の貸店舗【95坪】,,埼玉県熊谷市石原496,,,6.00,,,,1.00,1052.06,317.00,95.89,6883,2025/07/04,"2025/06/03 09:33","2025/07/04 14:46",先物(仲介),,株式会社　奈良不動産,-,"=""048-524-1105""",空有,2025.6.6　完了検査受けていない。駐車場近隣と共有なし、20台分程度。内覧の場合、元付に鍵取りに行く。,3600816
倉庫,R00176-023340,,,,空,アーカイブ(成約),無,1210000,,階,1991年04月,さいたま市南区大字大谷口の貸倉庫【269坪】,,埼玉県さいたま市南区大字大谷口5745,,,,1.00,3000000,,1.00,667.00,891.00,269.52,4490,2025/06/02,"2024/10/22 09:53","2025/07/03 17:40",先物(仲介),,株式会社日建地所,-,"=""03-3949-6207""",空有,※2025/5/12　広告確認中のためマッチングのみ｜(株)?建地所,3360042
貸地,R00176-024548,,,,更地,保留,無,300000,,階,-,青梅市黒沢2丁目の貸地【299坪】,,東京都青梅市黒沢２丁目,,,,1.00,3.00,,,991.73,,299.99,1001,2026/05/11,"2025/07/02 10:51","2025/07/02 11:37",先物(仲介),,（有）タマ・ロジスティックス,-,"=""0428-78-4736""",,"※2025/7/2　情報不足のため公開保留（未チェック）
※番地無し、地図未指定です。確認お願いします。",1980005
貸地,R00176-024549,,,,更地,保留,無,1000000,,階,-,青梅市黒沢2丁目の貸地【999坪】,,東京都青梅市黒沢２丁目,,,,1.00,3.00,,,3305.78,,999.99,1001,2026/05/11,"2025/07/02 10:51","2025/07/02 11:37",先物(仲介),,（有）タマ・ロジスティックス,-,"=""0428-78-4736""",,"※2025/7/2　情報不足のため公開保留（未チェック）
※番地無し、地図未指定です。確認お願いします。",1980005
倉庫,R00176-023418,,,,建築中,保留,無,3200000,,階,2025年03月,戸田市笹目3丁目の貸倉庫【270坪】,,埼玉県戸田市笹目３丁目21-9,,,,1.00,6.00,,,1320.29,895.61,270.92,11812,2025/07/01,"2024/11/07 11:57","2025/07/01 17:35",先物(仲介),,イーソーコ株式会社,-,"=""03-5439-9401""",空有,"2025-01-07　イーソーコ杉本様より連絡。
サイトから情報を落としてほしいとの依頼あり",3350034
店舗事務所(建物一部),R00176-024143,,,,空,アーカイブ(成約),無,598400,,1階,1990年01月,柏市3丁目の貸店舗・事務所【52坪】,,千葉県柏市柏３丁目10-29,,17600,,1.00,5000000,,1.00,,172.09,52.05,11496,2025/06/30,"2025/04/08 11:06","2025/06/30 16:44",先物(仲介),,（株）京葉恒産,-,"=""04-7166-8686""",,※2025/4/8　レインズ広告可物件｜(株)京葉恒産,2770005
倉庫,R00176-023456,,,,空,アーカイブ(成約),無,220000,,階,1992年05月,新座市馬場4丁目の貸倉庫【20坪】,,埼玉県新座市馬場４丁目5,,,,2.00,3.00,,1.00,,68.95,20.85,10548,2025/05/23,"2024/11/14 12:28","2025/06/30 16:17",先物(仲介),,有限会社和光渡辺不動産,-,"=""048-451-6630""",,,3520016
店舗(建物一部),R00176-023771,,,,,アーカイブ(成約),無,473000,,1階,1977年11月,川崎市幸区北加瀬3丁目の貸店舗【77坪】,,神奈川県川崎市幸区北加瀬３丁目19-7,22000,,,,3.00,,1.00,,256.28,77.52,6102,2025/05/26,"2025/01/22 10:40","2025/06/30 15:48",先物(仲介),,（株）エルプラストラスト,-,"=""03-6453-2826""",,"2025/1/31　物確→募集中　用途：倉庫兼事務所相談可
　　　　　　ただし、駐車場は空き無し（2台分保有はあるが、今は埋まってるそうです）
・101号室
※2025/1/22　レインズ広告可物件｜(株)エルプラストラスト／TEL 03-6453-2826",2120057
倉庫,R00176-023828,,,,居住中,アーカイブ(成約),無,330000,,階,1983年07月,行田市城西4丁目の貸倉庫【129坪】,,埼玉県行田市城西４丁目7-14,,,3.00,2.00,,,1.00,,428.64,129.66,2546,2025/06/27,"2025/02/04 09:47","2025/06/27 18:00",先物(仲介),,合同会社ｆｕｒｕｉｅ,-,"=""03-6874-0009""",空有,2025.2.4　検査済証なし,3610057
倉庫,R00176-024303,,,,空,アーカイブ(成約),無,825000,,階,1986年10月,さいたま市桜区田島10丁目の貸倉庫【147坪】,,埼玉県さいたま市桜区田島１０丁目1-13,,,1.00,2.00,,,,975.21,489.25,147.99,5575,2025/06/27,"2025/05/14 09:40","2025/06/27 17:21",先物(仲介),,（株）アメニティオカモト,-,"=""048-445-1321""",空有,,3380837
貸地,R00176-023307,,,,更地,アーカイブ(成約),無,250000,,階,-,比企郡吉見町大字北吉見の貸地【478坪】,,埼玉県比企郡吉見町大字北吉見2500-2,,,,1.00,2000000,,1.00,1581.79,,478.49,523,2025/06/27,"2024/10/16 11:54","2025/06/27 17:13",先物(仲介),,東王建設株式会社,-,"=""0493-54-4855""",,,3550155
倉庫,R00176-024036,,,,空,アーカイブ(成約),無,385000,,階,2005年10月,足立区入谷4丁目の貸倉庫【52坪】,,東京都足立区入谷４丁目17-7,,,,1.00,3.00,,1.00,161.00,173.45,52.46,7338,2025/06/27,"2025/03/13 11:28","2025/06/27 16:12",先物(仲介),,（株）タープ不動産,-,"=""03-5844-6300""",空有,,1210836
貸地,R00176-023427,,,,その他,アーカイブ(成約),無,770000,,階,-,三郷市半田の貸地【943坪】,,埼玉県三郷市半田26-1,,,2.00,2.00,,,,3118.50,,943.34,817,2025/06/27,"2024/11/08 11:28","2025/06/27 15:17",先物(仲介),,（株）ハウストゥエンティーワン,-,"=""048-958-6611""",,,3410012
倉庫,R00176-024465,,,,建築中,アーカイブ(成約),無,600000,,階,2025年07月,横浜市都筑区新吉田町の貸倉庫【53坪】,,神奈川県横浜市港北区新吉田町204,,,3.00,2.00,,1.00,1.00,283.00,178.00,53.84,11144,2025/06/20,"2025/06/16 10:42","2025/06/27 13:46",先物(仲介),,（有）三光不動産　,-,"=""045-543-6291""",空有,,2230056
貸地,R00176-023641,,,,,アーカイブ(成約),無,450000,,階,-,町田市上小山田町の貸地【1390坪】,,東京都町田市上小山田町1997-1,,,,1.00,6.00,,,4595.06,,1390,324,2025/06/27,"2024/12/20 11:11","2025/06/27 11:59",先物(仲介),,（株）新都市コンサルタント,-,"=""042-796-9411""",,"・枝番：1997-1他
※2024/12/20　広告確認中のためマッチングのみ｜(株)新都市コンサルタント",1940201
店舗(建物一部),R00176-023590,,,,居住中,アーカイブ(成約),無,385000,,1階,1987年09月,練馬区春日町6丁目の貸店舗【46坪】,,東京都練馬区春日町６丁目12-20,,33000,,1.00,6.00,,1.00,,152.88,46.24,8326,2025/06/27,"2024/12/09 10:23","2025/06/27 11:56",先物(仲介),,（株）ユニホー　練馬営業所,-,"=""03-5935-1408""",空有,,1790074
店舗(建物一部),R00176-023221,,,,空,アーカイブ(成約),無,660000,,1階,1996年07月,世田谷区等々力6丁目の貸店舗【30坪】,,東京都世田谷区等々力６丁目37-12,,,6.00,,,,1.10,,99.38,30.06,21955,2025/06/27,"2024/09/27 13:11","2025/06/27 11:48",先物(仲介),,（株）吉富興産,-,"=""03-3704-8922""",,,1580082
倉庫,R00176-023346,,,,空,アーカイブ(成約),無,590000,,階,1992年12月,町田市図師町の貸倉庫【201坪】,,東京都町田市図師町615,,10000,,1.00,3.00,,1.00,,666.00,201.46,2929,2025/06/27,"2024/10/22 11:18","2025/06/27 11:44",先物(仲介),,有限会社大秀不動産,-,"=""03-6300-5471""",空有,"2024.12.23　申込み1件あり、2番手可。

・場所：グーグルマップでは、図師町615-7",1940203
店舗事務所(建物一部),R00176-023278,,,,空,アーカイブ(成約),無,770000,,階,1982年01月,港区芝5丁目の貸店舗・事務所【29坪】,,東京都港区芝５丁目14-14,11000,,,1.00,7.00,,1.10,,96.76,29.26,26307,2025/06/27,"2024/10/10 10:29","2025/06/27 11:36",先物(仲介),,（株）モンステラ　グラーディア,伊藤：080-5864-3322,"=""03-6230-1113""",,,1080014
店舗(建物一部),R00176-023557,,,,空,アーカイブ(成約),無,610500,,1階,1985年11月,中野区江古田4丁目の貸店舗【36坪】,,東京都中野区江古田４丁目5-2,5500,,,1.00,3.00,,1.00,,122.10,36.93,16529,2025/06/27,"2024/12/02 10:52","2025/06/27 11:34",先物(仲介),,みやつき（株）,-,"=""03-5942-9240""",,※2024/12/2　広告確認中のためマッチングのみ｜みやつき（株）,1650022
倉庫,R00176-024146,,,,空,アーカイブ(成約),無,1320000,,階,1997年02月,台東区松が谷2丁目の貸倉庫【91坪】,,東京都台東区松が谷２丁目2-9,,,4.00,1.00,,1.00,1.00,,303.00,91.65,14402,2025/06/27,"2025/04/08 11:59","2025/06/27 11:29",先物(仲介),,（有）丸善商事不動産,-,"=""03-3844-9320""",空有,,1110036
工場,R00176-023955,,,,使用中,アーカイブ(成約),無,451000,,階,2011年02月,稲城市大丸の貸工場【55坪】,,東京都稲城市大丸425-2,,,,1.00,3.00,,1.00,,184.44,55.79,8084,2025/06/27,"2025/02/26 11:09","2025/06/27 11:28",先物(仲介),,（株）マルサダ,-,"=""042-377-2002""",空有,"・C号棟
・枝番：大丸425-2の一部
※2025/2/26　レインズ広告可物件｜(株)マルサダ",2060801
倉庫,R00176-023863,,,,空,アーカイブ(成約),無,401500,,2階,1985年02月,練馬区高松6丁目の貸倉庫【50坪】,,東京都練馬区高松６丁目12-20,,,,1.00,6.00,,1.00,,166.54,50.37,7970,2025/06/27,"2025/02/07 11:09","2025/06/27 11:23",先物(仲介),,株式会社豊徳,-,"=""03-3964-0861""",空有,・2B,1790075
工場,R00176-024058,,,,空,アーカイブ(成約),無,480000,,1階,1962年07月,大田区南六郷2丁目の貸工場【51坪】,,東京都大田区南六郷２丁目5-11,,,,1.00,5.00,,1.00,,171.00,51.72,9280,2025/06/27,"2025/03/18 11:14","2025/06/27 11:22",先物(仲介),,株式会社豊徳,-,"=""03-3964-0861""",空有,,1440045
倉庫,R00176-024320,,,,空,アーカイブ(成約),無,581790,,1階,1968年10月,川崎市幸区南加瀬4丁目の貸倉庫【52坪】,,神奈川県川崎市幸区南加瀬４丁目15-31,,,3.00,2.00,,,1.00,462.80,174.84,52.88,11001,2025/05/15,"2025/05/15 10:36","2025/06/27 11:05",先物(仲介),,（株）天野屋倉庫,-,"=""045-501-0058""",空有,"・1階部分
※2025/5/15　広告確認中のためマッチングのみ｜(株)天野屋倉庫",2120055
店舗事務所(建物一部),R00176-022972,,,,空,アーカイブ(成約),無,589600,,1階,2008年06月,鎌倉市手広3丁目の貸店舗・事務所【40坪】,,神奈川県鎌倉市手広３丁目14-8,,24750,,2.00,5360000,,1.00,,133.76,40.46,14572,2025/05/23,"2024/08/05 10:04","2025/06/27 10:53",先物(仲介),,"株式会社東都不動産 テナントユニット 営業第２グループ",-,"=""045-317-2350""",空有,・1階2-3区画,2480036
倉庫,R00176-024046,,,,空,アーカイブ(成約),無,330000,,1階,1989年02月,川崎市麻生区高石3丁目の貸倉庫【30坪】,,神奈川県川崎市麻生区高石３丁目13-1,,,,1.00,6.00,,1.00,,100.00,30.25,10910,2025/05/29,"2025/03/17 10:23","2025/06/27 10:49",先物(仲介),,（株）ワイキャピタルエージェンシー,-,"=""03-6454-7844""",,,2150003
倉庫,R00176-023514,,,,空,アーカイブ(成約),無,1540000,,階,1986年07月,埼玉第32倉庫／A区画【462坪】,,埼玉県入間市大字中神1036,,,,1.00,,,1.00,3275.87,1529.84,462.77,3328,2025/06/27,"2024/11/26 15:40","2025/06/27 10:02",自社,代理,株式会社センチュリーダイソー,小林,"=""06-6136-0555""",,"■2025/5/7　賃料変更：￥1,870,000→￥1,540,000
■2025/3/5　敷金4⇒0ヶ月へ変更
【埼玉32】A区画（A/E/F）
■2024/11/26　分割募集スタート
☆検済あり／調整区域※使用用途：倉庫にて登録／営業倉庫取得の可否は不明／工業団地至近（工業団地内ではない）／図面あり／外国籍相談可
■2024/9/19　現状、内装工事の見積もり中。
　　　　　　    今後、EV/内装等の工事が入る予定。
　　　　　　    引渡し日については要相談。
■2024/6/10　再募集公開開始",3580035
倉庫,R00176-023516,,,,空,アーカイブ(成約),無,2530000,,階,1986年07月,埼玉第32倉庫／B区画【767坪】,,埼玉県入間市大字中神1036,,,,1.00,,,1.00,3275.87,2536.34,767.24,3298,2025/06/27,"2024/11/26 16:05","2025/06/27 10:02",自社,代理,株式会社センチュリーダイソー,小林,"=""06-6136-0555""",,"■2025/5/7　賃料変更：￥3,190,000→￥2,530,000
■2025/3/5　敷金4⇒0ヶ月へ変更
【埼玉32】B区画（B/C/D）
■2024/11/26　分割募集スタート
☆検済あり／調整区域※使用用途：倉庫にて登録／営業倉庫取得の可否は不明／工業団地至近（工業団地内ではない）／図面あり／外国籍相談可
■2024/9/19　現状、内装工事の見積もり中。
　　　　　　    今後、EV/内装等の工事が入る予定。
　　　　　　    引渡し日については要相談。
■2024/6/10　再募集公開開始",3580035
倉庫,R00176-024112,,,,空,アーカイブ(成約),無,363000,,階,1984年08月,江戸川区東小松川1丁目の貸倉庫【40坪】,,東京都江戸川区東小松川１丁目9-9,,,10.00,2.00,,,1.00,134.16,134.13,40.57,8947,2025/06/27,"2025/04/01 11:44","2025/06/27 08:39",先物(仲介),,まるごと不動産,-,"=""0120-30-5102""",空有,045-900-5463,1320033
店舗事務所(建物一部),R00176-023644,,,,空,アーカイブ(成約),無,539000,,階,1965年05月,北区王子2丁目の貸店舗・事務所【24坪】,,東京都北区王子２丁目14-11,16500,,,539000,1617000,,1.50,,80.52,24.35,22129,2025/06/26,"2024/12/23 10:12","2025/06/26 14:20",先物(仲介),,株式会社ハウスセイラーズ,-,"=""03-3896-0141""",,"※2024/12/23　広告確認中のためマッチングのみ｜(株)ハウスセイラーズ

2025.6.26確認：4階のみ募集中",1140002
貸地,R00176-023414,,,,その他,アーカイブ(成約),無,1370000,,階,-,流山市おおたかの森西3丁目の貸地【196坪】,,千葉県流山市おおたかの森西３丁目1-10,,,,1.00,,,,649.50,,196.47,6973,2025/05/28,"2024/11/07 11:06","2025/06/26 13:09",先物(仲介),,ＤＯＴＯＷＮ（株）,-,"=""050-3171-8548""",,※2024/11/7　at-home転載可物件｜ＤＯＴＯＷＮ（株）,2700128
店舗事務所(建物一括),R00176-023318,,,,空,アーカイブ(成約),無,880000,,階,1979年10月,横浜市港北区樽町4丁目の貸店舗・事務所【197坪】,,神奈川県横浜市港北区樽町４丁目13-5,,,,1.00,8.00,,1.00,,653.01,197.53,4455,2025/05/26,"2024/10/17 12:09","2025/06/26 11:48",先物(仲介),,アンゼン（株）,-,"=""03-5544-9623""",空有,"※2025/1/20　広告掲載可｜アンゼン（株）
※2024/10/17　広告不可｜アンゼン（株）",2220001
倉庫,R00176-024054,,,,空,アーカイブ(成約),無,3500000,,階,1971年11月,上尾市大字領家の貸倉庫【1046坪】,,埼玉県上尾市大字領家88-1,,,3.00,1.00,,,,,3460.69,1046.85,3344,2025/05/23,"2025/03/18 10:23","2025/06/25 17:24",先物(仲介),,（株）立和コーポレーション　神奈川店,-,"=""042-759-5801""",空有,"元付：（株）立和コーポレーション｜担当：市川様 080-9386-5383",3620066
店舗事務所(建物一部),R00176-023615,,,,空,アーカイブ(成約),無,550000,,階,1991年07月,千葉市美浜区高洲1丁目の貸店舗・事務所【51坪】,,千葉県千葉市美浜区高洲１丁目6-20,,,,1.00,3.00,,1.00,,169.28,51.2,10741,2025/06/25,"2024/12/16 09:40","2025/06/25 10:23",先物(仲介),,??道地所株式会社,-,"=""050-1722-4541""",空有,・1-2階部分,2610004
店舗(建物一部),R00176-023242,,,,空,アーカイブ(成約),無,818400,,1階,1996年03月,松戸市新松戸3丁目の貸店舗【31坪】,,千葉県松戸市新松戸３丁目4-1,,55000,,1.00,10.00,,1.00,,102.48,31,26400,2025/06/25,"2024/10/01 13:07","2025/06/25 10:14",先物(仲介),,株式会社　総合施設管理,0120-884-775,"=""03-6279-0837""",,"・1階Aプラン角側
　R00176-022128分割案
※2024/3/12　広告確認中のためマッチングのみ｜(株)総合施設管理",2700034
店舗(建物一部),R00176-023243,,,,空,アーカイブ(成約),無,979000,,1階,1996年03月,松戸市新松戸3丁目の貸店舗【44坪】,,千葉県松戸市新松戸３丁目4-1,,55000,,1.00,10.00,,1.00,,147.11,44.5,22000,2025/06/25,"2024/10/01 13:07","2025/06/25 10:13",先物(仲介),,株式会社　総合施設管理,0120-884-775,"=""03-6279-0837""",,"・1階Aプラン奥側
　R00176-022128分割案
※2024/3/12　広告確認中のためマッチングのみ｜(株)総合施設管理",2700034
倉庫,R00176-024085,,,,使用中,アーカイブ(成約),無,1320000,,階,1991年01月,八街市八街いの貸倉庫【352坪】,,千葉県八街市八街い43,,,,1.00,4.00,,1.00,,1166.40,352.83,3742,2025/06/25,"2025/03/25 10:49","2025/06/25 10:11",先物(仲介),,株式会社　皐月不動産,-,"=""03-3761-1130""",空有,,2891143
工場,R00176-024377,,,,空,アーカイブ(成約),無,1500000,,階,1989年04月,戸田市美女木北3丁目の貸工場【134坪】,,埼玉県戸田市美女木北３丁目12-1,,,2.00,1.00,1.00,,1.00,1096.52,446.24,134.98,11113,2025/06/24,"2025/05/27 09:44","2025/06/24 17:50",先物(仲介),,真生建設株式会社,-,"=""0270-61-5891""",空有,※2025/5/27　広告確認中のためマッチングのみ｜真?建設（株）,3350038
倉庫,R00176-024043,,,,空,アーカイブ(成約),無,572000,,1階,1997年07月,江東区亀戸9丁目の貸倉庫【28坪】,,東京都江東区亀戸９丁目14-1,,,3.00,1.00,,1.00,1.00,,94.78,28.67,19951,2025/06/24,"2025/03/14 10:19","2025/06/24 11:56",先物(仲介),,（有）みのる不動産亀戸支店,-,"=""03-3684-5851""",空有,,1360071
貸地,R00176-023204,,,,更地,アーカイブ(成約),無,1397500,,階,-,越谷市大字平方の貸地【1076坪】,,埼玉県越谷市大字平方1607-1,,,,1.00,4.00,,1.00,3558.00,,1076.29,1299,2025/06/24,"2024/09/26 11:15","2025/06/24 09:30",先物(仲介),,貸地バンク（株）,-,"=""047-471-0034""",,"【所在地】越谷市大字平方1607-1　他10筆
",3430002
貸地,R00176-023463,,,,更地,アーカイブ(成約),無,250000,,階,-,さいたま市岩槻区大字馬込の貸地【285坪】,,埼玉県さいたま市岩槻区大字馬込328-1,,,3.00,1.00,,,,943.00,,285.25,877,2025/06/24,"2024/11/15 12:14","2025/06/24 09:20",先物(仲介),,※広告NG業者※アクシス不動産,-,"=""048-871-8731""",,※2025/3/17　広告NGのためマッチングのみ｜アクシス不動産,3390077
倉庫,R00176-024352,,,,使用中,アーカイブ(成約),無,308000,,階,2008年11月,川口市大字榛松の貸倉庫【40坪】,,埼玉県川口市大字榛松1852-1,3300,,3.00,1.00,,,1.25,,133.20,40.29,7645,2025/06/24,"2025/05/21 10:51","2025/06/24 09:10",先物(仲介),,株式会社ビーズ,-,"=""048-263-2882""",空有,,3340062
倉庫,R00176-024060,,,,空,アーカイブ(成約),無,1100000,,階,1988年09月,草加市稲荷5丁目の貸倉庫【152坪】,,埼玉県草加市稲荷５丁目34-11,,,,1.00,2.00,,1.00,284.55,504.00,152.46,7216,2025/06/24,"2025/03/19 11:08","2025/06/24 09:07",先物(仲介),,（株）工場倉庫総合管理　,-,"=""03-5937-5116""",,,3400003
貸地,R00176-024015,,,,その他,アーカイブ(成約),無,965000,,階,-,大田区東糀谷４丁目の貸地【96坪】,,東京都大田区東糀谷４丁目8,,,1.00,1.00,,,1.00,318.45,,96.33,10018,2025/06/23,"2025/03/11 10:02","2025/06/23 18:13",先物(仲介),,（株）ヤマキハウス,-,"=""03-3742-0326""",,"※事務所と併せての契約となります（別途賃料）｜事務所99㎡・敷金1ヶ月・礼金1ヶ月・賃料￥300,000/月（税別）

大山さんにて成約",1440033
事務所(建物一括),R00176-024502,,,,,保留,無,150000,,階,1972年01月,深谷市東方の貸事務所【14坪】,,埼玉県深谷市東方1921-1,,,,,,,,,46.37,14.02,10694,2025/06/23,"2025/06/23 16:46","2025/06/23 18:05",自社,一般媒介,株式会社センチュリーダイソー,飯田,"=""03-6441-2258""",空有,"■2025/6/23　一般媒介物件｜担当：飯田
※参考：https://suumo.jp/chintai/jnc_000098429693/?bc=100436840023",3660041
倉庫,R00176-023854,,,,空,アーカイブ(成約),無,336325,,地下1階,1966年08月,中央区銀座8丁目の貸倉庫【12坪】,,東京都中央区銀座８丁目4-3,,,,2.20,4892000,,,,40.46,12.23,27480,2025/06/23,"2025/02/06 12:04","2025/06/23 15:29",先物(仲介),,（株）リアル・サポート,-,"=""03-5251-8558""",,"・地下1階部分
※2025/2/6　広告確認中のためマッチングのみ｜(株)リアルサポート",1040061
倉庫,R00176-024079,,,,使用中,アーカイブ(成約),無,440000,,1階,1988年03月,江戸川区東葛西5丁目の貸倉庫【55坪】,,東京都江戸川区東葛西５丁目28,,,,1.00,5.00,,1.25,,182.18,55.1,7985,2025/06/23,"2025/03/24 11:34","2025/06/23 15:21",先物(仲介),,（株）ワールドバランス,-,"=""03-6225-0581""",空有,"2025.3.24　シャッターあり
・1階部分
・枝番：28-7

2025/04/18　物確→申込有（このまま進む予定）",1340084
店舗事務所(建物一部),R00176-022994,,,,空,アーカイブ(成約),無,810000,,1階,1981年03月,港区芝4丁目の貸店舗・事務所【49坪】,,東京都港区芝４丁目7-6,,,5890800,2.00,,,1.00,,162.26,49.08,16503,2025/06/23,"2024/08/07 11:03","2025/06/23 14:59",先物(仲介),,日施建物（株）,-,"=""03-3254-6511""",,"※2024/8/7　広告確認中のためマッチングのみ｜日施建物（株）
※2024/8/7　賃料は物件概要書参照
2024/10/17　貸主が免税業者になるのでその辺理解している方",1080014
店舗事務所(建物一部),R00176-023898,,,,空,アーカイブ(成約),無,605000,,階,1993年01月,世田谷区世田谷2丁目の貸店舗・事務所【41坪】,,東京都世田谷区世田谷２丁目29-11,,,2.00,,,,1.00,,138.35,41.85,14457,2025/06/23,"2025/02/14 11:21","2025/06/23 14:57",先物(仲介),,（株）トラスト・インベストメント,-,"=""03-5774-1515""",,"・地下1-2階部分
※2025/2/14　at-home掲載可物件｜(株)トラスト・インベストメント",1540017
店舗(建物一部),R00176-023509,,,,空,アーカイブ(成約),無,858000,,1階,1991年08月,世田谷区下馬1丁目の貸店舗【41坪】,,東京都世田谷区下馬１丁目5-4,,,,1.10,16000000,,1.00,,138.80,41.98,20435,2025/06/23,"2024/11/25 12:53","2025/06/23 14:56",先物(仲介),,トヨタエステート（株）,-,"=""03-3419-6321""",,2025.6.23確認：3番手まで申し込みあり（オーナーはコンビニ希望でコンビニと交渉中とのこと）,1540002
倉庫,R00176-023227,,,,空,アーカイブ(成約),無,550000,,1階,1967年01月,中央区日本橋人形町1丁目の貸倉庫【25坪】,,東京都中央区日本橋人形町１丁目,,,6.00,2.00,,,1.00,,85.88,25.97,21172,2025/06/23,"2024/09/30 10:55","2025/06/23 14:53",先物(仲介),,トップクォーター（株）,-,"=""03-3669-9000""",,"・枝番：3-6
2025.6.23確認：エンドのみ募集中。（仲介NG）",1030013
倉庫,R00176-023211,,,,使用中,アーカイブ(成約),無,864270,,1階,1979年07月,台東区上野1丁目の貸倉庫【52坪】,,東京都台東区上野１丁目2-2,,115236,,1.00,10.00,,1.00,,173.17,52.38,16499,2025/06/23,"2024/09/26 13:11","2025/06/23 14:40",先物(仲介),,東京建物不動産販売　賃貸営業第二部,-,"=""03-6837-7535""",無,・1階部分,1100005
倉庫,R00176-024492,,,,使用中,アーカイブ(成約),無,1320000,,階,1993年09月,足立区南花畑2丁目の貸倉庫【150坪】,,東京都足立区南花畑２丁目3,,,2.00,1.00,,,,,496.03,150.04,8798,2025/06/23,"2025/06/20 10:40","2025/06/23 12:34",先物(仲介),,東京建物不動産販売　賃貸営業第二部,-,"=""03-6837-7535""",空有,"・場所：グーグルマップでは、南花畑2丁目3-15

2025.6.23確認：契約予定あり、募集止。",1210062
貸地,R00176-023843,,,,更地,アーカイブ(成約),無,200000,,階,-,越谷市大字砂原の貸地【306坪】,,埼玉県越谷市大字砂原138-1,,,,1.00,500000,,1.00,1013.00,,306.43,653,2025/06/18,"2025/02/05 10:21","2025/06/23 11:55",先物(仲介),,平野総業（有）,-,"=""048-976-3020""",,"2025.06.18　山崎さん契約予定
2025.05.30　物確→解体業・外国籍は不可
2025.2.5　単管パイプで屋根、プレハブ相談不可。",3430803
倉庫,R00176-024441,,,,空,アーカイブ(成約),無,380000,,階,-,吉川市会野谷2丁目の貸倉庫【69坪】,,埼玉県吉川市会野谷２丁目17-1,,,3.00,1.00,,,1.00,669.13,230.06,69.59,5461,2025/06/10,"2025/06/10 10:30","2025/06/20 17:22",先物(仲介),,株式会社岡田地建,-,"=""048-982-3900""",空有,,3420016
倉庫,R00176-023078,,,,空,アーカイブ(成約),無,275000,,階,2008年03月,日高市大字鹿山の貸倉庫【38坪】,,埼玉県日高市大字鹿山475-2,27500,,4.00,1.00,,,0.50,364.53,127.93,38.69,7107,2025/06/20,"2024/08/29 10:54","2025/06/20 17:19",先物(仲介),,ヤマトクリエイト株式会社,-,"=""049-291-5611""",,,3501231
貸地,R00176-024095,,,,更地,アーカイブ(成約),無,220000,,階,-,川越市大字池辺の貸地【465坪】,,埼玉県川越市大字池辺1196-1,,,,,6.00,,,1538.00,,465.24,473,2025/06/20,"2025/03/27 11:12","2025/06/20 17:04",先物(仲介),,（株）彩京不動産,-,"=""049-246-6969""",,"・売買あり：B00176-001449
※2025/3/27　マイソク広告可物件｜(株)彩京不動産",3501171
貸地,R00176-024053,,,,更地,アーカイブ(成約),無,476800,,階,-,朝霞市大字岡の貸地【288坪】,,埼玉県朝霞市大字岡,,,3.00,2.00,,,1.00,955.00,,288.88,1651,2025/06/20,"2025/03/18 10:10","2025/06/20 17:02",先物(仲介),,"有限会社 港南住宅建設",-,"=""048-462-8530""",,グーグルマップ：朝霞市岡223の112号線挟んで斜め向かい,3510007
倉庫,R00176-024328,,,,使用中,アーカイブ(成約),無,1460420,,階,2011年09月,比企郡川島町かわじま1丁目の貸倉庫【379坪】,,埼玉県比企郡川島町かわじま１丁目3,,,4.00,1.00,,,,,1253.98,379.32,3851,2025/06/20,"2025/05/16 10:27","2025/06/20 17:02",先物(仲介),,株式会社コジョソコ,-,"=""045-530-9890""",空有,,3500168
貸地,R00176-023685,,,,更地,保留,無,250000,,階,-,さいたま市岩槻区大字大戸の貸地【187坪】,,埼玉県さいたま市岩槻区大字大戸172-1,,,3.00,1.00,,,,619.00,,187.24,1336,2025/06/20,"2025/01/08 10:36","2025/06/20 15:19",先物(仲介),,※広告NG業者※アクシス不動産／（株）アクシス２１,-,"=""048-871-8731""",,※2025/1/8　広告MGのためマッチングのみ｜アクシス不動産,3390014
倉庫,R00176-024211,,,,空,アーカイブ(成約),無,800000,,1階,1976年06月,墨田区千歳1丁目の貸倉庫【62坪】,,東京都墨田区千歳１丁目2-8,,,4.00,1.00,,,,280.99,208.00,62.92,12715,2025/04/21,"2025/04/21 10:01","2025/06/20 11:47",先物(仲介),,紅花会館（株）,李,"=""090-6357-5599""",,,1300025
店舗(建物一部),R00176-023874,,,,空,アーカイブ(成約),無,731500,,1階,1980年10月,大田区蒲田5丁目の貸店舗【43坪】,,東京都大田区蒲田５丁目27-5,,,8.00,2.20,,,1.10,,144.03,43.56,16790,2025/06/19,"2025/02/10 11:24","2025/06/19 16:18",先物(仲介),,東急リバブル（株）オフィス店舗賃貸センター,新井：080-7025-6570,"=""050-3628-7211""",,・101号室,1440052
店舗事務所(建物一部),R00176-023556,,,,空,アーカイブ(成約),無,660000,,1階,1980年10月,世田谷区等々力7丁目の貸店舗・事務所【54坪】,,東京都世田谷区等々力７丁目3-4,,,8.00,,,,1.10,,181.06,54.77,12051,2025/06/19,"2024/12/02 10:44","2025/06/19 16:18",先物(仲介),,東急リバブル（株）オフィス店舗賃貸センター,梶山：090-2326-0202,"=""050-3628-7211""",,,1580082
倉庫,R00176-024265,,,,空,アーカイブ(成約),無,316800,,1階,1962年01月,所沢市大字上安松の貸倉庫【42坪】,,埼玉県所沢市大字上安松1118-1,,,,1.00,3.00,,1.00,,140.20,42.41,7470,2025/06/19,"2025/05/07 10:30","2025/06/19 15:50",先物(仲介),,ミウラ倉庫株式会社　不動産事業部,-,"=""042-564-1451""",空有,・A区画,3590025
倉庫,R00176-023399,,,,空,アーカイブ(成約),無,2420000,,階,1989年03月,戸田市美女木4丁目の貸倉庫【320坪】,,埼玉県戸田市美女木４丁目27-14,,,3.00,1.00,,,,1835.00,1060.00,320.65,7548,2025/06/19,"2024/11/05 10:20","2025/06/19 15:39",先物(仲介),,（株）平和不動産※広告NG業者,-,"=""048-446-1000""",空有,※2024/11/5　広告NG業者のためマッチングのみ｜(株)平和不動産,3350031
倉庫,R00176-023558,,,,空,アーカイブ(成約),無,396000,,階,1988年01月,戸田市大字新曽の貸倉庫【43坪】,,埼玉県戸田市大字新曽2592,,,1.00,1.00,1.00,,,,142.42,43.08,9192,2025/06/19,"2024/12/03 09:31","2025/06/19 15:39",先物(仲介),,（株）平和不動産※広告NG業者,-,"=""048-446-1000""",空有,"※広告NG業者のためマッチングのみ｜(株)平和不動産
・44万→39.6万価格変更（2025/3/7）",3350021
倉庫,R00176-023496,,,,空,アーカイブ(成約),無,1038307,,階,1970年12月,入間郡三芳町大字上富の貸倉庫【269坪】,,埼玉県入間郡三芳町大字上富377-1,,,3.00,1.00,,,,,891.54,269.69,3850,2025/06/19,"2024/11/22 10:50","2025/06/19 15:24",先物(仲介),,Ｊ・Ｔ・Ｓ株式会社,-,"=""042-516-8231""",,"2025/01/30　A宮本さん　申込　⇒　契約流れました
※2024/11/22　レインズ広告可物件｜（株）ファクトリンク",3540045
倉庫,R00176-023999,,,,空,アーカイブ(成約),無,550000,,階,1991年09月,さいたま市岩槻区大字掛の貸倉庫【114坪】,,埼玉県さいたま市岩槻区大字掛570-1,3410,,4.00,1.00,,,,600.00,376.99,114.03,4823,2025/06/19,"2025/03/07 09:34","2025/06/19 15:16",先物(仲介),,株式会社シーアールイー　本社,-,"=""03-5572-6604""",,,3390078
貸地,R00176-024319,,,,,アーカイブ(成約),無,390000,,階,-,さいたま市見沼区大字片柳の貸地【783坪】,,埼玉県さいたま市見沼区大字片柳45,,,3.00,1.00,,,,2590.00,,783.47,498,2025/06/19,"2025/05/15 10:30","2025/06/19 15:02",先物(仲介),,※広告NG業者※アクシス不動産／（株）アクシス２１,-,"=""048-871-8731""",,"※2025/5/15　広告NGのためマッチングのみ｜アクシス不動産
・枝番：45、46-1",3370024
貸地,R00176-024272,,,,更地,アーカイブ(成約),無,526350,,階,-,越谷市東町5丁目の貸地【435坪】,,埼玉県越谷市東町５丁目125-1,,,1.00,1.00,,,1.00,1439.00,,435.29,1210,2025/06/19,"2025/05/08 10:07","2025/06/19 14:57",先物(仲介),,（株）アーキテクト・ディベロッパー　新田駅前店,-,"=""048-935-3333""",,・地番：125-1他,3430826
倉庫,R00176-023281,,,,空,アーカイブ(成約),無,1357000,,階,2018年04月,吉川市吉川1丁目の貸倉庫【329坪】,,埼玉県吉川市吉川１丁目5-18,,,2500000,1357000,,,1.10,829.31,1089.42,329.54,4118,2025/06/19,"2024/10/10 11:03","2025/06/19 14:54",先物(仲介),,飯田観光開発株式会社,-,"=""048-982-0445""",空有,,3420055
倉庫,R00176-023966,,,,空,アーカイブ(成約),無,2100000,,階,1979年04月,大田区仲池上1丁目の貸倉庫【191坪】,,東京都大田区仲池上１丁目28-19,,,,1.00,3.00,,0.50,,631.81,191.12,10988,2025/04/14,"2025/02/27 10:57","2025/06/19 10:13",先物(仲介),,（株）ホワイトホームズ,-,"=""050-1722-2305""",,,1460081
倉庫,R00176-024214,,,,空,アーカイブ(成約),無,264000,,階,2000年01月,入間郡越生町大字如意の貸倉庫【150坪】,,埼玉県入間郡越生町大字如意727-1,,,4.00,2.00,,,1.00,,495.90,150,1760,2025/06/18,"2025/04/22 09:44","2025/06/18 16:38",先物(仲介),,■三光物産株式会社,-,"=""049-226-3535""",空有,,3500413
工場,R00176-023907,,,,空,アーカイブ(成約),無,253000,,階,1993年09月,川口市大字榛松の貸工場【37坪】,,埼玉県川口市大字榛松1907-21,,,2.00,1.00,,,,,124.12,37.54,6739,2025/05/02,"2025/02/17 11:21","2025/06/18 16:16",先物(仲介),,（株）山下五島総業,-,"=""048-284-6410""",空有,※2025/2/17　広告確認中のためマッチングのみ｜(株)山下五島総業,3340062
倉庫,R00176-024260,,,,空,アーカイブ(成約),無,220000,,階,1989年01月,川口市南鳩ヶ谷6丁目の貸倉庫【63坪】,,埼玉県川口市南鳩ヶ谷６丁目17-2,5500,,2.00,1.00,,,,180.73,211.20,63.88,3444,2025/05/01,"2025/05/01 10:08","2025/06/18 16:14",先物(仲介),,（株）阿久津工務店,-,"=""048-268-0507""",無,,3340013
貸地,R00176-024201,,,,更地,アーカイブ(成約),無,250000,,階,-,川口市榛松3丁目の貸地【181坪】,,埼玉県川口市榛松３丁目31,,,2.00,1.00,,,,600.00,,181.5,1378,2025/06/17,"2025/04/18 10:47","2025/06/17 18:08",先物(仲介),,株式会社成幸エステート,-,"=""048-928-3346""",,"・駐車場使用のみ
・資材置場/コンテナ置場/物置設置/深夜利用は不可

2025/05/26　1件申込あり",3340062
貸地,R00176-024200,,,,更地,アーカイブ(成約),無,220000,,階,-,川口市榛松3丁目の貸地【184坪】,,埼玉県川口市榛松３丁目31,,,2.00,1.00,,,,610.00,,184.52,1193,2025/06/17,"2025/04/18 10:46","2025/06/17 18:07",先物(仲介),,株式会社成幸エステート,-,"=""048-928-3346""",,"・駐車場使用のみ
・資材置場/コンテナ置場/物置設置/深夜利用は不可",3340062
貸地,R00176-023940,,,,更地,アーカイブ(成約),無,93500,,階,-,さいたま市見沼区染谷1丁目の貸地【69坪】,,埼玉県さいたま市見沼区染谷１丁目259-1,,,,1.00,4.00,,1.00,231.00,,69.87,1339,2025/06/17,"2025/02/25 09:33","2025/06/17 17:54",先物(仲介),,株式会社イコム,-,"=""048-799-3200""",,A区画,3370026
貸地,R00176-023746,,,,更地,アーカイブ(成約),無,215600,,階,-,川口市大字小谷場の貸地【130坪】,,埼玉県川口市大字小谷場1001-1,,,,1.00,4.00,,1.00,430.00,,130.07,1658,2025/06/17,"2025/01/20 09:44","2025/06/17 17:52",先物(仲介),,株式会社イコム,-,"=""048-799-3200""",,"20250528
区画整理地のため、制限が多い",3330857
倉庫,R00176-024247,,,,,アーカイブ(成約),無,476300,,1階,-,葛飾区東四つ木4丁目の貸倉庫【58坪】,,東京都葛飾区東四つ木４丁目30-12,,22000,,,1905200,,,,193.34,58.48,8144,2025/06/06,"2025/04/28 11:06","2025/06/17 17:18",先物(仲介),,アーバンシステム管理株式会社,-,"=""03-3643-8130""",無,,1240014
倉庫,R00176-024261,,,,使用中,アーカイブ(成約),無,1705000,,階,1997年03月,志木市上宗岡5丁目の貸倉庫【300坪】,,埼玉県志木市上宗岡５丁目5-16,,,4.00,1.00,,,,1996.00,993.60,300.56,5673,2025/05/01,"2025/05/01 10:26","2025/06/17 15:43",先物(仲介),,共同流通株式会社,-,"=""049-247-4311""",空有,,3530001
倉庫,R00176-024302,,,,,アーカイブ(成約),無,2035000,,階,-,川口市大字伊刈の貸倉庫【414坪】,,埼玉県川口市大字伊刈272,,,4.00,1.10,,,,2544.89,1371.06,414.74,4907,2025/06/17,"2025/05/14 09:26","2025/06/17 14:53",先物(仲介),,共同流通株式会社,-,"=""049-247-4311""",,2025.6.17確認　契約予定,3330865
倉庫,R00176-023247,,,,,アーカイブ(成約),無,9768000,,階,-,府中市武蔵台1丁目の貸倉庫【1184坪】,,東京都府中市武蔵台１丁目1-3,,,3.00,1.00,,,,,3914.05,1184,8250,2025/06/17,"2024/10/01 14:10","2025/06/17 14:22",先物(仲介),,（有）タマ・ロジスティックス,-,"=""0428-78-4736""",,"2025/1/20　竹内
・現在資料右上部が区画広がり500坪ほどで、坪単価8,500円で募集中。そこ以外は契約済。資料今作り直していて、後日レインズに掲載予定
※場所は正確ではありません（新築物件？）
※所在階不明、確認お願いします。",1830042
倉庫,R00176-023840,,,,空,アーカイブ(成約),無,5977000,,階,2024年10月,府中市武蔵台1丁目の貸倉庫【1183坪】,,東京都府中市武蔵台１丁目1-3,,,,1.00,3.00,,,1795.04,3914.04,1183.99,5049,2025/06/17,"2025/02/04 13:20","2025/06/17 14:22",先物(仲介),,（有）タマ・ロジスティックス,-,"=""0428-78-4736""",,・1階と4階部分（2区画）,1830042
倉庫,R00176-024093,,,,空,アーカイブ(成約),無,1760000,,階,-,武蔵村山市伊奈平3丁目の貸倉庫【367坪】,,東京都武蔵村山市伊奈平３丁目9-1,,,,1.00,3.00,,,,1216.05,367.85,4785,2025/06/17,"2025/03/27 10:22","2025/06/17 14:22",先物(仲介),,（有）タマ・ロジスティックス,-,"=""0428-78-4736""",空有,,2080023
倉庫,R00176-023692,,,,空,アーカイブ(成約),無,1540000,,階,1985年03月,府中市本町4丁目の貸倉庫【181坪】,,東京都府中市本町４丁目23-10,,,,1.10,4.40,,,1050.00,600.00,181.5,8485,2025/02/13,"2025/01/09 11:46","2025/06/17 14:11",先物(仲介),,株式会社守屋商会,-,"=""042-362-7825""",空有,"・場所：グーグルマップでは、本町4丁目27-5
※2025/1/9　広告確認中のためマッチングのみ｜(株)守屋商会",1830027
倉庫,R00176-024038,,,,使用中,アーカイブ(成約),無,803000,,階,1981年05月,調布市染地2丁目の貸倉庫【93坪】,,東京都調布市染地２丁目8-3,,,3.00,1.00,6.00,,1.00,,310.00,93.77,8564,2025/06/17,"2025/03/13 12:59","2025/06/17 13:57",先物(仲介),,瀬戸内住販（株）,-,"=""03-3366-1701""",,,1820023
事務所(建物一部),R00176-024006,,,,空,アーカイブ(成約),無,1100000,,1階,2008年02月,調布市小島町1丁目の貸事務所【70坪】,,東京都調布市小島町１丁目3-1,,,,1.00,6.00,,1.00,,233.11,70.51,15600,2025/06/17,"2025/03/07 12:01","2025/06/17 13:56",先物(仲介),,生和コーポレーション（株）不動産部　テナント課,-,"=""03-6811-0464""",空有,,1820026
倉庫,R00176-023867,,,,,アーカイブ(成約),無,517000,,階,1967年06月,台東区今戸2丁目の貸倉庫【89坪】,,東京都台東区今戸２丁目16-11,,,,,5.00,,,,295.24,89.31,5789,2025/06/17,"2025/02/07 13:04","2025/06/17 12:23",先物(仲介),,（株）日本不動産,-,"=""03-5827-3121""",,,1110024
倉庫,R00176-023804,,,,空,アーカイブ(成約),無,2200000,,階,1967年01月,江戸川区鹿骨1丁目の貸倉庫【257坪】,,東京都江戸川区鹿骨１丁目34-6,,,4000000,2.00,,,1.50,,850.00,257.12,8557,2025/06/16,"2025/01/28 13:02","2025/06/16 17:09",先物(仲介),,柳商事（株）,-,"=""03-3675-1120""",空有,,1330073
倉庫,R00176-024067,,,,空,アーカイブ(成約),無,2996800,,階,1970年08月,江東区東雲2丁目の貸倉庫【194坪】,,東京都江東区東雲２丁目11-6,,,4.00,2.00,,,1.00,,642.36,194.31,15423,2025/06/16,"2025/03/21 11:04","2025/06/16 17:04",先物(仲介),,合同会社彩虹舎,-,"=""03-6810-8728""",空有,,1350062
倉庫,R00176-024197,,,,使用中,アーカイブ(成約),無,540000,,階,2023年04月,越谷市大字増森の貸倉庫【108坪】,,埼玉県越谷市大字増森203-4,15000,,,1.00,3.00,,1.00,,359.16,108.64,4971,2025/06/16,"2025/04/18 10:10","2025/06/16 16:31",先物(仲介),,（株）関根スマイル,-,"=""048-984-7410""",空有,"・区画②

2025/05/13　Ａ宮本さん、申込",3430012
倉庫,R00176-024318,,,,空,アーカイブ(成約),無,330000,,階,1990年02月,川越市大字中福の貸倉庫【100坪】,,埼玉県川越市大字中福54-4,,,3.00,2.00,,,,661.13,331.24,100.2,3294,2025/05/15,"2025/05/15 10:23","2025/06/16 14:38",先物(仲介),,■三光物産株式会社,-,"=""049-226-3535""",,,3501156
工場,R00176-024413,,,,空,アーカイブ(成約),無,572000,,階,-,調布市多摩川1丁目の貸工場【110坪】,,東京都調布市多摩川１丁目46-4,8000,,,1.00,6.00,,,287.00,365.50,110.56,5174,2025/06/09,"2025/06/03 10:37","2025/06/16 14:28",先物(仲介),,センチュリー２１　タイト・アーガス,-,"=""03-3373-7580""",,,1820025
倉庫,R00176-024400,,,,空,アーカイブ(成約),無,550000,,階,1970年11月,立川市錦町5丁目の貸倉庫【232坪】,,東京都立川市錦町５丁目14,,,5.00,1.00,,,,,769.86,232.88,2362,2025/06/16,"2025/05/29 11:37","2025/06/16 11:30",先物(仲介),,（株）なかやま不動産,-,"=""042-525-2510""",,"2025.6.16　1番手あり。2番手可。

・場所：グーグルマップでは、錦町5丁目13（高田商事倉庫）",1900022
倉庫,R00176-024276,,,,使用中,アーカイブ(成約),無,1604443,,階,1972年08月,相模原市緑区橋本台2丁目の貸倉庫【324坪】,,神奈川県相模原市緑区橋本台２丁目10-15,,,3.00,1.00,,,0.50,1624.70,1071.50,324.12,4951,2025/05/21,"2025/05/08 10:59","2025/06/16 11:01",先物(仲介),,株式会社ライズ,-,"=""042-741-5820""",空有,2025.6.16　,2520132
倉庫,R00176-024249,,,,空,アーカイブ(成約),無,550000,,階,1988年12月,相模原市緑区田名の貸倉庫【135坪】,,神奈川県相模原市緑区田名2581-19,,,3.00,1.00,,,,,447.31,135.31,4065,2025/05/15,"2025/04/30 09:40","2025/06/16 10:52",先物(仲介),,株式会社ライズ,-,"=""042-741-5820""",,,2520124
貸地,R00176-024262,,,,更地,アーカイブ(成約),無,472000,,階,-,横須賀市長坂4丁目の貸地【295坪】,,神奈川県横須賀市長坂４丁目1178-1,,,,1.00,3.00,,1.00,975.48,,295.08,1600,2025/06/16,"2025/05/07 09:38","2025/06/16 09:43",先物(仲介),,ファースト住販（有）,-,"=""046-838-0551""",,・場所：グーグルマップでは、長坂4丁目21-1178-4（佐藤カッター企業組合）の西側,2400101
倉庫,R00176-024343,,,,空,アーカイブ(成約),無,378620,,階,1973年11月,越谷市谷中町3丁目の貸倉庫【67坪】,,埼玉県越谷市谷中町３丁目46-2,,,3.00,1.00,,,1.10,829.03,224.25,67.83,5582,2025/06/13,"2025/05/20 10:29","2025/06/13 17:55",先物(仲介),,株式会社セイコービル管理,-,"=""048-924-5969""",空有,※2025/5/20　広告確認中のためマッチングのみ｜(株)セイコービル管理,3430856
倉庫,R00176-023284,,,,使用中,アーカイブ(成約),無,220000,,階,1984年08月,比企郡川島町大字伊草の貸倉庫【54坪】,,埼玉県比企郡川島町大字伊草289-1,,,4.00,2.00,,,1.00,,179.98,54.44,4041,2025/05/02,"2024/10/10 11:42","2025/06/13 17:50",先物(仲介),,■三光物産株式会社,-,"=""049-226-3535""",,■1-C,3500158
倉庫,R00176-024256,,,,空,アーカイブ(成約),無,407000,,階,1967年01月,川口市末広3丁目の貸倉庫【66坪】,,埼玉県川口市末広３丁目15-15,,,2.00,1.00,,,1.00,,220.55,66.71,6101,2025/06/13,"2025/04/30 11:34","2025/06/13 17:06",先物(仲介),,有限会社ヤハタ物産,-,"=""048-223-4980""",,2025/05/12　申し込みが入っていてほぼ決まる見込みとのことでした,3320006
店舗事務所(建物一括),R00176-023852,,,,空,アーカイブ(成約),無,330000,,階,2002年10月,さいたま市岩槻区本丸3丁目の貸店舗・事務所【65坪】,,埼玉県さいたま市岩槻区本丸３丁目24-43,,,3.00,2.00,,1.00,1.00,147.43,217.90,65.91,5007,2025/06/13,"2025/02/06 11:30","2025/06/13 17:01",先物(仲介),,ときわビル株式会社　岩槻支店,-,"=""048-749-0500""",,,3390058
倉庫,R00176-024304,,,,空,アーカイブ(成約),無,396000,,1階,1979年03月,草加市両新田西町の貸倉庫【61坪】,,埼玉県草加市両新田西町401-7,,,2.00,2.00,,,,412.80,204.84,61.96,6391,2025/06/13,"2025/05/14 10:11","2025/06/13 16:28",先物(仲介),,（有）ティーケーホーム　,-,"=""048-927-6616""",空有,・1階部分,3400027
貸地,R00176-023634,,,,更地,アーカイブ(成約),無,746000,,階,-,三郷市駒形の貸地【649坪】,,埼玉県三郷市駒形379-1,,,,1.00,4.00,,1.50,2145.84,,649.11,1150,2025/04/22,"2024/12/18 10:53","2025/06/13 15:52",先物(仲介),,貸地バンク（株）,-,"=""047-471-0034""",,"【所在地】埼玉県三郷市駒形379-1,380-1,381-1
",3410008
貸地,R00176-023229,,,,更地,保留,無,909000,,階,-,三郷市駒形の貸地【649坪】,,埼玉県三郷市駒形,,,,1.00,4.00,,1.00,2145.84,,649.11,1401,2024/09/30,"2024/09/30 11:23","2025/06/13 15:52",先物(仲介),,貸地バンク（株）,-,"=""047-471-0034""",,"グーグルマップ：三郷市駒形381
",3410008
貸地,R00176-023187,,,,更地,アーカイブ(成約),無,492700,,階,-,市川市堀之内1丁目の貸地【378坪】,,千葉県市川市堀之内１丁目,,,,1.00,4.00,,1.00,1252.00,,378.73,1301,2024/11/11,"2024/09/20 11:36","2025/06/13 15:52",先物(仲介),,貸地バンク（株）,-,"=""047-471-0034""",,・Googleマップ：堀之内1丁目9-17（アンデルセン幼稚園）の南側,2720837
店舗事務所(建物一部),R00176-023991,,,,空,アーカイブ(成約),無,720000,,1階,1959年01月,足立区千住中居町の貸店舗・事務所【36坪】,,東京都足立区千住中居町28-2,,,,1.00,4.00,,1.50,,119.17,36.04,19973,2025/06/12,"2025/03/04 14:26","2025/06/12 14:11",先物(仲介),,株式会社ダイヤ不動産コンサルティング,-,"=""03-5856-2358""",無,"・1階一部
※2025/3/4　広告NGのためマッチングのみ｜(株)ダイヤ不動産コンサルティング",1200035
倉庫,R00176-024293,,,,空,アーカイブ(成約),無,330000,,階,1974年11月,吉川市中井2丁目の貸倉庫【170坪】,,埼玉県吉川市中井２丁目3-1-2,,,2.00,1.00,,,1.00,,563.00,170.3,1938,2025/05/12,"2025/05/12 10:54","2025/06/12 14:03",先物(仲介),,飯田観光開発株式会社,-,"=""048-982-0445""",空有,,3420015
倉庫,R00176-023358,,,,空,アーカイブ(成約),無,400000,,階,1974年05月,世田谷区下馬4丁目の貸倉庫【37坪】,,東京都世田谷区下馬４丁目14-15,,,,1.00,3.00,,1.00,,125.58,37.98,10530,2025/06/10,"2024/10/24 11:44","2025/06/10 13:51",先物(仲介),,（株）タープ不動産,-,"=""03-5844-6300""",空有,"・地下1-1階部分
・2025/5/30　2025/7末まで現テナント使われるため、内見8月以降",1540002
店舗(建物一括),R00176-023791,,,,空,アーカイブ(成約),無,440000,,階,2020年02月,武蔵村山市神明2丁目の貸店舗【30坪】,,東京都武蔵村山市神明２丁目14-5,4400,,,1.00,2.00,,1.00,699.53,99.37,30.05,14638,2025/06/10,"2025/01/27 11:57","2025/06/10 12:18",先物(仲介),,ミウラ倉庫株式会社　不動産事業部,-,"=""042-564-1451""",空有,,2080002
倉庫,R00176-024121,,,,使用中,アーカイブ(成約),無,1925000,,階,1994年06月,墨田区横川4丁目の貸倉庫【247坪】,,東京都墨田区横川４丁目10-11,,,3.00,1.00,,,1.00,,817.72,247.36,7783,2025/06/10,"2025/04/03 10:49","2025/06/10 11:51",先物(仲介),,（株）北澤土地,-,"=""03-3626-0333""",,※2025/4/3　広告確認中のためマッチングのみ｜(株)北澤?地,1300003
倉庫,R00176-023521,,,,空,アーカイブ(成約),無,3034000,,階,1981年01月,調布市佐須町1丁目の貸倉庫【357坪】,,東京都調布市佐須町１丁目39-2,,,,2.00,6.00,,1.00,1420.00,1182.00,357.55,8486,2025/06/10,"2024/11/27 10:30","2025/06/10 11:48",先物(仲介),,株式会社調布みつぎ不動産研究所,-,"=""042-481-1211""",空有,"・枝番：39-2外
※2024/11/27　マイソク自社HPのみ掲載可物件｜(株)調布みつぎ不動産研究所　　　　　　　　　　　　　　　　　　※2025/4/18　１件、申込あり
",1820016
店舗事務所(建物一部),R00176-024039,,,,空,アーカイブ(成約),無,550000,,1階,1977年04月,千代田区東神田1丁目の貸店舗・事務所【31坪】,,東京都千代田区東神田１丁目11-6,,,,,4.00,,1.00,,102.76,31.08,17694,2025/06/10,"2025/03/13 13:15","2025/06/10 11:45",先物(仲介),,株式会社プリンスランド,丸山：080-9463-3999,"=""03-5957-5982""",無,,1010031
店舗事務所(建物一括),R00176-023580,,,,空,アーカイブ(成約),無,715000,,階,1997年01月,足立区中央本町1丁目の貸店舗・事務所【31坪】,,東京都足立区中央本町１丁目20-1,,,6.00,2.00,,,1.00,,104.96,31.75,22520,2025/06/10,"2024/12/05 11:15","2025/06/10 11:44",先物(仲介),,株式会社ニチワ,-,"=""03-6431-9600""",空有,,1200011
倉庫,R00176-024130,,,,居住中,アーカイブ(成約),無,462000,,階,2005年01月,葛飾区東四つ木1丁目の貸倉庫【39坪】,,東京都葛飾区東四つ木１丁目9-13,,,3.00,1.00,,,1.00,,132.00,39.93,11571,2025/06/10,"2025/04/04 11:05","2025/06/10 11:41",先物(仲介),,株式会社　創生社,-,"=""03-3695-8541""",空有,"・右側
2025/05/20　物確→申込有（保証会社の審査通っているそうです）
　　　　　　　今のテナントが6月末まで契約があるため、引き渡し時期については調整が必要とのことでした
",1240014
店舗事務所(建物一部),R00176-024087,,,,空,アーカイブ(成約),無,495000,,1階,1990年08月,府中市住吉町4丁目の貸店舗・事務所【39坪】,,東京都府中市住吉町４丁目9-24,,,6.00,2.00,,,1.00,,128.93,39,12692,2025/06/10,"2025/03/25 11:16","2025/06/10 11:37",先物(仲介),,有限会社　中河原ホーム,-,"=""042-334-7200""",無,,1830034
倉庫,R00176-024257,,,,空,アーカイブ(成約),無,316000,,階,1986年12月,八潮市大字南川崎の貸倉庫【60坪】,,埼玉県八潮市大字南川崎335-1,,,4.00,1.00,,,,312.55,198.57,60.06,5261,2025/05/01,"2025/05/01 09:27","2025/06/10 09:35",先物(仲介),,浦和中央倉庫株式会社,-,"=""048-863-3811""",空有,,3400814
倉庫,R00176-024191,,,,空,アーカイブ(成約),無,440000,,階,1990年02月,印西市竹袋の貸倉庫【114坪】,,千葉県印西市竹袋1749-5,,,2.00,1.00,,,,1732.00,379.20,114.7,3836,2025/05/26,"2025/04/17 10:39","2025/06/09 14:11",先物(仲介),,（有）雪和商事不動産部,-,"=""04-7146-1133""",空有,"2025.4.24　内見受付GW明け5/12～
概要書に記載がある3F事務所トイレ使用禁止→故障しているが、別にトイレ有。",2701325
店舗事務所(建物一部),R00176-023901,,,,空,アーカイブ(成約),無,1000000,,階,1995年03月,町田市旭町1丁目の貸店舗・事務所【98坪】,,東京都町田市旭町１丁目1-16,,,,,10.00,,1.00,,325.77,98.54,10148,2025/06/09,"2025/02/14 11:59","2025/06/09 13:14",先物(仲介),,株式会社アトラスト,-,"=""042-785-4842""",空有,"・地下1-2階部分
※2025/2/14　広告確認中のためマッチングのみ｜(株)アトラスト",1940023
店舗事務所(建物一部),R00176-023788,,,,空,アーカイブ(成約),無,3630000,,階,1991年12月,江戸川区東葛西6丁目の貸店舗・事務所【225坪】,,東京都江戸川区東葛西６丁目1-6,110000,,3.00,2.00,,1.00,1.00,,744.56,225.22,16117,2025/06/09,"2025/01/27 11:13","2025/06/09 13:04",先物(仲介),,（株）宇田川物産グループ　不動産部,-,"=""03-3687-7734""",空有,"・地下1-1階部分
※2025/1/27　広告確認中のためマッチングのみ｜(株)宇?川物産グループ",1340084
工場,R00176-023210,,,,空,アーカイブ(成約),無,450000,,1階,1978年10月,板橋区小茂根2丁目の貸工場【46坪】,,東京都板橋区小茂根２丁目29-11,,,,1.00,3.00,,1.00,,154.28,46.66,9643,2025/06/09,"2024/09/26 13:06","2025/06/09 13:03",先物(仲介),,（株）イスム,-,"=""03-6915-8816""",,※2025/3/25　広告確認中のためマッチングのみ｜(株)イスム,1730037
店舗事務所(建物一括),R00176-023939,,,,居住中,アーカイブ(成約),無,689370,,階,1985年09月,足立区千住河原町の貸店舗・事務所【62坪】,,東京都足立区千住河原町25-10,,,3.00,1.00,,,1.00,,207.20,62.67,10999,2025/06/09,"2025/02/21 10:34","2025/06/09 12:39",先物(仲介),,株式会社タウンハウジング,-,"=""03-5687-1915""",,,1200037
倉庫,R00176-024027,,,,使用中,アーカイブ(成約),無,605000,,階,1972年01月,加須市琴寄の貸倉庫【204坪】,,埼玉県加須市琴寄770,,,,1.00,3.00,,1.00,,675.00,204.18,2963,2025/06/09,"2025/03/12 11:02","2025/06/09 09:44",先物(仲介),,（株）タープ不動産,高居,"=""03-5844-6300""",空有,,3491133
倉庫,R00176-024282,,,,使用中,アーカイブ(成約),無,272800,,階,1985年01月,加須市飯積の貸倉庫【123坪】,,埼玉県加須市飯積1858-1,,,3.00,1.00,,,1.00,,408.00,123.42,2211,2025/05/09,"2025/05/09 09:57","2025/06/06 15:38",先物(仲介),,（株）ファクトリンク,-,"=""045-717-8842""",,※2025/5/9　広告確認中のためマッチングのみ｜(株)ファクトリンク,3491211
倉庫,R00176-024345,,,,空,アーカイブ(成約),無,550000,,1階,1967年01月,世田谷区野沢3丁目の貸倉庫【45坪】,,東京都世田谷区野沢３丁目23-4,,,,1.00,3.00,,1.00,215.41,149.88,45.33,12131,2025/06/06,"2025/05/20 10:58","2025/06/06 09:25",先物(仲介),,（株）タープ不動産,-,"=""03-5844-6300""",空有,・1階部分,1540003
店舗事務所(建物一部),R00176-024049,,,,空,アーカイブ(成約),無,374000,,1階,1988年03月,大田区蒲田1丁目の貸店舗・事務所【37坪】,,東京都大田区蒲田１丁目3-8,,,,1.00,6.00,,1.00,,124.59,37.68,9924,2025/03/25,"2025/03/17 11:03","2025/06/06 09:20",先物(仲介),,（有）立神双葉開発,-,"=""03-3764-1319""",無,2025/03/25　物確→2番手まで申し込みが入っているそうです。,1440052
貸地,R00176-024023,,,,更地,アーカイブ(成約),無,385200,,階,-,吉川市大字三輪野江の貸地【321坪】,,埼玉県吉川市大字三輪野江,,,2.00,2.00,,,,1062.00,,321.25,1200,2025/05/23,"2025/03/12 09:57","2025/06/05 17:23",先物(仲介),,（株）石田興産　埼玉支店,-,"=""048-948-6866""",,"2025.3.14　コンテナ・プレハブは相談。リサイクル業?
インフラ：上水道隣から引込み可能。下水道無し、浄化槽。電気引き込めるはず。

・場所：グーグルマップでは、三輪野江2243-1（CAR WASH ZERO 三輪野江店）の北東側あたり",3420027
店舗(建物一部),R00176-024115,,,,使用中,アーカイブ(成約),無,760000,,1階,1998年11月,墨田区両国3丁目の貸店舗【38坪】,,東京都墨田区両国３丁目20-3,,,12.00,,,1.00,1.00,,128.09,38.74,19615,2025/06/05,"2025/04/01 13:19","2025/06/05 16:45",先物(仲介),,RB不動産株式会社,-,"=""03-3518-8341""",無,※マッチングのみ,1300026
貸地,R00176-023990,,,,更地,アーカイブ(成約),無,600000,,階,-,町田市小野路町の貸地【446坪】,,東京都町田市小野路町386-1,,,,,6.00,,,1474.56,,446.05,1346,2025/06/05,"2025/03/04 13:59","2025/06/05 12:57",先物(仲介),,（株）コニー,-,"=""042-371-0101""",,"・場所：グーグルマップでは、小野路町289（谷戸向坂集会所）の道路挟んで北側あたり

・100㎡以上で分割可能
・塗料や液体等土壌汚染につながる可能性があるものはNG

2025/6/5確認：全体446.05坪が一括で60万円だったが、一括では紹介不可。
現状空きはC/D/E区画となる",1950064
工場,R00176-024312,,,,空,アーカイブ(成約),無,550000,,階,1979年10月,横浜市都筑区佐江戸町の貸工場【80坪】,,神奈川県横浜市都筑区佐江戸町403,,,2.00,1.00,,1.00,1.00,,267.70,80.97,6792,2025/05/19,"2025/05/14 11:56","2025/06/05 11:16",先物(仲介),,神奈川中央住宅（株）,-,"=""045-941-1000""",空有,・E区画,2240054
工場,R00176-024381,,,,空,アーカイブ(成約),無,550000,,2階,1970年01月,横須賀市内川1丁目の貸工場【81坪】,,神奈川県横須賀市内川１丁目4-12,,5500,,1.00,3.00,,1.00,,270.00,81.67,6735,2025/05/27,"2025/05/27 11:08","2025/06/05 11:11",先物(仲介),,ナガシマ不動産（株）,-,"=""046-876-5093""",近有,・2階部分,2390836
貸地,R00176-024228,,,,更地,アーカイブ(成約),無,660000,,階,-,横浜市港北区新羽町の貸地【270坪】,,神奈川県横浜市港北区新羽町2634,,,,2.00,3.00,,1.00,894.67,,270.63,2439,2025/05/01,"2025/04/24 09:34","2025/06/05 11:00",先物(仲介),,（有）三光不動産　,-,"=""045-543-6291""",,,2230057
店舗事務所(建物一括),R00176-024290,,,,空,アーカイブ(成約),無,1100000,,階,1998年09月,横浜市都筑区大熊町の貸店舗・事務所【149坪】,,神奈川県横浜市都筑区大熊町1051,,,,3.00,6.00,,1.00,,495.12,149.77,7345,2025/05/26,"2025/05/12 09:52","2025/06/05 10:59",先物(仲介),,アンゼン（株）,-,"=""03-5544-9623""",無,※2025/5/12　広告確認中のためマッチングのみ｜アンゼン（株）,2240042
倉庫,R00176-023669,,,,空,アーカイブ(成約),無,850000,,階,1966年08月,江戸川区東葛西1丁目の貸倉庫【159坪】,,東京都江戸川区東葛西１丁目,,,3.00,1.00,,,1.00,,527.53,159.57,5327,2025/06/04,"2024/12/26 11:04","2025/06/04 14:15",先物(仲介),,柳商事（株）,-,"=""03-3675-1120""",,"・場所：グーグルマップでは、東葛西1丁目30-3（守隨本店 東京支店）
※2024/12/26　at-home転載可物件｜柳商事（株）",1340084
倉庫,R00176-023745,,,,空,アーカイブ(成約),無,1760000,,階,1988年11月,横浜市都筑区富士見が丘の貸倉庫【185坪】,,神奈川県横浜市都筑区富士見が丘14-8,,,,2.00,3.00,,1.00,675.00,613.30,185.52,9487,2025/06/03,"2025/01/17 10:20","2025/06/03 12:09",先物(仲介),,株式会社コジョソコ,-,"=""045-530-9890""",,,2240051
倉庫,R00176-024409,,,,空,保留,無,880000,,階,1990年10月,相模原市中央区青葉1丁目の貸倉庫【147坪】,,神奈川県相模原市中央区青葉１丁目,,,3.00,1.00,,,,428.00,487.05,147.33,5973,2025/06/03,"2025/06/03 09:54","2025/06/03 11:08",先物(仲介),,（株）天野屋倉庫,-,"=""045-501-0058""",空有,"※2025/6/3　情報不十分のため公開保留（チェックできていません）
※番地無し、地図未指定です。確認お願いします。",2520224
倉庫,R00176-024376,,,,空,アーカイブ(成約),無,250000,,階,1981年04月,川口市柳崎2丁目の貸倉庫【51坪】,,埼玉県川口市柳崎２丁目11-11,,,1.00,1.00,,,,,169.75,51.34,4869,2025/06/02,"2025/05/27 09:33","2025/06/02 16:17",先物(仲介),,サイワハウジング（株）,-,"=""048-257-0021""",,2025/06/02　物確→申込みあり。募集止め。二番手不可。,3330861
店舗(建物一括),R00176-024347,,,,空,アーカイブ(成約),無,330000,,階,2025年04月,文京区千駄木3丁目の貸店舗【17坪】,,東京都文京区千駄木３丁目25-7,,,3.00,1.00,,,1.50,,58.51,17.69,18645,2025/06/02,"2025/05/20 11:26","2025/06/02 13:05",先物(仲介),,（有）アイホーム,-,"=""03-5669-7777""",,,1130022
倉庫,R00176-023942,,,,空,アーカイブ(成約),無,390000,,階,2001年01月,上尾市大字壱丁目の貸倉庫【62坪】,,埼玉県上尾市大字壱丁目49-13,,,2.00,2.00,,,1.00,,207.76,62.84,6206,2025/06/02,"2025/02/25 10:10","2025/06/02 10:19",先物(仲介),,（有）ラビットホーム,-,"=""048-780-6780""",空有,"■2号棟　【グーグルマップ】上尾市壱丁目49-13

※2025/2/25　at-home転載可物件｜(有)ラビットホーム",3620046
倉庫,R00176-024029,,,,居住中,アーカイブ(成約),無,500000,,1階,1987年02月,江東区富岡2丁目の貸倉庫【42坪】,,東京都江東区富岡２丁目3-2,,,,1.00,6.00,,1.00,,142.00,42.95,11641,2025/04/28,"2025/03/12 11:46","2025/05/30 16:40",先物(仲介),,実光エステート（株）,-,"=""03-3515-3900""",空有,,1350047
工場,R00176-024322,,,,空,アーカイブ(成約),無,605000,,階,1984年08月,綾瀬市上土棚北3丁目の貸工場【82坪】,,神奈川県綾瀬市上土棚北３丁目29-24,,,3.00,1.00,,,,1100.00,273.60,82.76,7310,2025/05/30,"2025/05/15 11:05","2025/05/30 13:03",先物(仲介),,ダイユー建設（株）藤沢長後営業所,-,"=""0466-41-2830""",空有,2025.5.30確認　2社申し込みがあり、契約予定の為新規募集は停止,2521111
倉庫,R00176-023390,,,,空,アーカイブ(成約),無,,,階,2023年08月,大田区平和島6丁目の貸倉庫【435坪】,,東京都大田区平和島６丁目1-1,,,,,,,,,1436.59,434.56,,2025/03/27,"2024/11/01 10:45","2025/05/30 09:40",自社,一般媒介,株式会社センチュリーダイソー,小林,"=""03-6441-2258""",,"■2024/11/1　一般媒介物件｜担当：小林
　※所在階要確認　複数区画あり　面積相談",1430006
倉庫,R00176-024165,,,,,アーカイブ(成約),無,381700,,階,-,江東区東砂6丁目の貸倉庫【51坪】,,東京都江東区東砂６丁目11-10,,,,,1526800,,,132.71,168.93,51.1,7470,2025/05/29,"2025/04/14 10:40","2025/05/29 17:01",先物(仲介),,アーバンシステム管理株式会社,-,"=""03-3643-8130""",空有,"・臭いの出る業種や食品はNG
　★元付：アーバンシステム管理／ご担当：アライ様　TEL 090-6938-6258",1360074
倉庫,R00176-024248,,,,空,アーカイブ(成約),無,244750,,階,2025年04月,羽生市南6丁目の貸倉庫【34坪】,,埼玉県羽生市南６丁目8-5,,,,,,,1.00,332.70,113.90,34.45,7104,2025/05/29,"2025/04/28 11:07","2025/05/29 14:57",先物(仲介),,合同会社ｆｕｒｕｉｅ,-,"=""03-6874-0009""",空有,,3480053
貸地,R00176-023275,,,,更地,アーカイブ(成約),無,300000,,階,-,三郷市半田の貸地【336坪】,,埼玉県三郷市半田63-1,,,2.00,2.00,,,,1111.00,,336.07,893,2025/05/29,"2024/10/09 15:36","2025/05/29 14:48",先物(仲介),,（株）ハウストゥエンティーワン,-,"=""048-958-6611""",,【所在地】三郷市半田63-1，62,3410012
倉庫,R00176-023543,,,,使用中,アーカイブ(成約),無,660000,,階,1991年12月,所沢市東所沢4丁目の貸倉庫【129坪】,,埼玉県所沢市東所沢４丁目19-1,,,1980000,1.00,,,,446.26,429.74,129.99,5078,2025/05/29,"2024/11/29 10:52","2025/05/29 14:34",先物(仲介),,株式会社トラスト,-,"=""03-5832-9959""",空有,※2024/11/29　レインズ広告可物件｜(株)トラスト,3590021
倉庫,R00176-023239,,,,空,アーカイブ(成約),無,2044240,,4階,1998年03月,厚木市金田の貸倉庫【403坪】,,神奈川県厚木市金田,134310,,3.00,1.00,,,1.10,,1333.20,403.29,5069,2025/02/25,"2024/10/01 11:56","2025/05/29 10:36",先物(仲介),,株式会社ビナプラン,-,"=""046-265-0080""",,"・4階部分
2024/05/30　物件確認時に元付業者より「広告掲載はHPも含めて絶対NGなのでご紹介だけでお願いします。」との話ありのため出稿NG登録へ
・Googleマップ枝番：1016-2",2430807
店舗事務所(建物一部),R00176-023377,,,,空,アーカイブ(成約),無,360000,,1階,1984年04月,綾瀬市寺尾中4丁目の貸店舗・事務所【39坪】,,神奈川県綾瀬市寺尾中４丁目9-38,16500,,3.00,1.00,,,1.00,,130.01,39.32,9154,2025/02/28,"2024/10/29 11:20","2025/05/29 10:35",先物(仲介),,株式会社ビナプラン,-,"=""046-265-0080""",空有,※2024/10/29　広告確認中のためマッチングのみ｜(株)ビナプラン,2521132
工場,R00176-023317,,,,空,アーカイブ(成約),無,550000,,階,1982年08月,横浜市金沢区福浦1丁目の貸工場【100坪】,,神奈川県横浜市金沢区福浦１丁目3-29,,,,1.00,6.00,,1.00,279.69,332.29,100.51,5472,2025/02/25,"2024/10/17 11:52","2025/05/29 10:24",先物(仲介),,（株）横濱エステート,-,"=""045-341-4650""",空有,"・Googleマップ：福浦1丁目3-24
※2024/10/17　広告確認中のためマッチングのみ｜(株)横濱エステート",2360004
倉庫,R00176-023442,,,,空,アーカイブ(成約),無,1397600,,階,1983年04月,横須賀市浦郷町５丁目の貸倉庫【264坪】,,神奈川県横須賀市浦郷町５丁目2931-45,,,6.00,1.00,,,,,875.00,264.68,5281,2025/03/03,"2024/11/13 09:57","2025/05/29 10:23",先物(仲介),,株式会社ライズ,-,"=""042-741-5820""",,,2370062
倉庫,R00176-023757,,,,空,アーカイブ(成約),無,399740,,2階,1998年03月,厚木市金田の貸倉庫【78坪】,,神奈川県厚木市金田,,,3.00,1.00,,,1.10,,260.70,78.86,5069,2025/01/21,"2025/01/21 10:22","2025/05/29 10:20",先物(仲介),,株式会社ビナプラン,-,"=""046-265-0080""",空有,"・2階部分（一区画）
2024/05/30　物件確認時に元付業者より「広告掲載はHPも含めて絶対NGなのでご紹介だけでお願いします。」との話ありのため出稿NG登録へ
・Googleマップ枝番：1016-2",2430807
倉庫,R00176-023706,,,,使用中,アーカイブ(成約),無,1650000,,階,1993年03月,座間市ひばりが丘5丁目の貸倉庫【265坪】,,神奈川県座間市ひばりが丘５丁目2-8,,,1.00,1.00,,,110000,1243.40,877.50,265.44,6217,2025/03/06,"2025/01/14 10:46","2025/05/29 10:19",先物(仲介),,株式会社ライズ,-,"=""042-741-5820""",,,2520003
倉庫,R00176-023082,,,,空,アーカイブ(成約),無,959310,,1階,2000年07月,川崎市高津区下野毛1丁目の貸倉庫【102坪】,,神奈川県川崎市高津区下野毛１丁目12-5,,,4.00,1.00,,,0.50,507.73,339.70,102.75,9336,2025/02/05,"2024/08/30 11:05","2025/05/29 10:17",先物(仲介),,有限会社ディネイケダ不動産事業部,-,"=""044-812-1312""",,"※広告NG／マッチングのみ｜(有)ディネイケダ
・1階部分（A・B）
",2130006
倉庫,R00176-023620,,,,空,アーカイブ(成約),無,700000,,階,1992年06月,小田原市飯田岡の貸倉庫【178坪】,,神奈川県小田原市飯田岡339-1,,,2800000,700000,,,1.00,,590.00,178.47,3923,2025/02/10,"2024/12/17 10:01","2025/05/29 10:13",先物(仲介),,（株）ユーミーネット　本社,-,"=""0466-90-5732""",,"※2025.1．31 現状2番手まで申込み入っている。",2500854
倉庫,R00176-023714,,,,空,アーカイブ(成約),無,373000,,階,1989年11月,川崎市中原区上小田中2丁目の貸倉庫【50坪】,,神奈川県川崎市中原区上小田中２丁目24-30,,,,1.00,500000,,1.00,95.86,165.74,50.13,7440,2025/02/27,"2025/01/15 10:33","2025/05/29 10:10",先物(仲介),,有限会社中野不動産社,-,"=""044-777-5541""",無,※2025/1/15　広告確認中のためマッチングのみ｜(有)中野不動産社,2110053
店舗(建物一部),R00176-023974,,,,空,アーカイブ(成約),無,2173600,,1階,1989年04月,横浜市都筑区茅ヶ崎南5丁目の貸店舗【171坪】,,神奈川県横浜市都筑区茅ケ崎南５丁目1-40,187000,,4.00,1.00,,,1.00,,567.26,171.59,12667,2025/03/03,"2025/03/03 11:26","2025/05/29 10:02",先物(仲介),,（有）中川不動産,-,"=""045-913-7892""",空有,※2025/3/3　広告確認中のためマッチングのみ｜(有)中川不動産,2240037
倉庫,R00176-023829,,,,居住中,アーカイブ(成約),無,495000,,階,1995年08月,相模原市南区東林間1丁目の貸倉庫【76坪】,,神奈川県相模原市南区東林間１丁目17-16,,,,1.00,5.00,,1.00,219.00,254.00,76.83,6443,2025/04/21,"2025/02/04 10:32","2025/05/29 10:00",先物(仲介),,（株）マルシャン,-,"=""042-728-7033""",空有,,2520311
店舗(建物一部),R00176-023986,,,,空,アーカイブ(成約),無,799425,,1階,1992年12月,藤沢市辻堂新町1丁目の貸店舗【42坪】,,神奈川県藤沢市辻堂新町１丁目1-13,,33000,,1.00,6.00,,1.00,,141.33,42.75,18699,2025/04/07,"2025/03/04 11:57","2025/05/29 09:59",先物(仲介),,,-,"=""0120-936-781""",,※2025/3/4　レインズ広告可物件｜（株）ＵＳＥＮ　Ｐｒｏｐｅｒｔｉｅｓ,2510042
店舗事務所(建物一括),R00176-023111,,,,空,アーカイブ(成約),無,734800,,階,1984年11月,川崎市高津区久末の貸店舗・事務所【166坪】,,神奈川県川崎市高津区久末121-1,,,,1.00,3.00,,1.00,375.74,549.63,166.26,4420,2025/03/19,"2024/09/05 10:31","2025/05/29 09:58",先物(仲介),,（株）俵屋,-,"=""042-737-0228""",空有,"※2025/3/14　レインズ広告可物件｜(株)俵屋
・売買あり：B00176-001441",2130026
工場,R00176-023983,,,,居住中,アーカイブ(成約),無,385000,,階,1994年05月,相模原市緑区大島の貸工場【68坪】,,神奈川県相模原市緑区大島1642,,,,1.00,3.00,,1.00,734.60,226.33,68.46,5624,2025/03/04,"2025/03/04 11:33","2025/05/29 09:51",先物(仲介),,（株）シーエム・グランシィール,-,"=""042-774-6996""",空有,※2025/3/4　広告確認中のためマッチングのみ｜(株)シーエム・グランシィール,2520135
店舗(建物一部),R00176-024141,,,,空,アーカイブ(成約),無,500500,,1階,1990年11月,川崎市宮前区西野川1丁目の貸店舗【42坪】,,神奈川県川崎市宮前区西野川１丁目32-19,,,,1.00,6.00,,1.00,,139.45,42.18,11865,2025/04/28,"2025/04/08 10:39","2025/05/29 09:48",先物(仲介),,武蔵小杉駅前不動産（株）溝の口店,-,"=""044-281-3342""",空有,・事務所OK,2160044
店舗事務所(建物一部),R00176-024071,,,,使用中,アーカイブ(成約),無,330000,,1階,2008年03月,横浜市泉区和泉中央南5丁目の貸店舗・事務所【31坪】,,神奈川県横浜市泉区和泉中央南５丁目1-18,20000,,,1.00,4.00,,1.00,,103.78,31.39,10512,2025/03/21,"2025/03/21 13:05","2025/05/29 09:46",先物(仲介),,（有）エスジーエー　おうち屋さん,-,"=""045-800-3280""",空有,"・B区画
※2025/3/21　広告確認中のためマッチングのみ｜(有)エスユージー",2450023
貸地,R00176-023748,,,,更地,アーカイブ(成約),無,600000,,階,-,四街道市物井の貸地【870坪】,,千葉県四街道市物井1832,,,2.00,1.00,,,,2878.00,,870.59,690,2025/05/28,"2025/01/20 10:25","2025/05/28 16:43",先物(仲介),,（株）三九不動産,-,"=""043-423-3939""",,,2840012
貸地,R00176-023927,,,,更地,アーカイブ(成約),無,600000,,階,-,千葉市花見川区大日町の貸地【870坪】,,千葉県千葉市花見川区大日町1474,,,1.00,1.00,,,1.00,2878.00,,870.59,690,2025/05/27,"2025/02/20 10:20","2025/05/27 16:58",先物(仲介),,有限会社大日総業,-,"=""043-259-6284""",,,2620004
倉庫,R00176-023231,,,,,アーカイブ(成約),無,978450,,階,1986年04月,入間郡三芳町大字北永井の貸倉庫【197坪】,,埼玉県入間郡三芳町大字北永井524-1,,,3.00,1.00,,,,,653.41,197.65,4951,2025/05/27,"2024/10/01 10:16","2025/05/27 16:43",先物(仲介),,株式会社ソランドハウス,-,"=""049-258-3535""",,,3540044
倉庫,R00176-023591,,,,,アーカイブ(成約),無,22440000,,階,2019年09月,さいたま市岩槻区大字岩槻の貸倉庫【4376坪】,,埼玉県さいたま市岩槻区大字岩槻5268,,,5.00,,,,,21245.14,18114.81,5479.73,4096,2025/05/27,"2024/12/10 09:36","2025/05/27 16:34",先物(仲介),,摂津地所（株）,-,"=""072-870-2020""",空有,,3390061
倉庫,R00176-023936,,,,空,アーカイブ(成約),無,660000,,階,1991年03月,春日部市樋堀の貸倉庫【141坪】,,埼玉県春日部市樋堀211-1,,,3.00,1.00,,,,526.11,468.39,141.68,4659,2025/05/27,"2025/02/21 09:56","2025/05/27 16:31",先物(仲介),,（有）システム恒産,髙橋,"=""048-958-1113""",空有,"・問い合わせはメール→enterprise730980@aol.com
※2025/2/21　広告確認中のためマッチングのみ｜(有)システム恒産",3440005
倉庫,R00176-023565,,,,空,アーカイブ(成約),無,220000,,階,1993年12月,比企郡川島町大字表の貸倉庫【53坪】,,埼玉県比企郡川島町大字表462-2,,,4.00,2.00,,,1.00,,177.10,53.57,4107,2025/05/27,"2024/12/03 11:10","2025/05/27 16:30",先物(仲介),,サンホーム建設株式会社,-,"=""048-285-4124""",空有,"※2024/12/3　レインズ広告可物件｜サンホーム建設（株）

2025/04/25　物確→申込有。このまま進む見込み",3500133
倉庫,R00176-023969,,,,空,アーカイブ(成約),無,15789000,,階,2024年12月,日高市大字高萩の貸倉庫【3562坪】,,埼玉県日高市大字高萩,,,6.00,,,,,,11775.52,3562.09,4433,2025/05/27,"2025/02/28 10:18","2025/05/27 16:20",先物(仲介),,株式会社日本エステートリサーチ,-,"=""03-5402-7590""",,"■C区画
【グーグルマップ住所】埼玉県日高市下高萩新田2番地
　※番地不明、おおよその場所で入力しています
　※おそらくESR日高ディストリビューションセンター
　　https://maps.app.goo.gl/v7XMF1aEZNftJSUd8",3501213
倉庫,R00176-023333,,,,空,アーカイブ(成約),無,660000,,階,1976年01月,相模原市中央区中央6丁目の貸倉庫【155坪】,,神奈川県相模原市中央区中央６丁目12-6,,,3.00,1.00,,,1.00,,514.82,155.73,4239,2025/04/15,"2024/10/21 09:50","2025/05/27 15:02",先物(仲介),,（株）立和コーポレーション　神奈川店,-,"=""042-759-5801""",,20241223　申込あるとのこと,2520239
店舗事務所(建物一部),R00176-023932,,,,使用中,アーカイブ(成約),無,1810050,,階,1989年12月,横浜市南区井土ケ谷下町の貸店舗・事務所【355坪】,,神奈川県横浜市南区井土ケ谷下町216,,,6.00,1.00,,,1.00,,1176.00,355.74,5089,2025/03/27,"2025/02/20 11:33","2025/05/27 14:58",先物(仲介),,（株）セントラル不動産,-,"=""045-430-1414""",空有,・地下駐車場＋1階部分,2320053
倉庫,R00176-023594,,,,空,アーカイブ(成約),無,396000,,階,1976年10月,横浜市港北区箕輪町2丁目の貸倉庫【60坪】,,神奈川県横浜市港北区箕輪町２丁目12-34,,,3.00,1.00,,1.00,1.00,148.76,200.19,60.55,6540,2025/02/04,"2024/12/10 10:47","2025/05/27 14:55",先物(仲介),,（有）三光不動産　,-,"=""045-543-6291""",,,2230051
貸地,R00176-023375,,,,更地,アーカイブ(成約),無,940000,,階,-,伊勢原市西富岡の貸地【939坪】,,神奈川県伊勢原市西富岡872-1,,,,2.00,3.00,,,3107.00,,939.86,1001,2025/04/16,"2024/10/29 10:59","2025/05/27 14:52",先物(仲介),,（株）湘南総合開発,-,"=""046-242-7171""",,※2024/10/29　広告確認中のためマッチングのみ｜(株)湘南総合開発,2591111
倉庫,R00176-023144,,,,空,アーカイブ(成約),無,1490900,,階,1985年07月,横浜市都筑区川和町の貸倉庫【150坪】,,神奈川県横浜市都筑区川和町839-4,30800,,4.00,1.00,,,,454.53,497.85,150.59,9900,2025/03/03,"2024/09/12 10:39","2025/05/27 14:34",先物(仲介),,株式会社シーアールイ―,-,"=""03-5572-6604""",,,2240057
倉庫,R00176-024090,,,,使用中,アーカイブ(成約),無,1251558,,階,1999年06月,厚木市金田の貸倉庫【252坪】,,神奈川県厚木市金田89-1,14960,,4.00,1.00,,,,856.29,835.84,252.84,4950,2025/04/09,"2025/03/27 09:36","2025/05/27 14:33",先物(仲介),,株式会社シーアールイ―,-,"=""03-5572-6604""",空有,,2430807
倉庫,R00176-023137,,,,使用中,アーカイブ(成約),無,485100,,階,1978年01月,横浜市旭区南本宿町の貸倉庫【69坪】,,神奈川県横浜市旭区南本宿町171-11,,,3.00,1.00,,1.00,1.00,,228.29,69.05,7025,2025/02/27,"2024/09/10 12:09","2025/05/27 14:28",先物(仲介),,（株）コタニ興業,-,"=""045-593-3721""",空有,・場所：グーグルマップでは、南本宿町171-3,2410833
工場,R00176-023848,,,,空,アーカイブ(成約),無,1601160,,階,2025年03月,横浜市都筑区川向町の貸工場【121坪】,,神奈川県横浜市都筑区川向町853-1,,,6.00,1.00,,,1.00,446.07,401.07,121.32,13198,2025/03/31,"2025/02/06 10:42","2025/05/27 14:27",先物(仲介),,（株）コタニ興業,-,"=""045-593-3721""",空有,"2025.2.10　建築中だが既に申込みが複数入っている。最終決定ではない為、案内可。これから内装と外装で建物は建っており、見ることはできる。

シャッター高さ4M、幅5M",2240044
倉庫,R00176-023604,,,,使用中,アーカイブ(成約),無,352000,,階,2004年11月,横浜市港北区新吉田町の貸倉庫【40坪】,,神奈川県横浜市港北区新吉田町4042,3300,,3.00,1.00,,1.00,1.00,,132.23,39.99,8801,2025/04/02,"2024/12/12 09:31","2025/05/27 14:27",先物(仲介),,（株）コタニ興業,-,"=""045-593-3721""",空有,,2230056
倉庫,R00176-023573,,,,空,アーカイブ(成約),無,338800,,階,1982年05月,相模原市緑区相原5丁目の貸倉庫【67坪】,,神奈川県相模原市緑区相原５丁目4-30,,,4.00,1.00,,,0.55,,224.00,67.76,5001,2025/04/07,"2024/12/05 09:48","2025/05/27 14:02",先物(仲介),,株式会社アクティオ,-,"=""042-775-7801""",空有,・101,2520141
工場,R00176-023880,,,,居住中,アーカイブ(成約),無,770000,,階,2004年01月,相模原市中央区上溝の貸工場【116坪】,,神奈川県相模原市中央区上溝3962,,,,1.00,3.00,,1.00,773.45,384.75,116.38,6616,2025/03/24,"2025/02/12 10:18","2025/05/27 13:41",先物(仲介),,エスアイホーム株式会社,-,"=""042-707-0700""",空有,2025.3.24　引渡し時期概要書には2025年5月と記載あるが、後ろに倒れそう(不確定)なのでお急ぎの方は遠慮くださいとのこと。,2520243
倉庫,R00176-023534,,,,空,アーカイブ(成約),無,960795,,階,1985年11月,栃木県河内郡上三川町大字上蒲生の貸倉庫【350坪】,,栃木県河内郡上三川町大字上蒲生2116,,,1.00,1.00,,,1.00,4300.00,1155.00,349.38,2750,2025/05/26,"2024/11/28 10:23","2025/05/26 18:10",先物(仲介),,（株）小野寺商事,-,"=""090-9018-6197""",空有,"■2024/11/28　掲載依頼物件｜担当：星さん
■2025/02/04　賃料変更　1050000→坪2,500円（税抜）",3290617
倉庫,R00176-024016,,,,空,アーカイブ(成約),無,220000,,階,1990年02月,児玉郡美里町大字北十条の貸倉庫【82坪】,,埼玉県児玉郡美里町大字北十条270-1,,,3.00,1.00,,,1.00,1158.00,273.68,82.78,2658,2025/05/26,"2025/03/11 10:09","2025/05/26 17:57",先物(仲介),,中庸興産（株）,-,"=""03-5848-4622""",空有,2025.5.26確認：売買で6月上旬契約予定。（売買優先）,3670107
貸地,R00176-024084,,,,更地,アーカイブ(成約),無,550000,,階,-,千葉市稲毛区長沼原町の貸地【818坪】,,千葉県千葉市稲毛区長沼原町143-1,,,5.00,1.00,,,1.00,2705.14,,818.3,673,2025/05/26,"2025/03/25 10:35","2025/05/26 17:25",先物(仲介),,株式会社栄ハウジング,-,"=""043-257-8991""",,・枝番：143-1、他,2630001
貸地,R00176-023884,,,,更地,アーカイブ(成約),無,300000,,階,-,白井市十余一の貸地【339坪】,,千葉県白井市十余一48-64,,,,,,,,1122.00,,339.4,884,2025/05/26,"2025/02/12 11:24","2025/05/26 17:23",先物(仲介),,（有）リードソリューション,-,"=""047-312-8887""",,※2025/2/12　広告確認中のためマッチングのみ｜(有)ソードソリューション,2701411
貸地,R00176-023076,,,,更地,アーカイブ(成約),無,450000,,階,-,白井市十余一の貸地【599坪】,,千葉県白井市十余一48-64,,,1.00,1.00,,,,1983.00,,599.85,751,2025/05/26,"2024/08/29 10:31","2025/05/26 17:22",先物(仲介),,（有）リードソリューション,-,"=""047-312-8887""",,※2024/8/29　広告確認中のためマッチングのみ｜(有)リードソリューション,2701411
貸地,R00176-023953,,,,更地,アーカイブ(成約),無,300000,,階,-,佐倉市下志津原の貸地【411坪】,,千葉県佐倉市下志津原109,,,2.00,1.00,,,1.00,1361.00,,411.7,729,2025/05/26,"2025/02/26 10:46","2025/05/26 17:21",先物(仲介),,（株）くらたや,-,"=""043-461-0111""",,"・井戸水の蛇口敷地内あり。電柱あり電気100V。
・A区画
・住所：下志津原109、108-3
※2025/2/26　レインズ広告可物件｜(株)くらたや",2850842
貸地,R00176-023482,,,,更地,アーカイブ(成約),無,500000,,階,-,野田市西三ケ尾の貸地【1522坪】,,千葉県野田市西三ケ尾463,,,1.00,1.00,3.00,,,5034.00,,1522.78,329,2025/05/26,"2024/11/19 11:20","2025/05/26 17:18",先物(仲介),,（株）ひだまりハウス,-,"=""04-7199-8918""",,・場所：グーグルマップでは、西三ケ尾454-5（秀明進学院）の東側空き地辺り,2780015
倉庫,R00176-024210,,,,使用中,アーカイブ(成約),無,770000,,階,1989年01月,相模原市緑区橋本1丁目の貸倉庫【150坪】,,神奈川県相模原市緑区橋本１丁目15-13,,,,1.00,3.00,,1.00,495.86,496.80,150.28,5124,2025/04/21,"2025/04/21 09:40","2025/05/26 17:17",先物(仲介),,（株）原良平商店橋本店,-,"=""042-771-0127""",空有,,2520143
貸地,R00176-023764,,,,更地,アーカイブ(成約),無,300000,,階,-,横浜市磯子区峰町の貸地【138坪】,,神奈川県横浜市磯子区峰町500-1,,,2.00,1.00,,,,457.00,,138.24,2171,2025/04/16,"2025/01/21 11:55","2025/05/26 17:16",先物(仲介),,マキタ住宅情報館,-,"=""045-831-2192""",,,2350044
倉庫,R00176-024082,,,,空,アーカイブ(成約),無,330000,,階,2025年03月,横浜市戸塚区汲沢町の貸倉庫【24坪】,,神奈川県横浜市戸塚区汲沢町304,,3850,1.00,1.00,,,,,82.00,24.8,13304,2025/04/21,"2025/03/25 09:54","2025/05/26 17:13",先物(仲介),,（株）ファクトリンク,-,"=""045-717-8842""",空有,,2450062
倉庫,R00176-024125,,,,居住中,アーカイブ(成約),無,352000,,階,1993年08月,相模原市南区当麻の貸倉庫【61坪】,,神奈川県相模原市南区当麻881-6,9900,,4.00,1.00,,,,346.11,202.47,61.24,5748,2025/04/09,"2025/04/04 09:39","2025/05/26 16:47",先物(仲介),,株式会社シーアールイー　本社,-,"=""03-5572-6604""",空有,,2520336
貸地,R00176-023793,,,,更地,アーカイブ(成約),無,200000,,階,-,春日部市赤沼の貸地【317坪】,,埼玉県春日部市赤沼893-1,20000,,3.00,1.00,,,,1048.00,,317.02,631,2025/05/26,"2025/01/28 09:50","2025/05/26 16:43",先物(仲介),,※広告NG業者※アクシス不動産／（株）アクシス２１,-,"=""048-871-8731""",,"・住所：赤沼893-1、893-3
※2025/1/28　広告NGのためマッチングのみ｜アクシス不動産",3440015
貸地,R00176-023425,,,,更地,アーカイブ(成約),無,1000000,,階,-,四街道市大日の貸地【1037坪】,,千葉県四街道市大日754,,,2.00,1.00,,,1.00,3430.32,,1037.67,964,2025/05/26,"2024/11/08 10:49","2025/05/26 16:25",先物(仲介),,合同会社群?,-,"=""043-372-1901""",,"※大日749の(有)ワイド様の北東側

※2025/2/25　近隣に同等の条件の物件（土地）お持ちとのこと",2840001
貸地,R00176-023008,,,,更地,アーカイブ(成約),無,550000,,階,-,白岡市上野田の貸地【960坪】,,埼玉県白岡市上野田789-1,,,3.00,1.00,,,1.00,3174.78,,960.37,573,2025/05/26,"2024/08/19 13:59","2025/05/26 16:18",先物(仲介),,（有）柿沼不動産　,-,"=""0480-93-0018""",,"【所在地】白岡市上野田789-1,791-2
",3490221
倉庫,R00176-023994,,,,空,アーカイブ(成約),無,495000,,階,1983年04月,千葉市若葉区加曽利町の貸倉庫【91坪】,,千葉県千葉市若葉区加曽利町689-3,,,3.00,,,,,,301.70,91.26,5424,2025/05/26,"2025/03/06 09:42","2025/05/26 15:56",先物(仲介),,,-,"=""0120-203-507""",空有,・枝番：689-3、4,2640017
工場,R00176-024164,,,,空,アーカイブ(成約),無,1045000,,階,1991年11月,白井市河原子の貸工場【228坪】,,千葉県白井市河原子324-12,,,3.00,2.00,,,,991.00,756.00,228.69,4570,2025/05/26,"2025/04/14 10:25","2025/05/26 15:45",先物(仲介),,(株)中川不動産,-,"=""047-443-7211""",,※2025/4/14　広告確認中のためマッチングのみ｜(株)中川不動産,2701403
倉庫,R00176-023813,,,,空,アーカイブ(成約),無,495000,,階,1962年11月,松戸市小山の貸倉庫【49坪】,,千葉県松戸市小山26,,,,2.00,4.00,,1.00,,162.30,49.09,10083,2025/05/26,"2025/01/30 09:42","2025/05/26 15:40",先物(仲介),,（株）塚田工務店,-,"=""047-363-0544""",近有,,2710093
店舗(建物一部),R00176-023677,,,,空,アーカイブ(成約),無,561000,,1階,1987年08月,横浜市青葉区松風台の貸店舗【61坪】,,神奈川県横浜市青葉区松風台17-8,,,2040000,,,,1.00,,204.54,61.87,9067,2025/02/27,"2025/01/07 10:44","2025/05/26 15:33",先物(仲介),,（株）市萬,物件確認専用ダイヤル,"=""050-3159-7483""",,※2025/1/7　マイソク広告可物件｜(株)市萬,2270067
倉庫,R00176-023821,,,,空,アーカイブ(成約),無,380000,,階,-,野田市目吹の貸倉庫【73坪】,,千葉県野田市目吹1327-1,22000,,3.00,1.00,,,,,242.50,73.35,5181,2025/05/26,"2025/02/03 11:14","2025/05/26 15:07",先物(仲介),,（株）ライブコア,-,"=""0120-053-455""",空有,,2780001
店舗事務所(建物一部),R00176-023690,,,,空,アーカイブ(成約),無,715000,,1階,1996年08月,大和市下鶴間2丁目の貸店舗・事務所【76坪】,,神奈川県大和市下鶴間２丁目9-28,,,6.00,1.00,,,1.00,,251.82,76.17,9387,2025/04/10,"2025/01/09 10:43","2025/05/26 15:01",先物(仲介),,（株）オキムス,物確：050-3187-9897,"=""045-533-5670""",空有,"※物確：050-3187-9897
※2025/1/9　レインズ広告可物件｜(株)オキムス",2420001
倉庫,R00176-023749,,,,使用中,アーカイブ(成約),無,726363,,階,1995年09月,船橋市本郷町の貸倉庫【120坪】,,千葉県船橋市本郷町519-1,,,4.00,1.00,,,,393.32,396.89,120.05,6051,2025/05/26,"2025/01/20 10:43","2025/05/26 14:53",先物(仲介),,株式会社シーアールイー　本社,-,"=""03-5572-6604""",,,2730033
事務所(建物一部),R00176-023500,,,,空,アーカイブ(成約),無,495000,,1階,2018年10月,習志野市谷津6丁目の貸事務所【45坪】,,千葉県習志野市谷津６丁目16-18,,,4.00,495000,,,1.00,,149.14,45.11,10972,2025/05/26,"2024/11/25 10:19","2025/05/26 14:49",先物(仲介),,三井ホームエステート（株）千葉支店,-,"=""047-425-7631""",空有,"※2024/11/25　広告確認中のためマッチングのみ｜三井ホームエステート
※2025/4/3 賃料396,000",2750026
貸地,R00176-023944,,,,更地,アーカイブ(成約),無,330000,,階,-,厚木市愛甲3丁目の貸地【271坪】,,神奈川県厚木市愛甲３丁目2494,,,,2.00,3.00,,0.50,895.87,,271,1218,2025/04/16,"2025/02/25 10:42","2025/05/26 14:47",先物(仲介),,株式会社加瀬テナントサービス,-,"=""045-534-8232""",,"・場所：グーグルマップでは愛甲3丁目9-22（トータル道路株式会社 機械置場）の東側
・地番：2494、他",2430035
倉庫,R00176-023283,,,,使用中,アーカイブ(成約),無,1164900,,階,1991年03月,船橋市潮見町の貸倉庫【249坪】,,千葉県船橋市潮見町19-8,,82500,,1.00,3.00,,1.00,,826.44,249.99,4660,2025/05/26,"2024/10/10 11:33","2025/05/26 14:44",先物(仲介),,（株）タープ不動産,津吉,"=""03-5844-6300""",空有,・1、4階部分（一部）,2730016
倉庫,R00176-023968,,,,空,アーカイブ(成約),無,3729000,,階,1977年11月,横浜市金沢区幸浦１丁目の貸倉庫【470坪】,,神奈川県横浜市金沢区幸浦１丁目2-5,,,,1.00,3.00,,,,1554.00,470.08,7933,2025/04/30,"2025/02/28 10:06","2025/05/26 14:42",先物(仲介),,株式会社加瀬テナントサービス,-,"=""045-534-8232""",,2025.3.19　軒下7M　最大天井高11M,2360003
倉庫,R00176-024138,,,,空,アーカイブ(成約),無,594000,,階,1992年08月,海老名市今里2丁目の貸倉庫【74坪】,,神奈川県海老名市今里２丁目14-15,,,,1.00,3.00,,,476.79,247.38,74.83,7938,2025/04/30,"2025/04/08 09:54","2025/05/26 14:41",先物(仲介),,株式会社加瀬テナントサービス,-,"=""045-534-8232""",,,2430423
貸地,R00176-024229,,,,更地,アーカイブ(成約),無,1650000,,階,-,横浜市鶴見区駒岡1丁目の貸地【441坪】,,神奈川県横浜市鶴見区駒岡１丁目24,,,,2.00,3.00,,0.50,1460.00,,441.65,3736,2025/04/24,"2025/04/24 09:53","2025/05/26 14:41",先物(仲介),,株式会社加瀬テナントサービス,-,"=""045-534-8232""",,・住所：駒岡1丁目183、他,2300071
工場,R00176-023629,,,,使用中,アーカイブ(成約),無,1291500,,階,1986年01月,綾瀬市吉岡東2丁目の貸工場【260坪】,,神奈川県綾瀬市吉岡東２丁目3-3,,,4.00,1.00,,,1.00,971.00,862.61,260.93,4950,2025/04/03,"2024/12/18 09:38","2025/05/26 14:27",先物(仲介),,株式会社アノンズ,-,"=""046-264-8711""",,※2025/4/3　広告確認中のためマッチングのみ｜(株)アノンズ,2521125
貸地,R00176-024170,,,,更地,アーカイブ(成約),無,355000,,階,-,横浜市港北区新吉田町の貸地【179坪】,,神奈川県横浜市港北区新吉田町517-2,,,,1.00,3.00,,1.10,595.00,,179.98,1973,2025/04/15,"2025/04/15 10:14","2025/05/26 14:18",先物(仲介),,アーキテクト　大洋不動産（株）,-,"=""045-943-6020""",,※2025/4/14　広告確認中のためマッチングのみ｜アーキテクト?洋不動産（株）,2230056
店舗事務所(建物一括),R00176-023433,,,,空,アーカイブ(成約),無,1210000,,階,1992年05月,足柄上郡開成町吉田島の貸店舗・事務所【168坪】,,神奈川県足柄上郡開成町吉田島578,,,,1.00,6.00,,,,556.57,168.36,7187,2025/02/28,"2024/11/12 10:04","2025/05/26 14:11",先物(仲介),,株式会社相州不動産,-,"=""0465-23-6211""",,※2024/11/12　広告確認中のためマッチングのみ｜(株)相州不動産,2580021
店舗(建物一括),R00176-024032,,,,使用中,アーカイブ(成約),無,605000,,階,2012年02月,柏市光ケ丘2丁目の貸店舗【54坪】,,千葉県柏市光ケ丘２丁目23-15,,,6.00,2.00,,,1.00,661.00,178.83,54.09,11184,2025/05/26,"2025/03/13 10:32","2025/05/26 13:59",先物(仲介),,TRINITY,-,"=""047-401-5042""",空有,,2770065
店舗(建物一括),R00176-023637,,,,空,アーカイブ(成約),無,770000,,階,1981年05月,市川市南行徳2丁目の貸店舗【40坪】,,千葉県市川市南行徳２丁目18-23,,,6.00,,,,1.55,280.34,133.34,40.33,19090,2025/05/26,"2024/12/20 09:45","2025/05/26 13:39",先物(仲介),,ＲＥＮＯＮ（株）,-,"=""047-383-9531""",空有,※2024/12/20　at-home転載可物件｜RENON（株）,2720138
店舗事務所(建物一部),R00176-024034,,,,,アーカイブ(成約),無,390500,,1階,2002年01月,千葉市花見川区幕張本郷5丁目の貸店舗・事務所【28坪】,,千葉県千葉市花見川区幕張本郷５丁目20-10,44000,,,1.00,3.00,,1.00,,94.93,28.71,13599,2025/05/26,"2025/03/13 11:00","2025/05/26 13:28",先物(仲介),,（株）コネクト,-,"=""03-5801-9988""",空有,,2620033
倉庫,R00176-023996,,,,空,アーカイブ(成約),無,300000,,階,1987年03月,柏市松ケ崎の貸倉庫【25坪】,,千葉県柏市松ケ崎617-1,,,3.00,1.00,,,1.00,,84.95,25.69,11675,2025/05/26,"2025/03/06 10:05","2025/05/26 13:20",先物(仲介),,ゼクス株式会社,-,"=""047-468-8685""",空有,・売買あり：B00176-001445,2770835
倉庫,R00176-023217,,,,,アーカイブ(成約),無,1999800,,階,1991年01月,船橋市潮見町の貸倉庫【400坪】,,千葉県船橋市潮見町19-8,,132000,,1.00,1.00,,,,1322.31,399.99,5000,2025/05/26,"2024/09/27 11:17","2025/05/26 13:15",先物(仲介),,イーソーコ株式会社,-,"=""03-5439-9401""",空有,・1、2、4階部分（一部）,2730016
倉庫,R00176-024056,,,,空,アーカイブ(成約),無,423500,,階,1995年03月,藤沢市宮原の貸倉庫【69坪】,,神奈川県藤沢市宮原1442,,33000,,2.00,5.00,,1.00,,231.00,69.87,6061,2025/05/26,"2025/03/18 10:49","2025/05/26 09:19",先物(仲介),,株式会社コスモジェーオーピー,-,"=""0466-45-5501""",空有,,2520826
貸地,R00176-023619,,,,更地,アーカイブ(成約),無,586300,,階,-,草加市柿木町の貸地【561坪】,,埼玉県草加市柿木町251-1,,,1.00,,,,1.00,1855.00,,561.13,1045,2025/05/23,"2024/12/17 09:50","2025/05/23 17:09",先物(仲介),,松井産業株式会社　三郷中央駅前店,ゆはら：090-3804-8686,"=""048-953-7771""",,・柿木第5貸地,3400001
倉庫,R00176-023806,,,,使用中,アーカイブ(成約),無,440000,,階,2007年01月,狭山市大字東三ツ木の貸倉庫【70坪】,,埼玉県狭山市大字東三ツ木455-1,5830,,3.00,1.00,,,,,231.86,70.13,6274,2025/05/23,"2025/01/29 09:46","2025/05/23 16:56",先物(仲介),,株式会社コジョソコ,-,"=""045-530-9890""",空有,,3501302
工場,R00176-024168,,,,空,アーカイブ(成約),無,220000,,階,1980年03月,川口市大字榛松の貸工場【31坪】,,埼玉県川口市大字榛松1661-1,,,2.00,1.00,,,,,103.00,31.15,7061,2025/05/23,"2025/04/15 09:36","2025/05/23 16:17",先物(仲介),,（株）山下五島総業,-,"=""048-284-6410""",,"※広告転載不可
・場所：グーグルマップでは、榛松1659",3340062
工場,R00176-024044,,,,居住中,アーカイブ(成約),無,1760000,,階,1977年01月,比企郡滑川町大字都の貸工場【329坪】,,埼玉県比企郡滑川町大字都25-12,,,3.00,1.00,,,,2883.00,1090.00,329.72,5338,2025/05/23,"2025/03/17 09:56","2025/05/23 16:16",先物(仲介),,（株）ファクトリンク,-,"=""045-717-8842""",空有,,3550812
貸地,R00176-024180,,,,古家付,アーカイブ(成約),無,200000,,階,-,越谷市大字船渡の貸地【91坪】,,埼玉県越谷市大字船渡1735,,,2.00,,,,,301.20,,91.11,2196,2025/05/23,"2025/04/15 11:51","2025/05/23 16:15",先物(仲介),,田園住宅サービス株式会社,-,"=""048-965-4888""",,,3430003
工場,R00176-024169,,,,空,アーカイブ(成約),無,407000,,階,1973年04月,三郷市高州3丁目の貸工場【95坪】,,埼玉県三郷市高州３丁目26-2,,,3.00,1.00,,,1.00,,317.05,95.9,4244,2025/05/23,"2025/04/15 09:57","2025/05/23 16:13",先物(仲介),,株式会社タカハシ,-,"=""048-297-3003""",無,※2025/4/14　広告確認中のためマッチングのみ｜(株)タカハシ,3410037
工場,R00176-023877,,,,使用中,アーカイブ(成約),無,495000,,階,1989年10月,入間郡三芳町大字上富の貸工場【117坪】,,埼玉県入間郡三芳町大字上富1876-2,,,4.00,1.00,,,,700.21,389.83,117.92,4198,2025/05/23,"2025/02/12 09:43","2025/05/23 16:06",先物(仲介),,共同流通株式会社,-,"=""049-247-4311""",空有,,3540045
貸地,R00176-023436,,,,その他,アーカイブ(成約),無,330000,,階,-,富士見市大字南畑新田の貸地【104坪】,,埼玉県富士見市大字南畑新田107,,,2.00,1.00,,,0.50,347.00,,104.96,3144,2025/05/23,"2024/11/12 10:42","2025/05/23 16:05",先物(仲介),,株式会社ワイズトラスト,-,"=""049-265-4203""",,【所在地】富士見市大字南畑新田字登戸107,3540003
倉庫,R00176-023449,,,,使用中,アーカイブ(成約),無,1480000,,階,2003年11月,戸田市美女木3丁目の貸倉庫【237坪】,,埼玉県戸田市美女木３丁目24-7,,,4.00,1.00,,,1.00,,784.98,237.45,6233,2025/05/23,"2024/11/13 16:52","2025/05/23 16:00",先物(仲介),,栄和,-,"=""048-421-9377""",空有,,3350031
倉庫,R00176-023978,,,,空,アーカイブ(成約),無,253000,,階,2019年04月,新座市栗原1丁目の貸倉庫【20坪】,,埼玉県新座市栗原１丁目7-3,,,3.00,1.00,,,1.00,,67.48,20.41,12395,2025/05/23,"2025/03/04 10:16","2025/05/23 15:57",先物(仲介),,（株）あすかハウジング,-,"=""042-422-7781""",空有,,3520035
倉庫,R00176-023959,,,,空,アーカイブ(成約),無,420000,,階,2004年01月,熊谷市小曽根の貸倉庫【119坪】,,埼玉県熊谷市小曽根712-1,,,,1.00,4.00,,1.00,,396.00,119.79,3507,2025/05/23,"2025/02/26 15:16","2025/05/23 15:29",先物(仲介),,株式会社イコム,-,"=""048-799-3200""",空有,,3600017
倉庫,R00176-023871,,,,空,アーカイブ(成約),無,380000,,階,1966年06月,横浜市戸塚区東俣野町の貸倉庫【34坪】,,神奈川県横浜市戸塚区東俣野町1704,,,2.00,2.00,,1.00,1.00,,114.34,34.58,10987,2025/02/10,"2025/02/10 10:35","2025/05/23 11:48",先物(仲介),,すまいる株式会社,-,"=""045-264-8150""",,・場所：グーグルマップでは、東俣野町1704-3,2450065
倉庫,R00176-023859,,,,空,アーカイブ(成約),無,605000,,階,1980年05月,横浜市戸塚区小雀町の貸倉庫【56坪】,,神奈川県横浜市戸塚区小雀町1145-3,,,,1.00,5.00,,1.00,,187.82,56.81,10649,2025/03/10,"2025/02/07 10:31","2025/05/23 11:39",先物(仲介),,オフィスかわい株式会社,-,"=""045-383-9031""",空有,,2440004
倉庫,R00176-023163,,,,空,アーカイブ(成約),無,880000,,階,1988年04月,平塚市馬入本町の貸倉庫【187坪】,,神奈川県平塚市馬入本町5,,,,1.00,6.00,,1.00,656.51,618.20,187,4706,2025/02/28,"2024/09/18 10:22","2025/05/23 10:53",先物(仲介),,(株)添田土地,-,"=""0463-23-3978""",空有,"・場所：グーグルマップでは馬入本町5-7
※202/9/18　広告確認中のためマッチングのみ｜(株)添田土地",2540024
工場,R00176-024190,,,,空,アーカイブ(成約),無,594000,,階,1985年11月,藤沢市遠藤の貸工場【100坪】,,神奈川県藤沢市遠藤2019-1,,,,1.00,2.00,,1.00,291.40,331.50,100.27,5924,2025/04/21,"2025/04/17 10:25","2025/05/23 10:40",先物(仲介),,（株）小浜土地建物六会店,-,"=""0466-90-3326""",空有,,2520816
事務所(建物一部),R00176-023563,,,,空,アーカイブ(成約),無,770000,,1階,1991年01月,鎌倉市由比ガ浜3丁目の貸事務所【57坪】,,神奈川県鎌倉市由比ガ浜３丁目11-42,,127160,,1.00,6.00,,1.10,,191.00,57.77,13327,2025/02/28,"2024/12/03 10:45","2025/05/23 10:26",先物(仲介),,（株）住宅流通センター,-,"=""0467-57-8020""",空有,,2480014
倉庫,R00176-024135,,,,空,アーカイブ(成約),無,220000,,階,2023年08月,三郷市番匠免1丁目の貸倉庫【31坪】,,埼玉県三郷市番匠免１丁目130-1,,,2.00,2.00,,,1.00,,105.30,31.85,6907,2025/05/20,"2025/04/07 10:21","2025/05/20 17:56",先物(仲介),,（株）ハウストゥエンティーワン,-,"=""048-958-6611""",空有,,3410056
工場,R00176-023832,,,,空,アーカイブ(成約),無,550000,,階,1997年01月,所沢市大字日比田の貸工場【120坪】,,埼玉県所沢市大字日比田422,,,,1.00,4.00,,1.00,,397.53,120.25,4574,2025/05/20,"2025/02/04 11:15","2025/05/20 17:51",先物(仲介),,（株）タープ不動産,-,"=""03-5844-6300""",空有,,3590015
倉庫,R00176-023836,,,,空,アーカイブ(成約),無,1062600,,階,1990年07月,加須市花崎北1丁目の貸倉庫【276坪】,,埼玉県加須市花崎北１丁目24-4,8470,,,1.00,4.00,,,1363.00,912.81,276.12,3849,2025/05/20,"2025/02/04 11:56","2025/05/20 17:50",先物(仲介),,株式会社ソランドハウス,-,"=""049-258-3535""",空有,【所在地】加須市花崎北1丁目24-4、5,3470016
倉庫,R00176-023016,,,,空,保留,無,6230400,,3階,2023年05月,加須市下樋遣川の貸倉庫【1716坪】,,埼玉県加須市下樋遣川,,377600,6.00,,,,,,5673.94,1716.36,3630,2025/05/20,"2024/08/20 11:42","2025/05/20 17:31",先物(仲介),,（株）日本エステートリサーチ,-,"=""03-5402-7590""",,※2024/8/20　物件不明のため非公開（マッチングのみ）,3470005
倉庫,R00176-024010,,,,空,アーカイブ(成約),無,4344214,,3階,2015年03月,船橋市西浦3丁目の貸倉庫【971坪】,,千葉県船橋市西浦３丁目4-2,,,4.00,2.00,,1.00,1.00,,3212.76,971.85,4471,2025/05/19,"2025/03/10 10:23","2025/05/19 13:22",先物(仲介),,弘昇（株）不動産事業部,-,"=""03-6903-1218""",,"2025.3.10　入出庫は自社対応。委託無し。

・3階一区画貸し
※2025/3/10　広告確認中のためマッチングのみ｜弘昇株式会社?不動産事業部",2730017
倉庫,R00176-024009,,,,空,アーカイブ(成約),無,1613893,,1階,2015年03月,船橋市西浦3丁目の貸倉庫【361坪】,,千葉県船橋市西浦３丁目4-2,,,4.00,2.00,,1.00,1.00,,1193.55,361.04,4471,2025/05/19,"2025/03/10 10:22","2025/05/19 13:22",先物(仲介),,弘昇（株）不動産事業部,-,"=""03-6903-1218""",,"2025.3.10　入出庫は自社対応。委託無し。

・1階一区画貸し
※2025/3/10　広告確認中のためマッチングのみ｜弘昇株式会社?不動産事業部",2730017
倉庫,R00176-024336,,,,空,保留,無,363000,,1階,1971年11月,荒川区東日暮里6丁目の貸倉庫【36坪】,,東京都荒川区東日暮里６丁目,,,,1.00,3.00,,1.50,,120.00,36.3,10000,2026/05/07,"2025/05/19 10:50","2025/05/19 12:54",先物(仲介),,（株）笠原　日暮里店,-,"=""03-5850-6701""",空有,"・1階部分
※番地不明、地図未指定です。確認お願いします。
※2025/5/19　at-homeから消えているため公開保留｜(株)笠原??暮?店",1160014
倉庫,R00176-024163,,,,使用中,アーカイブ(成約),無,600000,,階,1992年08月,草加市手代3丁目の貸倉庫【159坪】,,埼玉県草加市手代３丁目35-2,30000,,,1.00,3.00,,0.50,997.20,528.00,159.72,3757,2025/05/19,"2025/04/14 10:15","2025/05/19 09:35",先物(仲介),,（株）益田建設　,小林貴宏,"=""048-954-6956""",空有,,3400021
貸地,R00176-024150,,,,更地,アーカイブ(成約),無,473000,,階,-,三郷市栄4丁目の貸地【302坪】,,埼玉県三郷市栄４丁目107,,,3.00,1.00,,,1.00,1000.00,,302.5,1564,2025/05/16,"2025/04/09 13:57","2025/05/16 18:22",先物(仲介),,株式会社ビーズ,-,"=""048-263-2882""",,"2025/05/16　A宮本さん契約
2025/05/07　A宮本さん契約予定",3410043
倉庫,R00176-023712,,,,空,アーカイブ(成約),無,1536700,,階,1998年08月,所沢市大字南永井の貸倉庫【332坪】,,埼玉県所沢市大字南永井,,,3.00,2.00,,,,1896.89,1098.90,332.41,4623,2025/05/16,"2025/01/15 10:20","2025/05/16 17:07",先物(仲介),,Ｊ・Ｔ・Ｓ株式会社,-,"=""042-516-8231""",空有,※番地不明、地図未指定です。,3590011
貸地,R00176-024152,,,,その他,アーカイブ(成約),無,534000,,階,-,朝霞市大字下内間木の貸地【354坪】,,埼玉県朝霞市大字下内間木,,,3.00,2.00,,,,1173.00,,354.83,1505,2025/04/10,"2025/04/10 10:41","2025/05/16 17:04",先物(仲介),,"有限会社 港南住宅建設",-,"=""048-462-8530""",,"【グーグルマップ住所】朝霞市大字下内間木1391-1のはす向かい
　https://maps.app.goo.gl/z6XLQounHrbuejXn6",3510002
倉庫,R00176-023943,,,,空,アーカイブ(成約),無,330000,,階,1984年05月,入間郡三芳町大字上富の貸倉庫【62坪】,,埼玉県入間郡三芳町大字上富678-3,,,2.00,1.00,,,1.00,,207.00,62.61,5271,2025/05/16,"2025/02/25 10:31","2025/05/16 16:49",先物(仲介),,（株）エステル　,-,"=""042-497-7767""",,2025/5/16　申込みあり契約濃厚,3540045
倉庫,R00176-024216,,,,使用中,保留,無,250000,,階,1992年04月,さいたま市南区内谷6丁目の貸倉庫【47坪】,,埼玉県さいたま市南区内谷６丁目1-13,,,2.00,1.00,,,1.00,,157.99,47.79,5232,2025/05/14,"2025/04/22 10:19","2025/05/16 14:22",先物(仲介),,クレスト不動産株式会社,-,"=""048-885-0123""",空有,"2025/05/16　元付より掲載削除の連絡あり（掲載許可していない）
・2025/4/28　物確時
　1番手申込予定のため2番手以降でのご案内可
　ただし、業態的に車関連全般的にNGのため、洗車は不可
　★元付：クレスト不動産（株）／TEL 048-885-0123",3360034
工場,R00176-024327,,,,空,保留,無,880000,,階,-,本庄市児玉町吉田林の貸工場【150坪】,,埼玉県本庄市児玉町吉田林,,,2.00,1.00,6.00,,,3300.00,495.87,150,5867,2025/05/16,"2025/05/16 10:06","2025/05/16 10:53",先物(仲介),,海栄株式会社,-,"=""080-8240-3272""",空有,"・枝番：103-3
※2025/5/16　レインズ削除されているため公開保留中｜(株)和円商事
・売買あり：B00176-00146：",3670211
倉庫,R00176-024326,,,,空,保留,無,363000,,1階,1987年09月,江東区森下4丁目の貸倉庫【22坪】,,東京都江東区森下４丁目17-15,,,4.00,1.00,,,1.00,,74.31,22.47,16149,2025/05/15,"2025/05/15 12:36","2025/05/15 13:15",先物(仲介),,株式会社タウンハウジング,-,"=""03-5687-1915""",空有,※2025/5/15　アットホームから消えているため公開保留中,1350004
貸地,R00176-023826,,,,更地,アーカイブ(成約),無,480000,,階,-,八潮市大字八條の貸地【597坪】,,埼玉県八潮市大字八條4043-3,,,3.00,1.00,,,,1975.00,,597.43,804,2025/05/15,"2025/02/03 15:20","2025/05/15 12:38",先物(仲介),,（株）大八ホーム,-,"=""048-929-1000""",,※2025/2/3　広告確認中のためマッチングのみ｜(株)??ホーム,3400801
倉庫,R00176-023113,,,,空,アーカイブ(成約),無,605000,,階,2025年03月,川崎市宮前区平5丁目の貸倉庫【55坪】,,神奈川県川崎市宮前区平５丁目3-9,,,6.00,1.00,,1.00,1.00,307.33,184.80,55.9,10823,2025/05/14,"2024/09/05 11:05","2025/05/14 16:47",先物(仲介),,（株）コタニ興業,-,"=""045-593-3721""",空有,,2160022
倉庫,R00176-023428,,,,空,アーカイブ(成約),無,1357620,,階,1983年07月,川崎市幸区南加瀬５丁目の貸倉庫【145坪】,,神奈川県川崎市幸区南加瀬５丁目37-13,19800,,4.00,1.00,,,,437.50,480.00,145.2,9350,2025/02/27,"2024/11/11 10:14","2025/05/13 16:53",先物(仲介),,株式会社シーアールイ―,-,"=""03-5572-6604""",,"2025.02.28　飯田さん契約
2025.01.30　飯田さん契約予定
2025.1.20　申込み1件有、2番手受付可。物件担当イマイ様",2120055
貸地,R00176-024105,,,,更地,アーカイブ(成約),無,550000,,階,-,さいたま市南区曲本1丁目の貸地【390坪】,,埼玉県さいたま市南区曲本１丁目,,,2.00,1.00,,,,1290.00,,390.22,1410,2025/04/25,"2025/04/01 09:52","2025/05/13 16:46",先物(仲介),,（株）土屋不動産,-,"=""048-872-1166""",,"・番地：1
2025/04/25　A宮本さん契約
2025/04　A宮本さん契約予定",3360033
店舗(建物一部),R00176-024088,,,,使用中,アーカイブ(成約),無,473000,,1階,1992年01月,西東京市田無町5丁目の貸店舗【43坪】,,東京都西東京市田無町５丁目4-4,,22000,3.00,1.00,,,1.00,,143.00,43.25,10935,2025/05/13,"2025/03/25 11:23","2025/05/13 14:55",先物(仲介),,センチュリー21　アーバンステージ,-,"=""042-467-0977""",空有,2025/05/13　物確→1番手審査通り、かたいそうです。,1880011
倉庫,R00176-024212,,,,空,アーカイブ(成約),無,360000,,階,1975年01月,足立区江北7丁目の貸倉庫【70坪】,,東京都足立区江北７丁目24-8,,,2.00,1.00,,,1.00,,233.50,70.63,5097,2025/05/12,"2025/04/21 10:32","2025/05/12 14:47",先物(仲介),,富士商事計画株式会社,-,"=""03-3899-2558""",,"※・Googleマップ：江北7丁目24-15
2025/05/08　物確→大規模修繕のため募集をとめているそうです。",1230872
工場,R00176-024171,,,,空,アーカイブ(成約),無,341000,,階,1992年08月,横浜市都筑区大熊町の貸工場【50坪】,,神奈川県横浜市都筑区大熊町74,3520,,2.00,2.00,,,1.00,991.73,165.29,50,6820,2025/04/15,"2025/04/15 10:34","2025/05/12 14:46",先物(仲介),,,齋藤,"=""090-4365-3426""",空有,"・E区画
※物件確認等は担当者携帯まで（齋藤：090-4365-3426）",2240042
店舗事務所(建物一部),R00176-023963,,,,使用中,アーカイブ(成約),無,990000,,階,2011年09月,相模原市中央区相模原7丁目の貸店舗・事務所【64坪】,,神奈川県相模原市中央区相模原７丁目1-27,,,3.00,1.00,,,1.00,,214.00,64.73,15294,2025/03/24,"2025/02/27 09:58","2025/05/09 17:58",先物(仲介),,（有）広部ハウジング,-,"=""042-730-5550""",空有,,2520231
貸地,R00176-023886,,,,更地,アーカイブ(成約),無,409860,,階,-,和光市新倉7丁目の貸地【270坪】,,埼玉県和光市新倉７丁目,,,2.00,1.00,,,,892.00,,269.83,1519,2025/05/09,"2025/02/12 13:47","2025/05/09 17:17",先物(仲介),,"有限会社 港南住宅建設",-,"=""048-462-8530""",,"【グーグルマップ住所】和光市新倉7丁目2-10の向かって右隣り
※2026年8月末までの短期貸し（更新無し）",3510115
工場,R00176-024070,,,,使用中,アーカイブ(成約),無,669500,,階,1987年03月,坂戸市千代田5丁目の貸工場【100坪】,,埼玉県坂戸市千代田５丁目3-17,,,2850000,2.00,,,1.00,,333.82,100.98,6630,2025/05/09,"2025/03/21 12:00","2025/05/09 16:38",先物(仲介),,■三光物産株式会社,-,"=""049-226-3535""",空有,,3500214
倉庫,R00176-023895,,,,空,アーカイブ(成約),無,363000,,階,1989年07月,所沢市大字下富の貸倉庫【96坪】,,埼玉県所沢市大字下富1012-8,,,4.00,2.00,,,1.00,496.04,319.04,96.5,3762,2025/05/09,"2025/02/14 10:37","2025/05/09 16:36",先物(仲介),,■三光物産株式会社,-,"=""049-226-3535""",空有,,3590001
工場,R00176-023910,,,,使用中,アーカイブ(成約),無,385000,,階,1982年05月,川崎市川崎区塩浜4丁目の貸工場【35坪】,,神奈川県川崎市川崎区塩浜４丁目3-2,,,,1.65,3.00,,,,118.66,35.89,10726,2025/05/08,"2025/02/17 11:57","2025/05/08 17:18",先物(仲介),,大成有楽不動産販売(株)横浜センター賃貸デスク,-,"=""045-287-0311""",,,2100826
倉庫,R00176-023709,,,,空,アーカイブ(成約),無,1320000,,階,2025年05月,羽生市大字北袋の貸倉庫【301坪】,,埼玉県羽生市大字北袋663,,,3.00,1.00,1.00,,1.00,2931.00,995.40,301.1,4384,2025/05/02,"2025/01/14 11:20","2025/05/02 13:44",先物(仲介),,シービーアールイー株式会社,-,"=""03-5288-9830""",,"※2025/1/14　at-home転載可物件｜?橋運輸倉庫（株）

2025/03　山崎さん申し込み",3480028
店舗事務所(建物一括),R00176-023659,,,,空,アーカイブ(成約),無,440000,,階,2001年02月,柏市大青田の貸店舗・事務所【45坪】,,千葉県柏市大青田1237-4,,,,1.00,4.00,,,909.00,149.00,45.07,9763,2025/04/15,"2024/12/25 10:34","2025/05/02 13:04",先物(仲介),,株式会社イコム,-,"=""048-799-3200""",空有,"2025.2.28　コンビニor小売業しか許可が得られない。中古車販売?

・土地のみ募集→R00176-023493
・元付｜(株)イコム｜ご担当 アベ様 080-7192-4853",2770805
貸地,R00176-024107,,,,更地,アーカイブ(成約),無,243320,,階,-,さいたま市岩槻区南平野3丁目の貸地【315坪】,,埼玉県さいたま市岩槻区南平野３丁目219,,,2.00,1.00,,,,1044.00,,315.81,771,2025/05/02,"2025/04/01 10:10","2025/05/02 12:08",先物(仲介),,香賀屋興産（株）,-,"=""048-758-2401""",,"【所在地】埼玉県さいたま市岩槻区南平野3丁目219、220
",3390051
工場,R00176-024157,,,,空,アーカイブ(成約),無,880000,,階,1992年07月,横浜市都筑区川向町の貸工場【110坪】,,神奈川県横浜市都筑区川向町966-5,,,,1.00,4.00,,1.00,512.35,364.90,110.38,7973,2025/04/11,"2025/04/11 09:45","2025/05/02 10:12",先物(仲介),,神奈川ロイヤル（株）港北ニュータウンセンター北駅前ショップ,-,"=""045-913-2211""",空有,,2240044
事務所(建物一部),R00176-023398,,,,空,公開可,無,,,階,1971年10月,大田区平和島6丁目の貸事務所【26坪】,,東京都大田区平和島６丁目1-1,,,,,,,,,86.02,26.02,,2026/07/24,"2024/11/01 12:33","2025/04/28 17:01",自社,一般媒介,株式会社センチュリーダイソー,小林,"=""03-6441-2258""",,"■2024/11/1　一般媒介物件｜担当：小林
※賃貸面積拡張可能
20250428　駐車場料金　22,000～32,000円/台（場所により変動）",1430006
倉庫,R00176-023394,,,,空,アーカイブ(成約),無,,,階,2023年08月,大田区平和島6丁目の貸倉庫【2076坪】,,東京都大田区平和島６丁目1-1,,,,,,,,,6340.50,1918,,2025/03/27,"2024/11/01 11:41","2025/04/28 16:18",自社,一般媒介,株式会社センチュリーダイソー,-,"=""03-6441-2258""",,"■2024/11/1　一般媒介物件｜担当：小林
　※所在階要確認　複数区画あり　面積相談",1430006
店舗事務所(建物一部),R00176-023207,,,,空,アーカイブ(成約),無,385000,,1階,1978年01月,葛飾区亀有5丁目の貸店舗・事務所【20坪】,,東京都葛飾区亀有５丁目33-15,5500,,,1.00,5.00,,1.00,81.49,68.22,20.63,18657,2025/03/12,"2024/09/26 11:47","2025/04/28 15:51",先物(仲介),,"株式会社マイウェイ ハウジング",市川：090-8945-2050,"=""03-5650-5300""",無,※2024/9/26　広告承諾書受領済｜(株)マイウェイハウジング様,1250061
工場,R00176-024033,,,,空,アーカイブ(成約),無,330000,,階,1988年08月,日高市大字原宿の貸工場【71坪】,,埼玉県日高市大字原宿570-3,,,,1.00,4.00,,1.00,,235.66,71.28,4630,2025/04/28,"2025/03/13 10:39","2025/04/28 15:50",先物(仲介),,株式会社豊徳,-,"=""03-3964-0861""",空有,,3501205
倉庫,R00176-023977,,,,使用中,アーカイブ(成約),無,660000,,階,1986年03月,戸田市笹目南町の貸倉庫【93坪】,,埼玉県戸田市笹目南町31-17,20000,,2.00,1.00,,,1.00,,308.40,93.29,7075,2025/04/28,"2025/03/04 09:59","2025/04/28 15:49",先物(仲介),,（有）ベルク・ゲダイエン,-,"=""048-447-7820""",空有,※2025/3/4　広告確認中のためマッチングのみ｜(有)ベルク・ゲダイエン,3350035
工場,R00176-023337,,,,使用中,アーカイブ(成約),無,515922,,階,-,足立区小台2丁目の貸工場【78坪】,,東京都足立区小台２丁目38-5,,,3.00,1.00,,,,471.06,258.43,78.17,6600,2025/02/28,"2024/10/21 10:58","2025/04/28 15:38",先物(仲介),,株式会社スカーレット,-,"=""03-3237-4211""",無,,1200046
倉庫,R00176-023820,,,,居住中,アーカイブ(成約),無,275000,,階,1970年10月,越谷市大字小曽川の貸倉庫【66坪】,,埼玉県越谷市大字小曽川431,,,3.00,1.00,,,1.00,,220.00,66.55,4133,2025/04/28,"2025/02/03 10:53","2025/04/28 15:35",先物(仲介),,平野総業（有）,-,"=""048-976-3020""",空有,"※建物一部、奥側の部分
・枝番：431の一部",3430802
店舗(建物一部),R00176-023088,,,,空,アーカイブ(成約),無,550000,,1階,1989年04月,西東京市保谷町3丁目の貸店舗【36坪】,,東京都西東京市保谷町３丁目2-16,,,6.00,2.20,,,1.00,,120.85,36.55,15045,2025/03/10,"2024/08/30 12:09","2025/04/28 15:27",先物(仲介),,（有）三栄不動産,-,"=""0422-43-7773""",無,,2020015
貸地,R00176-023755,,,,更地,アーカイブ(成約),無,795300,,階,-,川口市大字赤山の貸地【635坪】,,埼玉県川口市大字赤山401-1,,,,1.00,4.00,,1.00,2101.00,,635.55,1252,2025/04/01,"2025/01/21 10:04","2025/04/28 13:02",先物(仲介),,株式会社イコム,-,"=""048-799-3200""",,・Googleマップ：https://maps.app.goo.gl/HxjBjHZt4FTGmoEp,3330825
店舗事務所(建物一括),R00176-023540,,,,空,アーカイブ(成約),無,3630000,,階,1994年04月,海老名市河原口4丁目の貸店舗・事務所【560坪】,,神奈川県海老名市河原口４丁目6-3,,,,,6.00,,1.00,1195.32,1852.54,560.39,6478,2025/04/28,"2024/11/29 09:44","2025/04/28 10:20",先物(仲介),,Ｋ＆Ｙカンパニー（株）,-,"=""03-6424-4655""",,,2430433
倉庫,R00176-023405,,,,空,アーカイブ(成約),無,275000,,階,1987年12月,春日部市永沼の貸倉庫【35坪】,,埼玉県春日部市永沼624-1,,,4.00,1.10,,,0.55,495.77,118.90,35.96,7646,2025/04/24,"2024/11/06 10:54","2025/04/24 17:02",先物(仲介),,（株）タカショウ　ピタットハウス春日部店,-,"=""048-739-7000""",空有,,3440123
倉庫,R00176-023894,,,,空,アーカイブ(成約),無,660000,,階,1987年02月,朝霞市大字溝沼の貸倉庫【112坪】,,埼玉県朝霞市大字溝沼854,,,3.00,1.00,,,,748.96,372.60,112.71,5856,2025/04/24,"2025/02/14 10:34","2025/04/24 16:59",先物(仲介),,大栄不動産（株）川越支店,-,"=""049-246-6156""",空有,,3510023
倉庫,R00176-023890,,,,空,アーカイブ(成約),無,2021630,,階,1989年02月,越谷市流通団地1丁目の貸倉庫【408坪】,,埼玉県越谷市流通団地１丁目2-12,,,,1.00,4.00,,,,1350.21,408.43,4950,2025/04/24,"2025/02/13 10:39","2025/04/24 16:57",先物(仲介),,（株）タープ不動産,-,"=""03-5844-6300""",空有,,3430824
倉庫,R00176-023906,,,,空,アーカイブ(成約),無,1100000,,階,-,入間郡三芳町大字上富の貸倉庫【287坪】,,埼玉県入間郡三芳町大字上富1765-5,,,3.00,1.00,,,,,949.00,287.07,3832,2025/04/24,"2025/02/17 11:13","2025/04/24 16:49",先物(仲介),,株式会社ソランドハウス,-,"=""049-258-3535""",空有,,3540045
倉庫,R00176-023489,,,,使用中,アーカイブ(成約),無,2475000,,階,-,さいたま市岩槻区上野3丁目の貸倉庫【569坪】,,埼玉県さいたま市岩槻区上野３丁目6-7,,,4.00,1.00,,,,3143.00,1884.00,569.91,4343,2025/04/24,"2024/11/21 11:11","2025/04/24 16:49",先物(仲介),,株式会社ソランドハウス,-,"=""049-258-3535""",空有,,3390073
貸地,R00176-022981,,,,,アーカイブ(成約),無,534000,,階,-,平塚市四之宮2丁目の貸地【297坪】,,神奈川県平塚市四之宮２丁目409-1,,,3.00,1.00,,,1.00,983.00,,297.35,1796,2025/04/24,"2024/08/06 10:35","2025/04/24 10:07",先物(仲介),,有限会社湘南住販,-,"=""0463-23-3828""",,,2540014
工場,R00176-023673,,,,空,アーカイブ(成約),無,220000,,階,1980年04月,南埼玉郡宮代町笠原2丁目の貸工場【91坪】,,埼玉県南埼玉郡宮代町笠原２丁目8-10,,,2.00,1.00,,,1.00,,302.33,91.45,2406,2025/04/22,"2025/01/06 11:53","2025/04/22 16:25",先物(仲介),,（株）埼玉土地,-,"=""0480-32-0272""",空有,※2025/1/6　広告確認中のためマッチングのみ｜(株)埼玉土地,3450822
倉庫,R00176-023851,,,,空,アーカイブ(成約),無,920920,,階,1972年10月,川口市南鳩ヶ谷2丁目の貸倉庫【177坪】,,埼玉県川口市南鳩ヶ谷２丁目,,,3.00,1.00,,,1.00,,587.40,177.68,5183,2025/04/22,"2025/02/06 11:11","2025/04/22 16:22",先物(仲介),,株式会社小原建興,-,"=""048-284-2298""",空有,【グーグルマップ住所】川口市南鳩ヶ谷2丁目13-2の隣（旭日）,3340013
倉庫,R00176-023693,,,,空,アーカイブ(成約),無,660000,,階,1979年11月,草加市小山1丁目の貸倉庫【125坪】,,埼玉県草加市小山１丁目28-8,,,4.00,1.00,,,1.00,,414.54,125.39,5264,2025/04/22,"2025/01/10 09:58","2025/04/22 16:21",先物(仲介),,（株）恒信アセットマネジメント,-,"=""03-6233-9235""",空有,,3400045
倉庫,R00176-023891,,,,居住中,アーカイブ(成約),無,3185600,,階,2008年09月,比企郡嵐山町大字吉田の貸倉庫【905坪】,,埼玉県比企郡嵐山町大字吉田564,25000,,,1.00,,,,49990.87,2992.80,905.32,3519,2025/04/22,"2025/02/14 09:21","2025/04/22 16:18",先物(仲介),,久保田倉庫（有）,-,"=""0270-23-1057""",空有,"・A棟
※2025/2/14　広告確認中のためマッチングのみ｜久保田倉庫（有）",3550202
貸地,R00176-022995,,,,更地,アーカイブ(成約),無,180000,,階,-,川越市大字上寺山の貸地【153坪】,,埼玉県川越市大字上寺山9,,,2.00,2.00,1.00,,1.00,507.00,,153.36,1174,2025/04/22,"2024/08/07 11:06","2025/04/22 16:11",先物(仲介),,株式会社ランドシステム,-,"=""049-224-0006""",,※2024/8/7　at-home転載可物件｜(株)ランドシステム,3500826
倉庫,R00176-023887,,,,使用中,アーカイブ(成約),無,1153600,,階,1993年04月,富士見市羽沢1丁目の貸倉庫【275坪】,,埼玉県富士見市羽沢１丁目1-11,,,4.00,1.00,,,,1398.08,911.27,275.65,4185,2025/04/22,"2025/02/13 09:37","2025/04/22 16:04",先物(仲介),,浦和中央倉庫株式会社,-,"=""048-863-3811""",空有,,3540033
倉庫,R00176-024218,,,,空,保留,無,440000,,階,1987年03月,横浜市港北区樽町4丁目の貸倉庫【43坪】,,神奈川県横浜市港北区樽町４丁目17-43,,,5.00,1.00,,,,,142.37,43.06,10217,2025/04/22,"2025/04/22 10:55","2025/04/22 15:22",先物(仲介),,(株)アマヤホーム,-,"=""045-542-7211""",,"・1-2階部分、一区画貸し
※2025/4/22　レインズから消えているため非公開｜(株)アマヤホーム",2220001
倉庫,R00176-024069,,,,使用中,アーカイブ(成約),無,253000,,階,2017年10月,川口市領家1丁目の貸倉庫【35坪】,,埼玉県川口市領家１丁目24-36,,,3.00,1.00,,,1.00,179.31,116.80,35.33,7161,2025/04/22,"2025/03/21 11:58","2025/04/22 14:30",先物(仲介),,（有）イーテック,-,"=""048-267-1040""",空有,,3320004
貸地,R00176-023684,,,,更地,アーカイブ(成約),無,200000,,階,-,さいたま市岩槻区大字大戸の貸地【143坪】,,埼玉県さいたま市岩槻区大字大戸147-1,,,3.00,1.00,,,,475.00,,143.68,1392,2025/04/22,"2025/01/08 10:16","2025/04/22 12:41",先物(仲介),,※広告NG業者※アクシス不動産／（株）アクシス２１,-,"=""048-871-8731""",,"・住所：大字大戸147-1、148-1
※2025/1/8　広告NGのためマッチングのみ｜アクシス不動産",3390014
倉庫,R00176-024051,,,,使用中,アーカイブ(成約),無,431200,,階,1992年03月,川口市中青木5丁目の貸倉庫【98坪】,,埼玉県川口市中青木５丁目13-3,,,4.00,1.00,,,1.00,297.00,324.00,98.01,4400,2025/04/22,"2025/03/18 09:39","2025/04/22 12:20",先物(仲介),,株式会社ビーズ,-,"=""048-263-2882""",空有,"・場所：グーグルマップでは、中青木5丁目13-14（ソレイユ三ツ矢）
・1-2階部分",3320032
貸地,R00176-024081,,,,更地,アーカイブ(成約),無,380000,,階,-,さいたま市岩槻区大字相野原の貸地【742坪】,,埼玉県さいたま市岩槻区大字相野原201,,,1.00,1.00,,,1.00,2454.12,,742.37,512,2025/04/22,"2025/03/25 09:40","2025/04/22 12:18",先物(仲介),,株式会社ビーズ,-,"=""048-263-2882""",,"【所在地】さいたま市岩槻区大字相野原201他
※2025/3/25　レインズ等情報消えているため公開保留中",3390071
貸地,R00176-023213,,,,更地,アーカイブ(成約),無,240000,,階,-,川越市大字久下戸の貸地【343坪】,,埼玉県川越市大字久下戸2328-1,,,3.00,1.00,,,1.00,1136.00,,343.64,699,2025/04/22,"2024/09/27 10:42","2025/04/22 12:03",先物(仲介),,近藤不動産株式会社,-,"=""049-262-0273""",,,3500011
工場,R00176-023704,,,,,アーカイブ(成約),無,800000,,階,-,朝霞市大字上内間木の貸工場【523坪】,,埼玉県朝霞市大字上内間木107-1,,,2.00,2.00,,,,1728.93,1732.00,523.93,1527,2025/04/22,"2025/01/14 10:17","2025/04/22 12:01",先物(仲介),,石川不動産　,-,"=""048-456-0355""",空有,"・住所：上内間木107-1、107-4、108-1
※2025/1/14　広告確認中のためマッチングのみ｜(有)石川不動産",3510001
倉庫,R00176-023924,,,,空,アーカイブ(成約),無,990000,,階,1984年10月,所沢市大字亀ケ谷の貸倉庫【155坪】,,埼玉県所沢市大字亀ケ谷279-1,,,3.00,1.00,,,0.50,1512.35,515.07,155.8,6354,2025/03/24,"2025/02/18 15:46","2025/04/22 11:52",先物(仲介),,センチュリー21　ホームコンシェルジュ,-,"=""042-208-7000""",空有,※2025/2/18　広告確認中のためマッチングのみ｜(株)ホームコンシェルジュ,3590014
貸地,R00176-023949,,,,更地,アーカイブ(成約),無,322000,,階,-,三郷市新和5丁目の貸地【358坪】,,埼玉県三郷市新和５丁目236,,,3.00,1.00,,,1.00,1185.00,,358.46,899,2025/04/21,"2025/02/26 10:04","2025/04/21 16:22",先物(仲介),,（有）三栄商事,-,"=""048-956-7754""",,2025.3.13　安全鋼板設置可。費用負担についてはオーナー様と相談。,3410034
貸地,R00176-023352,,,,更地,アーカイブ(成約),無,350000,,階,-,三郷市さつき平1丁目の貸地【334坪】,,埼玉県三郷市さつき平１丁目185-2,,,,1.00,4.00,,1.00,1105.13,,334.3,1047,2025/04/21,"2024/10/23 14:23","2025/04/21 16:22",先物(仲介),,株式会社イコム,-,"=""048-799-3200""",,【ナビ住所】三郷市さつき平1丁目5-1,3410021
貸地,R00176-023104,,,,更地,アーカイブ(成約),無,900000,,階,-,練馬区豊玉南1丁目の貸地【196坪】,,東京都練馬区豊玉南１丁目8-6,,,3.00,1.00,,,1.50,650.02,,196.63,4578,2025/03/27,"2024/09/03 12:17","2025/04/18 15:57",先物(仲介),,Ｋａｉｎａｎ　ｅｓｔａｔｅ（株）,-,"=""03-5284-7853""",,※広告厳禁のためマッチングのみ｜Kainan　estate（株）,1760014
店舗(建物一括),R00176-023726,,,,,アーカイブ(成約),無,660000,,階,2002年01月,練馬区高松6丁目の貸店舗【47坪】,,東京都練馬区高松６丁目11-14,,,3.00,1.10,,,,369.00,157.25,47.56,13875,2025/03/27,"2025/01/15 14:23","2025/04/18 15:17",先物(仲介),,（株）ＳＡ,笹原,"=""080-6721-1798""",空有,※広告不可,1790075
店舗(建物一部),R00176-023900,,,,空,アーカイブ(成約),無,385000,,1階,1970年08月,葛飾区立石3丁目の貸店舗【42坪】,,東京都葛飾区立石３丁目10-3,,,,1.00,3.00,,1.00,,139.12,42.08,9149,2025/03/06,"2025/02/14 11:44","2025/04/18 14:58",先物(仲介),,（株）秋山不動産,-,"=""03-3693-6383""",,※2025/2/14　広告確認中のためマッチングのみ｜(株)秋山不動産,1240012
貸地,R00176-023468,,,,その他,アーカイブ(成約),無,420750,,階,-,江戸川区大杉4丁目の貸地【85坪】,,東京都江戸川区大杉４丁目8-2,,,841500,,,,,281.00,,85,4950,2025/02/25,"2024/11/18 10:23","2025/04/18 14:56",先物(仲介),,アーバンシステム管理株式会社,-,"=""03-3643-8130""",,"元付：アーバンシステム管理／TEL 03-3643-8130
　　　担当：アライ様：090-6938-6258",1320022
倉庫,R00176-023759,,,,使用中,アーカイブ(成約),無,858000,,階,1991年10月,座間市ひばりが丘5丁目の貸倉庫【145坪】,,神奈川県座間市ひばりが丘５丁目18-34,,,,1.00,3.00,,,402.58,481.87,145.76,5887,2025/04/18,"2025/01/21 10:43","2025/04/18 12:04",先物(仲介),,株式会社内?屋,-,"=""046-255-8511""",空有,,2520003
工場,R00176-024094,,,,使用中,アーカイブ(成約),無,2728000,,階,1987年07月,八王子市暁町1丁目の貸工場【415坪】,,東京都八王子市暁町１丁目31-16,,55000,,1.00,6.00,,1.00,1824.11,1372.89,415.29,6569,2025/03/27,"2025/03/27 10:43","2025/04/18 11:46",先物(仲介),,博栄（株）,-,"=""042-686-0892""",空有,・場所：グーグルマップでは、暁町1丁目31-16（日本ブレイディ株式会社）,1920043
倉庫,R00176-023765,,,,空,アーカイブ(成約),無,352000,,1階,1984年02月,大田区東糀谷4丁目の貸倉庫【26坪】,,東京都大田区東糀谷４丁目4-11,,,,1.00,6.00,,1.00,,87.47,26.45,13304,2025/01/21,"2025/01/21 12:09","2025/04/18 11:36",先物(仲介),,株式会社都市企画,-,"=""03-3744-2220""",,・1階部分,1440033
事務所(建物一部),R00176-023875,,,,居住中,アーカイブ(成約),無,300000,,1階,2002年08月,葛飾区堀切3丁目の貸事務所【47坪】,,東京都葛飾区堀切３丁目2-8,,,6.00,1.00,,,1.00,,155.64,47.08,6372,2025/02/10,"2025/02/10 11:38","2025/04/18 11:34",先物(仲介),,スターツピタットハウス（株）北千住東口店,-,"=""03-6850-4050""",無,,1240006
貸地,R00176-023794,,,,更地,アーカイブ(成約),無,300000,,階,-,越谷市七左町1丁目の貸地【302坪】,,埼玉県越谷市七左町１丁目158,,,2.00,2.00,,,1.00,1000.00,,302.5,992,2025/04/17,"2025/01/28 10:02","2025/04/17 15:29",先物(仲介),,（株）西部建設,-,"=""048-988-6500""",,,3430851
貸地,R00176-023535,,,,,アーカイブ(成約),無,363000,,階,-,越谷市川柳町1丁目の貸地【299坪】,,埼玉県越谷市川柳町１丁目527,,,,1.00,3.00,,,990.00,,299.47,1213,2025/04/17,"2024/11/28 10:27","2025/04/17 15:22",先物(仲介),,株式会社レーベン,-,"=""048-441-2368""",,※2024/11/28　at-home転載可物件｜(株)レーベン,3430827
貸地,R00176-023972,,,,更地,アーカイブ(成約),無,462000,,階,-,横浜市港北区小机町の貸地【231坪】,,神奈川県横浜市港北区小机町491,,,,2.00,3.00,,0.50,766.00,,231.71,1994,2025/03/03,"2025/03/03 10:14","2025/04/16 09:13",先物(仲介),,株式会社加瀬テナントサービス,-,"=""045-534-8232""",,,2220036
倉庫,R00176-023332,,,,空,アーカイブ(成約),無,715000,,階,1968年10月,埼玉第51倉庫【133坪】,,埼玉県草加市青柳５丁目25-2,,,4.00,1.00,,,1.00,1032.00,441.48,133.54,5354,2025/04/15,"2024/10/18 11:33","2025/04/15 17:40",自社,代理,株式会社センチュリーダイソー,飯田,"=""03-6441-2258""",空有,"■2025/3/6　広告料１ヶ月にて募集開始
■2024/11/22　業者公開
■2024/11/1　公開（エンド）
■2024/10/18　非公開　埼玉第51倉庫｜担当：飯田さん
※土地賃貸面積は1032㎡の一部",3400002
倉庫,R00176-024091,,,,空,アーカイブ(成約),無,935000,,階,1988年12月,横浜市旭区上川井町の貸倉庫【164坪】,,神奈川県横浜市旭区上川井町2046-1,,,,1.00,4.00,,1.00,548.17,543.27,164.33,5690,2025/04/15,"2025/03/27 09:53","2025/04/15 16:35",先物(仲介),,（株）メイクリーン,-,"=""045-309-7315""",空有,,2410802
貸地,R00176-023744,,,,更地,アーカイブ(成約),無,350000,,階,-,三郷市栄4丁目の貸地【344坪】,,埼玉県三郷市栄４丁目197-1,,,1.00,1.00,,,,1140.00,,344.85,1015,2025/04/14,"2025/01/17 10:19","2025/04/14 17:56",先物(仲介),,吉田住建（有）,-,"=""048-952-9555""",,"2025.3.17　申込み1件あり。2番手受付けるかまだ分からない。紹介前、物件確認必須。

【所在地】埼玉県三郷市栄４丁目197-1、198",3410043
貸地,R00176-023946,,,,その他,アーカイブ(成約),無,220000,,階,-,上尾市大字小敷谷の貸地【226坪】,,埼玉県上尾市大字小敷谷980-1,,,,1.00,4.00,,1.00,749.00,,226.57,971,2025/04/14,"2025/02/25 11:30","2025/04/14 17:51",先物(仲介),,株式会社イコム,-,"=""048-799-3200""",,"2024.3.24　申込みなし
2024.3.14　申込み書面出ているが、賃料交渉入っており、1番の位置づけにはなっていないとのことで、現状受付可。
プレハブ、トイレ設置相談可。

【ナビ住所】上尾市大字小敷谷981-1",3620064
倉庫,R00176-023116,,,,空,保留,無,250000,,階,1979年02月,八潮市大字浮塚の貸倉庫【62坪】,,埼玉県八潮市大字浮塚158-3,8000,,1.00,1.00,,,1.00,,206.00,62.31,4012,2025/04/14,"2024/09/06 10:36","2025/04/14 17:08",先物(仲介),,株式会社オネスティーパートナーズ,-,"=""03-5944-8609""",空有,"※2025/4/14　公開削除されているため保留中
※2024/9/6　広告確認中のためマッチングのみ｜(株)オネスティーパートナーズ",3400835
工場,R00176-023987,,,,空,アーカイブ(成約),無,385000,,階,1968年08月,大田区大森南1丁目の貸工場【40坪】,,東京都大田区大森南１丁目9-4,,,3.00,1.50,,,,,134.52,40.69,9462,2025/03/24,"2025/03/04 13:07","2025/04/14 15:45",先物(仲介),,(株)カマタ・ライジィング・プランニング,-,"=""03-3734-3412""",,,1430013
事務所(建物一部),R00176-023865,,,,空,アーカイブ(成約),無,330000,,1階,1976年04月,大田区南六郷1丁目の貸事務所【26坪】,,東京都大田区南六郷１丁目25-4,,22000,,1.00,2.00,,1.00,,86.40,26.13,12627,2025/04/14,"2025/02/07 11:44","2025/04/14 11:28",先物(仲介),,株式会社シティ・ハウジング?テナントセンター,-,"=""03-3745-0228""",,,1440045
倉庫,R00176-023439,,,,建築中,アーカイブ(成約),無,2549201,,階,2025年04月,戸田市笹目7丁目の貸倉庫【367坪】,,埼玉県戸田市笹目７丁目8-4,,,4.00,1.00,,,,2328.33,1216.05,367.85,6930,2025/04/11,"2024/11/12 15:13","2025/04/11 17:56",先物(仲介),,株式会社シーアールイー　リーシンググループ,-,"=""03-5572-6604""",,,3350034
倉庫,R00176-023173,,,,空,アーカイブ(成約),無,308000,,階,1988年10月,北葛飾郡松伏町大字築比地の貸倉庫【91坪】,,埼玉県北葛飾郡松伏町大字築比地45-1,,,3.00,1.00,,,,507.02,301.24,91.12,3380,2025/04/11,"2024/09/19 10:13","2025/04/11 11:47",先物(仲介),,瀧田倉庫産業株式会社,-,"=""048-964-0828""",空有,※2024/9/19　at-home転載可物件｜瀧田倉庫産業（株）,3430102
倉庫,R00176-024155,,,,空,保留,無,,,階,2016年05月,印西市泉野１丁目の貸倉庫【3095坪】,,千葉県印西市泉野１丁目2,,,4.00,1.00,,,,,2284.46,691.04,,2025/04/10,"2025/04/10 16:10","2025/04/10 16:50",自社,一般媒介,株式会社センチュリーダイソー,-,"=""03-6441-2258""",,■2025.04.10　掲載依頼物件｜アッカインターナショナル様｜担当：星さん,2701360
倉庫,R00176-023472,,,,空,アーカイブ(成約),無,242000,,1階,1985年11月,さいたま市見沼区大和田町2丁目の貸倉庫【35坪】,,埼玉県さいたま市見沼区大和田町２丁目897,,,3.00,1.00,,,1.00,,115.93,35.06,6901,2025/04/08,"2024/11/18 11:29","2025/04/08 16:04",先物(仲介),,（株）アッド,-,"=""048-290-8951""",空有,,3370053
工場,R00176-023952,,,,使用中,アーカイブ(成約),無,495000,,階,1984年05月,川口市上青木西3丁目の貸倉庫【93坪】,,埼玉県川口市上青木西３丁目5-27,,,2.00,1.00,,,1.00,,230.93,69.85,7086,2025/04/08,"2025/02/26 10:34","2025/04/08 15:56",先物(仲介),,謝藤開発株式会社,-,"=""048-222-5548""",空有,,3330845
工場,R00176-023348,,,,空,アーカイブ(成約),無,1100000,,階,1991年04月,川口市大字新堀の貸工場【348坪】,,埼玉県川口市大字新堀717-1,,,3.00,1.00,,,1.00,830.00,1152.87,348.74,3155,2025/04/08,"2024/10/22 11:40","2025/04/08 15:43",先物(仲介),,（株）BOA,-,"=""03-6908-7935""",,※面積はマイソクに合わせてます→1152.87㎡（レインズ物件概要と面積相違→1158.87㎡）,3340061
倉庫,R00176-023870,,,,空,アーカイブ(成約),無,200000,,階,1970年07月,久喜市久喜中央1丁目の貸倉庫【36坪】,,埼玉県久喜市久喜中央１丁目4-47,,,5.00,1.00,,,1.00,,120.96,36.59,5466,2025/04/07,"2025/02/10 10:26","2025/04/07 17:57",先物(仲介),,（株）サトー開発,-,"=""048-871-8713""",空有,,3460003
工場,R00176-024019,,,,使用中,アーカイブ(成約),無,825000,,階,1983年05月,戸田市早瀬2丁目の貸工場【188坪】,,埼玉県戸田市早瀬２丁目25-23,,,,1.00,3.00,,1.00,424.45,624.50,188.91,4368,2025/04/07,"2025/03/11 11:21","2025/04/07 17:56",先物(仲介),,（株）エースコーポレーション　,-,"=""03-5916-1789""",空有,,3350036
貸地,R00176-023904,,,,更地,アーカイブ(成約),無,770000,,階,-,八潮市大字八條の貸地【696坪】,,埼玉県八潮市大字八條1415,,,2.00,847000,,,1.00,2301.00,,696.05,1107,2025/04/07,"2025/02/17 10:52","2025/04/07 14:41",先物(仲介),,（有）幸栄商事,-,"=""048-924-1001""",,・住所：八條1415、1416、1419-1、1419-14,3400801
倉庫,R00176-024136,,,,空,保留,無,275000,,階,1990年06月,坂戸市三光町の貸倉庫【121坪】,,埼玉県坂戸市三光町36,,,2.00,2.00,,,,,403.04,121.91,2256,2025/04/07,"2025/04/07 10:38","2025/04/07 12:21",先物(仲介),,（有）宮崎建設工業,-,"=""049-284-3335""",,"・場所：グーグルマップでは、三光町36-5
※2025/4/7　消えているため公開保留｜(有)宮崎建設?業",3500235
貸地,R00176-024059,,,,更地,アーカイブ(成約),無,420000,,階,-,朝霞市大字上内間木の貸地【425坪】,,埼玉県朝霞市大字上内間木377-85,,,3.00,1.00,,,0.50,1407.00,,425.61,987,2025/04/03,"2025/03/19 10:30","2025/04/03 11:57",先物(仲介),,蕪木不動産（株）,-,"=""048-467-7750""",,,3510001
貸地,R00176-023992,,,,更地,アーカイブ(成約),無,378400,,階,-,三郷市采女1丁目の貸地【344坪】,,埼玉県三郷市采女１丁目228-1,,,3.00,1.00,,,1.00,1138.00,,344.24,1100,2025/04/03,"2025/03/05 10:29","2025/04/03 10:48",先物(仲介),,株式会社ビーズ,-,"=""048-263-2882""",,2025/03　A多久島さん契約,3410011
貸地,R00176-023234,,,,更地,アーカイブ(成約),無,220000,,階,-,新座市菅沢1丁目の貸地【199坪】,,埼玉県新座市菅沢１丁目673-6,,,1.00,2.00,,,1.00,659.00,,199.34,1104,2025/04/03,"2024/10/01 10:53","2025/04/03 10:47",先物(仲介),,株式会社込戸建設,-,"=""048-477-1355""",,"【所在地】新座市菅沢1丁目673-6,7 668-11,12

2025/03　A多久島さん契約
",3520017
貸地,R00176-023754,,,,更地,アーカイブ(成約),無,270600,,階,-,川口市大字赤山の貸地【199坪】,,埼玉県川口市大字赤山401-1,,,,1.00,4.00,,1.00,661.00,,199.95,1354,2025/04/01,"2025/01/21 10:03","2025/04/01 15:12",先物(仲介),,株式会社イコム,-,"=""048-799-3200""",,"・Googleマップ：https://maps.app.goo.gl/7dbEyZiFmG2GPPPC：

2025/03/13　1件申込あり。2番手可",3330825
倉庫,R00176-024000,,,,空,アーカイブ(成約),無,297000,,階,1968年07月,戸田市中町2丁目の貸倉庫【92坪】,,埼玉県戸田市中町２丁目16-28,,,1.00,1.00,,,,,307.00,92.86,3199,2025/04/01,"2025/03/07 09:51","2025/04/01 15:00",先物(仲介),,（株）平和不動産※広告NG業者,-,"=""048-446-1000""",空有,※2025/3/7　広告NG業者のためマッチングのみ｜(株)平和不動産,3350012
倉庫,R00176-024057,,,,空,アーカイブ(成約),無,318000,,階,1987年06月,足立区南花畑3丁目の貸倉庫【49坪】,,東京都足立区南花畑３丁目7-16,,,1.00,2.00,,,1.00,,165.00,49.91,6372,2025/04/01,"2025/03/18 11:03","2025/04/01 12:21",先物(仲介),,（有）兼六住宅　六町駅前支店,-,"=""03-5809-6782""",空有,"2025.3.21　倉庫としてのみオーナー希望。音が出る業種?

※2025/3/18　at-homeから消えているため公開保留中｜(有)兼六住宅?六町駅前?店",1210062
倉庫,R00176-023722,,,,空,アーカイブ(成約),無,855000,,3階,1996年06月,世田谷区弦巻4丁目の貸倉庫【104坪】,,東京都世田谷区弦巻４丁目11-10,,,,2.00,3.00,,1.00,,344.53,104.22,8204,2025/01/15,"2025/01/15 12:59","2025/03/31 15:09",先物(仲介),,（株）ＴＯＷＮーＮＥＴ,-,"=""03-3420-1112""",,・3階部分,1540016
店舗事務所(建物一括),R00176-022971,,,,空,保留,無,398200,,階,2021年11月,桶川市末広1丁目の貸店舗・事務所【24坪】,,埼玉県桶川市末広１丁目4-32,,,3.00,1.00,,,1.00,413.00,80.73,24.42,16306,2025/03/31,"2024/08/05 09:49","2025/03/31 14:49",先物(仲介),,（株）明和ハウス　センチュリー21,-,"=""049-279-5566""",空有,,3630012
倉庫,R00176-024041,,,,使用中,アーカイブ(成約),無,1041200,,階,1990年01月,厚木市上依知の貸倉庫【189坪】,,神奈川県厚木市上依知1255-6,3850,,4.00,1.00,,,,1214.41,625.78,189.29,5501,2025/03/31,"2025/03/14 09:56","2025/03/31 13:44",先物(仲介),,株式会社シーアールイー　本社,-,"=""03-5572-6604""",,"・枝番：1255-5,6,7,8
20250331　既存テナント契約継続のため、募集停止",2430801
事務所(建物一部),R00176-024005,,,,居住中,アーカイブ(成約),無,308000,,階,1988年07月,大田区大森南3丁目の貸事務所【40坪】,,東京都大田区大森南３丁目23-4,,,,1.00,3.00,,1.00,,133.40,40.35,7633,2025/03/07,"2025/03/07 11:50","2025/03/31 10:11",先物(仲介),,株式会社シティ・ハウジング?テナントセンター,-,"=""03-3745-0228""",,・AB号室,1430013
貸地,R00176-023429,,,,更地,アーカイブ(成約),無,795300,,階,-,川口市大字赤山の貸地【635坪】,,埼玉県川口市大字赤山401-1,,,,1.00,4.00,,1.00,2101.00,,635.55,1252,2025/03/28,"2024/11/11 10:57","2025/03/28 19:22",先物(仲介),,株式会社イコム,-,"=""048-799-3200""",,2025/03　星さん契約予定,3330825
貸地,R00176-024045,,,,更地,アーカイブ(成約),無,448800,,階,-,横浜市都筑区池辺町の貸地【272坪】,,神奈川県横浜市都筑区池辺町1982-1,,,3.00,2.00,,,1.00,900.00,,272.25,1649,2025/03/17,"2025/03/17 10:10","2025/03/28 16:31",先物(仲介),,青木ハウジング株式会社,-,"=""045-933-2131""",,"※駐車場のみ
・枝番：1982-1 他4筆",2240053
貸地,R00176-023915,,,,更地,アーカイブ(成約),無,350000,,階,-,入間市大字木蓮寺の貸地【761坪】,,埼玉県入間市大字木蓮寺81,,,3.00,,,,,2518.00,,761.69,460,2025/03/28,"2025/02/18 09:56","2025/03/28 14:29",先物(仲介),,（株）ユニバーサルハウジング,-,"=""042-555-0061""",,,3580047
倉庫,R00176-023419,,,,空,アーカイブ(成約),無,1561648,,階,1987年05月,川越市むさし野の貸倉庫【373坪】,,埼玉県川越市むさし野39-18,38500,,3.00,1.00,,,0.50,,1235.02,373.59,4181,2025/03/28,"2024/11/07 16:19","2025/03/28 14:25",先物(仲介),,ヤマトクリエイト株式会社,-,"=""049-291-5611""",,■A棟,3501170
貸地,R00176-023711,,,,更地,アーカイブ(成約),無,264000,,階,-,入間郡三芳町大字竹間沢の貸地【300坪】,,埼玉県入間郡三芳町大字竹間沢563-1,,,2.00,1.00,,,,992.00,,300.08,880,2025/03/28,"2025/01/15 09:54","2025/03/28 14:22",先物(仲介),,株式会社谷澤総合コンサルタント,-,"=""049-262-8003""",,,3540043
貸地,R00176-023501,,,,その他,アーカイブ(成約),無,330000,,階,-,千葉市花見川区花島町の貸地【281坪】,,千葉県千葉市花見川区花島町156,,,1.00,1.00,,,,932.23,,281.99,1171,2025/02/20,"2024/11/25 10:42","2025/03/28 14:09",先物(仲介),,株式会社クレソンオフィス,-,"=""043-223-5788""",,※2024/11/25　広告確認中のためマッチングのみ｜(株)クレソンオフィス,2620042
貸地,R00176-023982,,,,更地,アーカイブ(成約),無,258500,,階,-,所沢市大字下富の貸地【300坪】,,埼玉県所沢市大字下富1010-9,,,1.00,1.00,,,1.00,991.75,,300,862,2025/03/04,"2025/03/04 11:01","2025/03/28 13:12",先物(仲介),,株式会社コクド住販,-,"=""04-2921-2222""",,ネット掲載NG,3590001
倉庫,R00176-023908,,,,空,アーカイブ(成約),無,1540000,,階,1973年03月,横浜市鶴見区駒岡2丁目の貸倉庫【174坪】,,神奈川県横浜市鶴見区駒岡２丁目3-1,,,,1.00,3.00,,1.00,,578.40,174.96,8802,2025/03/24,"2025/02/17 11:33","2025/03/28 11:32",先物(仲介),,株式会社加瀬テナントサービス,-,"=""045-534-8232""",,,2300071
倉庫,R00176-023853,,,,空,アーカイブ(成約),無,473000,,階,1985年01月,立川市栄町2丁目の貸倉庫【102坪】,,東京都立川市栄町２丁目34-8,,,5.00,2.00,,,0.50,390.60,337.46,102.08,4634,2025/03/28,"2025/02/06 11:47","2025/03/28 10:06",先物(仲介),,（株）デッチーズ不動産,-,"=""042-534-9655""",空有,"2025/03/12　物確→申込有。お話進めているが時間がかかっているそうです。
Googleマップなどで見ていただいてお客様が気に入ればオーナー様に相談してみることはできるとのことでした

2025/02/26　物確→2件申込有。そろそろどちらの方にするかオーナー様に決めていただく予定だが、同時審査なので急ぎで進めてもらえれば検討対象に加えることは可能とのこと。

オーナー様は体調不良により自営されていた自動車整備店を閉められたため、
私物が片付かずかなり残っている状況です。
5月末頃に引き渡し予定で検討していますが、ご体調のこともあり間に合わない可能性もあるそうです。
現在検討中の2社は青梅街道の拡張による立ち退きで移転先を探しているため引き渡し時期が延びることを許容できないため
話が流れる可能性もあるそうです。
そのため、そういった部分が考慮できるお客様でしたらご相談できる可能性があるそうです。

募集自体は2社の内オーナー様が選ばれた企業様で進める形で表立っては落としますが上記であればご相談くださいとのことでした。
ご連絡の際は物件担当の　キタハラ様宛にご連絡をお願いします。",1900003
倉庫,R00176-023578,,,,使用中,アーカイブ(成約),無,1048817,,3階,1992年01月,大田区平和島5丁目の貸倉庫【136坪】,,東京都大田区平和島５丁目11-1,,,6.00,1.00,,1.00,,,450.28,136.2,7701,2025/01/21,"2024/12/05 10:47","2025/03/27 19:34",先物(仲介),,イーソーコ株式会社,-,"=""03-5439-9401""",,"・3階部分
・2025/1/21　広告許可取得済｜イーソーコ(株)上原 駒様へ確認済",1430006
倉庫,R00176-023420,,,,空,アーカイブ(成約),無,242000,,階,1992年02月,加須市川口5丁目の貸倉庫【66坪】,,埼玉県加須市川口５丁目4-3,2750,,,1.00,4.00,,1.00,,219.64,66.44,3643,2025/03/27,"2024/11/07 17:04","2025/03/27 17:03",先物(仲介),,（株）タープ不動産,-,"=""03-5844-6300""",空有,,3470014
倉庫,R00176-023713,,,,空,アーカイブ(成約),無,396000,,階,1998年05月,川口市本蓮4丁目の貸倉庫【60坪】,,埼玉県川口市本蓮４丁目3-35,,,3.00,1.00,,,,,200.00,60.5,6546,2025/03/27,"2025/01/15 10:33","2025/03/27 16:44",先物(仲介),,サイワハウジング（株）,-,"=""048-257-0021""",空有,,3340076
工場,R00176-023107,,,,空,アーカイブ(成約),無,220000,,階,1991年06月,春日部市赤沼の貸工場【50坪】,,埼玉県春日部市赤沼1617-2,,,3.00,1.00,,,1.00,,166.97,50.5,4356,2025/03/27,"2024/09/04 11:02","2025/03/27 15:02",先物(仲介),,株式会社コジョソコ,-,"=""045-530-9890""",空有,,3440015
店舗事務所(建物一部),R00176-023105,,,,空,アーカイブ(成約),無,726000,,1階,1976年11月,府中市府中町1丁目の貸店舗・事務所【31坪】,,東京都府中市府中町１丁目12-2,,,,1.10,6.00,,1.10,,104.26,31.53,23020,2025/02/27,"2024/09/03 12:35","2025/03/27 14:43",先物(仲介),,株式会社ポリシアエステート,-,"=""03-6384-4483""",空有,※2024/9/3　レインズ広告可物件｜(株)ポリシアエステート,1830055
貸地,R00176-023756,,,,更地,アーカイブ(成約),無,1092700,,階,-,上尾市大字領家の貸地【993坪】,,埼玉県上尾市大字領家1210-4,,,4.00,1.00,,1.00,,3283.66,,993.3,1101,2025/03/27,"2025/01/21 10:16","2025/03/27 14:25",先物(仲介),,共同流通株式会社,-,"=""049-247-4311""",,,3620066
店舗事務所(建物一括),R00176-023628,,,,空,アーカイブ(成約),無,300000,,階,1979年10月,葛飾区堀切4丁目の貸店舗・事務所【21坪】,,東京都葛飾区堀切４丁目52-6,,,3.00,1.00,,,1.00,,71.67,21.68,13838,2025/02/27,"2024/12/17 12:12","2025/03/27 14:12",先物(仲介),,（株）エイブル　東日本テナント営業部,-,"=""03-5414-0650""",,,1240006
店舗(建物一部),R00176-023469,,,,空,アーカイブ(成約),無,737000,,階,2024年06月,台東区蔵前3丁目の貸店舗【31坪】,,東京都台東区蔵前３丁目13-13,33000,,,1.00,6.00,,1.00,98.81,102.68,31.06,23728,2025/02/27,"2024/11/18 10:37","2025/03/27 14:10",先物(仲介),,（株）ＸＧジャパン,-,"=""03-5980-8900""",無,※2024/11/18　at-home転載可物件｜(株)XGジャパン,1110051
倉庫,R00176-023967,,,,居住中,アーカイブ(成約),無,550000,,階,1995年05月,板橋区蓮根2丁目の貸倉庫・作業所【77坪】,,東京都板橋区蓮根２丁目7-1,,,,1.00,4.00,,1.00,,255.00,77.13,7131,2025/03/27,"2025/02/28 09:40","2025/03/27 13:21",先物(仲介),,株式会社豊徳,-,"=""03-3964-0861""",空有,,1740046
倉庫,R00176-023640,,,,空,アーカイブ(成約),無,5940000,,階,1985年08月,世田谷区用賀4丁目の貸倉庫【633坪】,,東京都世田谷区用賀４丁目32-25,,,,5940000,32400000,,1.00,,2095.70,633.94,9370,2025/02/25,"2024/12/20 10:44","2025/03/27 12:51",先物(仲介),,（株）市萬,物件確認専用ダイヤル,"=""050-3159-7483""",空有,※2024/12/20　レインズ広告可物件｜(株)市萬,1580097
貸地,R00176-023699,,,,更地,アーカイブ(成約),無,360000,,階,-,市川市大和田5丁目の貸地【199坪】,,千葉県市川市大和田５丁目,,,,1.00,4.00,,1.00,660.20,,199.71,1803,2025/03/26,"2025/01/10 11:15","2025/03/26 14:53",先物(仲介),,スターリンク（株）,-,"=""047-420-0111""",,"2025/2/6　物確時→空き予定で募集中
2025.1.14　5月末退去、6月使用開始。早める相談は現テナントから申入れない限り基本出来ない。
隣にオーナーが住んでいて、大型車?。過去に大型車両置き場で砂利の音がうるさいとクレームあり。

・地番：大和田5丁目988-1の一部
・場所：グーグルマップでは、大和田5丁目3-29（セジュールタカハシ）の道路挟んで北側",2720025
貸地,R00176-023985,,,,更地,アーカイブ(成約),無,330000,,階,-,横浜市港北区小机町の貸地【134坪】,,神奈川県横浜市港北区小机町1755-1,,,,2.00,3.00,,0.50,445.00,,134.61,2452,2025/03/25,"2025/03/04 11:46","2025/03/25 14:54",先物(仲介),,株式会社加瀬テナントサービス,-,"=""045-534-8232""",,・枝番：1755-1、他,2220036
倉庫,R00176-023159,,,,居住中,アーカイブ(成約),無,308000,,階,1986年07月,練馬区羽沢2丁目の貸倉庫【48坪】,,東京都練馬区羽沢２丁目27-10,,,560000,308000,,,,,161.72,48.92,6296,2025/03/25,"2024/09/17 10:41","2025/03/25 11:37",先物(仲介),,（株）タウンハウジング東京　練馬店,-,"=""03-3994-8531""",,,1760003
倉庫,R00176-023824,,,,空,アーカイブ(成約),無,418000,,階,1997年06月,北区堀船2丁目の貸倉庫【47坪】,,東京都北区堀船２丁目9-19,,,5.00,,,,1.00,,158.00,47.79,8746,2025/03/25,"2025/02/03 11:46","2025/03/25 11:37",先物(仲介),,センチュリー２１大正ハウジング,-,"=""03-3800-0002""",,・1-2階部分,1140004
倉庫,R00176-023577,,,,空,アーカイブ(成約),無,2013176,,6階,1995年12月,江東区潮見2丁目の貸倉庫【276坪】,,東京都江東区潮見２丁目8-10,,301977,4.00,1.00,,,,,913.57,276.35,7285,2025/03/25,"2024/12/05 10:27","2025/03/25 09:58",先物(仲介),,イーソーコ株式会社,-,"=""03-5439-9401""",,"・6-8階一部
・2025/1/21　広告許可取得済｜イーソーコ(株)上原 駒様へ確認済",1350052
倉庫,R00176-023575,,,,空,アーカイブ(成約),無,682176,,6階,1995年12月,江東区潮見2丁目の貸倉庫【103坪】,,東京都江東区潮見２丁目8-10,,102327,4.00,1.00,,,,,341.68,103.35,6601,2025/03/25,"2024/12/05 10:15","2025/03/25 09:57",先物(仲介),,イーソーコ株式会社,-,"=""03-5439-9401""",,"・6階一部
・2025/1/21　広告許可取得済｜イーソーコ(株)上原 駒様へ確認済",1350052
倉庫,R00176-023893,,,,空,アーカイブ(成約),無,652850,,階,1997年04月,三郷市鷹野5丁目の貸倉庫【118坪】,,埼玉県三郷市鷹野５丁目534-2,,,3.00,1.00,,,1.00,,392.44,118.71,5500,2025/03/25,"2025/02/14 10:22","2025/03/25 09:53",先物(仲介),,有限会社住栄建設不動産,-,"=""048-955-6466""",空有,"2025.2.26　申込み5件。2末もしくは3頭で一旦〆切横並びでオーナー審査予定。今日の時点では案内可。

※2025/2/14　広告不可のためマッチングのみ｜(有)住栄建設不動産
",3410035
倉庫,R00176-023935,,,,空,アーカイブ(成約),無,495000,,階,1998年08月,三郷市彦沢1丁目の貸倉庫【63坪】,,埼玉県三郷市彦沢１丁目213-1,,,2.00,2.00,,,,,211.43,63.95,7740,2025/03/25,"2025/02/21 09:41","2025/03/25 09:49",先物(仲介),,（株）石田興産,-,"=""048-948-8819""",空有,,3410057
倉庫,R00176-023452,,,,空,アーカイブ(成約),無,2684503,,階,-,川越市大字今福の貸倉庫【639坪】,,埼玉県川越市大字今福2776-2,,,2.00,1.00,,,1.10,,2113.06,639.2,4200,2025/03/24,"2024/11/14 10:17","2025/03/24 17:44",先物(仲介),,株式会社ランド,-,"=""049-238-1321""",空有,,3501151
倉庫,R00176-023651,,,,空,アーカイブ(成約),無,6139000,,階,2018年02月,春日部市下柳の貸倉庫【1430坪】,,埼玉県春日部市下柳1502-1,,,2.00,,,,,17950.54,4730.30,1430.91,4291,2025/03/24,"2024/12/24 15:01","2025/03/24 16:58",先物(仲介),,ティガリアルエステート株式会社,-,"=""03-6427-8885""",空有,■B区画1-2B,3440122
工場,R00176-023956,,,,使用中,アーカイブ(成約),無,330000,,階,1973年01月,川口市前川2丁目の貸工場【35坪】,,埼玉県川口市前川２丁目38-1,,,2.00,1.00,,,1.00,,117.09,35.41,9317,2025/03/24,"2025/02/26 11:14","2025/03/24 16:48",先物(仲介),,謝藤開発株式会社,-,"=""048-222-5548""",空有,,3330842
倉庫,R00176-023728,,,,空,アーカイブ(成約),無,4641466,,階,1997年06月,入間郡三芳町大字上富の貸倉庫【937坪】,,埼玉県入間郡三芳町大字上富1262,,,3.00,1.00,,,0.50,2778.89,3099.75,937.67,4950,2025/03/24,"2025/01/15 14:40","2025/03/24 16:45",先物(仲介),,株式会社谷澤総合コンサルタント,-,"=""049-262-8003""",空有,【所在地】埼玉県入間郡三芳町大字上富字中西1262,3540045
倉庫,R00176-023703,,,,空,アーカイブ(成約),無,209000,,階,1985年06月,さいたま市緑区大字寺山の貸倉庫【50坪】,,埼玉県さいたま市緑区大字寺山193,,,209000,209000,,,,,165.30,50,4180,2025/03/24,"2025/01/14 10:02","2025/03/24 15:08",先物(仲介),,(有)ひかり建業商事,-,"=""048-756-2381""",,"・一区画貸し
※2025/1/10　広告確認中のためマッチングのみ｜(有)ひかり建設商事",3360976
工場,R00176-023809,,,,使用中,アーカイブ(成約),無,726000,,階,1976年05月,草加市西町の貸工場【132坪】,,埼玉県草加市西町1133-2,,,4.00,1.00,,,,727.68,437.35,132.29,5488,2025/03/24,"2025/01/29 10:11","2025/03/24 13:03",先物(仲介),,共同流通株式会社,-,"=""049-247-4311""",空有,,3400035
倉庫,R00176-023780,,,,空,アーカイブ(成約),無,400000,,1階,1995年07月,板橋区熊野町の貸倉庫【27坪】,,東京都板橋区熊野町,,,4.00,2.00,,,1.00,,90.00,27.22,14693,2025/02/07,"2025/01/24 11:08","2025/03/24 11:06",先物(仲介),,山下商事株式会社,-,"=""03-3956-5851""",空有,"・場所：グーグルマップでは、熊野町38-9

2025.2.7確認:申込有。2番手可能。",1730025
倉庫,R00176-023958,,,,空,アーカイブ(成約),無,385000,,階,1968年05月,八潮市大瀬1丁目の貸倉庫【103坪】,,埼玉県八潮市大瀬１丁目5-16,,,1.00,1.00,,,1.00,391.06,341.54,103.31,3727,2025/03/17,"2025/02/26 15:00","2025/03/21 16:26",先物(仲介),,地建総業株式会社,-,"=""048-997-4411""",空有,2025/03　山崎さん申し込み,3400822
倉庫,R00176-023979,,,,使用中,アーカイブ(成約),無,200000,,階,2002年07月,鶴ヶ島市大字高倉の貸倉庫【49坪】,,埼玉県鶴ヶ島市大字高倉90-2,,,4.00,2.00,,,1.00,,162.00,49,4082,2025/03/04,"2025/03/04 10:35","2025/03/21 15:04",先物(仲介),,■三光物産株式会社,-,"=""049-226-3535""",空有,,3502223
工場,R00176-023194,,,,使用中,アーカイブ(成約),無,550000,,階,1973年03月,南埼玉郡宮代町字山崎の貸工場【160坪】,,埼玉県南埼玉郡宮代町字山崎58-1,,,2.00,1.00,,,1.00,528.50,530.37,160.43,3429,2025/03/21,"2024/09/24 11:10","2025/03/21 13:39",先物(仲介),,株式会社トップクラウド,-,"=""03-6806-8833""",空有,"2025/3/21　現況お申込みが入っており、2番手紹介不可
20241010　株式会社トップクラウド　　物件担当：コウ様／080-4562-5588（不動産に関する連絡はコウ様宛てに連絡）",3450824
工場,R00176-023888,,,,空,アーカイブ(成約),無,1320000,,階,2006年08月,横浜市都筑区川向町の貸工場【166坪】,,神奈川県横浜市都筑区川向町852-1,,,,,3.00,,1.00,,551.00,166.67,7920,2025/02/13,"2025/02/13 09:40","2025/03/21 12:00",先物(仲介),,(有)ハセガワ企画,-,"=""045-942-9700""",空有,,2240044
店舗事務所(建物一部),R00176-023544,,,,使用中,アーカイブ(成約),無,385000,,1階,1996年11月,柏市豊四季の貸店舗・事務所【36坪】,,千葉県柏市豊四季302-1,,,3.00,1.00,,,,,120.63,36.49,10551,2025/02/25,"2024/11/29 10:52","2025/03/18 17:41",先物(仲介),,桂不動産株式会社柏支店,-,"=""04-7138-6510""",空有,※資料の住所は間違っています。グーグルマップでは豊四季301-2,2770863
倉庫,R00176-023344,,,,空,アーカイブ(成約),無,1154824,,階,2024年06月,八街市八街はの貸倉庫【262坪】,,千葉県八街市八街は102-267,,,3.00,1.00,,,,1037.01,867.65,262.46,4400,2025/02/20,"2024/10/22 10:42","2025/03/18 14:34",先物(仲介),,株式会社ASSORT※広告NG業者,-,"=""0467-81-7744""",空有,※2024/10/22　広告NG業者のためマッチングのみ｜(株)ASSORT,2891107
工場,R00176-023569,,,,空,アーカイブ(成約),無,1754280,,階,1995年04月,八潮市大字浮塚の貸工場【442坪】,,埼玉県八潮市大字浮塚624-1,,,4.00,2.00,,,1.00,1391.74,1464.46,442.99,3961,2025/03/18,"2024/12/04 12:00","2025/03/18 11:33",先物(仲介),,株式会社ビーズ,-,"=""048-263-2882""",空有,2025.2.12確認：申込1件あり,3400835
貸地,R00176-023762,,,,更地,アーカイブ(成約),無,280000,,階,-,入間市大字南峯の貸地【656坪】,,埼玉県入間市大字南峯778-11,,,3.00,,,,,2171.80,,656.96,427,2025/03/17,"2025/01/21 11:22","2025/03/17 14:29",先物(仲介),,（株）ユニバーサルハウジング,-,"=""042-555-0061""",,,3580046
倉庫,R00176-023197,,,,使用中,アーカイブ(成約),無,515200,,階,1997年01月,川越市大字古谷本郷の貸倉庫【122坪】,,埼玉県川越市大字古谷本郷1264-1,,,4.00,2.00,,,1.00,1127.13,406.50,122.96,4190,2025/03/14,"2024/09/25 14:31","2025/03/14 17:11",先物(仲介),,■三光物産株式会社,-,"=""049-226-3535""",空有,※2024/9/25　at-home転載可物件｜三光物産（株）総合本部,3500002
倉庫,R00176-023220,,,,空,アーカイブ(成約),無,1430000,,1階,2024年06月,板橋区仲町の貸倉庫【94坪】,,東京都板橋区仲町7,,,,1.00,6.00,,1.00,687.57,312.11,94.41,15147,2025/02/27,"2024/09/27 12:16","2025/03/13 17:56",先物(仲介),,（株）タープ不動産,-,"=""03-5844-6300""",空有,"・倉庫1階部分
【貸主】
会社：株式会社オンリースタイル
担当：大槌良太 様
電話：03-4455-7426
メール：ustomer-info@onlystyle.jp
2024/10/01　オーナーサイト反響にて星さん担当",1730022
店舗事務所(建物一部),R00176-023545,,,,使用中,アーカイブ(成約),無,1320000,,1階,1986年01月,板橋区高島平8丁目の貸店舗・事務所【77坪】,,東京都板橋区高島平８丁目13-3,,,,1.00,5.00,,1.00,,257.01,77.74,16979,2025/02/27,"2024/11/29 11:00","2025/03/13 17:52",先物(仲介),,（株）タープ不動産,-,"=""03-5844-6300""",,,1750082
倉庫,R00176-023954,,,,使用中,アーカイブ(成約),無,770000,,階,1998年07月,渋谷区西原1丁目の貸倉庫【55坪】,,東京都渋谷区西原１丁目49-11,,,,1.00,6.00,,1.00,166.07,183.43,55.48,13877,2025/02/26,"2025/02/26 11:06","2025/03/13 17:51",先物(仲介),,（株）タープ不動産,-,"=""03-5844-6300""",,,1510066
貸地,R00176-023191,,,,更地,アーカイブ(成約),無,350000,,階,-,川崎市麻生区片平の貸地【233坪】,,神奈川県川崎市麻生区片平1847-1,,,3.00,1.00,,,1.10,772.47,,233.67,1498,2025/03/13,"2024/09/24 10:23","2025/03/13 16:15",先物(仲介),,(株)セルフドア,-,"=""0467-84-6678""",,※2024/9/24　広告確認中のためマッチングのみ｜(株)セルフドア,2150023
貸地,R00176-023733,,,,その他,アーカイブ(成約),無,463100,,階,-,横浜市都筑区東方町の貸地【210坪】,,神奈川県横浜市都筑区東方町782,,,,1.00,3.00,,1.00,696.00,,210.54,2200,2025/03/13,"2025/01/16 10:14","2025/03/13 15:59",先物(仲介),,(有)ハセガワ企画,-,"=""045-942-9700""",,,2240045
貸地,R00176-023800,,,,その他,アーカイブ(成約),無,584000,,階,-,相模原市中央区田名の貸地【583坪】,,神奈川県相模原市中央区田名10070,,,3.00,1.00,,1.00,,1930.00,,583.82,1001,2025/02/26,"2025/01/28 11:20","2025/03/13 14:42",先物(仲介),,（株）住まっぷ,-,"=""042-711-7441""",,・住所：田名10070、10074,2520244
貸地,R00176-023864,,,,更地,アーカイブ(成約),無,440000,,階,-,武蔵村山市学園2丁目の貸地【367坪】,,東京都武蔵村山市学園２丁目25-2,,,3.00,1.00,,,,1213.58,,367.1,1199,2025/02/07,"2025/02/07 11:22","2025/03/13 10:46",先物(仲介),,ミウラ倉庫株式会社　不動産事業部,-,"=""042-564-1451""",,,2080011
店舗(建物一括),R00176-023835,,,,空,アーカイブ(成約),無,396000,,階,1980年01月,松戸市八ケ崎2丁目の貸店舗【51坪】,,千葉県松戸市八ケ崎２丁目2-5,,,,1.00,3.00,,1.00,,171.06,51.74,7653,2025/02/10,"2025/02/04 11:46","2025/03/13 10:20",先物(仲介),,太陽ハウス(株),-,"=""047-343-1113""",空有,"2025.2.10　1番手申込み有。2番手受付可。
※2025/2/4　広告確認中のためマッチングのみ｜太陽ハウス（株）",2700023
店舗事務所(建物一部),R00176-023862,,,,空,アーカイブ(成約),無,660000,,1階,2006年03月,船橋市前原西2丁目の貸店舗・事務所【36坪】,,千葉県船橋市前原西２丁目6-20,,22000,1800000,660000,,,1.00,,121.55,36.76,17950,2025/02/07,"2025/02/07 10:55","2025/03/13 09:50",先物(仲介),,（株）オカムラメイト　,-,"=""047-409-8323""",空有,・1B,2740825
倉庫,R00176-023777,,,,空,アーカイブ(成約),無,350000,,1階,1971年02月,大田区東蒲田2丁目の貸倉庫【50坪】,,東京都大田区東蒲田２丁目30-6,,,2.00,2.00,,,,,166.50,50.36,6950,2025/02/13,"2025/01/24 10:37","2025/03/11 15:05",先物(仲介),,(株)カマタ・ライジィング・プランニング,-,"=""03-3734-3412""",空有,※2025/1/24　広告確認中のためマッチングのみ｜(株)カマタ・ライジィング・プランニング,1440031
店舗(建物一部),R00176-023781,,,,空,アーカイブ(成約),無,440000,,1階,1988年04月,調布市下石原1丁目の貸店舗【50坪】,,東京都調布市下石原１丁目43-7,,11000,,1.10,3.00,,1.00,,167.67,50.72,8676,2025/02/28,"2025/01/24 11:29","2025/03/11 14:25",先物(仲介),,東洋エステートサービス（株）,-,"=""042-489-1513""",空有,※2025/1/24　広告確認中のためマッチングのみ｜東洋エステートサービス（株）,1820034
貸地,R00176-023801,,,,更地,アーカイブ(成約),無,363000,,階,-,相模原市中央区田名の貸地【363坪】,,神奈川県相模原市中央区田名7127-1,,,3.00,1.00,,,,1200.00,,363,1000,2025/02/26,"2025/01/28 11:23","2025/03/11 12:12",先物(仲介),,（株）住まっぷ,-,"=""042-711-7441""",,・住所：田名10070、10074,2520244
貸地,R00176-023837,,,,その他,アーカイブ(成約),無,418000,,階,-,調布市深大寺北町7丁目の貸地【135坪】,,東京都調布市深大寺北町７丁目40-1,,,3.00,1.00,,,1.00,449.52,,135.97,3074,2025/03/11,"2025/02/04 12:06","2025/03/11 11:19",先物(仲介),,株式会社調布みつぎ不動産研究所,-,"=""042-481-1211""",,"2025/02/19　物確→1件申込有。
株式会社調布みつぎ不動産研究所　物件担当イシザカ様
",1820011
貸地,R00176-023587,,,,更地,アーカイブ(成約),無,311300,,階,-,北葛飾郡松伏町大字上赤岩の貸地【444坪】,,埼玉県北葛飾郡松伏町大字上赤岩1008-1,,,2.00,1.00,,,1.00,1470.10,,444.7,701,2025/03/10,"2024/12/09 09:38","2025/03/10 16:25",先物(仲介),,（株）ファクトリンク,-,"=""045-717-8842""",,【所在地】埼玉県北葛飾郡松伏町大字上赤岩1008-1他4筆,3430115
貸地,R00176-023697,,,,,アーカイブ(成約),無,415000,,階,-,横浜市都筑区大棚町の貸地【209坪】,,神奈川県横浜市都筑区大棚町281,,,,1.00,3.00,,1.10,694.00,,209.93,1977,2025/02/03,"2025/01/10 10:45","2025/03/10 15:13",先物(仲介),,アーキテクト　大洋不動産（株）,-,"=""045-943-6020""",,"2025.2.3　申込み1件あり。まだ紹介可。

※2025/1/10　広告確認中のためマッチングのみ｜アーキテクト大洋不動産（株）",2240027
工場,R00176-023477,,,,空,アーカイブ(成約),無,550000,,階,1996年01月,上尾市大字上尾下の貸工場【110坪】,,埼玉県上尾市大字上尾下1031-4,,,,1.10,5.00,,1.00,628.00,365.38,110.52,4977,2025/03/10,"2024/11/19 09:46","2025/03/10 10:08",先物(仲介),,シャーメゾンショップ　（有）西友建設　,-,"=""048-771-4366""",空有,2025/03　A宮本さん契約予定,3620025
店舗(建物一部),R00176-023386,,,,空,アーカイブ(成約),無,341000,,1階,1968年04月,杉並区下井草1丁目の貸店舗【37坪】,,東京都杉並区下井草１丁目25-16,,,,341000,2000000,,1.00,,123.70,37.41,9113,2025/01/22,"2024/10/30 11:14","2025/03/07 10:35",先物(仲介),,（株）マイベストホーム,-,"=""0422-20-4146""",空有,,1670022
倉庫,R00176-023743,,,,使用中,アーカイブ(成約),無,924000,,階,2000年05月,和光市白子4丁目の貸倉庫【152坪】,,埼玉県和光市白子４丁目8-14,,,4.00,1.00,,,,,505.56,152.93,6042,2025/03/05,"2025/01/17 09:49","2025/03/05 13:19",先物(仲介),,株式会社トラスト,-,"=""03-5832-9959""",,※2025/1/21　レインズ広告可物件｜(株)トラスト　080-6602-6065,3510101
倉庫,R00176-023816,,,,空,アーカイブ(成約),無,572000,,階,1986年09月,平塚市四之宮2丁目の貸倉庫【80坪】,,神奈川県平塚市四之宮２丁目3-64,11000,,3.00,1.00,,,1.00,,266.25,80.54,7103,2025/03/05,"2025/02/03 10:01","2025/03/05 09:49",先物(仲介),,株式会社ビナプラン,-,"=""046-265-0080""",空有,,2540014
倉庫,R00176-023980,,,,使用中,アーカイブ(成約),無,2860000,,階,1993年03月,川口市大字石神の貸倉庫【508坪】,,埼玉県川口市大字石神699,,,,1.00,4.00,,1.00,2314.05,1679.97,508.19,5628,2025/03/04,"2025/03/04 10:38","2025/03/04 16:02",先物(仲介),,株式会社ビーズ,-,"=""048-263-2882""",空有,,3330823
倉庫,R00176-023767,,,,空,アーカイブ(成約),無,247500,,階,1991年11月,春日部市豊野町1丁目の貸倉庫【76坪】,,埼玉県春日部市豊野町１丁目18-4,,2200,2.00,1.00,,,1.00,,253.10,76.56,3233,2025/02/10,"2025/01/21 14:09","2025/03/03 17:03",先物(仲介),,武蔵コミュニティ株式会社,-,"=""03-6206-3529""",空有,※2025/1/21　マイソク掲載可物件｜武蔵コーポレーション(株),3440014
倉庫,R00176-023914,,,,空,アーカイブ(成約),無,220000,,階,1989年10月,戸田市美女木3丁目の貸倉庫【49坪】,,埼玉県戸田市美女木３丁目11-9,,,3.00,1.00,,1.00,,,164.88,49.87,4411,2025/02/18,"2025/02/18 09:50","2025/02/28 17:46",先物(仲介),,パンダハウス（有）,-,"=""048-447-0112""",空有,"※2025/2/18　広告確認中のためマッチングのみ｜パンダハウス(有)
※2025/2/27 美女木3-11-19",3350031
倉庫,R00176-023527,,,,空,アーカイブ(成約),無,440000,,1階,2003年09月,調布市佐須町1丁目の貸倉庫【43坪】,,東京都調布市佐須町１丁目34-1,,,6.00,1.00,,,,,144.00,43.56,10102,2025/02/27,"2024/11/27 11:38","2025/02/28 17:08",先物(仲介),,株式会社調布みつぎ不動産研究所,-,"=""042-481-1211""",空有,"・1階一区画貸し
※2024/11/27　マイソク自社HPのみ掲載可物件｜(株)調布みつぎ不動産研究所",1820016
倉庫,R00176-023451,,,,使用中,アーカイブ(成約),無,11810000,,階,1973年03月,江東区千石1丁目の貸倉庫【2697坪】,,東京都江東区千石１丁目12-5,,,6.00,1.00,,,,3055.54,8917.39,2697.51,4379,2025/01/06,"2024/11/14 10:00","2025/02/28 16:54",先物(仲介),,ディールエージェント株式会社,-,"=""03-3263-7180""",空有,"※2024/11/20現在　募集中
　　　　　　　　　　現在使用中のため内見に関しては要相談
※売買不可
※ディールエージェントのサブリース予定物件とのこと
　（テナントが決まったら借り上げるそうです）
",1350015
店舗(建物一括),R00176-023717,,,,空,アーカイブ(成約),無,660000,,階,1988年07月,秦野市下落合の貸店舗【217坪】,,神奈川県秦野市下落合454-1,,,,,3.00,,0.50,1139.73,720.00,217.8,3031,2025/01/15,"2025/01/15 11:24","2025/02/28 16:13",先物(仲介),,関東開発（株）,-,"=""0463-81-3643""",空有,,2570026
倉庫,R00176-023868,,,,空,アーカイブ(成約),無,242000,,1階,1971年04月,草加市松江6丁目の貸倉庫【29坪】,,埼玉県草加市松江６丁目9-9,,,2.00,1.00,,,1.00,330.00,99.00,29.94,8081,2025/02/28,"2025/02/10 09:49","2025/02/28 10:49",先物(仲介),,（株）アドバンス,-,"=""048-935-6101""",空有,"2025.2.10　1番手申込み有。
・1階部分",3400013
倉庫,R00176-023138,,,,空,アーカイブ(成約),無,341000,,1階,1971年12月,板橋区小茂根2丁目の貸倉庫【40坪】,,東京都板橋区小茂根２丁目5-15,,,,1.00,6.00,,1.00,,133.20,40.29,8464,2025/01/21,"2024/09/10 12:28","2025/02/27 18:23",先物(仲介),,（株）タープ不動産,-,"=""03-5844-6300""",,,1730037
工場,R00176-023530,,,,空,アーカイブ(成約),無,275000,,階,1986年12月,川口市大字安行原の貸工場【49坪】,,埼玉県川口市大字安行原660-4,3000,,2.00,1.00,,,,,165.00,49.91,5510,2025/02/27,"2024/11/28 09:25","2025/02/27 17:00",先物(仲介),,（株）山下五島総業,-,"=""048-284-6410""",,"・奥側
※2024/11/28　広告確認中のためマッチングのみ｜(株)山下五島総業",3340057
貸地,R00176-023122,,,,その他,アーカイブ(成約),無,619700,,階,-,和光市新倉３丁目の貸地【313坪】,,埼玉県和光市新倉３丁目2070-1,,,3.00,2.00,,,0.50,1036.00,,313.39,1978,2025/02/27,"2024/09/09 10:36","2025/02/27 16:59",先物(仲介),,株式会社リゾン　アパマンショップ和光店,-,"=""048-469-5211""",,,3510115
倉庫,R00176-023438,,,,空,アーカイブ(成約),無,350000,,階,2017年08月,東京都足立区千住東１丁目の貸倉庫【49坪】,,東京都足立区千住東１丁目11-12,,,,1.00,1.00,,,,165.00,49.91,7013,2025/01/16,"2024/11/12 14:55","2025/02/27 16:56",先物(仲介),,株式会社ＣＬＣコーポレーション北千住店,-,"=""03-3888-5701""",,,1200025
貸地,R00176-023097,,,,更地,アーカイブ(成約),無,250000,,階,-,川越市中台南2丁目の貸地【348坪】,,埼玉県川越市中台南２丁目16-5,5000,,3.00,1.00,,,1.00,1151.00,,348.17,719,2025/01/27,"2024/09/03 10:16","2025/02/27 16:49",先物(仲介),,八千代開発（株）,-,"=""049-244-3339""",,"・住所：中台南2丁目16-5、16-6
※2024/9/3　広告確認中のためマッチングのみ｜?千代開発（株）",3501150
倉庫,R00176-023491,,,,空,アーカイブ(成約),無,500000,,階,1989年01月,幸手市大字神明内の貸倉庫【183坪】,,埼玉県幸手市大字神明内925,,,1000000,500000,,,1.00,990.00,606.74,183.53,2725,2025/02/27,"2024/11/22 09:28","2025/02/27 16:46",先物(仲介),,（株）TerraHome’s,-,"=""03-3527-9688""",空有,,3400122
倉庫,R00176-023588,,,,使用中,アーカイブ(成約),無,385000,,階,1999年10月,坂戸市大字塚越の貸倉庫【86坪】,,埼玉県坂戸市大字塚越926-3,,,3.00,1.00,,,1.00,659.32,287.21,86.88,4432,2025/02/27,"2024/12/09 09:50","2025/02/27 16:44",先物(仲介),,（株）長太郎不動産　若葉駅前店,-,"=""049-280-0002""",空有,,3500209
倉庫,R00176-023783,,,,使用中,アーカイブ(成約),無,715000,,階,1993年04月,所沢市東所沢和田１丁目の貸倉庫【150坪】,,埼玉県所沢市東所沢和田１丁目30-1,,,4.00,1.00,,,,913.00,495.90,150,4767,2025/02/27,"2025/01/27 10:04","2025/02/27 16:39",先物(仲介),,共同流通株式会社,-,"=""049-247-4311""",空有,,3590023
倉庫,R00176-023795,,,,空,アーカイブ(成約),無,215000,,階,1993年06月,三郷市仁蔵の貸倉庫【68坪】,,埼玉県三郷市仁蔵285,3000,,2.00,1.00,,,1.00,225.40,225.40,68.18,3154,2025/02/27,"2025/01/28 10:14","2025/02/27 16:38",先物(仲介),,飯島設計株式会社　資産管理部,-,"=""048-983-1110""",空有,"・住所：仁蔵285、286（北側）
※2025/1/28　広告確認中のためマッチングのみ｜飯島設計（株）",3410023
倉庫,R00176-023758,,,,空,アーカイブ(成約),無,330000,,階,1997年12月,川口市上青木6丁目の貸倉庫【49坪】,,埼玉県川口市上青木６丁目37-20,,,4.00,2.00,,,1.00,183.56,162.92,49.28,6696,2025/02/27,"2025/01/21 10:25","2025/02/27 16:37",先物(仲介),,株式会社ビーズ,-,"=""048-263-2882""",空有,2025/01　A宮本さん　申込,3330844
店舗(建物一部),R00176-023567,,,,空,アーカイブ(成約),無,660000,,階,1981年02月,千代田区東神田1丁目の貸店舗【38坪】,,東京都千代田区東神田１丁目11-7,99000,,,,6.00,,1.50,,128.59,38.89,16968,2025/01/15,"2024/12/03 11:35","2025/02/27 14:55",先物(仲介),,株式会社アルケミスト,-,"=""03-6403-4983""",,"・102号室メゾネットタイプ
※2024/12/3　広告確認中のためマッチングのみ｜(株)アルケミスト",1010031
店舗(建物一括),R00176-023525,,,,使用中,アーカイブ(成約),無,1155000,,階,2001年12月,立川市若葉町3丁目の貸店舗【80坪】,,東京都立川市若葉町３丁目35-1,,,6.00,1.00,,,1.00,,266.44,80.59,14331,2025/01/20,"2024/11/27 11:13","2025/02/27 14:53",先物(仲介),,神奈川中央住宅（株）,-,"=""045-941-1000""",空有,※2024/11/27　at-home転載可物件｜神奈川中央住宅(株),1900001
店舗(建物一部),R00176-023470,,,,空,アーカイブ(成約),無,1100000,,1階,2006年03月,江東区亀戸1丁目の貸店舗【41坪】,,東京都江東区亀戸１丁目40-5,,,6.00,,,,1.00,,138.50,41.89,26256,2025/01/20,"2024/11/18 10:48","2025/02/27 14:49",先物(仲介),,株式会社エムズリンク?営業部,-,"=""03-5821-5080""",,,1360071
店舗事務所(建物一部),R00176-023546,,,,使用中,アーカイブ(成約),無,396000,,1階,1980年09月,世田谷区赤堤2丁目の貸店舗・事務所【28坪】,,東京都世田谷区赤堤２丁目12-5,,,,1.00,3600000,,1.25,,93.55,28.29,13994,2025/01/20,"2024/11/29 11:18","2025/02/27 14:37",先物(仲介),,（株）アドマイアー,-,"=""03-5204-1031""",,"・1階一部
※2024/11/29　マイソク広告掲載可記載あり｜(株)アドマイアー",1560044
倉庫,R00176-023133,,,,使用中,保留,無,52520000,,階,2019年10月,川口市領家4丁目の貸倉庫【4624坪】,,埼玉県川口市領家４丁目9-37,,,4.00,1.00,,,,28139.12,15286.45,4624.15,11358,2024/09/10,"2024/09/10 11:03","2025/02/26 17:28",先物(仲介),,（株）ナカノ商会,-,"=""03-5667-8877""",空有,"※情報が不十分なため公開NG※
・1-2階（AB区画）
所在地：領家4丁目3342番1、7、8",3320004
貸地,R00176-023503,,,,更地,保留,無,300000,,階,-,川口市大字小谷場の貸地【362坪】,,埼玉県川口市大字小谷場6948-14,,,2.00,1.00,,,0.50,1198.00,,362.39,828,2024/11/25,"2024/11/25 11:09","2025/02/26 17:21",先物(仲介),,（株）浅野不動産,-,"=""048-266-1682""",,,3330857
倉庫,R00176-023842,,,,使用中,アーカイブ(成約),無,269000,,階,1988年04月,三郷市栄5丁目の貸倉庫【59坪】,,埼玉県三郷市栄５丁目220,,,2.00,1.00,,,,330.00,197.78,59.82,4497,2025/02/04,"2025/02/04 15:35","2025/02/26 15:30",先物(仲介),,（有）ティーケーホーム　,-,"=""048-927-6616""",空有,"2025/02/26　申込み有（審査通りました）
※2025/2/4　マイソク広告掲載可物件｜(有)ティーケーホーム",3410043
店舗事務所(建物一部),R00176-023812,,,,,アーカイブ(成約),無,319000,,1階,1978年01月,四街道市大日の貸店舗・事務所【28坪】,,千葉県四街道市大日322-7,11000,,,,2.00,,,,95.84,28.99,11004,2025/02/25,"2025/01/29 10:48","2025/02/26 11:50",先物(仲介),,（株）ミカミ恒産,-,"=""043-421-1111""",,"・104号室
※2025/1/29　マイソク転載可物件｜(株)ミカミ恒産

※2025/2/25　賃料264,000　貸出し部分の区画変更",2840001
貸地,R00176-023817,,,,更地,アーカイブ(成約),無,330000,,階,-,市川市塩浜2丁目の貸地【99坪】,,千葉県市川市塩浜２丁目15-3,,,3.00,1.00,,,,330.00,,99.82,3306,2025/02/06,"2025/02/03 10:11","2025/02/26 11:47",先物(仲介),,有限会社スペースハウジング,-,"=""047-495-1688""",,"2025/02/27　山崎さん契約
2025/2/5　物確時→申込あり。2番手可。
　　　　　 ただし契約期間が1年となっているので確認しておいてください、とのこと。",2720127
店舗(建物一部),R00176-023736,,,,空,アーカイブ(成約),無,440000,,階,1990年04月,柏市中央2丁目の貸店舗【40坪】,,千葉県柏市中央２丁目2-18,,55000,,1.00,6.00,,1.00,,133.68,40.43,10881,2025/02/25,"2025/01/16 10:54","2025/02/26 11:46",先物(仲介),,（株）第一住建,-,"=""03-6459-2180""",無,"・101、102
・最新の空室確認と案内鍵はATBBで確認ください、とのこと
　条件の相談のみご担当：神谷様｜080-7440-3231｜(株)第一住建
※2025/1/16　レインズ・at-home転載可物件

※2025/2/25　募集終了、新たに201、205の募集あり（賃料385,000）",2770023
工場,R00176-023760,,,,空,アーカイブ(成約),無,1100000,,階,1968年07月,横浜市鶴見区寛政町の貸工場【174坪】,,神奈川県横浜市鶴見区寛政町19-19,,,,1.00,3.00,,,,578.20,174.9,6290,2025/01/21,"2025/01/21 10:52","2025/02/26 11:03",先物(仲介),,（株）エイブル　東日本テナント営業部,-,"=""03-5414-0650""",,,2300034
貸地,R00176-023108,,,,古家付,アーカイブ(成約),無,822800,,階,-,愛甲郡愛川町角田の貸地【680坪】,,神奈川県愛甲郡愛川町角田230-1,,,3.00,1.00,,,,2247.94,,680,1210,2025/01/16,"2024/09/05 09:44","2025/02/26 10:57",先物(仲介),,株式会社ライズ,-,"=""042-741-5820""",,・住所：角田230-1、231-1、231-2の一部,2430301
貸地,R00176-023660,,,,古家付,アーカイブ(成約),無,2000000,,階,-,横須賀市長沢5丁目の貸地【867坪】,,神奈川県横須賀市長沢５丁目5,,,,1.00,4.00,,,2867.00,,867.26,2307,2025/01/31,"2024/12/26 09:44","2025/02/26 09:06",先物(仲介),,（株）アップルハウス,-,"=""046-825-8400""",,"・A区画
・住所：長沢5丁目5-5
※2024/12/26　広告確認中のためマッチングのみ｜アップルハウス",2390842
倉庫,R00176-023446,,,,使用中,アーカイブ(成約),無,1355000,,階,1995年03月,昭島市つつじが丘1丁?の貸倉庫【222坪】,,東京都昭島市つつじが丘１丁目267-5,,,4.00,1.00,,,,1314.00,735.00,222.33,6095,2025/02/25,"2024/11/13 15:53","2025/02/25 17:42",先物(仲介),,共同流通株式会社,-,"=""092-247-4311""",空有,2024.11.29　内覧可能。前テナント　ヤマト運輸。40ftは現地確認必須。,1960012
倉庫,R00176-023608,,,,空,アーカイブ(成約),無,380000,,階,1989年03月,白岡市西1丁目の貸倉庫【111坪】,,埼玉県白岡市西１丁目7-6,,,,1.00,3.00,,1.00,307.03,367.20,111.07,3422,2025/02/25,"2024/12/12 10:49","2025/02/25 17:38",先物(仲介),,（株）タープ不動産,-,"=""03-5844-6300""",空有,,3490205
工場,R00176-023431,,,,空,アーカイブ(成約),無,275000,,階,1989年01月,比企郡鳩山町大字熊井の貸工場【176坪】,,埼玉県比企郡鳩山町大字熊井70-2,,,,,250000,,1.00,681.28,584.43,176.79,1556,2025/02/25,"2024/11/11 14:02","2025/02/25 17:33",先物(仲介),,株式会社恩田商店,-,"=""049-281-0638""",空有,,3500303
店舗(建物一部),R00176-023209,,,,空,アーカイブ(成約),無,1650000,,階,1995年11月,さいたま市北区東大成町の貸店舗【84坪】,,埼玉県さいたま市北区東大成町１丁目587,,,4.00,1.00,,,,642.96,278.29,84.18,19601,2025/02/25,"2024/09/26 12:28","2025/02/25 17:25",先物(仲介),,■三光物産株式会社,-,"=""049-226-3535""",空有,・1-2階部分,3310814
工場,R00176-023448,,,,空,アーカイブ(成約),無,750000,,階,1987年01月,神奈川県横浜市金沢区福浦町2丁目の貸工場【97坪】,,神奈川県横浜市金沢区福浦２丁目18-13,,,,1.00,5.00,,1.00,500.06,323.21,97.77,7671,2025/02/25,"2024/11/13 16:25","2025/02/25 17:10",先物(仲介),,富士ハウジング（株）,-,"=""046-835-5100""",空有,2025.1.10　申込み1件あり。2番手もいるが受付は可。,2360004
倉庫,R00176-023858,,,,使用中,アーカイブ(成約),無,594000,,階,1978年09月,戸田市笹目8丁目の貸倉庫【95坪】,,埼玉県戸田市笹目８丁目4-4,,,1.00,1.00,,,,,313.74,94.9,6259,2025/02/25,"2025/02/07 10:04","2025/02/25 16:39",先物(仲介),,（株）平和不動産※広告NG業者,-,"=""048-446-1000""",空有,※広告不可業者のためマッチングのみ｜(株)平和不動産,3350034
倉庫,R00176-022957,,,,使用中,アーカイブ(成約),無,2630000,,階,-,柏市高田の貸倉庫【568坪】,,千葉県柏市高田1099-5,,,6.00,1.00,1.00,,,,1879.34,568.5,4627,2025/01/27,"2024/08/01 10:37","2025/02/25 15:43",先物(仲介),,（株）ナカノ商会,連絡先：047-711-4317,"=""03-5667-8877""",,"2024.10.2　内覧可能
担当たざき様080-4733-2487",2770861
工場,R00176-023721,,,,空,アーカイブ(成約),無,456500,,1階,1984年09月,大田区矢口2丁目の貸工場【35坪】,,東京都大田区矢口２丁目28-19,,,1245000,456500,,,1.00,,117.25,35.46,12871,2025/01/15,"2025/01/15 12:12","2025/02/25 14:08",先物(仲介),,梓不動産（株）,-,"=""03-3759-0671""",空有,,1460093
貸地,R00176-023814,,,,更地,アーカイブ(成約),無,200000,,階,-,草加市谷塚上町の貸地【134坪】,,埼玉県草加市谷塚上町90-5,,,2.00,1.00,,,,443.29,,134.09,1492,2025/02/18,"2025/01/31 10:58","2025/02/25 13:58",先物(仲介),,（有）大和不動産,-,"=""048-921-7878""",,■2025/02/18物確：申込有、契約に進む予定,3400024
倉庫,R00176-023626,,,,空,アーカイブ(成約),無,370000,,1階,1989年01月,江戸川区新堀2丁目の貸倉庫【39坪】,,東京都江戸川区新堀２丁目13-7,,,,740000,740000,,1.00,,131.89,39.89,9274,2025/02/25,"2024/12/17 11:41","2025/02/25 13:39",先物(仲介),,ネットベーシック（株）,シ,"=""080-7237-8624""",空有,"・1階部分
※2024/12/17　レインズ広告可物件｜ネットベーシック（株）",1320001
倉庫,R00176-023395,,,,空,アーカイブ(成約),無,308000,,階,1975年09月,松戸市馬橋の貸倉庫【60坪】,,千葉県松戸市馬橋2409-1,,,3.00,1.00,,1.00,,,200.00,60.5,5091,2025/01/27,"2024/11/01 11:55","2025/02/25 13:25",先物(仲介),,九重産業（株）,-,"=""043-304-6891""",,"・元寮
※2024/11/1　at-home転載可物件｜九重産業（株）",2710051
倉庫,R00176-023772,,,,使用中,アーカイブ(成約),無,400000,,階,2006年03月,久喜市樋ノ口の貸倉庫【100坪】,,埼玉県久喜市樋ノ口947-2,,,,1.00,5.00,,1.00,575.00,333.00,100.73,3971,2025/01/22,"2025/01/22 10:57","2025/02/25 12:27",先物(仲介),,武蔵屋ハウス株式会社,-,"=""048-686-1611""",空有,"2025/02/25　山崎さん契約
2025.1.22　シャッター高おおよそ4M、大型車は寸法見て欲しいとのこと。内覧は1末退去の為、2月に問合せ下さいとのこと。担当とびた様


【所在地】久喜市樋ノ口字川棚947-2
※2025/1/22　広告確認中のためマッチングのみ｜武蔵屋ハウス（株）",3460025
貸地,R00176-023362,,,,更地,アーカイブ(成約),無,480000,,階,-,野田市木間ケ瀬の貸地【1194坪】,,千葉県野田市木間ケ瀬3052-7,,,2.00,1.00,,,,3950.00,,1194.87,402,2025/01/14,"2024/10/25 10:52","2025/02/25 11:04",先物(仲介),,株式会社サンペイ,-,"=""048-953-9283""",,,2700222
店舗事務所(建物一部),R00176-023146,,,,空,アーカイブ(成約),無,1870000,,階,1995年04月,江東区富岡1丁目の貸店舗・事務所【79坪】,,東京都江東区富岡１丁目9-9,,,5.00,2.00,,,1.00,,261.88,79.21,23606,2025/01/16,"2024/09/12 10:50","2025/02/25 11:01",先物(仲介),,株式会社アースウィンド日本橋店　リーシング事業部,神谷隆成,"=""03-5623-1666""",,・1-５階一括貸出,1350047
倉庫,R00176-023494,,,,空,アーカイブ(成約),無,380000,,階,1991年04月,八王子市大和田町1丁目の貸倉庫【70坪】,,東京都八王子市大和田町１丁目18-13,,,,380000,1140000,,,,233.90,70.75,5371,2025/01/16,"2024/11/22 10:16","2025/02/25 10:44",先物(仲介),,山一商事株式会社,-,"=""042-644-3737""",無,※2024/11/22　広告確認中のためマッチングのみ｜山一商事（株）,1920045
貸地,R00176-023909,,,,更地,アーカイブ(成約),無,619200,,階,-,横浜市保土ケ谷区峰沢町の貸地【308坪】,,神奈川県横浜市保土ケ谷区峰沢町105-6,,,3.00,2.00,,,,1021.08,,308.87,2005,2025/02/21,"2025/02/17 11:50","2025/02/21 18:08",先物(仲介),,（株）アイ・エヌ・ティー,-,"=""045-488-3133""",,"枝番：105-6-B
※2025/2/17　広告確認中のためマッチングのみ｜(株)アイ・エヌ・ティー",2400061
貸地,R00176-023376,,,,更地,アーカイブ(成約),無,220000,,階,-,鶴ヶ島市大字高倉の貸地【408坪】,,埼玉県鶴ヶ島市大字高倉90-1,,,2.00,2.00,,,,1350.00,,408.37,539,2025/02/21,"2024/10/29 11:14","2025/02/21 17:43",先物(仲介),,■三光物産株式会社,-,"=""049-226-3535""",,"【所在地】埼玉県鶴ヶ島市大字高倉90-1,90-4",3502223
店舗事務所(建物一括),R00176-023502,,,,空,アーカイブ(成約),無,400000,,階,2011年03月,青梅市千ヶ瀬町6丁目の貸店舗・事務所【64坪】,,東京都青梅市千ヶ瀬町６丁目797-1,,,,,3.00,,1.00,,212.88,64.39,6212,2025/02/21,"2024/11/25 10:57","2025/02/21 15:06",先物(仲介),,株式会社フロンティアホーム,-,"=""04-2929-2231""",空有,※2024/11/25　at-home広告可物件｜(株)フロンティアホーム,1980043
倉庫,R00176-023070,,,,空,アーカイブ(成約),無,300000,,1階,1984年10月,松戸市新作の貸倉庫【46坪】,,千葉県松戸市新作641-2,,,,1.00,6.00,,1.00,,154.86,46.84,6405,2025/01/20,"2024/08/27 12:03","2025/02/21 13:14",先物(仲介),,（株）ミヤザワホームズ,-,"=""047-368-1515""",空有,・1階部分,2710052
貸地,R00176-023680,,,,更地,アーカイブ(成約),無,440000,,階,-,松戸市大橋の貸地【383坪】,,千葉県松戸市大橋222,,,,,,,,1269.00,,383.87,1147,2025/02/21,"2025/01/07 11:19","2025/02/21 12:52",先物(仲介),,（有）リードソリューション,-,"=""047-312-8887""",,※2025/1/7　広告確認中のためマッチングのみ｜(有)リードソリューション,2702224
貸地,R00176-023622,,,,更地,アーカイブ(成約),無,320000,,階,-,白井市平塚の貸地【533坪】,,千葉県白井市平塚2589-1,,,,1.00,3.00,,,1765.00,,533.91,600,2025/01/17,"2024/12/17 10:50","2025/02/21 12:33",先物(仲介),,（株）橋本産業,-,"=""047-491-0311""",,,2701402
倉庫,R00176-023413,,,,使用中,アーカイブ(成約),無,2571506,,階,1971年06月,三郷市上彦名の貸倉庫【497坪】,,埼玉県三郷市上彦名54-1,8708,,,1.00,4.00,,,2272.53,1644.31,497.4,5170,2025/02/21,"2024/11/07 10:48","2025/02/21 12:17",先物(仲介),,株式会社拓洋,-,"=""048-995-4147""",空有,,3410004
倉庫,R00176-023625,,,,空,アーカイブ(成約),無,330000,,階,1982年09月,幸手市北3丁目の貸倉庫【98坪】,,埼玉県幸手市北３丁目10-22,,,2.00,1.00,,,1.00,,326.62,98.8,3340,2025/02/21,"2024/12/17 11:37","2025/02/21 12:16",先物(仲介),,三陽不動産株式会社,-,"=""0480-42-4485""",空有,,3400111
倉庫,R00176-023718,,,,空,アーカイブ(成約),無,330000,,階,1988年06月,草加市瀬崎4丁目の貸倉庫【135坪】,,埼玉県草加市瀬崎４丁目5-37,11000,,2.00,1.00,,,,,448.78,135.75,2431,2025/02/21,"2025/01/15 11:28","2025/02/21 11:51",先物(仲介),,（株）ジロベー不動産,-,"=""048-995-3493""",,,3400022
貸地,R00176-023616,,,,更地,アーカイブ(成約),無,825000,,階,-,戸田市新曽南3丁目の貸地【299坪】,,埼玉県戸田市新曽南３丁目6895-1,,,,1.00,2.00,,1.00,989.00,,299.17,2758,2025/02/21,"2024/12/16 10:25","2025/02/21 11:50",先物(仲介),,シャインサービス株式会社,-,"=""048-826-5711""",,※2024/12/16　レインズから消えているため公開保留中,3350026
倉庫,R00176-023017,,,,空,アーカイブ(成約),無,253000,,階,1988年10月,三郷市幸房の貸倉庫【47坪】,,埼玉県三郷市幸房596-1,,,690000,,,,,561.09,155.52,47.04,5378,2025/02/21,"2024/08/20 11:56","2025/02/21 11:48",先物(仲介),,"さいかつ農業協同組合 資産管理部 資産管理課 本店",-,"=""048-952-2104""",,20241223　日本国籍以外不可,3410026
倉庫,R00176-023531,,,,居住中,アーカイブ(成約),無,264000,,階,2020年10月,川口市東川口5丁目の貸倉庫【25坪】,,埼玉県川口市東川口５丁目7-7,,,3.00,2.00,,,1.00,,84.16,25.45,10370,2025/02/21,"2024/11/28 09:49","2025/02/21 11:41",先物(仲介),,アズ企画設計,-,"=""050-3138-4653""",空有,※倉庫使用限定,3330801
貸地,R00176-023602,,,,更地,アーカイブ(成約),無,261000,,階,-,鶴ヶ島市大字三ツ木の貸地【261坪】,,埼玉県鶴ヶ島市大字三ツ木885,,,3.00,1.00,,,,865.71,,261.87,997,2025/02/21,"2024/12/11 14:31","2025/02/21 11:36",先物(仲介),,（株）アクセス＆プロパティーズ,-,"=""048-658-4800""",,"※物確NG　レインズ掲載中は募集中とのこと
※2024/12/11　広告不可のためマッチングのみ｜(株)アクセス＆プロパティーズ
【グーグルマップ】鶴ヶ島市大字三ツ木855-1の斜め向かい
【所在地】埼玉県鶴ヶ島市大字三ツ木876,885
",3502217
倉庫,R00176-023157,,,,使用中,アーカイブ(成約),無,7150000,,階,1981年12月,船橋市西浦2丁目の貸倉庫【1322坪】,,千葉県船橋市西浦２丁目8-6,,,4.00,1.00,,,,2295.68,4371.00,1322.22,5408,2025/01/27,"2024/09/17 10:27","2025/02/20 15:02",先物(仲介),,共同流通株式会社,-,"=""049-247-4311""",空有,,2730017
倉庫,R00176-023294,,,,空,アーカイブ(成約),無,1681205,,階,1989年10月,厚木市酒井の貸倉庫【318坪】,,神奈川県厚木市酒井3192,68200,,4.00,1.00,,,,1206.14,1052.60,318.41,5280,2025/01/10,"2024/10/15 11:08","2025/02/20 14:23",先物(仲介),,株式会社シーアールイ―,-,"=""03-5572-6604""",,,2430022
貸地,R00176-023493,,,,更地,アーカイブ(成約),無,320000,,階,-,柏市大青田の貸地【274坪】,,千葉県柏市大青田1237-4,,,,1.00,4.00,,1.00,909.00,,274.97,1164,2025/02/20,"2024/11/22 09:48","2025/02/20 11:05",先物(仲介),,株式会社イコム,-,"=""048-799-3200""",,"※コンビニ跡地の駐車場のみ
2024.11.22　店舗利用の場合：賃料44万円　利用時間の規定は特に厳しく言われていない為、運送業でも問題なし。
担当アベ様080-7192-4853
・店舗付き募集→R00176-023659

※2025/2/20　店舗付きのみ募集",2770805
倉庫,R00176-023687,,,,空,アーカイブ(成約),無,297000,,階,1977年11月,越谷市七左町4丁目の貸倉庫【40坪】,,埼玉県越谷市七左町４丁目211-1,,,,1.00,3.00,,0.50,,132.80,40.17,7394,2025/02/14,"2025/01/09 09:55","2025/02/19 13:26",先物(仲介),,有限会社丸富開発,-,"=""048-966-4554""",空有,,3430851
倉庫,R00176-023635,,,,使用中,アーカイブ(成約),無,330000,,階,1997年06月,さいたま市岩槻区大字掛の貸倉庫【136坪】,,埼玉県さいたま市岩槻区大字掛151-4,,,,3.00,5.00,,1.00,408.53,452.28,136.81,2413,2025/02/13,"2024/12/19 10:37","2025/02/19 12:26",先物(仲介),,有限会社丸益商事　岩槻支店,-,"=""048-797-8031""",空有,"【所在地】埼玉県さいたま市岩槻区大字掛151-4,148-1
",3390078
貸地,R00176-023593,,,,更地,アーカイブ(成約),無,550000,,階,-,横浜市泉区上飯田町の貸地【299坪】,,神奈川県横浜市泉区上飯田町3929-1,,,,2.00,3.00,,1.00,991.73,,299.99,1834,2025/01/10,"2024/12/10 10:32","2025/02/17 17:04",先物(仲介),,株式会社加瀬テナントサービス,-,"=""045-534-8232""",,・上飯田町3929-1の一部,2450018
貸地,R00176-023710,,,,更地,アーカイブ(成約),無,385000,,階,-,横浜市泉区上飯田町の貸地【305坪】,,神奈川県横浜市泉区上飯田町2438-2,,,,2.00,2.00,,1.00,1011.00,,305.82,1259,2025/01/14,"2025/01/14 11:30","2025/02/17 17:04",先物(仲介),,萩原企業株式会社,-,"=""045-804-1188""",,"・住所：上飯田町2438-2、2444-2
※2025/1/14　広告確認中のためマッチングのみ｜萩原企業（株）",2450018
貸地,R00176-023341,,,,更地,アーカイブ(成約),無,990000,,階,-,横浜市保土ケ谷区峰沢町の貸地【664坪】,,神奈川県横浜市保土ケ谷区峰沢町105-6,,,2.00,1.00,,,1.00,2198.12,,664.93,1489,2025/01/31,"2024/10/22 10:14","2025/02/17 16:43",先物(仲介),,（株）アイ・エヌ・ティー,-,"=""045-488-3133""",,,2400061
貸地,R00176-023409,,,,更地,アーカイブ(成約),無,3128400,,階,-,横浜市鶴見区梶山1丁目の貸地【1580坪】,,神奈川県横浜市鶴見区梶山１丁目,,,,2.00,3.00,,0.50,5224.97,,1580.55,1980,2025/01/06,"2024/11/07 10:16","2025/02/17 16:34",先物(仲介),,株式会社加瀬テナントサービス,-,"=""045-534-8232""",,・地番：梶山1丁目1002他（住所は梶山1丁目25付近）,2300072
倉庫,R00176-023550,,,,使用中,アーカイブ(成約),無,1383740,,階,1974年11月,藤沢市桐原町の貸倉庫【193坪】,,神奈川県藤沢市桐原町3,,,6.00,1.00,,,,,639.77,193.53,7150,2025/01/31,"2024/11/29 12:56","2025/02/14 17:19",自社,一般媒介,株式会社センチュリーダイソー,小林,"=""03-6441-2258""",,"■2024/11/29　一般媒介物件｜担当：小林（（株）サン・エキスプレス様）
　藤沢事業所　第4倉庫　1階／B区画",2520811
倉庫,R00176-023551,,,,使用中,アーカイブ(成約),無,1311453,,階,1974年11月,藤沢市桐原町の貸倉庫【183坪】,,神奈川県藤沢市桐原町3,,,6.00,1.00,,,,,606.35,183.42,7150,2025/01/31,"2024/11/29 16:10","2025/02/14 17:19",自社,一般媒介,株式会社センチュリーダイソー,小林,"=""03-6441-2258""",,"■2024/11/29　掲載依頼物件｜担当：小林（（株）サン・エキスプレス様）
　藤沢事業所　第4倉庫　1階／C区画",2520811
工場,R00176-023273,,,,使用中,アーカイブ(成約),無,1200000,,階,2004年10月,所沢市大字下富の貸工場【323坪】,,埼玉県所沢市大字下富字霞ヶ台130-1,,,6.00,1.00,,,,2455.43,1069.98,323.66,3708,2025/01/21,"2024/10/09 11:03","2025/02/14 17:16",自社,一般媒介,株式会社センチュリーダイソー,-,"=""03-6441-2258""",,"■2024/10/9　一般媒介物件｜担当：小林
　※売買掲載あり｜B00176-001306
・Googleマップ：埼玉県所沢市下富１２９－２

2024.10.10　元食肉加工工場。",3590001
倉庫,R00176-023198,,,,空,アーカイブ(成約),無,253000,,階,1985年12月,三郷市彦野1丁目の貸倉庫【39坪】,,埼玉県三郷市彦野１丁目174-2,,,3.00,1.00,,,1.00,186.48,131.18,39.68,6376,2025/02/14,"2024/09/25 15:25","2025/02/14 15:44",先物(仲介),,株式会社コジマ,-,"=""048-955-5827""",空有,,3410052
倉庫,R00176-023064,,,,居住中,アーカイブ(成約),無,308000,,階,1999年12月,春日部市新川の貸倉庫【57坪】,,埼玉県春日部市新川135,,,3.00,1.00,,,1.00,358.50,190.24,57.54,5353,2025/02/14,"2024/08/27 11:02","2025/02/14 15:43",先物(仲介),,株式会社クリアマインド,-,"=""048-945-5470""",,※2024/8/27　at-home転載可物件｜(株)クリアマインド,3440003
倉庫,R00176-023688,,,,空,アーカイブ(成約),無,385000,,階,1991年07月,日高市大字高萩の貸倉庫【128坪】,,埼玉県日高市大字高萩2609-13,,,4.00,2.00,,,1.00,382.15,423.24,128.03,3008,2025/02/14,"2025/01/09 10:06","2025/02/14 15:41",先物(仲介),,■三光物産株式会社,-,"=""049-226-3535""",空有,,3501213
貸地,R00176-023571,,,,その他,アーカイブ(成約),無,600000,,階,-,三郷市前間の貸地【578坪】,,埼玉県三郷市前間179,,,,1.00,1.00,,,1913.00,,578.68,1037,2025/02/14,"2024/12/04 14:15","2025/02/14 14:34",先物(仲介),,有限会社ハウジングサポート,-,"=""048-952-5511""",,"・枝番：179他
※2024/12/4　広告確認中のためマッチングのみ｜(有)ハウジングサポート",3410015
倉庫,R00176-023156,,,,空,アーカイブ(成約),無,1306100,,階,1989年03月,川口市北原台3丁目の貸倉庫【276坪】,,埼玉県川口市北原台３丁目16-37,,,3.00,1.00,,,1.00,,912.92,276.15,4730,2025/02/14,"2024/09/17 10:07","2025/02/14 14:29",先物(仲介),,■株式会社イワキプランニング,-,"=""03-3858-1234""",,,3330815
倉庫,R00176-023696,,,,空,アーカイブ(成約),無,275000,,階,1992年01月,草加市青柳8丁目の貸倉庫【36坪】,,埼玉県草加市青柳８丁目28-11,,,3.00,1.00,,,,511.00,119.23,36.06,7625,2025/02/14,"2025/01/10 10:34","2025/02/14 14:25",先物(仲介),,株式会社藤井商事,-,"=""048-995-8692""",空有,※2025/1/10　レインズ広告可物件｜(株)藤井商事,3400002
貸地,R00176-023689,,,,更地,アーカイブ(成約),無,320000,,階,-,入間市大字二本木の貸地【396坪】,,埼玉県入間市大字二本木1192-1,,,2.00,1.00,,,1.00,1311.00,,396.57,807,2025/02/14,"2025/01/09 10:33","2025/02/14 14:24",先物(仲介),,有限会社長武商事,-,"=""04-2934-5060""",,【所在地】埼玉県入間市大字二本木1192-1　他2筆,3580015
工場,R00176-022985,,,,使用中,アーカイブ(成約),無,680000,,階,1994年04月,野田市東高野の貸工場【277坪】,,千葉県野田市東高野55,22000,,2.00,1.00,,,1.00,1823.00,917.04,277.4,2452,2025/01/06,"2024/08/06 11:15","2025/02/14 13:49",先物(仲介),,（株）タカラハウジング,-,"=""048-878-4161""",,2024.8.6　営業担当ナカガワ様　2tクレーン2基あり。井戸水。前面に上水道は引込来ている。,2700211
貸地,R00176-023295,,,,更地,アーカイブ(成約),無,270000,,階,-,和光市下新倉4丁目の貸地【142坪】,,埼玉県和光市下新倉４丁目2284-7,,,3.00,1.00,,,,470.00,,142.17,1900,2025/02/13,"2024/10/15 11:09","2025/02/13 17:21",先物(仲介),,株式会社道玄坂トラスト,-,"=""03-6809-0527""",,"【所在地】和光市下新倉4丁目2284-7,8,9
【カーナビ住所】和光市下新倉4丁目25-5",3510111
貸地,R00176-023603,,,,更地,アーカイブ(成約),無,460000,,階,-,八潮市大瀬4丁目の貸地【304坪】,,埼玉県八潮市大瀬４丁目13-7,,,3.00,1.00,,,,1005.04,,304.02,1514,2025/02/13,"2024/12/11 15:17","2025/02/13 17:19",先物(仲介),,（株）シバ工芸,-,"=""048-998-5678""",,※2024/12/11　広告確認中のためマッチングのみ｜(株)シバ工芸,3400822
倉庫,R00176-023674,,,,,アーカイブ(成約),無,9387543,,3階,2021年03月,草加市松江1丁目の貸倉庫【1499坪】,,埼玉県草加市松江５丁目1-39,,1604127,6.00,1.00,,,,,4958.67,1499.99,6259,2025/02/13,"2025/01/07 09:50","2025/02/13 17:14",先物(仲介),,（株）クワヤマトラスト,-,"=""03-5932-1572""",,,3400013
店舗事務所(建物一部),R00176-023585,,,,空,アーカイブ(成約),無,528000,,地下1階,1967年10月,渋谷区本町6丁目の貸店舗・事務所【27坪】,,東京都渋谷区本町６丁目21-4,33000,,6.00,1.00,,1.00,1.00,,89.27,27,19553,2025/01/15,"2024/12/06 11:01","2025/02/13 14:48",先物(仲介),,(株)コムハウジング一級建築士事務所　初台本店,-,"=""03-3376-4694""",,・地下101号室,1510071
工場,R00176-023263,,,,空,アーカイブ(成約),無,1298000,,階,2003年12月,多摩市和田の貸工場【254坪】,,東京都多摩市和田2008-3,,,,1.10,3.00,,1.10,845.00,840.19,254.15,5108,2025/01/07,"2024/10/07 10:59","2025/02/13 14:44",先物(仲介),,（株）アサヒ地建　,-,"=""046-220-4422""",空有,"※2024/10/7　広告NG業者のためマッチングのみ｜アサヒ地建
※売買あり：B00176-001409",2060001
店舗(建物一括),R00176-023630,,,,空,アーカイブ(成約),無,495000,,階,2013年05月,横浜市泉区和泉町の貸店舗【45坪】,,神奈川県横浜市泉区和泉町963-3,,,6.00,1.00,,,1.00,299.57,148.95,45.05,10986,2025/01/08,"2024/12/18 09:51","2025/02/07 14:51",先物(仲介),,横浜不動産情報株式会社,-,"=""045-314-0314""",,・店舗のみ,2450016
店舗(建物一括),R00176-023632,,,,空,アーカイブ(成約),無,1100000,,階,2013年05月,横浜市泉区和泉町の貸店舗【45坪】,,神奈川県横浜市泉区和泉町963-3,,,6.00,1.00,,,1.00,1634.57,148.95,45.05,24414,2025/01/10,"2024/12/18 10:10","2025/02/07 14:50",先物(仲介),,横浜不動産情報株式会社,-,"=""045-314-0314""",空有,・店舗と土地一括,2450016
貸地,R00176-023631,,,,更地,アーカイブ(成約),無,900000,,階,-,横浜市泉区和泉町の貸地【403坪】,,神奈川県横浜市泉区和泉町963-3,,,6.00,1.00,,,1.00,1335.00,,403.83,2229,2025/01/10,"2024/12/18 10:01","2025/02/07 14:50",先物(仲介),,横浜不動産情報株式会社,-,"=""045-314-0314""",,・土地のみ,2450016
倉庫,R00176-023559,,,,空,アーカイブ(成約),無,594000,,階,1983年11月,相模原市中央区東淵野辺5丁目の貸倉庫【75坪】,,神奈川県相模原市中央区東淵野辺５丁目15-20,,,,1.00,3.00,,1.00,287.42,249.32,75.41,7876,2025/01/17,"2024/12/03 09:51","2025/02/07 14:35",先物(仲介),,（株）ホームリーダー,-,"=""042-758-0666""",空有,,2520203
貸地,R00176-023066,,,,更地,アーカイブ(成約),無,330000,,階,-,相模原市中央区上溝3丁目の貸地【239坪】,,神奈川県相模原市中央区上溝３丁目3719-6,,,3.00,1.00,,,1.00,792.00,,239.58,1378,2025/01/17,"2024/08/27 11:17","2025/02/07 14:18",先物(仲介),,（有）千代田ホーム,-,"=""042-753-3372""",,"・Googleマップ：上溝3丁目2-21（上溝北ふれあい広場）の道路挟んで南側
※2024/8/27　広告確認中のためマッチングのみ｜(有)千代田ホーム

2024/12/13　竹内
現在土地が半分になっていて、道路から見て左側を165,000円で募集中",2520243
倉庫,R00176-023698,,,,居住中,アーカイブ(成約),無,858924,,階,1982年07月,千葉市美浜区新港の貸倉庫【193坪】,,千葉県千葉市美浜区新港121,,,6.00,1.00,,1.00,1.00,1021.00,638.44,193.12,4448,2025/02/06,"2025/01/10 10:58","2025/02/06 18:34",先物(仲介),,スターリンク（株）,-,"=""047-420-0111""",空有,※2025/1/10　広告確認中のためマッチングのみ｜スターリンク（株）,2610002
倉庫,R00176-023326,,,,建築中,保留,無,220000,,階,2025年03月,八潮市大字二丁目の貸倉庫【21坪】,,埼玉県八潮市大字二丁目1141-1,,8800,,1.00,3.00,,1.00,701.34,69.61,21.05,10448,2025/02/06,"2024/10/18 10:09","2025/02/06 15:35",先物(仲介),,オンプラン合同会社,-,"=""048-951-0744""",空有,※2024/10/18　at-home転載可物件｜オンプラン(合),3400811
倉庫,R00176-023839,,,,空,アーカイブ(成約),無,440000,,階,1977年11月,葛飾区立石2丁目の貸倉庫【61坪】,,東京都葛飾区立石２丁目26-7,,,,1.00,3.00,,1.00,,204.00,61.71,7131,2025/02/04,"2025/02/04 13:13","2025/02/06 09:45",先物(仲介),,（株）秋山不動産,-,"=""03-3693-6383""",,"・1-2階部分
※2025/2/4　at-home掲載可物件｜(株)秋山不動産",1240012
倉庫,R00176-023700,,,,空,アーカイブ(成約),無,450000,,地下階,1987年10月,港区南麻布3丁目の貸倉庫【34坪】,,東京都港区南麻布３丁目16-6,,,5.00,1.00,,,1.00,,115.16,34.83,12918,2025/02/04,"2025/01/10 11:22","2025/02/04 18:50",先物(仲介),,（株）きふね,-,"=""03-5792-5460""",,"・地下1-2階部分
※2025/1/10　広告確認中のためマッチングのみ｜(株)きふね

2025/02/04　大森さん物確→今はBIしか募集していない",1060047
倉庫,R00176-023025,,,,空,アーカイブ(成約),無,880000,,階,1988年05月,八潮市大字浮塚の貸倉庫【274坪】,,埼玉県八潮市大字浮塚181-4,55000,,,1.00,6.00,,1.00,,906.16,274.11,3211,2025/02/04,"2024/08/20 14:19","2025/02/04 10:25",先物(仲介),,（有）丸高ハウジング,-,"=""03-3651-6510""",,,3400835
貸地,R00176-023650,,,,更地,アーカイブ(成約),無,358750,,階,-,さいたま市南区内谷4丁目の貸地【143坪】,,埼玉県さいたま市南区内谷４丁目184-1,,,1.00,2.00,,,0.55,475.00,,143.68,2497,2025/02/03,"2024/12/24 13:59","2025/02/03 14:39",先物(仲介),,（株）ｚｅｎハウジング,-,"=""048-421-1710""",,,3360034
倉庫,R00176-022997,,,,使用中,アーカイブ(成約),無,3020000,,階,1974年06月,横浜市金沢区鳥浜町の貸倉庫【365坪】,,神奈川県横浜市金沢区鳥浜町,,,,1.00,3.00,,,1322.15,1209.61,365.9,8254,2024/12/25,"2024/08/09 09:44","2025/01/31 13:47",先物(仲介),,三菱地所リアルエステートサービス（株）横浜支店,-,"=""045-224-1181""",空有,・場所：グーグルマップでは鳥浜町4-8,2360002
倉庫,R00176-023475,,,,空,アーカイブ(成約),無,550000,,階,1976年04月,大田区南六郷1丁目の貸倉庫【52坪】,,東京都大田区南六郷１丁目25-4,,33000,,1.00,2.00,,1.00,,172.10,52.06,10565,2025/01/31,"2024/11/18 12:55","2025/01/31 13:35",先物(仲介),,株式会社シティ・ハウジング?テナントセンター,-,"=""03-3745-0228""",,"・1-2階部分

2025/01/31　物確→分割で2階は決まったそうです。
1階のみ募集中で、賃料：330,000円（税込）、共益費：22,000円（税込）
まだレインズ・at-homeに登録しておらず、マイソクもないそうです。",1440045
倉庫,R00176-023293,,,,空,アーカイブ(成約),無,300000,,階,1997年04月,厚木市上依知の貸倉庫【39坪】,,神奈川県厚木市上依知1310-3,,,,1.00,5.00,,1.00,,131.11,39.66,7565,2024/12/05,"2024/10/15 10:55","2025/01/31 13:32",先物(仲介),,株式会社横浜コミュニティー,-,"=""045-542-3443""",空有,,2430801
店舗(建物一部),R00176-022992,,,,空,アーカイブ(成約),無,880000,,1階,2023年12月,横浜市中区本牧町1丁目の貸店舗【66坪】,,神奈川県横浜市中区本牧町１丁目108,,,,1.00,10.00,,1.00,,218.41,66.06,13320,2024/12/23,"2024/08/07 10:27","2025/01/31 11:43",先物(仲介),,（株）ＴМハウジング,-,"=""045-263-9900""",,,2310806
貸地,R00176-023518,,,,更地,アーカイブ(成約),無,300000,,階,-,平塚市小鍋島の貸地【387坪】,,神奈川県平塚市小鍋島1411-1,,,1000000,1.00,,,,1281.00,,387.5,775,2024/12/23,"2024/11/27 09:38","2025/01/31 11:40",先物(仲介),,（株）中央不動産,-,"=""0463-92-3666""",,※2024/11/27　at-home掲載可物件｜(株)中央不動産,2540004
店舗事務所(建物一部),R00176-023342,,,,使用中,アーカイブ(成約),無,627000,,1階,1993年05月,大和市中央林間8丁目の貸店舗・事務所【50坪】,,神奈川県大和市中央林間８丁目8-13,,31000,,1.00,2500000,,,,167.50,50.66,12375,2024/12/19,"2024/10/22 10:28","2025/01/31 10:05",先物(仲介),,（有）伸洋商事,-,"=""046-256-0070""",空有,,2420007
貸地,R00176-023798,,,,更地,アーカイブ(成約),無,484000,,階,-,横浜市港北区小机町の貸地【209坪】,,神奈川県横浜市港北区小机町584,,,,2.00,3.00,,0.50,694.00,,209.93,2306,2025/01/30,"2025/01/28 11:03","2025/01/30 17:28",先物(仲介),,株式会社加瀬テナントサービス,-,"=""045-534-8232""",,,2220036
倉庫,R00176-023526,,,,使用中,アーカイブ(成約),無,330000,,階,1995年07月,厚木市下川入の貸倉庫【49坪】,,神奈川県厚木市下川入280-1,,,3.00,1.00,,,1.00,697.00,162.00,49,6735,2025/01/10,"2024/11/27 11:28","2025/01/29 16:13",先物(仲介),,厚?倉庫株式会社,-,"=""046-233-5111""",空有,2025.1.10　10ｔ搬入可,2430206
店舗(建物一部),R00176-023086,,,,使用中,アーカイブ(成約),無,1980000,,1階,2006年07月,八千代市大和田新田の貸店舗【148坪】,,千葉県八千代市大和田新田962-17,,66000,5.00,1.00,,,1.10,,492.31,148.92,13296,2024/12/02,"2024/08/30 11:43","2025/01/28 16:13",先物(仲介),,高松エステート（株）八千代中央営業所,-,"=""047-487-8101""",空有,"※2024/8/30　at-home転載可物件｜?松エステート株式会社 ?千代中央営業所",2760046
倉庫,R00176-023612,,,,空,アーカイブ(成約),無,350000,,階,1989年01月,白井市木の貸倉庫【13坪】,,千葉県白井市木825,,,3.00,1.00,,,1.00,1180.00,43.88,13.27,26368,2024/12/13,"2024/12/13 10:05","2025/01/28 15:42",先物(仲介),,ゼクス株式会社,-,"=""047-468-8685""",空有,,2701437
倉庫,R00176-023378,,,,空,アーカイブ(成約),無,2772000,,階,1990年01月,柏市小青田の貸倉庫【599坪】,,千葉県柏市小青田19-1,,,,1.00,3.00,,,,1983.47,599.99,4621,2024/12/02,"2024/10/29 11:23","2025/01/27 16:46",先物(仲介),,（有）タマ・ロジスティックス,高橋育未：090-1256-0207,"=""0428-78-4736""",空有,,2770803
店舗事務所(建物一部),R00176-023125,,,,空,アーカイブ(成約),無,450000,,1階,1984年08月,柏市柏3丁目の貸店舗・事務所【25坪】,,千葉県柏市柏３丁目8-11,,16500,,1.00,6.00,,1.00,,85.56,25.88,17387,2024/12/02,"2024/09/09 11:26","2025/01/27 16:45",先物(仲介),,(株)アール・ネクスト　R-NEXT,-,"=""04-7192-6791""",無,,2770005
倉庫,R00176-023151,,,,空,アーカイブ(成約),無,42007000,,階,2009年10月,市川市原木の貸倉庫【8401坪】,,千葉県市川市原木3030,,,6.00,,,,,14839.41,27773.23,8401.4,5000,2025/05/09,"2024/09/12 11:56","2025/01/27 14:26",先物(仲介),,ジョーンズラングラサール（株）,中村：080-7948-7689,"=""03-4361-1826""",,"中村様：080-7948-7689
2024.9.13　分割貸し、相談不可。

・問合せ：ロジスティクス＆インタストリアルリーシング事業部（中村080-7948-7689）",2720004
倉庫,R00176-023609,,,,空,アーカイブ(成約),無,487641,,1階,1968年05月,中央区日本橋富沢町の貸倉庫【126坪】,,東京都中央区日本橋富沢町9-8,,139326,6.00,,,,,,418.30,126.53,3854,2025/01/15,"2024/12/12 10:56","2025/01/24 17:11",先物(仲介),,ニチビル（株）新橋支店　,-,"=""03-3595-4481""",空無,・1階部分,1030006
倉庫,R00176-023437,,,,空,アーカイブ(成約),無,1798500,,階,1964年03月,戸田市上戸田1丁目の貸倉庫【327坪】,,埼玉県戸田市上戸田１丁目10-5,,,,2.00,3.00,,1.00,,1083.96,327.89,5485,2025/01/24,"2024/11/12 11:28","2025/01/24 16:50",先物(仲介),,パンダハウス（有）,-,"=""048-447-0112""",,※2024/11/12　広告確認中のためマッチングのみ｜パンダハウス,3350022
倉庫,R00176-023639,,,,空,アーカイブ(成約),無,450000,,階,1975年12月,さいたま市北区宮原町4丁目の貸倉庫【90坪】,,埼玉県さいたま市北区宮原町４丁目68,,,,1.00,6.00,,,550.00,300.66,90.94,4948,2025/01/24,"2024/12/20 10:39","2025/01/24 16:35",先物(仲介),,日本クラウス株式会社,-,"=""03-3998-4619""",空有,"・枝番：68-3（元付確認済）
※2024/12/20　広告確認中のためマッチングのみ｜日本クラウス（株）本店",3310812
倉庫,R00176-023182,,,,使用中,アーカイブ(成約),無,1155917,,階,1991年10月,海老名市門沢橋2丁目の貸倉庫【244坪】,,神奈川県海老名市門沢橋２丁目7-29,,,3467751,1155917,,,,1045.42,807.87,244.38,4730,2024/12/09,"2024/09/20 10:44","2025/01/23 17:32",先物(仲介),,有限会社三和建物管理,-,"=""046-257-7780""",,,2430426
貸地,R00176-023554,,,,更地,アーカイブ(成約),無,330000,,階,-,川口市東本郷1丁目の貸地【145坪】,,埼玉県川口市東本郷１丁目9-12,,,,1.00,4.00,,0.50,480.00,,145.2,2273,2025/01/23,"2024/12/02 10:29","2025/01/23 17:19",先物(仲介),,株式会社イコム,-,"=""048-799-3200""",,"■A区画
【所在地】川口市東本郷1丁目9-12,34
【ナビ住所】川口市東本郷1丁目9-21",3340063
店舗事務所(建物一部),R00176-022963,,,,空,アーカイブ(成約),無,548020,,1階,1980年08月,新宿区西新宿7丁目の貸店舗・事務所【24坪】,,東京都新宿区西新宿７丁目7-25,,,,,4.00,,,,82.37,24.91,21994,2024/10/18,"2024/08/01 12:05","2025/01/23 16:45",先物(仲介),,,-,"=""050-3066-4979""",,"※2024/8/1　マイソク広告可物件（レインズ以外）～ユニオン・メディエイト（株）
※定期借家契約：2025年10月31日まで（再契約不可）　　　　　　　　　　　　※2024/9/10 1件申込み有
",1600023
店舗事務所(建物一部),R00176-023271,,,,空,アーカイブ(成約),無,799744,,1階,1990年06月,江東区東陽3丁目の貸店舗・事務所【45坪】,,東京都江東区東陽３丁目27-17,,174944,10.00,,,,1.10,,150.24,45.44,17598,2024/12/11,"2024/10/08 11:36","2025/01/23 16:05",先物(仲介),,リロン（株）,-,"=""03-6228-0754""",空有,"■原則：事務所（不動産・保険会社・銀行等　物販を伴わないサービス店舗可）
■ＮＧ：物販・クリニック・調剤・エステ・美容院・スクール（ヨガ・ピラティス・低学年学習塾※予備校のみ相談可）
2024/10/31　成約済のため非掲載希望連絡あり　03-6228-0754
※2024/10/8　広告承諾書受領済｜リロン（株）",1350016
店舗事務所(建物一括),R00176-023203,,,,空,アーカイブ(成約),無,385000,,階,1987年09月,柏市塚崎1丁目の貸店舗・事務所【64坪】,,千葉県柏市塚崎１丁目8-1,,,3.00,1.00,,,,461.52,212.06,64.14,6002,2025/01/23,"2024/09/26 11:10","2025/01/23 15:40",先物(仲介),,（有）雪和商事不動産部,-,"=""04-7146-1133""",空有,2024.10.24　24時間ジム相談可。,2770923
倉庫,R00176-023120,,,,空,アーカイブ(成約),無,396000,,階,1968年07月,足立区平野1丁目の貸倉庫【58坪】,,東京都足立区平野１丁目17-9,,,,1.00,4.00,,1.00,,194.01,58.68,6748,2024/12/19,"2024/09/09 10:13","2025/01/23 15:33",先物(仲介),,株式会社豊徳,-,"=""03-3964-0861""",空有,,1210076
店舗事務所(建物一部),R00176-023506,,,,空,アーカイブ(成約),無,374000,,1階,1989年07月,江戸川区南小岩4丁目の貸店舗・事務所【31坪】,,東京都江戸川区南小岩４丁目18-4,,11000,,,3.00,,1.00,,105.10,31.79,11764,2025/01/23,"2024/11/25 11:44","2025/01/23 15:29",先物(仲介),,株式会社フジホーム,谷口：070-1227-3915,"=""03-6206-2831""",,※2024/11/25　マイソク広告可物件｜(株)フジホーム,1330056
倉庫,R00176-023302,,,,使用中,アーカイブ(成約),無,657800,,階,1998年06月,昭島市拝島町4丁目の貸倉庫【58坪】,,東京都昭島市拝島町４丁目,,,,,1800000,,1.00,415.05,191.97,58.07,11328,2024/12/23,"2024/10/15 13:03","2025/01/23 14:52",先物(仲介),,（株）博栄不動産,-,"=""042-666-8288""",空有,・場所：グーグルマップでは、拝島町4丁目1-8,1960002
貸地,R00176-023553,,,,その他,アーカイブ(成約),無,510000,,階,-,横浜市青葉区奈良町の貸地【299坪】,,神奈川県横浜市青葉区奈良町2238-1,,,1.00,,,,1.00,991.73,,299.99,1701,2024/12/02,"2024/12/02 10:18","2025/01/23 10:42",先物(仲介),,（株）大久保恒産　不動産事業部,-,"=""045-962-8181""",,,2270036
倉庫,R00176-023258,,,,空,アーカイブ(成約),無,330000,,階,1981年01月,横浜市港北区新羽町の貸倉庫【42坪】,,神奈川県横浜市港北区新羽町832,,,,2.00,4.00,,1.00,495.00,139.12,42.08,7842,2024/12/26,"2024/10/07 10:06","2025/01/23 10:23",先物(仲介),,株式会社石原興業,-,"=""045-541-4180""",空有,※広告NG｜石原興業,2230057
倉庫,R00176-023403,,,,,アーカイブ(成約),無,4942500,,階,2007年03月,船橋市西浦2丁目の貸倉庫【12865坪】,,千葉県船橋市西浦２丁目14-1,,,3.00,,,,,26524.04,42530.28,12865.4,385,2024/12/27,"2024/11/05 11:29","2025/01/22 13:51",先物(仲介),,シービーアールイー（株）本店　インダストリアル首都圏営業部,中村,"=""03-5288-9288""",,"・住所：西浦2丁目6-2、6-3、23
・所在地：千葉県船橋市西浦2-14-1",2730017
倉庫,R00176-023090,,,,空,アーカイブ(成約),無,220000,,階,1989年11月,川口市上青木5丁目の貸倉庫【43坪】,,埼玉県川口市上青木５丁目21-18,,3300,3.00,1.00,,,,,145.12,43.89,5012,2025/01/22,"2024/08/30 14:12","2025/01/22 12:25",先物(仲介),,株式会社リンケージ,-,"=""03-3554-1811""",空有,,3330844
倉庫,R00176-023292,,,,空,アーカイブ(成約),無,297000,,階,1988年06月,八潮市大字西袋の貸倉庫【50坪】,,埼玉県八潮市大字西袋684,,,3.00,1.00,,,,270.00,167.31,50.61,5869,2025/01/21,"2024/10/15 10:32","2025/01/21 16:17",先物(仲介),,株式会社成幸エステート,-,"=""048-928-3346""",空有,・住所：グーグルマップでは、大字西袋684-2,3400833
倉庫,R00176-023511,,,,空,アーカイブ(成約),無,605000,,階,-,戸田市笹目4丁目の貸倉庫【68坪】,,埼玉県戸田市笹目４丁目24-1,,,3.00,2.00,,,1.00,,225.06,68.08,8887,2025/01/21,"2024/11/26 10:21","2025/01/21 16:16",先物(仲介),,株式会社不動産照力　パンダハウス,-,"=""048-442-1131""",空有,"・2024/12/23　2番手にて募集中　ご相談の上内見可
・2024.12.2　1番手申込みあり(ゆる～く入ったとご担当者様おっしゃっており2番手受付可能)。
空調2基あり。内覧可能。",3350034
倉庫,R00176-023515,,,,空,アーカイブ(成約),無,700000,,階,1997年01月,三郷市高州1丁目の貸倉庫【100坪】,,埼玉県三郷市高州１丁目385-5,,,2.00,1.00,,,,290.38,333.00,100.73,6950,2025/01/21,"2024/11/26 15:49","2025/01/21 15:59",先物(仲介),,順栄貿易合同会社,-,"=""03-5875-0519""",空有,,3410037
貸地,R00176-023444,,,,,アーカイブ(成約),無,412000,,階,-,八潮市大字木曽根の貸地【316坪】,,埼玉県八潮市大字木曽根1194-6,,,4.00,1.00,,,1.00,1046.77,,316.64,1302,2025/01/21,"2024/11/13 14:51","2025/01/21 15:56",先物(仲介),,（株）シバ工芸,-,"=""048-998-5678""",,"【グーグルマップ住所】八潮市南川崎1194-6
※2024/11/13　広告要確認のためマッチングのみ｜(株)シバ工芸
",3400813
倉庫,R00176-023536,,,,空,アーカイブ(成約),無,440000,,階,1990年03月,川崎市幸区南加瀬4丁目の貸倉庫【73坪】,,神奈川県川崎市幸区南加瀬４丁目33-3,,,,1.00,3.00,,,,244.42,73.93,5952,2024/12/11,"2024/11/28 10:29","2025/01/21 13:38",先物(仲介),,株式会社加瀬テナントサービス,-,"=""045-534-8232""",空有,・2024/12/6　内見可　候補日いくつか挙げて担当と日程調整が必要,2120055
倉庫,R00176-023576,,,,空,アーカイブ(成約),無,858000,,7階,1995年12月,江東区潮見2丁目の貸倉庫【129坪】,,東京都江東区潮見２丁目8-10,,128700,4.00,1.00,,,,,429.75,129.99,6601,2025/02/18,"2024/12/05 10:27","2025/01/21 12:31",先物(仲介),,イーソーコ株式会社,-,"=""03-5439-9401""",,・7階一部,1350052
貸地,R00176-023738,,,,更地,アーカイブ(成約),無,440000,,階,-,柏市豊四季の貸地【499坪】,,千葉県柏市豊四季18-13,,,2.00,,,,1.00,1651.20,,499.48,881,2025/01/16,"2025/01/16 11:30","2025/01/21 10:37",先物(仲介),,（有）わかば事務所,-,"=""080-5071-8289""",,・住所：豊四季18-13、-29,2770863
倉庫,R00176-023443,,,,居住中,アーカイブ(成約),無,420000,,階,1983年04月,相模原市中央区上溝の貸倉庫【70坪】,,神奈川県相模原市中央区上溝4004-1,,,4.00,1.00,,,0.50,488.62,231.86,70.13,5989,2025/01/20,"2024/11/13 11:54","2025/01/20 17:03",先物(仲介),,株式会社アクティオ,-,"=""042-775-7801""",,,2520243
倉庫,R00176-023027,,,,空,アーカイブ(成約),無,990000,,階,2007年05月,荒川区東尾久4丁目の貸倉庫【85坪】,,東京都荒川区東尾久４丁目41-11,,,,,1.00,,,,281.18,85.05,11640,2024/12/13,"2024/08/20 14:44","2025/01/20 15:36",先物(仲介),,ＴＬＬ合同会社,-,"=""03-4566-3208""",空有,"※2024/10/15　広告確認中のためマッチングのみ｜TLL（合）
・レインズ掲載中に限り、物確不要、鍵現地対応
　内見等はメールにて依頼
　元付：TLL(合)：担当｜李さま｜03-4566-3208｜sho@tll.jp",1160012
店舗事務所(建物一部),R00176-023338,,,,空,アーカイブ(成約),無,715000,,1階,1989年04月,江東区東陽3丁目の貸店舗・事務所【27坪】,,東京都江東区東陽３丁目7-10,,,10.00,1.00,,,1.00,,89.58,27.09,26386,2024/12/18,"2024/10/21 11:12","2025/01/20 15:23",先物(仲介),,（株）高商,櫻井：080-3258-8337,"=""03-3356-0007""",,※2024/10/21　レインズ広告可物件｜(株)高商,1350016
倉庫,R00176-023345,,,,空,アーカイブ(成約),無,352000,,階,2015年04月,西多摩郡瑞穂町大字箱根ケ崎の貸倉庫【60坪】,,東京都西多摩郡瑞穂町大字箱根ケ崎313-6,,,3.00,1.00,,,1.00,330.61,200.88,60.76,5793,2025/01/20,"2024/10/22 10:57","2025/01/20 15:12",先物(仲介),,（株）大岸ホーム,-,"=""042-560-0090""",空有,"2025.10.24　検済たぶんあると思うがオーナーからもらっていない。確認中。

※2024/10/22　広告確認中のためマッチングのみ｜(株)大岸ホーム",1901221
倉庫,R00176-023248,,,,空,アーカイブ(成約),無,789283,,1階,1993年11月,世田谷区松原1丁目の貸倉庫【65坪】,,東京都世田谷区松原１丁目45-10,,,4305180,,,,1.10,,215.65,65.23,12100,2024/12/03,"2024/10/01 14:33","2025/01/20 15:00",先物(仲介),,大和地所コミュニティライフ（株）賃貸事業課,-,"=""03-3580-1906""",空有,,1560043
店舗事務所(建物一部),R00176-023488,,,,空,アーカイブ(成約),無,550000,,階,1991年05月,豊島区高田2丁目の貸店舗・事務所【47坪】,,東京都豊島区高田２丁目18-24,,,,1.00,6.00,,1.00,,158.48,47.94,11473,2024/12/18,"2024/11/20 10:16","2025/01/20 14:39",先物(仲介),,（株）スズアセット,-,"=""03-3368-7277""",無,・1階B、2階、屋根裏部,1710033
事務所(建物一部),R00176-023330,,,,空,アーカイブ(成約),無,350000,,1階,1978年11月,相模原市中央区相生3丁目の貸事務所【61坪】,,神奈川県相模原市中央区相生３丁目14-15,,,3.00,1.00,,,,413.00,203.60,61.58,5683,2025/01/20,"2024/10/18 10:47","2025/01/20 12:30",先物(仲介),,横浜不動産情報株式会社,-,"=""045-314-0314""",空有,2025/1/20確認　1階のみでの募集は取りやめ（貸主意向により）,2520235
事務所(建物一部),R00176-023286,,,,空,アーカイブ(成約),無,462000,,1階,1992年01月,世田谷区代田3丁目の貸事務所【28坪】,,東京都世田谷区代田３丁目5-21,,,1680000,462000,,,1.00,,94.54,28.59,16155,2024/12/11,"2024/10/10 12:06","2025/01/20 11:35",先物(仲介),,（株）オン・エステート,-,"=""03-3477-1221""",空無,※2024/10/10　広告確認中のためマッチングのみ｜(株)オン・エステート,1550033
倉庫,R00176-023114,,,,空,アーカイブ(成約),無,440000,,階,-,東大和市狭山5丁目の貸倉庫【87坪】,,東京都東大和市狭山５丁目1663-19,10000,,3.00,1.00,,,1.00,,288.00,87.12,5051,2024/12/23,"2024/09/05 11:25","2025/01/20 10:55",先物(仲介),,（株）アートプラン,-,"=""042-519-5622""",空有,※2024/9/5　レインズ広告可物件｜(株)アートプラン,2070003
店舗事務所(建物一部),R00176-023566,,,,空,アーカイブ(成約),無,990000,,1階,2014年11月,北区上十条3丁目の貸店舗・事務所【48坪】,,東京都北区上十条３丁目14-6,,,10.00,2.00,,,,,159.08,48.12,20573,2024/12/03,"2024/12/03 11:22","2025/01/20 10:43",先物(仲介),,（株）Ｉｖｅｌ,小野寺：090-9235-2508,"=""03-5296-9880""",,,1140034
倉庫,R00176-023528,,,,,アーカイブ(成約),無,800000,,階,2004年06月,町田市小山ヶ丘3丁目の貸倉庫【97坪】,,東京都町田市小山ヶ丘３丁目2-16,,,3.00,1.00,,,1.00,,320.75,97.02,8246,2025/01/17,"2024/11/27 12:02","2025/01/17 16:39",先物(仲介),,京王不動産,-,"=""03-3299-3123""",空有,"2025.1.17　4番手申込みあり、オーナー審査中。
2024.12.11　申込み1件あり、2番手受付可。",1940215
工場,R00176-023014,,,,使用中,アーカイブ(成約),無,220000,,階,1982年04月,羽生市大字上川崎の貸工場【75坪】,,埼玉県羽生市大字上川崎173,,,2.00,1.00,,,1.00,,250.00,75.62,2910,2025/01/17,"2024/08/20 11:21","2025/01/17 16:23",先物(仲介),,（有）グローバルハウス　,-,"=""0480-70-1400""",空有,※2024/8/20　広告可物件｜(有)グローバルハウス,3480035
倉庫,R00176-023407,,,,使用中,アーカイブ(成約),無,517000,,階,1997年08月,さいたま市北区宮原町4丁目の貸倉庫【94坪】,,埼玉県さいたま市北区宮原町４丁目140-1,,,3.00,,,,1.00,,312.67,94.58,5467,2025/01/16,"2024/11/06 15:01","2025/01/17 16:20",先物(仲介),,有限会社　ヒロックス,-,"=""048-660-5588""",,2025.1.17　オーナー貸し止め。現テナントがそのまま使用する？,3310812
工場,R00176-023164,,,,空,アーカイブ(成約),無,242000,,階,1983年04月,春日部市小渕の貸工場【22坪】,,埼玉県春日部市小渕329-8,,,3.00,1.00,,,1.00,122.32,73.86,22.34,10832,2025/01/17,"2024/09/18 10:34","2025/01/17 16:16",先物(仲介),,株式会社ミタスプロパティ,-,"=""048-714-2006""",空有,,3440007
工場,R00176-023063,,,,空,アーカイブ(成約),無,693000,,階,1994年09月,川口市大字榛松の貸工場【98坪】,,埼玉県川口市大字榛松1905-1,,,2.00,1.00,,,1.00,536.48,323.98,98,7072,2025/01/17,"2024/08/27 10:50","2025/01/17 16:10",先物(仲介),,株式会社イタバシ,-,"=""048-281-5246""",空有,※2024/8/27　at-home転載可物件｜(株)イタバシ,3340062
倉庫,R00176-023099,,,,空,アーカイブ(成約),無,1100000,,階,2024年05月,さいたま市岩槻区大字末田の貸倉庫【149坪】,,埼玉県さいたま市岩槻区大字末田1655-1,,,1.00,1.00,,,1.00,2082.55,493.00,149.13,7376,2025/01/17,"2024/09/03 10:54","2025/01/17 16:08",先物(仲介),,（株）オーマイホーム　,-,"=""048-940-6728""",,"・場所：グーグルマップでは、末田2587須賀食品(とうふ工房まごころ屋)の道路挟んで東側あたり
※テント倉庫",3390021
店舗事務所(建物一部),R00176-023498,,,,使用中,アーカイブ(成約),無,558008,,1階,1986年06月,川崎市川崎区藤崎4丁目の貸店舗・事務所【63坪】,,神奈川県川崎市川崎区藤崎４丁目8-11,,,,1.00,5.00,,1.00,,209.65,63.41,8799,2024/12/02,"2024/11/25 09:43","2025/01/17 14:44",先物(仲介),,（株）川商ホーム,-,"=""044-245-5050""",空有,※2024/11/25　広告確認中のためマッチングのみ｜(株)川商ホーム,2100804
倉庫,R00176-023280,,,,空,アーカイブ(成約),無,385000,,階,1991年11月,厚木市三田1丁目の貸倉庫【55坪】,,神奈川県厚木市三田１丁目3-31,,,,1.10,3.00,,1.10,104.00,183.55,55.52,6934,2024/12/20,"2024/10/10 11:00","2025/01/17 09:44",先物(仲介),,（株）アサヒ地建　,佐藤,"=""046-220-4422""",空有,,2430211
事務所(建物一部),R00176-023645,,,,空,アーカイブ(成約),無,1470000,,1階,1968年02月,新宿区西早稲田1丁目の貸事務所【86坪】,,東京都新宿区西早稲田１丁目16-3,,,,,8.00,,,551.59,285.04,86.22,17049,2024/12/23,"2024/12/23 10:28","2025/01/16 14:32",先物(仲介),,有限会社　佐久間不動産,-,"=""03-3203-3540""",,,1690051
貸地,R00176-023347,,,,,アーカイブ(成約),無,396000,,階,-,八王子市宇津木町の貸地【94坪】,,東京都八王子市宇津木町862-1,,,4.00,396000,,1.00,1.00,313.74,,94.9,4173,2024/12/12,"2024/10/22 11:37","2025/01/16 14:24",先物(仲介),,宝田不動産　有限会社,-,"=""042-646-1822""",,※2024/10/22　レインズ広告可物件｜宝田不動産(有),1920024
貸地,R00176-023382,,,,更地,アーカイブ(成約),無,230000,,階,-,蓮田市大字閏戸の貸地【550坪】,,埼玉県蓮田市大字閏戸1878-1,,,,1.00,,1.00,,1818.00,,549.94,419,2025/01/08,"2024/10/30 10:16","2025/01/15 16:49",先物(仲介),,本沢住設株式会社,-,"=""048-768-1923""",,"【所在地】埼玉県蓮田市大字閏戸1878-1他
2025/01　竹内申込",3490133
倉庫,R00176-023291,,,,空,アーカイブ(成約),無,690000,,階,1967年08月,さいたま市浦和区北浦和5丁目の貸倉庫【289坪】,,埼玉県さいたま市浦和区北浦和５丁目,44000,0,3.00,,,,1.00,,956.44,289.32,2385,2025/01/14,"2024/10/15 10:17","2025/01/14 17:46",先物(仲介),,株式会社セゾンハウス,-,"=""048-680-3377""",空有,住所：グーグルマップでは、北浦和5丁目12-11,3300074
工場,R00176-023520,,,,空,アーカイブ(成約),無,495000,,階,1988年01月,藤沢市遠藤の貸工場【122坪】,,神奈川県藤沢市遠藤2006-20,,,,1.00,4.00,,1.00,237.00,405.00,122.51,4041,2025/01/14,"2024/11/27 09:58","2025/01/14 10:24",先物(仲介),,（有）ライフタウン産業,-,"=""0466-87-5275""",空有,※2024/12/20　1番手有、2番手なら可,2520816
貸地,R00176-023343,,,,その他,アーカイブ(成約),無,300000,,階,-,川越市藤倉1丁目の貸地【670坪】,,埼玉県川越市藤倉１丁目20-9,,,1.00,1.00,,,,2218.00,,670.94,448,2024/12/20,"2024/10/22 10:35","2025/01/14 10:07",先物(仲介),,（株）二興,-,"=""04-2954-0047""",,"【所在地】川越市藤倉1丁目20-9,11,12",3501166
倉庫,R00176-023402,,,,使用中,アーカイブ(成約),無,997150,,階,2007年07月,越谷市谷中町2丁目の貸倉庫【245坪】,,埼玉県越谷市谷中町２丁目206-1,,,3.00,1.00,,,,1290.51,810.75,245.25,4066,2025/01/14,"2024/11/05 11:19","2025/01/14 10:01",先物(仲介),,有限会社丸富開発,-,"=""048-966-4554""",空有,"元付：2025/01/14　A宮本さん情報、2024/11に丸富開発様より募集あり
　　　(有)丸富開発　担当：水谷（女性）　048-966-4554

2025/01/14　瀧?倉庫産業（株）へ物確。瀧?倉庫産業様は媒介を外れたとのこと。現在レインズ、アットホームに他社からの掲載はありませんでした
※2024/11/5　at-home広告可物件｜瀧?倉庫産業（株）",3430856
倉庫,R00176-023214,,,,,アーカイブ(成約),無,330000,,階,-,ふじみ野市大井武蔵野の貸倉庫【118坪】,,埼玉県ふじみ野市大井武蔵野1260-7,,,3.00,1.00,,,,,392.94,118.86,2777,2025/01/10,"2024/09/27 10:45","2025/01/10 16:22",先物(仲介),,市川不動産株式会社,-,"=""049-263-1711""",,※2024/9/27　広告確認中のためマッチングのみ｜市川不動産（株）,3560054
店舗事務所(建物一括),R00176-023465,,,,使用中,アーカイブ(成約),無,363000,,階,1972年06月,ふじみ野市大原1丁目の貸店舗・事務所【104坪】,,埼玉県ふじみ野市大原１丁目2-14,,,4.00,2.00,,,1.00,487.53,344.07,104.08,3488,2025/01/10,"2024/11/18 09:43","2025/01/10 16:18",先物(仲介),,■三光物産株式会社,-,"=""049-226-3535""",空有,,3560003
倉庫,R00176-023513,,,,使用中,アーカイブ(成約),無,220000,,階,1994年03月,川越市大字山田の貸倉庫【59坪】,,埼玉県川越市大字山田1686-1,,,3.00,2.00,,,1.00,,196.30,59.38,3705,2025/01/10,"2024/11/26 12:00","2025/01/10 16:18",先物(仲介),,■三光物産株式会社,-,"=""049-226-3535""",空有,,3500822
倉庫,R00176-023189,,,,使用中,アーカイブ(成約),無,600000,,階,1996年04月,小平市小川西町2丁目の貸倉庫【102坪】,,東京都小平市小川西町２丁目26-13,,,3.00,1.00,,,1.00,,337.92,102.22,5870,2025/01/09,"2024/09/20 12:13","2025/01/09 16:17",先物(仲介),,（株）エイブル　東日本テナント営業部,-,"=""03-5414-0650""",空有,,1870035
倉庫,R00176-023552,,,,空,アーカイブ(成約),無,297000,,階,1994年01月,さいたま市大宮区三橋3丁目の貸倉庫【25坪】,,埼玉県さいたま市大宮区三橋３丁目165,,,3.00,1.00,,,1.00,263.00,84.71,25.62,11591,2024/12/23,"2024/12/02 09:51","2025/01/09 09:27",先物(仲介),,（株）ソルブス不動産,-,"=""048-762-3250""",空有,,3300856
倉庫,R00176-023683,,,,使用中,保留,無,396000,,階,1991年12月,さいたま市見沼区丸ヶ崎町の貸倉庫【80坪】,,埼玉県さいたま市見沼区丸ヶ崎町11-10,,,,2.00,3.00,,,247.02,264.47,80,4950,2025/01/08,"2025/01/08 09:58","2025/01/08 12:00",先物(仲介),,中央開発（株）,-,"=""048-882-5020""",,※2025/1/8　レインズ・at-homeから消えているため公開保留中｜中央開発（株）,3370007
倉庫,R00176-023246,,,,空,保留,無,220000,,階,1994年01月,所沢市大字下富の貸倉庫【28坪】,,埼玉県所沢市大字下富658-16,,,4.00,1.00,,,1.00,417.05,93.00,28.13,7821,2025/01/06,"2024/10/01 14:04","2025/01/06 17:36",先物(仲介),,株式会社コジョソコ,-,"=""045-530-9890""",空有,,3590001
店舗(建物一括),R00176-023216,,,,空,アーカイブ(成約),無,330000,,階,1996年09月,藤沢市菖蒲沢の貸店舗【44坪】,,神奈川県藤沢市菖蒲沢138-1,,,,330000,6.00,,1.00,,146.25,44.24,7460,2025/01/06,"2024/09/27 11:10","2025/01/06 16:48",先物(仲介),,株式会社??コーポレーションＡｎｎｅｘ・１,-,"=""046-223-5000""",空有,"2024/12/13　物確→1件申し込みあり。
　　　　　　　調整区域のため業種により開発許可が必要",2520823
倉庫,R00176-023224,,,,空,保留,無,3500000,,階,1992年03月,横浜市金沢区幸浦2丁目の貸倉庫【151坪】,,神奈川県横浜市金沢区幸浦２丁目13-3,,,1.00,1.00,,,1.00,,500.00,151.25,23141,2024/09/30,"2024/09/30 10:16","2024/12/26 18:27",先物(仲介),,株式会社０,-,"=""045-714-0050""",空有,,2360003
貸地,R00176-023597,,,,更地,アーカイブ(成約),無,200000,,階,-,さいたま市岩槻区大字岩槻の貸地【184坪】,,埼玉県さいたま市岩槻区大字岩槻5181-2,,,1.00,1.00,,,1.00,611.00,,184.82,1083,2024/12/26,"2024/12/10 11:31","2024/12/26 17:23",先物(仲介),,株式会社仁,-,"=""048-797-9517""",,,3390061
倉庫,R00176-023109,,,,空,アーカイブ(成約),無,371725,,階,1991年03月,相模原市中央区田名の貸倉庫【80坪】,,神奈川県相模原市中央区田名7191-16,,,3.00,1.00,,,,406.00,265.97,80.45,4621,2024/12/26,"2024/09/05 10:12","2024/12/26 12:53",先物(仲介),,株式会社ライズ,-,"=""042-741-5820""",,,2520244
倉庫,R00176-023081,,,,使用中,アーカイブ(成約),無,495000,,階,1991年01月,相模原市緑区大島の貸倉庫【54坪】,,神奈川県相模原市緑区大島3109,,,2.00,2.00,,,,814.00,180.00,54.45,9091,2024/10/11,"2024/08/30 10:51","2024/12/25 11:06",先物(仲介),,（株）ファクトリンク,-,"=""045-717-8842""",,※2024/8/30　広告確認中のためマッチングのみ｜(株)ファクトリンク,2520135
倉庫,R00176-022967,,,,空,アーカイブ(成約),無,1510080,,階,1992年06月,横浜市港北区新吉田東8丁目の貸倉庫【171坪】,,神奈川県横浜市港北区新吉田東８丁目54-1,,,3.00,1.00,,1.00,1.00,,567.27,171.59,8801,2024/10/11,"2024/08/02 10:42","2024/12/25 10:20",先物(仲介),,（株）コタニ興業,-,"=""045-593-3721""",空有,"2024/09/03　物確→2件申込有。3番手可
2024.8.9　10t車搬入可能。",2230058
倉庫,R00176-023264,,,,空,アーカイブ(成約),無,339416,,階,1995年09月,横浜市都筑区池辺町の貸倉庫【44坪】,,神奈川県横浜市都筑区池辺町4815,,,3.00,1.00,,1.00,,,145.74,44.08,7699,2025/01/06,"2024/10/08 10:03","2024/12/25 10:20",先物(仲介),,（株）コタニ興業,-,"=""045-593-3721""",空有,,2240053
工場,R00176-023533,,,,空,アーカイブ(成約),無,336600,,階,1999年01月,横浜市港北区新吉田町の貸工場【35坪】,,神奈川県横浜市港北区新吉田町114,,,3.00,1.00,,1.00,1.00,,119.00,35.99,9351,2024/11/28,"2024/11/28 10:16","2024/12/25 10:19",先物(仲介),,（株）コタニ興業,-,"=""045-593-3721""",空有,,2230056
倉庫,R00176-023193,,,,空,アーカイブ(成約),無,2461800,,階,1992年03月,大田区城南島4丁目の貸倉庫【447坪】,,東京都大田区城南島４丁目5-10,,,4.00,1.10,,,,,1479.11,447.43,5503,2024/11/07,"2024/09/24 11:06","2024/12/24 13:59",先物(仲介),,三井ホームエステート（株）城南営業部,-,"=""03-6368-9486""",空有,,1430002
店舗事務所(建物一部),R00176-023507,,,,使用中,アーカイブ(成約),無,429000,,1階,2004年02月,武蔵野市境南町2丁目の貸店舗・事務所【36坪】,,東京都武蔵野市境南町２丁目27-9,22000,,,2.00,10.00,,1.00,,119.42,36.12,11876,2024/11/25,"2024/11/25 11:59","2024/12/24 13:54",先物(仲介),,横河パイオニックス（株）,-,"=""0422-55-1111""",空有,"※2024/11/25　広告確認中のためマッチングのみ｜横河パイオニックス（株）
申込み1件あり、審査が通れば契約予定。2番手は受付可能。",1800023
倉庫,R00176-023647,,,,,保留,無,12715818,,階,2022年04月,日高市大字田木の貸倉庫【3302坪】,,埼玉県日高市大字田木482,,,6.00,1.00,,,,8052.11,10918.41,3302.81,3850,2024/12/23,"2024/12/23 17:52","2024/12/23 18:01",先物(仲介),,株式会社センチュリーダイソー,小林,"=""03-6441-2258""",,"■2024/12/23　掲載依頼物件｜担当：小林さん
・所在地：日高市大字田木字新上原482",3501224
貸地,R00176-023075,,,,更地,アーカイブ(成約),無,990450,,階,-,横浜市都筑区折本町の貸地【639坪】,,神奈川県横浜市都筑区折本町1413,,,,1.00,3.00,,1.00,2113.00,,639.18,1550,2024/10/11,"2024/08/29 10:13","2024/12/23 17:43",先物(仲介),,（株）メイクリーン,-,"=""045-309-7315""",,"担当：ニシダ様

・所在地枝番：1413他",2240043
店舗事務所(建物一部),R00176-023083,,,,空,アーカイブ(成約),無,550000,,階,1982年03月,川崎市川崎区日進町の貸店舗・事務所【50坪】,,神奈川県川崎市川崎区日進町27-2,,,,,1.00,,1.50,,166.45,50.35,10924,2024/10/11,"2024/08/30 11:17","2024/12/23 16:38",先物(仲介),,ハウスサポート（株）,-,"=""044-200-4100""",,※2024/8/30　広告確認中のためマッチングのみ｜ハウスサポート（株）,2100024
貸地,R00176-023368,,,,更地,アーカイブ(成約),無,315000,,階,-,茅ヶ崎市行谷の貸地【348坪】,,神奈川県茅ヶ崎市行谷1091-6,,,630000,315000,,,1.00,1152.00,,348.48,904,2024/10/28,"2024/10/28 10:35","2024/12/23 14:49",先物(仲介),,有限会社三和建物管理,-,"=""046-257-7780""",,・枝番：1091-6他,2530007
倉庫,R00176-023380,,,,空,アーカイブ(成約),無,352000,,階,1968年10月,葛飾区東四つ木4丁目の貸倉庫【45坪】,,東京都葛飾区東四つ木４丁目49-9,,,2.00,1.00,,,1.00,123.75,151.87,45.94,7663,2024/10/29,"2024/10/29 11:53","2024/12/23 13:22",先物(仲介),,（有）ヤシカ,-,"=""047-433-7792""",,,1240014
倉庫,R00176-023324,,,,空,アーカイブ(成約),無,455180,,1階,1992年07月,江東区白河4丁目の貸倉庫【41坪】,,東京都江東区白河４丁目,,,,1.00,1500000,,1.00,,136.80,41.38,11000,2024/10/17,"2024/10/17 14:12","2024/12/23 13:04",先物(仲介),,（株）ミニミニ城東　テナント事業部,-,"=""047-423-8833""",,・場所：グーグルマップでは、白河4丁目6-13,1350021
倉庫,R00176-023309,,,,空,アーカイブ(成約),無,220000,,階,1989年10月,越谷市大字西新井の貸倉庫【39坪】,,埼玉県越谷市大字西新井570,,,3.00,1.00,,,1.00,,132.00,39.93,5510,2024/12/23,"2024/10/17 10:10","2024/12/23 12:36",先物(仲介),,平野総業有限会社,-,"=""048-976-3020""",空有,,3430855
倉庫,R00176-023537,,,,使用中,アーカイブ(成約),無,1320000,,階,1988年03月,足立区皿沼2丁目の貸倉庫【235坪】,,東京都足立区皿沼２丁目13-11,,,3.00,1.00,,,1.00,,778.78,235.58,5604,2024/11/28,"2024/11/28 10:47","2024/12/23 11:46",先物(仲介),,（株）モストリ,-,"=""03-6240-9922""",空有,※2024/11/28　広告確認中のためマッチングのみ｜(株)モストリ,1230862
店舗事務所(建物一括),R00176-023128,,,,使用中,アーカイブ(成約),無,440000,,階,1973年04月,葛飾区青戸4丁目の貸店舗・事務所【106坪】,,東京都葛飾区青戸４丁目1-5,,,3.00,1.00,,,1.00,,353.71,106.99,4113,2024/10/18,"2024/09/09 12:01","2024/12/23 11:27",先物(仲介),,（株）メイクプラス,-,"=""050-3188-6167""",空有,・2024/9/9　マイソク広告可物件｜(株)メイクプラス,1250062
倉庫,R00176-022962,,,,使用中,アーカイブ(成約),無,12370000,,階,2005年01月,江東区新木場2丁目の貸倉庫【1783坪】,,東京都江東区新木場２丁目5-2,,300,6.00,1.00,,,,5798.88,5897.52,1783.99,6934,2024/10/17,"2024/08/01 11:46","2024/12/23 11:10",先物(仲介),,（株）ナカノ商会,連絡先：047-711-4317,"=""03-5667-8877""",,,1360082
貸地,R00176-023256,,,,更地,アーカイブ(成約),無,200000,,階,-,北葛飾郡松伏町大字大川戸の貸地【186坪】,,埼玉県北葛飾郡松伏町大字大川戸386-1,,,3.00,1.00,,,1.00,616.72,,186.55,1073,2024/12/20,"2024/10/03 10:16","2024/12/20 14:56",先物(仲介),,株式会社サンペイ,-,"=""048-953-9283""",,※2024/10/3　広告確認中のためマッチングのみ｜(株)サンペイ,3430106
工場,R00176-023135,,,,使用中,アーカイブ(成約),無,341000,,階,1972年09月,横浜市都筑区池辺町の貸工場【31坪】,,神奈川県横浜市都筑区池辺町3452,,,,3.00,3.00,,1.00,,102.51,31,10997,2024/10/28,"2024/09/10 11:35","2024/12/20 14:51",先物(仲介),,株式会社見村鉄骨グループ,-,"=""044-588-5231""",空有,"・L区画（事務所あり）／連棟の正面から右手の区画（R00176-019277の手前右半分の区画）
・2024/9/10　at-home広告可物件｜元付：（株）見村鉄骨グループ",2240053
貸地,R00176-023019,,,,更地,アーカイブ(成約),無,200000,,階,-,所沢市三ケ島5丁目の貸地【246坪】,,埼玉県所沢市三ケ島５丁目2061-1,,,2.00,1.00,,,,816.00,,246.84,811,2024/11/14,"2024/08/20 12:33","2024/12/20 14:19",先物(仲介),,サンアンドムーン,-,"=""04-2997-9836""",,・地番：2061番地1他,3591164
貸地,R00176-023373,,,,更地,アーカイブ(成約),無,633270,,階,-,朝霞市膝折町5丁目の貸地【302坪】,,埼玉県朝霞市膝折町５丁目,,,3.00,2.00,,,1.10,999.00,,302.19,2096,2024/12/20,"2024/10/29 10:21","2024/12/20 14:11",先物(仲介),,"有限会社 港南住宅建設",-,"=""048-462-8530""",,・場所：グーグルマップでは膝折町5丁目2,3510014
倉庫,R00176-023490,,,,使用中,アーカイブ(成約),無,1210000,,階,2007年11月,入間市狭山台4丁目の貸倉庫【238坪】,,埼玉県入間市狭山台４丁目12-1,,,4.00,1.00,,,,1616.00,787.20,238.12,5082,2024/12/20,"2024/11/21 11:55","2024/12/20 14:07",先物(仲介),,共同流通株式会社,-,"=""049-247-4311""",空有,,3580033
貸地,R00176-023315,,,,更地,アーカイブ(成約),無,495000,,階,-,横浜市港北区小机町の貸地【281坪】,,神奈川県横浜市港北区小机町2207,,,5.00,2.00,,,1.00,932.00,,281.93,1756,2024/11/11,"2024/10/17 11:26","2024/12/20 09:19",先物(仲介),,神奈川中央住宅（株）,-,"=""045-941-1000""",,※2024/10/17　at-home転載可物件｜神奈川中央住宅（株）,2220036
倉庫,R00176-023022,,,,空,アーカイブ(成約),無,1100000,,階,2000年02月,厚木市中依知の貸倉庫【254坪】,,神奈川県厚木市中依知113-1,,,1.00,1.00,,,1.00,,840.00,254.1,4330,2024/11/05,"2024/08/20 13:40","2024/12/19 17:36",先物(仲介),,（有）スズキエンタープライズ,-,"=""046-245-8181""",空有,,2430805
倉庫,R00176-023480,,,,使用中,アーカイブ(成約),無,495000,,階,1989年09月,厚木市三田の貸倉庫【178坪】,,神奈川県厚木市三田32-1,,,4.00,1.00,,,,960.00,590.71,178.68,2771,2024/11/25,"2024/11/19 10:35","2024/12/19 17:21",先物(仲介),,株式会社シーアールイ―,-,"=""03-5572-6604""",,・住所：三田32-1、33-1、33-2,2430211
倉庫,R00176-023060,,,,空,アーカイブ(成約),無,341000,,階,2024年10月,大和市柳橋1丁目の貸倉庫【40坪】,,神奈川県大和市柳橋１丁目8,,2200,4.00,1.00,,,1.00,,134.90,40.8,8357,2024/11/05,"2024/08/26 11:26","2024/12/19 16:46",先物(仲介),,,-,"=""業者専用：046-268-1157""",空有,"・D5号
・場所：グーグルマップでは、柳橋1丁目8-1（フーズファクトリー）跡
・Ｋ柳橋Ｄ棟  P110-A-9／10
※2024/8/26　広告確認中のためマッチングのみ｜(株)小菅不動産",2420022
店舗(建物一括),R00176-023485,,,,空,アーカイブ(成約),無,330000,,階,1989年01月,大和市深見台1丁目の貸店舗【60坪】,,神奈川県大和市深見台１丁目1-2,,,,1.00,6.00,,1.00,,198.34,59.99,5501,2024/11/20,"2024/11/20 09:34","2024/12/19 16:27",先物(仲介),,（有）県央開発,-,"=""046-263-6665""",,※2024/11/20　広告確認中のためマッチングのみ｜(有)県央開発,2420013
倉庫,R00176-023238,,,,空,アーカイブ(成約),無,350000,,階,1990年06月,川口市上青木西4丁目の貸倉庫【58坪】,,埼玉県川口市上青木西４丁目22-16,,,,1.00,3.00,,,,193.34,58.48,5985,2024/12/19,"2024/10/01 11:49","2024/12/19 14:53",先物(仲介),,江口建設工業株式会社,-,"=""048-442-9272""",空有,,3330845
倉庫,R00176-023312,,,,空,アーカイブ(成約),無,385000,,階,2005年01月,さいたま市緑区大字上野田の貸倉庫【59坪】,,埼玉県さいたま市緑区大字上野田627,5500,,2.00,1.00,,,,1120.00,198.00,59.89,6428,2024/12/19,"2024/10/17 10:56","2024/12/19 14:24",先物(仲介),,株式会社アースパワー,-,"=""048-688-3585""",空有,※2024/10/17　at-home転載可物件｜(株)アースパワー,3360977
倉庫,R00176-023412,,,,空,アーカイブ(成約),無,1967400,,階,1970年03月,小田原市桑原の貸倉庫【510坪】,,神奈川県小田原市桑原57,,,3.00,1.00,,,,,1689.25,510.99,3851,2024/11/07,"2024/11/07 10:47","2024/12/19 14:04",先物(仲介),,イーソーコ株式会社,-,"=""03-5439-9401""",,,2500861
倉庫,R00176-022990,,,,空,アーカイブ(成約),無,990000,,階,1965年01月,板橋区前野町6丁目の貸倉庫【165坪】,,東京都板橋区前野町６丁目8-10,,,,1.00,5.00,,1.00,,548.00,165.77,5973,2024/10/10,"2024/08/06 12:27","2024/12/19 14:01",先物(仲介),,株式会社豊徳,-,"=""03-3964-0861""",,,1740063
店舗事務所(建物一部),R00176-023296,,,,空,アーカイブ(成約),無,407000,,1階,1963年04月,横浜市中区長者町8丁目の貸店舗・事務所【39坪】,,神奈川県横浜市中区長者町８丁目133-1,,,,1.00,3.00,,1.00,,130.29,39.41,10327,2024/10/15,"2024/10/15 11:22","2024/12/19 13:56",先物(仲介),,（株）アメニティーホーム,-,"=""045-251-4848""",,,2310033
倉庫,R00176-023021,,,,使用中,アーカイブ(成約),無,696861,,階,-,横浜市瀬谷区卸本町の貸倉庫【140坪】,,神奈川県横浜市瀬谷区卸本町9279-16,,,4.00,1.00,,,1.00,,465.40,140.78,4950,2024/10/16,"2024/08/20 13:19","2024/12/19 13:52",先物(仲介),,株式会社アノンズ,-,"=""046-264-8711""",,※2024/8/20　広告確認中のためマッチングのみ｜(株)アノンズ,2460001
工場,R00176-023091,,,,空,アーカイブ(成約),無,1400000,,階,1990年10月,海老名市本郷の貸工場【412坪】,,神奈川県海老名市本郷2716-1,,,3.00,2.00,,,1.00,,1365.00,412.91,3391,2024/10/11,"2024/09/02 10:16","2024/12/19 13:52",先物(仲介),,株式会社アノンズ,-,"=""046-264-8711""",空有,※2024/9/2　広告確認中のためマッチングのみ｜(株)アノンズ,2430417
倉庫,R00176-023486,,,,,アーカイブ(成約),無,355300,,階,1982年03月,品川区東大井1丁目の貸倉庫【21坪】,,東京都品川区東大井１丁目8-3,,,3.00,1.00,,,,,71.11,21.51,16518,2024/12/19,"2024/11/20 09:42","2024/12/19 13:27",先物(仲介),,寺田倉庫株式会社,-,"=""03-5479-1616""",,"2024.12.19　申込み有。

・TS4002区画
※所在階不明、未入力です。確認お願いします。
※2024/11/20　レインズ広告可物件｜寺田倉庫（株）",1400011
貸地,R00176-023423,,,,更地,アーカイブ(成約),無,400400,,階,-,横浜市港北区新羽町の貸地【202坪】,,神奈川県横浜市港北区新羽町3576-1,,,,1.00,2.00,,1.00,670.65,,202.87,1974,2024/11/08,"2024/11/08 10:31","2024/12/19 13:20",先物(仲介),,株式会社石原興業,-,"=""045-541-4180""",,"※2024/11/8　広告確認中のためマッチングのみ｜(株)?原興業
・区画②
所在地：3576-1、3577、3578",2230057
倉庫,R00176-023303,,,,空,アーカイブ(成約),無,495000,,1階,1960年01月,荒川区東日暮里6丁目の貸倉庫【47坪】,,東京都荒川区東日暮里６丁目57-2,,,2.00,1.00,,,1.00,,156.46,47.32,10459,2024/11/05,"2024/10/15 13:22","2024/12/19 11:19",先物(仲介),,ピタットハウス　日暮里店　（株）光伸ハウジング,-,"=""03-5615-2666""",空有,"・1階部分
・事務所",1160014
店舗事務所(建物一部),R00176-023178,,,,使用中,アーカイブ(成約),無,396000,,1階,1985年03月,練馬区大泉学園町6丁目の貸店舗・事務所【27坪】,,東京都練馬区大泉学園町６丁目18-43,,,3.00,1.00,,,,,90.85,27.48,14410,2024/10/17,"2024/09/19 11:31","2024/12/19 11:18",先物(仲介),,センチュリー２１（株）ココ・ハウスネット,-,"=""03-5905-0412""",無,,1780061
倉庫,R00176-023355,,,,空,アーカイブ(成約),無,1283790,,2階,1992年11月,江戸川区臨海町4丁目の貸倉庫【171坪】,,東京都江戸川区臨海町４丁目2-2,,188793,3.00,,,,,,567.40,171.63,7480,2024/11/28,"2024/10/24 10:34","2024/12/19 10:36",先物(仲介),,ティーエントランス株式会社,-,"=""03-3538-8500""",空有,・2階部分,1340086
倉庫,R00176-023206,,,,空,アーカイブ(成約),無,396000,,階,1985年11月,大田区京浜島2丁目の貸倉庫【41坪】,,東京都大田区京浜島２丁目3-17,,,,1.00,6.00,,1.00,,135.66,41.03,9650,2024/11/05,"2024/09/26 11:31","2024/12/19 10:29",先物(仲介),,株式会社シティ・ハウジング?テナントセンター,-,"=""03-3745-0228""",空有,・B区画,1430003
倉庫,R00176-023370,,,,空,アーカイブ(成約),無,836000,,階,1994年10月,墨田区石原4丁目の貸倉庫【89坪】,,東京都墨田区石原４丁目35-12,,44000,,1.00,5.00,,0.50,,296.00,89.54,9337,2024/10/28,"2024/10/28 10:54","2024/12/19 10:00",先物(仲介),,（株）寿商事,-,"=""03-3623-8468""",空有,,1300011
貸地,R00176-023037,,,,更地,アーカイブ(成約),無,315000,,階,-,府中市朝日町2丁目の貸地【104坪】,,東京都府中市朝日町２丁目10-3,,,,1.00,6.00,,,347.10,,104.99,3001,2024/10/09,"2024/08/22 11:23","2024/12/19 09:58",先物(仲介),,（有）光建企画,-,"=""042-362-7810""",,,1830003
店舗事務所(建物一部),R00176-023357,,,,空,アーカイブ(成約),無,396000,,1階,1973年05月,清瀬市松山1丁目の貸店舗・事務所【39坪】,,東京都清瀬市松山１丁目20-5,,,,1.00,6.00,,1.00,,129.65,39.21,10098,2024/11/11,"2024/10/24 11:23","2024/12/19 09:51",先物(仲介),,株式会社キューブ,-,"=""042-396-3303""",無,※2024/10/24　広告確認中のためマッチングのみ｜(株)キューブ,2040022
倉庫,R00176-023474,,,,空,アーカイブ(成約),無,330000,,1階,-,世田谷区太子堂2丁目の貸倉庫【42坪】,,東京都世田谷区太子堂２丁目7-11,,,2.00,1.00,,,1.00,,139.00,42.04,7849,2024/11/18,"2024/11/18 12:40","2024/12/18 17:25",先物(仲介),,寺田不動産（株）,-,"=""03-3414-1221""",,※2024/11/18　広告確認中のためマッチングのみ｜寺田不動産（株）,1540004
倉庫,R00176-023440,,,,空,アーカイブ(成約),無,350000,,階,2009年08月,吉川市二ツ沼2丁目の貸倉庫【39坪】,,埼玉県吉川市二ツ沼２丁目55-3,,,2.00,1.00,,,1.00,557.92,129.60,39.2,8928,2024/12/18,"2024/11/12 15:49","2024/12/18 16:37",先物(仲介),,（株）オーマイホーム　,-,"=""048-940-6728""",,,3420032
倉庫,R00176-023455,,,,,アーカイブ(成約),無,275000,,階,1992年11月,久喜市菖蒲町三箇の貸倉庫【87坪】,,埼玉県久喜市菖蒲町三箇3409-1,,,3.00,3.00,,,,660.00,288.08,87.14,3156,2024/12/18,"2024/11/14 11:07","2024/12/18 16:29",先物(仲介),,有限会社テックオオシマ,-,"=""048-775-3169""",,,3460104
倉庫,R00176-023421,,,,空,アーカイブ(成約),無,220000,,階,1986年11月,三郷市早稲田1丁目の貸倉庫【31坪】,,埼玉県三郷市早稲田１丁目22-21,,,3.00,,,,1.00,,104.00,31.46,6994,2024/12/18,"2024/11/08 10:15","2024/12/18 16:20",先物(仲介),,（株）フソウアルファ,-,"=""03-5829-6315""",,※2024/11/8　広告確認中のためマッチングのみ｜(株)フソウアルファ,3410018
倉庫,R00176-023142,,,,空,アーカイブ(成約),無,200000,,階,1973年05月,幸手市東4丁目の貸倉庫【207坪】,,埼玉県幸手市東４丁目3-2,5000,,3.00,2.00,,,1.00,684.35,684.35,207.01,967,2024/12/18,"2024/09/11 14:23","2024/12/18 16:07",先物(仲介),,株式会社東武土地建物,-,"=""0480-42-0396""",空有,※2024/9/11　広告確認中のためマッチングのみ｜(株)東武?地建物,3400114
店舗事務所(建物一部),R00176-023050,,,,空,アーカイブ(成約),無,814000,,1階,1974年11月,世田谷区南烏山1丁目の貸店舗・事務所【66坪】,,東京都世田谷区南烏山１丁目1-21,,30360,,2.00,2200000,,,,219.68,66.45,12250,2024/10/10,"2024/08/23 11:41","2024/12/18 15:49",先物(仲介),,ニチビル（株）有楽町支店,-,"=""03-6679-7707""",空有,,1570062
貸地,R00176-023311,,,,更地,アーカイブ(成約),無,200000,,階,-,三郷市幸房の貸地【301坪】,,埼玉県三郷市幸房1426,,,2.00,,,,,998.00,,301.89,663,2024/12/18,"2024/10/17 10:42","2024/12/18 15:18",先物(仲介),,"さいかつ農業協同組合 資産管理部 資産管理課 本店",-,"=""048-952-2104""",,・住所：幸房1426、1427,3410026
倉庫,R00176-023457,,,,使用中,アーカイブ(成約),無,880000,,階,1983年05月,和光市中央1丁目の貸倉庫【153坪】,,埼玉県和光市中央１丁目,,,4.00,1.00,,,0.50,613.32,507.99,153.66,5727,2024/12/18,"2024/11/14 15:19","2024/12/18 15:15",先物(仲介),,"有限会社 港南住宅建設",-,"=""048-462-8530""",空有,【グーグルマップ住所】埼玉県和光市中央1丁目5-44,3510113
工場,R00176-023356,,,,空,アーカイブ(成約),無,220000,,階,2001年01月,川口市領家3丁目の貸工場【28坪】,,埼玉県川口市領家３丁目11-17,3300,,3.00,1.00,,,1.00,,92.74,28.05,7843,2024/11/20,"2024/10/24 10:46","2024/12/18 14:54",先物(仲介),,謝藤開発株式会社,-,"=""048-222-5548""",空有,,3320004
倉庫,R00176-023241,,,,空,アーカイブ(成約),無,880000,,階,2009年04月,新宿区市谷加賀町2丁目の貸倉庫【64坪】,,東京都新宿区市谷加賀町２丁目2-2,,,4.00,1.00,,,,156.09,214.32,64.83,13574,2024/10/31,"2024/10/01 12:59","2024/12/18 13:21",先物(仲介),,共同流通株式会社,-,"=""049-247-4311""",無,,1620062
倉庫,R00176-023127,,,,空,アーカイブ(成約),無,500000,,1階,1979年06月,墨田区向島1丁目の貸倉庫【27坪】,,東京都墨田区向島１丁目11-4,,,2.00,2.00,,,1.00,110.00,91.31,27.62,18102,2024/12/18,"2024/09/09 11:45","2024/12/18 13:07",先物(仲介),,（株）北澤土地,-,"=""03-3626-0333""",,,1310033
倉庫,R00176-023004,,,,使用中,アーカイブ(成約),無,396000,,階,1970年01月,松戸市旭町1丁目の貸倉庫【89坪】,,千葉県松戸市旭町１丁目68,,,,1.00,3.00,,1.00,539.50,297.40,89.96,4402,2024/12/16,"2024/08/19 10:44","2024/12/18 11:12",先物(仲介),,（株）タープ不動産,-,"=""03-5844-6300""",空有,,2710043
倉庫,R00176-022991,,,,空,アーカイブ(成約),無,770000,,階,1989年04月,埼玉第50倉庫【154坪】,,埼玉県さいたま市緑区大字大門2592-3,,,4.00,1.00,,,1.00,,511.25,154.65,4979,2024/12/18,"2024/08/06 15:45","2024/12/18 09:37",自社,代理,株式会社センチュリーダイソー　埼玉支店,-,"=""048-290-0776""",空有,"・2024/11/29　申込み1件（予定）→12/18契約予定につき募集終了
■2024/8/6　埼玉50（サブリース物件）｜担当：飯田
・地番：埼玉県さいたま市緑区大門2952番地3、2592番地1の一部（2筆）",3360963
貸地,R00176-023471,,,,更地,アーカイブ(成約),無,737000,,階,-,和光市下新倉3丁目の貸地【268坪】,,埼玉県和光市下新倉３丁目14,,,,1.00,3.00,,,886.00,,268.01,2750,2024/12/17,"2024/11/18 11:13","2024/12/17 11:48",先物(仲介),,株式会社さかす不動産,-,"=""048-268-3170""",,・地番：下新倉3丁目4516-1、4515-1、4515-3,3510111
店舗(建物一部),R00176-023329,,,,空,アーカイブ(成約),無,440000,,階,2016年07月,海老名市東柏ケ谷6丁目の貸店舗【36坪】,,神奈川県海老名市東柏ケ谷６丁目24-11,,,6.00,1.00,,,1.00,,119.98,36.29,12124,2024/11/11,"2024/10/18 10:34","2024/12/17 11:05",先物(仲介),,株式会社タウンハウジング,-,"=""03-5687-1915""",空有,・1-2階一区画,2430401
倉庫,R00176-023117,,,,空,保留,無,660000,,地下階,1980年10月,宮城県仙台市太白区茂庭字人来田西の貸倉庫【175坪】,,宮城県仙台市太白区茂庭字人来田西111-10,,,,1.00,3.00,,1.00,,579.67,175.35,3764,2024/09/06,"2024/09/06 10:50","2024/12/17 09:33",自社,一般媒介,株式会社センチュリーダイソー,小林,"=""03-6441-2258""",空有,"■2024/9/6　一般媒介｜担当：小林
　　　　　　　貸主：株式会社マグファイン",9820251
工場,R00176-023002,,,,空,アーカイブ(成約),無,2750000,,階,1985年01月,横須賀市内川1丁目の貸工場【779坪】,,神奈川県横須賀市内川１丁目7-1,,,,,4.00,,1.00,1525.64,2575.91,779.21,3530,2024/12/16,"2024/08/19 10:17","2024/12/16 15:12",先物(仲介),,ウスイホーム（株）久里浜賃貸センター,-,"=""046-838-3361""",空有,,2390836
倉庫,R00176-023441,,,,居住中,アーカイブ(成約),無,1870000,,階,1993年03月,神奈川県横浜市都筑区折本町の貸倉庫【184坪】,,神奈川県横浜市都筑区折本町355,,,,2.00,4.00,,1.00,892.53,610.57,184.69,10125,2024/11/12,"2024/11/12 15:57","2024/12/16 12:48",先物(仲介),,株式会社石原興業,-,"=""045-541-4180""",空無,"マッチングのみ
",2240043
店舗事務所(建物一括),R00176-023165,,,,空,アーカイブ(成約),無,385000,,階,2007年01月,小田原市堀之内の貸店舗・事務所【42坪】,,神奈川県小田原市堀之内4-3,,,,,3.00,,0.50,,142.01,42.95,8963,2024/11/26,"2024/09/18 10:36","2024/12/13 17:59",先物(仲介),,（株）マッケンジーハウス　,久保,"=""0463-25-1417""",空有,"※2024/9/18　マイソク広告可物件｜(株)マッケンジーハウス　　　　　　　　
※2024/11/8　１番手あり２番手なら申込可。
※2024/11/26　1件申込有、2番手可（1番手融資の関係で流れる可能性があるそうです）
　　　内見希望の際は事前に名刺FAXくださいとのことでした。

",2500853
工場,R00176-023121,,,,空,アーカイブ(成約),無,1100000,,階,1991年07月,北区浮間4丁目の貸工場【129坪】,,東京都北区浮間４丁目5-3,,,,1.00,4.00,,1.00,327.25,427.01,129.17,8516,2024/12/13,"2024/09/09 10:33","2024/12/13 15:10",先物(仲介),,株式会社豊徳,-,"=""03-3964-0861""",空有,2024.10.３確認:申込１件あり（10/8の貸主面談までは受付可）,1150051
店舗(建物一括),R00176-023549,,,,空,アーカイブ(成約),無,506000,,階,1985年10月,八王子市椚田町の貸店舗【59坪】,,東京都八王子市椚田町537-14,,,,1.00,6.00,,1.00,,198.01,59.89,8448,2024/11/29,"2024/11/29 12:50","2024/12/13 15:00",先物(仲介),,エステイター（株）,-,"=""050-3503-1579""",空有,,1930942
貸地,R00176-023369,,,,更地,アーカイブ(成約),無,350000,,階,-,大田区南六郷1丁目の貸地【49坪】,,東京都大田区南六郷１丁目20-5,,,,1.00,2.00,,1.00,165.28,,49.99,7001,2024/10/28,"2024/10/28 10:47","2024/12/13 14:11",先物(仲介),,（株）坂本ハウジング,-,"=""03-3731-9032""",,※2024/10/28　広告確認中のためマッチングのみ｜(株)坂本ハウジング,1440045
店舗(建物一部),R00176-023080,,,,使用中,アーカイブ(成約),無,715000,,1階,1979年05月,三鷹市井の頭2丁目の貸店舗【43坪】,,東京都三鷹市井の頭２丁目7-8,,,,,5.00,,1.10,,145.40,43.98,16257,2024/10/10,"2024/08/29 11:01","2024/12/13 13:30",先物(仲介),,（有）和泉屋不動産,-,"=""0422-43-1038""",空有,2024/10/10確認：申し込み１件あり、2番手可能。,1810001
店舗事務所(建物一部),R00176-023323,,,,使用中,アーカイブ(成約),無,990000,,1階,1987年11月,足立区谷在家1丁目の貸店舗・事務所【98坪】,,東京都足立区谷在家１丁目1-3,,,2.00,1.00,,,1.00,,326.20,98.67,10033,2024/11/08,"2024/10/17 13:52","2024/12/13 13:29",先物(仲介),,（株）アーキウェア,-,"=""03-5681-1955""",無,,1230863
倉庫,R00176-023277,,,,使用中,アーカイブ(成約),無,702900,,階,1991年03月,船橋市潮見町の貸倉庫【150坪】,,千葉県船橋市潮見町19-8,,49500,,1.00,3.00,,1.00,,495.88,150,4686,2024/11/01,"2024/10/10 10:05","2024/12/13 12:44",先物(仲介),,（株）タープ不動産,-,"=""03-5844-6300""",空有,・1、2階部分（一部）,2730016
倉庫,R00176-023579,,,,空,アーカイブ(成約),無,550000,,階,-,八王子市東中野の貸倉庫【165坪】,,東京都八王子市東中野685-2,,,3.00,1.00,,,,764.78,545.00,164.86,3337,2024/12/12,"2024/12/05 11:12","2024/12/12 17:58",先物(仲介),,ハピネスホーム　,-,"=""042-400-7613""",空有,,1920351
倉庫,R00176-022984,,,,空,アーカイブ(成約),無,450000,,階,1992年11月,千葉市若葉区大宮町の貸倉庫【194坪】,,千葉県千葉市若葉区大宮町2316-1,,,,1.00,3.00,,1.10,,642.00,194.2,2318,2024/11/05,"2024/08/06 11:01","2024/12/12 14:19",先物(仲介),,（株）ベクセル,-,"=""043-231-5560""",,※2024/8/6　広告確認中のためマッチングのみ｜(株)ベクセル,2640016
倉庫,R00176-023354,,,,,アーカイブ(成約),無,1320000,,階,1997年03月,大和市柳橋1丁目の貸倉庫【224坪】,,神奈川県大和市柳橋１丁目7-4,,,3.00,1.00,,,,2073.00,741.00,224.15,5889,2024/10/24,"2024/10/24 10:25","2024/12/12 13:37",先物(仲介),,ダイユー建設（株）藤沢長後営業所,-,"=""0466-41-2830""",空有,2024.10.24　Googleマップで見ると冷蔵倉庫だが現状は違う。工場利用?,2420022
倉庫,R00176-023285,,,,空,アーカイブ(成約),無,330000,,1階,1992年04月,品川区南大井2丁目の貸倉庫【27坪】,,東京都品川区南大井２丁目7-9,22000,,3.00,1.00,,,1.00,,90.64,27.41,12036,2024/12/12,"2024/10/10 11:49","2024/12/12 11:17",先物(仲介),,（株）エムズ・ウエスト,-,"=""03-5510-2250""",空有,※2024/10/10　at-home掲載可物件｜(株)エムズ・ウエスト,1400013
倉庫,R00176-023261,,,,使用中,アーカイブ(成約),無,2079000,,階,1993年02月,江戸川区南篠崎町3丁目の貸倉庫【270坪】,,東京都江戸川区南篠崎町３丁目20,,,3.00,2.00,,1.00,1.50,,893.00,270.13,7697,2024/11/11,"2024/10/07 10:43","2024/12/11 15:27",先物(仲介),,（株）旭商運倉庫,-,"=""03-3679-1958""",空有,・場所：グーグルマップでは、南篠崎町3丁目20-6,1330065
店舗事務所(建物一部),R00176-023510,,,,空,アーカイブ(成約),無,606980,,1階,1989年10月,立川市曙町2丁目の貸店舗・事務所【27坪】,,東京都立川市曙町２丁目32-1,,,,,10.00,,,,91.21,27.59,22000,2024/11/25,"2024/11/25 13:06","2024/12/11 15:05",先物(仲介),,（株）イデアル　,-,"=""03-5785-1701""",空有,,1900012
店舗(建物一部),R00176-023350,,,,空,アーカイブ(成約),無,440000,,1階,2004年03月,国分寺市本町4丁目の貸店舗【36坪】,,東京都国分寺市本町４丁目21-12,,6600,3.00,,,1.50,1.00,,120.54,36.46,12067,2024/11/28,"2024/10/22 12:11","2024/12/11 14:50",先物(仲介),,株行会社アートアベニュー,-,"=""03-5339-0555""",,※2024/10/22　マイソクネット掲載可物件｜(株)アートアベニュー,1850012
店舗(建物一部),R00176-023365,,,,空,アーカイブ(成約),無,600000,,1階,1976年05月,台東区今戸1丁目の貸店舗【46坪】,,東京都台東区今戸１丁目18-16,,,6.00,1.00,,,,,154.90,46.85,12805,2024/11/11,"2024/10/25 11:26","2024/12/11 14:03",先物(仲介),,株式会社　日本不動産,-,"=""03-3875-7281""",,,1110024
倉庫,R00176-023363,,,,使用中,アーカイブ(成約),無,325248,,1階,1990年08月,文京区湯島2丁目の貸倉庫【21坪】,,東京都文京区湯島２丁目23-9,,,3.00,1.00,,,1.00,,69.82,21.12,15400,2024/11/11,"2024/10/25 11:04","2024/12/11 13:56",先物(仲介),,株式会社　上野不動産　秋葉原営業所,-,"=""03-3255-1641""",,,1130034
店舗(建物一括),R00176-023228,,,,空,アーカイブ(成約),無,590000,,階,2003年10月,八王子市小宮町の貸店舗【45坪】,,東京都八王子市小宮町221-1,,,,590000,3500000,,0.50,,149.04,45.08,13087,2024/11/28,"2024/09/30 11:21","2024/12/11 13:30",先物(仲介),,山一商事株式会社,-,"=""042-644-3737""",空有,※2024/11/28　広告確認中のためマッチングのみ｜山一商事（株）,1920031
貸地,R00176-023384,,,,,アーカイブ(成約),無,410000,,階,-,町田市小野路町の貸地【297坪】,,東京都町田市小野路町2343-1,,,,1.00,3.00,,1.00,984.00,,297.66,1378,2024/11/07,"2024/10/30 10:49","2024/12/11 11:21",先物(仲介),,(有)角屋商事,-,"=""042-735-5207""",,・地番：2343番1他,1950064
倉庫,R00176-023158,,,,,アーカイブ(成約),無,260000,,階,1986年06月,所沢市大字上安松の貸倉庫【60坪】,,埼玉県所沢市大字上安松635-2,,,3.00,1.00,,,1.00,,200.00,60.5,4298,2024/12/10,"2024/09/17 10:33","2024/12/10 17:00",先物(仲介),,株式会社都市総合企画,-,"=""04-2946-0033""",空有,,3590025
貸地,R00176-023541,,,,,アーカイブ(成約),無,320000,,階,-,横浜市保土ケ谷区上菅田町の貸地【200坪】,,神奈川県横浜市保土ケ谷区上菅田町1470-2,,,,1.00,3.00,,1.00,660.00,,199.65,1603,2024/12/10,"2024/11/29 10:15","2024/12/10 16:15",先物(仲介),,（株）メイクリーン,-,"=""045-309-7315""",,"・所在地：1470-2の一部
　※上菅田町1469-1の南側",2400051
倉庫,R00176-023601,,,,空,保留,無,495000,,階,1995年11月,中央区築地7丁目の貸倉庫【29坪】,,東京都中央区築地７丁目,,,,1.00,3.00,,,32.27,96.76,29.26,16912,2024/12/10,"2024/12/10 13:16","2024/12/10 13:24",先物(仲介),,（株）エスユーネクスト,-,"=""03-3561-6660""",空有,・場所：グーグルマップでは、築地7丁目12-14（紀文第2ビル）の左隣,1040045
倉庫,R00176-023254,,,,,アーカイブ(成約),無,410000,,1階,1991年08月,江戸川区小松川3丁目の貸倉庫【37坪】,,東京都江戸川区小松川３丁目2-1,,,6.00,1.00,,,1.00,,125.45,37.94,10805,2024/12/09,"2024/10/02 11:14","2024/12/09 13:17",先物(仲介),,（株）日本橋ハウジング,-,"=""03-6264-8540""",空有,"・116号室
・売買あり：B00176-001289、B00176-001297
※2024/10/2　広告確認中のためマッチングのみ｜(株)日本橋ハウジング",1320034
貸地,R00176-023092,,,,更地,アーカイブ(成約),無,340000,,階,-,船橋市夏見5丁目の貸地【172坪】,,千葉県船橋市夏見５丁目5,,,3.00,,,,1.00,569.00,,172.12,1976,2024/11/21,"2024/09/02 10:51","2024/12/06 18:00",先物(仲介),,海浜不動産（株）幕張本郷支店,-,"=""043-276-1055""",,・地番：夏見5丁目5,2730865
貸地,R00176-023093,,,,更地,アーカイブ(成約),無,940000,,階,-,船橋市夏見5丁目の貸地【376坪】,,千葉県船橋市夏見５丁目32,,,3.00,,,,,1246.00,,376.91,2494,2024/12/06,"2024/09/02 11:00","2024/12/06 17:59",先物(仲介),,海浜不動産（株）幕張本郷支店,-,"=""043-276-1055""",,・地番：夏見5丁目32,2730865
倉庫,R00176-023325,,,,空,保留,無,250000,,階,1970年01月,狭山市大字中新田の貸倉庫【55坪】,,埼玉県狭山市大字中新田211-7,,,4.00,2.00,,,1.00,332.21,183.00,55.35,4517,2024/12/06,"2024/10/18 09:53","2024/12/06 17:33",先物(仲介),,■三光物産株式会社,-,"=""049-226-3535""",空有,,3501311
倉庫,R00176-023461,,,,空,アーカイブ(成約),無,1255100,,階,1975年01月,愛甲郡愛川町中津の貸倉庫【325坪】,,神奈川県愛甲郡愛川町中津241-7,,,6.00,1.00,,,,,1077.68,325.99,3851,2024/11/15,"2024/11/15 09:59","2024/12/06 14:58",先物(仲介),,（株）立和コーポレーション　神奈川店,-,"=""042-759-5801""",空有,Googleナビでは愛川町中津248-1,2430303
倉庫,R00176-023487,,,,空,アーカイブ(成約),無,385000,,階,1976年04月,墨田区立花3丁目の貸倉庫【103坪】,,東京都墨田区立花３丁目8-4,,,,2.00,4.00,,1.50,,342.16,103.5,3720,2024/11/21,"2024/11/20 10:06","2024/12/05 16:52",先物(仲介),,（株）クレッシェンドハウス　,-,"=""03-3619-6430""",,2024.11.21　概要書文字つぶれ部分　1F／約64.3㎡　2F／約69.46㎡,1310043
倉庫,R00176-023406,,,,空,アーカイブ(成約),無,680000,,階,1985年07月,志木市上宗岡3丁目の貸倉庫【137坪】,,埼玉県志木市上宗岡３丁目18-52,,,,1.00,6.00,,1.00,,453.92,137.31,4953,2024/12/05,"2024/11/06 11:56","2024/12/05 16:25",先物(仲介),,株式会社アップル　テナント課,-,"=""048-650-5333""",空有,※2024/11/6　at-home転載可物件｜(株)アップル?テナント課,3530001
倉庫,R00176-023445,,,,使用中,アーカイブ(成約),無,336600,,階,1980年02月,戸田市美女木3丁目の貸倉庫【40坪】,,埼玉県戸田市美女木３丁目24-15,,,,1.00,3.00,,1.00,,135.30,40.92,8225,2024/12/05,"2024/11/13 15:48","2024/12/05 16:07",先物(仲介),,（株）タープ不動産,-,"=""03-5844-6300""",空有,,3350031
事務所(建物一括),R00176-023046,,,,,アーカイブ(成約),無,3300000,,階,1998年09月,熊谷市新堀の貸事務所【499坪】,,埼玉県熊谷市新堀1036-1,,,3.00,1.00,,,1.00,1239.00,1650.45,499.26,6610,2024/12/05,"2024/08/23 10:52","2024/12/05 11:45",先物(仲介),,株式会社シーアールイ―,-,"=""03-5572-6604""",空有,,3600841
倉庫,R00176-023392,,,,空,アーカイブ(成約),無,1480000,,階,2008年05月,越谷市大字船渡の貸倉庫【90坪】,,埼玉県越谷市大字船渡68-8,,,2.00,1.00,,,1.00,1646.50,298.23,90.21,16406,2024/12/05,"2024/11/01 11:01","2024/12/05 11:41",先物(仲介),,（株）オーマイホーム　,-,"=""048-940-6728""",,,3430003
倉庫,R00176-023268,,,,空,アーカイブ(成約),無,300000,,階,1985年08月,越谷市東越谷1丁目の貸倉庫【55坪】,,埼玉県越谷市東越谷１丁目1-1,,,2.00,1.00,,,,,184.00,55.66,5390,2024/12/05,"2024/10/08 10:57","2024/12/05 11:31",先物(仲介),,利達通商株式会社,-,"=""080-4925-1129""",空有,"※レインズ掲載中物件確認不要｜元付：利達通商（株）
※2024/10/8　広告掲載不可のためマッチングのみ",3430023
倉庫,R00176-023308,,,,空,アーカイブ(成約),無,880000,,階,-,戸田市笹目7丁目の貸倉庫【102坪】,,埼玉県戸田市笹目７丁目9-29,,,5.00,2.00,,,1.00,,337.30,102.03,8625,2024/12/05,"2024/10/16 14:22","2024/12/05 11:30",先物(仲介),,株式会社不動産照力　パンダハウス,-,"=""048-442-1131""",空有,"2024/10/18　物確→本日募集を一旦下げたそうです。
募集条件や設備などを再度確認してからの再募集を検討しているそうです。
たたし再募集の時期は未定とのことでした。",3350034
倉庫,R00176-023366,,,,使用中,アーカイブ(成約),無,450000,,階,1981年06月,入間郡三芳町大字竹間沢の貸倉庫【199坪】,,埼玉県入間郡三芳町大字竹間沢317,,,3.00,1.00,,,1.00,,660.00,199.65,2254,2024/12/05,"2024/10/28 10:15","2024/12/05 11:23",先物(仲介),,（株）アスリートホーム,-,"=""049-253-6985""",空有,"■B棟
・枝番：317-：",3540043
倉庫,R00176-023561,,,,,保留,無,,,階,1991年12月,川口市大字西立野の貸倉庫【4355坪】,,埼玉県川口市大字西立野65-2,,,4.00,1.00,,,1.00,,14398.07,4355.41,,-,"2024/12/03 10:09","2024/12/03 17:39",先物(仲介),,株式会社センチュリーダイソー,飯田,"=""03-6441-2258""",空有,■2024/12/3　非公開（飯田さん入力依頼物件）,3330813
倉庫,R00176-022988,,,,使用中,アーカイブ(成約),無,300000,,階,1995年01月,草加市稲荷3丁目の貸倉庫【21坪】,,埼玉県草加市稲荷３丁目6-30,,,2.00,2.00,,,,,72.42,21.9,13695,2024/12/03,"2024/08/06 11:56","2024/12/03 17:23",先物(仲介),,（株）セレクトハウジング,-,"=""03-3855-0600""",空有,,3400003
倉庫,R00176-023251,,,,空,保留,無,18413000,,階,2017年02月,比企郡川島町大字戸守の貸倉庫【4846坪】,,埼玉県比企郡川島町大字戸守,,,6.00,,,,,,16022.13,4846.69,3800,2024/12/02,"2024/10/02 10:33","2024/12/02 17:27",先物(仲介),,株式会社日本エステートリサーチ,-,"=""03-5402-7590""",,"■A区画
グーグルマップ：比企郡川島町大字戸守678-1",3500166
倉庫,R00176-023132,,,,使用中,保留,無,3433300,,階,1997年11月,所沢市大字亀ケ谷の貸倉庫【797坪】,,埼玉県所沢市大字亀ケ谷27-1,,,2.00,1.00,,,,3353.18,2637.85,797.94,4303,2024/12/02,"2024/09/10 10:47","2024/12/02 17:25",先物(仲介),,株式会社谷澤総合コンサルタント,-,"=""049-262-8003""",,"2024.9.30　テナント使用中。日程調整すれば、内覧可。

2024.9.13　検査済書あり。工場?
",3590014
倉庫,R00176-023476,,,,使用中,アーカイブ(成約),無,330000,,階,1989年09月,所沢市大字本郷の貸倉庫【84坪】,,埼玉県所沢市大字本郷624-2,,,3.00,1.00,,,0.55,,280.00,84.7,3897,2024/11/19,"2024/11/19 09:37","2024/12/02 14:25",先物(仲介),,株式会社アルファー,-,"=""04-2945-2220""",空有,2024.12.2　申込み1件。,3590022
倉庫,R00176-023430,,,,空,アーカイブ(成約),無,440000,,階,1997年06月,さいたま市桜区西堀9丁目の貸倉庫【59坪】,,埼玉県さいたま市桜区西堀９丁目13-35,,,3.00,1.00,,,1.00,,197.50,59.74,7365,2024/11/11,"2024/11/11 11:49","2024/12/02 13:29",先物(仲介),,株式会社タカテル,-,"=""048-853-6969""",空有,※2024/11/11　レインズ広告可物件｜(株)タカテル,3380832
倉庫,R00176-023297,,,,使用中,アーカイブ(成約),無,440000,,階,-,埼玉第45倉庫【64坪】,,埼玉県川口市戸塚東４丁目18-1,,,4.00,1.00,,,1.00,411.00,211.57,63.99,6876,2024/11/08,"2024/10/15 11:36","2024/12/02 12:48",自社,代理,株式会社センチュリーダイソー,飯田,"=""03-6441-2258""",,■埼玉第45倉庫｜サブリース｜担当：飯田,3330802
倉庫,R00176-023508,,,,使用中,アーカイブ(成約),無,550000,,階,1990年01月,三郷市南蓮沼の貸倉庫【96坪】,,埼玉県三郷市南蓮沼790-1,,,3.00,1.00,,,1.00,1043.00,320.00,96.8,5682,2024/11/25,"2024/11/25 12:09","2024/12/02 09:41",先物(仲介),,ゼクス株式会社,-,"=""047-468-8685""",空有,,3410028
倉庫,R00176-023249,,,,空,アーカイブ(成約),無,2497572,,階,1994年01月,野田市三ツ堀の貸倉庫【679坪】,,千葉県野田市三ツ堀1223,,,3.00,1.00,,,,,2247.44,679.85,3674,2024/10/02,"2024/10/02 10:07","2024/12/02 09:24",先物(仲介),,（株）タープ不動産,-,"=""03-5844-6300""",,・1-2階一部,2780011
店舗(建物一部),R00176-023245,,,,空,アーカイブ(成約),無,955900,,1階,1996年03月,松戸市新松戸3丁目の貸店舗【39坪】,,千葉県松戸市新松戸３丁目4-1,,55000,,1.00,10.00,,1.00,,130.58,39.5,24200,2024/10/01,"2024/10/01 13:07","2024/12/02 09:17",先物(仲介),,株式会社　総合施設管理,0120-884-775,"=""03-6279-0837""",,"・1階Bプラン奥側
　R00176-022128分割案
※2024/3/12　広告確認中のためマッチングのみ｜(株)総合施設管理",2700034
倉庫,R00176-023458,,,,空,アーカイブ(成約),無,260000,,階,2010年11月,北本市高尾8丁目の貸倉庫【87坪】,,埼玉県北本市高尾８丁目189-1,10000,,,1.00,2.00,,1.00,608.00,290.20,87.78,2962,2024/11/28,"2024/11/14 15:59","2024/11/28 17:49",先物(仲介),,明治住建株式会社,-,"=""049-298-3966""",,,3640034
倉庫,R00176-023161,,,,空,アーカイブ(成約),無,275000,,階,1985年05月,川越市大字福田の貸倉庫【45坪】,,埼玉県川越市大字福田121-3,2000,,,1.00,3.00,,1.00,,149.52,45.22,6081,2024/11/28,"2024/09/17 11:41","2024/11/28 11:42",先物(仲介),,株式会社豊徳,-,"=""03-3964-0861""",空有,2024.9.26　検査済証なし。,3500821
倉庫,R00176-023183,,,,空,アーカイブ(成約),無,231000,,階,1984年02月,三郷市半田の貸倉庫【32坪】,,埼玉県三郷市半田456-2,,,1.00,2.00,,,1.00,343.00,107.65,32.56,7094,2024/11/28,"2024/09/20 10:45","2024/11/28 11:32",先物(仲介),,（株）ハウストゥエンティーワン,-,"=""048-958-6611""",,,3410012
倉庫,R00176-023169,,,,空,アーカイブ(成約),無,880000,,階,2023年06月,川口市東領家４丁目の貸倉庫【50坪】,,埼玉県川口市東領家４丁目10-21,,,4.00,1.00,,,1.50,,168.00,50.82,17317,2024/11/28,"2024/09/18 11:54","2024/11/28 11:29",先物(仲介),,株式会社ハウスセイラーズ,-,"=""03-3896-0141""",空有,※2024/9/18　広告確認中のためマッチングのみ｜(株)ハウスセイラーズ,3320003
倉庫,R00176-023208,,,,使用中,保留,無,502700,,階,1977年12月,足立区扇2丁目の貸倉庫【106坪】,,東京都足立区扇２丁目15-10,,,1.00,2.00,,,1.00,,350.48,106.02,4742,2024/09/26,"2024/09/26 12:03","2024/11/26 16:26",先物(仲介),,アサヒドー不動産,物確専用：050-3628-1440,"=""03-3898-2183""",空有,"2024.9.26　問合せが殺到しており、一旦募集ストップ。再開可能性はアリ。
※物確専用：050-3628-1440",1230873
貸地,R00176-023478,,,,更地,アーカイブ(成約),無,356400,,階,-,八潮市大字大曽根の貸地【216坪】,,埼玉県八潮市大字大曽根659-1,,,1.00,1.00,,,1.00,714.40,,216.1,1650,2024/11/19,"2024/11/19 10:09","2024/11/26 13:31",先物(仲介),,（株）小栗,-,"=""048-997-7439""",,,3400834
貸地,R00176-023250,,,,更地,アーカイブ(成約),無,316000,,階,-,柏市若白毛の貸地【504坪】,,千葉県柏市若白毛1116-1,,,3.00,1.00,,,1.00,1666.66,,504.16,627,2024/10/02,"2024/10/02 10:17","2024/11/25 10:58",先物(仲介),,朝日企画（有）,-,"=""043-208-5021""",,"・住所：若白毛1116-1、1123-6
※2024/10/2　広告確認中のためマッチングのみ｜朝日企画(有)",2701444
貸地,R00176-023319,,,,その他,アーカイブ(成約),無,2100000,,階,-,野田市蕃昌の貸地【3765坪】,,千葉県野田市蕃昌55-1,,,6.00,1.00,,,1.00,12447.00,,3765.21,558,2024/10/17,"2024/10/17 12:29","2024/11/25 10:55",先物(仲介),,東葛商事（株）,-,"=""04-7129-1210""",,,2780041
店舗(建物一括),R00176-023353,,,,空,アーカイブ(成約),無,330000,,階,2009年05月,久喜市菖蒲町台の貸店舗【60坪】,,埼玉県久喜市菖蒲町台1578,,,6.00,1.00,,,,2839.60,199.72,60.41,5463,2024/11/21,"2024/10/24 10:07","2024/11/21 17:10",先物(仲介),,株式会社エルアンドビー　,-,"=""048-520-1111""",空有,,3460103
貸地,R00176-023036,,,,更地,アーカイブ(成約),無,396000,,階,-,千葉市若葉区愛生町の貸地【362坪】,,千葉県千葉市若葉区愛生町6-1,,,3.00,1.00,,,1.00,1196.74,,362.01,1094,2024/10/18,"2024/08/22 11:03","2024/11/21 15:46",先物(仲介),,（株）与志建設,-,"=""043-286-0554""",,"・住所：愛生町6-1、6-4
※2024.8.22　広告確認中のためマッチングのみ｜(株)与志建設",2640031
貸地,R00176-023372,,,,更地,アーカイブ(成約),無,264000,,階,-,入間郡三芳町大字北永井の貸地【299坪】,,埼玉県入間郡三芳町大字北永井409,,,3.00,2.00,,,1.10,991.00,,299.77,881,2024/10/29,"2024/10/29 10:08","2024/11/21 11:23",先物(仲介),,"有限会社 港南住宅建設",-,"=""048-462-8530""",,,3540044
貸地,R00176-023339,,,,更地,保留,無,220000,,階,-,和光市下新倉４丁目の貸地【142坪】,,埼玉県和光市下新倉４丁目25-18,,,3.00,1.00,,,,470.00,,142.17,1548,2024/10/21,"2024/10/21 11:37","2024/11/19 12:32",先物(仲介),,株式会社凛大産業,-,"=""048-423-9323""",,,3510111
貸地,R00176-023459,,,,その他,保留,無,1200000,,階,-,袖ケ浦市神納の貸地【2680坪】,,千葉県袖ケ浦市神納2699-1,,,,1.00,3.00,,,8862.00,,2680.75,448,2024/11/14,"2024/11/14 16:23","2024/11/18 14:52",先物(仲介),,株式会社センチュリーダイソー,-,"=""03-6441-2258""",,"■2024/11/14　非公開｜掲載依頼物件｜担当：小林さん
・地番：字西原台2699-1、2699-2
・Googleマップ：https://maps.app.goo.gl/ycsiPqYhiKD1ZhiV8",2990257
倉庫,R00176-023416,,,,,アーカイブ(成約),無,495000,,階,1998年10月,足立区保木間4丁目の貸倉庫【86坪】,,東京都足立区保木間４丁目45-11,,,2.00,1.00,,,1.00,,287.23,86.88,5698,2024/11/14,"2024/11/07 11:44","2024/11/18 14:29",先物(仲介),,センチュリー２１　関建設,-,"=""03-5686-2100""",空有,"2024.11.18　申込み2件。3番手受付できるかオーナー確認中。

2024.11.14　内覧：定休日の火・水曜以外。",1210064
倉庫,R00176-023383,,,,空,アーカイブ(成約),無,220000,,階,2001年07月,吉川市中島2丁目の貸倉庫【50坪】,,埼玉県吉川市中島２丁目39-4,,,3.00,1.00,,,1.00,1028.69,168.49,50.96,4317,2024/10/30,"2024/10/30 10:32","2024/11/14 17:50",先物(仲介),,さいかつ農業協同組合　資産管理部　資産管理課吉川店,-,"=""048-982-6767""",無,・倉庫の南側部分,3420031
貸地,R00176-023310,,,,更地,アーカイブ(成約),無,200000,,階,-,本庄市若泉2丁目の貸地【356坪】,,埼玉県本庄市若泉２丁目,,,2.00,2.00,1.00,,,1177.00,,356.04,562,2024/11/14,"2024/10/17 10:18","2024/11/14 17:29",先物(仲介),,住まいるあっぷ,-,"=""0495-71-8301""",,・場所：グーグルマップでは、若泉2丁目6-7（栗田冷熱）の西側,3670055
貸地,R00176-023327,,,,更地,アーカイブ(成約),無,213000,,階,-,草加市瀬崎6丁目の貸地【124坪】,,埼玉県草加市瀬崎６丁目1347-2,,,,1.00,4.00,,,413.10,,124.96,1705,2024/11/13,"2024/10/18 10:14","2024/11/13 18:02",先物(仲介),,株式会社イコム,-,"=""048-799-3200""",,"【ナビ住所】草加市瀬崎６丁目1-31
貸地の手前コインP、大型車進入不可",3400022
店舗事務所(建物一括),R00176-023359,,,,空,アーカイブ(成約),無,418000,,階,2000年12月,春日部市永沼の貸店舗・事務所【36坪】,,埼玉県春日部市永沼635-7,,,,1.00,4.00,,1.00,779.98,119.24,36.07,11589,2024/11/13,"2024/10/25 10:17","2024/11/13 17:58",先物(仲介),,株式会社イコム,-,"=""048-799-3200""",空有,,3440123
貸地,R00176-023068,,,,その他,アーカイブ(成約),無,580800,,階,-,三郷市上彦川戸の貸地【527坪】,,埼玉県三郷市上彦川戸,,,2.00,,,,,1744.46,,527.69,1101,2024/11/13,"2024/08/27 11:53","2024/11/13 17:55",先物(仲介),,松井産業（株）三郷駅前店,-,"=""048-911-4850""",,"2024.9.27　お申込み入っているが薄い為、紹介可のタイミング。

担当：ホリコシ様

【所在地】三郷市上彦川戸字駒形沖",3410006
倉庫,R00176-023387,,,,空,アーカイブ(成約),無,1850000,,階,1989年08月,越谷市増森2丁目の貸倉庫【450坪】,,埼玉県越谷市増森２丁目47-3,,,2.00,1.00,,,,2133.85,1488.23,450.18,4110,2024/11/13,"2024/10/31 11:11","2024/11/13 17:38",先物(仲介),,江原商事株式会社,-,"=""048-966-8537""",空有,2024/11/13確認（星）申し込み複数あり、募集は締め切りとなる,3430012
倉庫,R00176-023408,,,,使用中,アーカイブ(成約),無,990000,,階,1982年04月,相模原市緑区橋本台1丁目の貸倉庫【149坪】,,神奈川県相模原市緑区橋本台１丁目4-18,,,,2.00,3.00,,1.00,,495.60,149.91,6604,2024/11/13,"2024/11/07 09:43","2024/11/13 11:49",先物(仲介),,まるごと不動産,-,"=""0120-30-5102""",空有,"2024/11/13　物確契約予定。
水曜は定休のため急ぎの連絡以外かけないようにしてほしいとのこと",2520132
店舗事務所(建物一部),R00176-023349,,,,,アーカイブ(成約),無,704000,,1階,2001年08月,江戸川区東瑞江1丁目の貸店舗・事務所【55坪】,,東京都江戸川区東瑞江１丁目,,,4.00,2.20,,,1.00,,183.72,55.57,12668,2024/11/07,"2024/10/22 11:56","2024/11/12 14:53",先物(仲介),,（株）相互住宅,-,"=""03-3675-1401""",空有,"・住所：東瑞江1丁目4-11
2025.10.22　現テナント託児所。子どもがいる時間に内覧できない＋先生も知らない可能性ある為、土日などで調整必須。設備等そのままで明渡し相談できるが、退去時スケルトン必須。

担当カサイ様",1320014
貸地,R00176-023129,,,,更地,アーカイブ(成約),無,200000,,階,-,白岡市荒井新田の貸地【1071坪】,,埼玉県白岡市荒井新田833-1,,,2.00,1.00,,,,3541.00,,1071.15,187,2024/11/08,"2024/09/10 10:00","2024/11/12 12:25",先物(仲介),,明光建設（株）　,中田,"=""0480-34-4311""",,・枝番：833-1他,3490202
貸地,R00176-023190,,,,更地,アーカイブ(成約),無,850500,,階,-,八王子市加住町1丁目の貸地【378坪】,,東京都八王子市加住町１丁目224-1,4400,,5.00,3.00,,,,1251.00,,378.42,2248,2024/11/11,"2024/09/20 12:18","2024/11/11 15:34",先物(仲介),,（株）アイランドホームズ,-,"=""042-682-1925""",,,1920004
倉庫,R00176-023287,,,,,アーカイブ(成約),無,1650000,,階,-,江東区新木場1丁目の貸倉庫【158坪】,,東京都江東区新木場１丁目9-5,,,,,6600000,,,758.57,525.61,158.99,10378,2024/10/10,"2024/10/10 12:26","2024/11/11 15:34",先物(仲介),,アーバンシステム管理株式会社,-,"=""03-3643-8130""",空有,・連棟式の一部,1360082
倉庫,R00176-022961,,,,空,アーカイブ(成約),無,423500,,階,1997年12月,江戸川区新堀1丁目の貸倉庫【55坪】,,東京都江戸川区新堀１丁目9-16,,,3.00,2.00,,1.00,1.50,147.00,182.00,55.05,7693,2024/10/11,"2024/08/01 11:30","2024/11/11 14:43",先物(仲介),,株式会社田中工業所,-,"=""03-3679-1821""",空有,,1320001
貸地,R00176-023007,,,,その他,アーカイブ(成約),無,300000,,階,-,海老名市門沢橋6丁目の貸地【188坪】,,神奈川県海老名市門沢橋６丁目210-3,,,3.00,1.00,,,1.00,623.91,,188.73,1590,2024/10/17,"2024/08/19 11:16","2024/11/11 14:19",先物(仲介),,株式会社アクティブイイダ海老名店,-,"=""046-236-1633""",,"／場所：グーグルマップでは門沢橋6丁目17－28
2024/10/17 1件申込み有",2430426
店舗事務所(建物一部),R00176-023279,,,,空,アーカイブ(成約),無,330000,,1階,1975年03月,墨田区業平2丁目の貸店舗・事務所【29坪】,,東京都墨田区業平２丁目9-13,,11000,,1.00,3.00,,1.10,,98.00,29.64,11132,2024/10/10,"2024/10/10 10:41","2024/11/11 14:03",先物(仲介),,大日（株）,-,"=""03-6907-3125""",無,,1300002
店舗事務所(建物一部),R00176-023140,,,,空,アーカイブ(成約),無,364650,,1階,1984年01月,府中市緑町1丁目の貸店舗・事務所【25坪】,,東京都府中市緑町１丁目10-13,,,,,12.00,,1.00,,84.30,25.5,14300,2024/10/17,"2024/09/10 13:24","2024/11/11 13:32",先物(仲介),,（株）エー・ディー・パートナーズ　,太田,"=""03-5251-7635""",空有,※2024/9/10　広告確認中のためマッチングのみ｜(株)エー・ディー・パートナーズ,1830006
倉庫,R00176-023336,,,,使用中,保留,無,220000,,階,1992年03月,さいたま市見沼区深作2丁目の貸倉庫【45坪】,,埼玉県さいたま市見沼区深作２丁目17-1,,,4.00,1.00,,,1.00,,150.71,45.58,4826,2024/11/08,"2024/10/21 10:34","2024/11/08 17:30",先物(仲介),,株式会社白石商事,-,"=""048-687-0066""",空有,,3370003
貸地,R00176-023176,,,,更地,アーカイブ(成約),無,400000,,階,-,新座市野火止3丁目の貸地【242坪】,,埼玉県新座市野火止３丁目978-4,,,,1.00,4.00,,1.00,800.00,,242,1653,2024/11/08,"2024/09/19 10:53","2024/11/08 15:40",先物(仲介),,株式会社イコム,-,"=""048-799-3200""",,,3520011
倉庫,R00176-023299,,,,空,アーカイブ(成約),無,280000,,階,1990年07月,川口市南前川2丁目の貸倉庫【42坪】,,埼玉県川口市南前川２丁目21-26,,,2.00,1.00,,,1.50,,139.26,42.12,6647,2024/11/08,"2024/10/15 11:48","2024/11/08 15:04",先物(仲介),,三幸土地建物株式会社,-,"=""048-266-9621""",空有,,3330846
店舗(建物一括),R00176-022974,,,,空,アーカイブ(成約),無,4125000,,階,1999年09月,上尾市大字小敷谷の貸店舗【782坪】,,埼玉県上尾市大字小敷谷875-5,,,,,10.00,,1.00,,2586.56,782.43,5273,2024/11/08,"2024/08/05 10:36","2024/11/08 14:56",先物(仲介),,株式会社ボーンマーク,-,"=""03-6661-7745""",空有,,3620064
貸地,R00176-023225,,,,更地,アーカイブ(成約),無,662200,,階,-,横浜市都筑区東方町の貸地【301坪】,,神奈川県横浜市都筑区東方町771,,,,1.00,3.00,,,996.00,,301.29,2198,2024/09/30,"2024/09/30 10:29","2024/11/08 10:04",先物(仲介),,(有)ハセガワ企画,-,"=""045-942-9700""",,・場所：グーグルマップでは、池辺町2973-1（横浜市都筑スポーツセンター）の道路挟んで東側辺り,2240045
貸地,R00176-022955,,,,古家付,アーカイブ(成約),無,418000,,階,-,横浜市青葉区鉄町の貸地【120坪】,,神奈川県横浜市青葉区鉄町1884-1,5000,,,1.00,3.00,,1.00,398.00,,120.39,3472,2024/10/15,"2024/08/01 10:08","2024/11/08 09:56",先物(仲介),,（有）キラックス,-,"=""045-982-7767""",,・枝番：1884-1他2筆,2250025
倉庫,R00176-023035,,,,使用中,アーカイブ(成約),無,330000,,階,1971年06月,横浜市中区かもめ町の貸倉庫【67坪】,,神奈川県横浜市中区かもめ町4,,,2.00,1.00,,1.00,,,223.56,67.62,4880,2024/08/22,"2024/08/22 10:38","2024/11/08 09:53",先物(仲介),,（有）アイアイエステート,-,"=""045-594-8451""",空有,"・A-6
※2024/8/22　at-homeから削除されているため公開保留中｜(有)アイアイエステート",2310813
店舗(建物一部),R00176-023244,,,,空,アーカイブ(成約),無,910800,,1階,1996年03月,松戸市新松戸3丁目の貸店舗【36坪】,,千葉県松戸市新松戸３丁目4-1,,55000,,1.00,10.00,,1.00,,119.01,36,25300,2024/10/01,"2024/10/01 13:07","2024/11/07 18:00",先物(仲介),,株式会社　総合施設管理,0120-884-775,"=""03-6279-0837""",,"・1階Bプラン角側
　R00176-022128分割案
※2024/3/12　広告確認中のためマッチングのみ｜(株)総合施設管理",2700034
工場,R00176-023235,,,,空,アーカイブ(成約),無,550000,,階,1994年09月,川崎市高津区宇奈根の貸工場【81坪】,,神奈川県川崎市高津区宇奈根756-1,,,4.00,1.10,,,1.10,,269.10,81.4,6757,2024/10/01,"2024/10/01 10:59","2024/11/07 17:32",先物(仲介),,（株）大生不動産,-,"=""044-811-3326""",空有,,2130031
倉庫,R00176-023175,,,,空,アーカイブ(成約),無,756000,,階,1991年09月,厚木市恩名1丁目の貸倉庫【82坪】,,神奈川県厚木市恩名１丁目10-55,,,2000000,1.00,,,110000,887.95,272.30,82.37,9179,2024/09/19,"2024/09/19 10:49","2024/11/07 15:54",先物(仲介),,（株）あらい不動産管理,-,"=""050-1809-4936""",,※2024/9/19　広告確認中のためマッチングのみ｜(株)あらい不動産管理,2430032
貸地,R00176-023172,,,,更地,アーカイブ(成約),無,350000,,階,-,日野市程久保5丁目の貸地【249坪】,,東京都日野市程久保５丁目20,,,,,,,,826.00,,249.86,1401,2024/10/17,"2024/09/18 12:29","2024/11/07 14:54",先物(仲介),,（株）シーディーエム　エイブルネットワーク日野駅前店,-,"=""042-514-9915""",,"※2024/9/18　広告確認中のためマッチングのみ｜(株)シーディーエム ?野駅前店
2024/11/7 募集止めで現在募集していないとのこと　山崎",1910042
貸地,R00176-023255,,,,更地,アーカイブ(成約),無,1650000,,階,-,町田市小野路町の貸地【913坪】,,東京都町田市小野路町1649-1,,,,1.00,3.00,,1.00,3020.00,,913.55,1807,2024/10/02,"2024/10/02 11:23","2024/11/07 09:28",先物(仲介),,(有)角屋商事,-,"=""042-735-5207""",,"・枝番：1649-1他
※2024/10/2　広告確認中のためマッチングのみ｜(有)角屋商事",1950064
店舗事務所(建物一括),R00176-023020,,,,使用中,アーカイブ(成約),無,770000,,階,2012年05月,上尾市大字原市の貸店舗・事務所【45坪】,,埼玉県上尾市大字原市3727,,,,1.00,6.00,,1.00,,149.96,45.36,16975,2024/11/06,"2024/08/20 13:11","2024/11/06 17:56",先物(仲介),,アトラスリビング株式会社,-,"=""048-658-8810""",空有,※2024/8/20　広告確認中のためマッチングのみ｜アトラスリビング（株）,3620021
倉庫,R00176-023130,,,,空,アーカイブ(成約),無,340000,,階,1989年01月,狭山市大字青柳の貸倉庫【108坪】,,埼玉県狭山市大字青柳513-1,,,4.00,2.00,,,1.00,459.87,359.70,108.8,3125,2024/11/06,"2024/09/10 10:19","2024/11/06 17:54",先物(仲介),,■三光物産株式会社,-,"=""049-226-3535""",空有,,3501301
倉庫,R00176-023011,,,,使用中,保留,無,235000,,階,1993年09月,坂戸市大字中小坂の貸倉庫【62坪】,,埼玉県坂戸市大字中小坂945-1,5000,,4.00,2.00,,,1.00,,206.64,62.5,3760,2024/11/05,"2024/08/20 10:39","2024/11/05 17:25",先物(仲介),,■三光物産株式会社,-,"=""049-226-3535""",空有,,3500206
貸地,R00176-023071,,,,更地,アーカイブ(成約),無,1286000,,階,-,千葉市花見川区大日町の貸地【1367坪】,,千葉県千葉市花見川区大日町1400-1,,,5.00,1.00,,,,4522.00,,1367.9,941,2024/10/18,"2024/08/27 12:32","2024/11/01 16:26",先物(仲介),,株式会社栄ハウジング,-,"=""043-257-8991""",,・住所：大日町1400-1、1401-2,2620004
店舗事務所(建物一部),R00176-022973,,,,空,アーカイブ(成約),無,440000,,1階,1985年01月,横浜市港南区日野南6丁目の貸店舗・事務所【42坪】,,神奈川県横浜市港南区日野南６丁目43-9,,,,1.00,2500000,,,,140.88,42.61,10325,2024/09/09,"2024/08/05 10:20","2024/10/28 14:51",先物(仲介),,（株）タウンアップ,竹野洋一：080-5444-2448,"=""0466-53-9336""",空有,,2340055
倉庫,R00176-023192,,,,空,アーカイブ(成約),無,612200,,地下2階,1986年01月,横浜市中区山下町の貸倉庫【27坪】,,神奈川県横浜市中区山下町,,,1.00,2.00,,,,,91.99,27.82,22001,2024/09/24,"2024/09/24 10:51","2024/10/28 14:03",先物(仲介),,（株）ブルーム,-,"=""045-900-4599""",,・Googleマップ枝番：89-6,2310023
倉庫,R00176-023174,,,,空,アーカイブ(成約),無,300000,,1階,1972年11月,川崎市高津区子母口の貸倉庫【42坪】,,神奈川県川崎市高津区子母口361,10000,,3.00,1.00,,1.00,1.10,,139.66,42.24,7102,2024/09/19,"2024/09/19 10:30","2024/10/28 11:48",先物(仲介),,（株）コタニ興業,-,"=""045-593-3721""",空有,,2130023
工場,R00176-023143,,,,空,アーカイブ(成約),無,660000,,1階,1981年12月,大和市深見東2丁目の貸工場【98坪】,,神奈川県大和市深見東２丁目1-12,,2200,3.00,1.00,,,1.00,,324.87,98.27,6716,2024/09/12,"2024/09/12 10:22","2024/10/28 11:27",先物(仲介),,（株）小菅不動産　本店,業者専用：046-268-1157,"=""046-267-0765""",空有,・1階1-2号,2420012
貸地,R00176-023201,,,,更地,アーカイブ(成約),無,444000,,階,-,藤沢市用田の貸地【360坪】,,神奈川県藤沢市用田,,,3.00,1.00,,,,1223.00,,369.95,1201,2024/09/26,"2024/09/26 10:37","2024/10/28 10:56",先物(仲介),,GｉｖｅＲｅ（株）,-,"=""0467-40-6760""",,・住所：藤沢市用田1508,2520821
店舗(建物一部),R00176-023003,,,,使用中,アーカイブ(成約),無,385440,,1階,1986年05月,厚木市下荻野の貸店舗【43坪】,,神奈川県厚木市下荻野535-1,,,6.00,1.00,,,1.00,,144.90,43.83,8794,2024/09/13,"2024/08/19 10:30","2024/10/28 09:33",先物(仲介),,厚?倉庫株式会社,-,"=""046-233-5111""",空有,2024.8.21　お申込み1件あり。検査済証なし。,2430203
工場,R00176-023199,,,,空,アーカイブ(成約),無,220000,,階,1991年01月,川口市前川1丁目の貸工場【33坪】,,埼玉県川口市前川１丁目1-46,,,2.00,1.00,,,1.00,,110.82,33.52,6563,2024/10/25,"2024/09/26 10:10","2024/10/25 15:11",先物(仲介),,（有）スガホームプラザ,-,"=""048-268-0636""",,"2024.9.26　前テナント精密機器の工場兼事務所。車の整備工場は両隣がある為?
・A棟C北側",3330842
工場,R00176-023044,,,,空,アーカイブ(成約),無,979000,,階,1990年02月,越谷市東町5丁目の貸工場【176坪】,,埼玉県越谷市東町５丁目100-3,,,4.00,1.00,,,,934.04,583.92,176.63,5543,2024/10/25,"2024/08/23 10:38","2024/10/25 15:09",先物(仲介),,共同流通株式会社,-,"=""049-247-4311""",空有,,3430826
倉庫,R00176-023065,,,,空,アーカイブ(成約),無,880000,,階,1967年11月,川口市三ツ和1丁目の貸倉庫【187坪】,,埼玉県川口市三ツ和１丁目21-4,,,2.00,2.00,,,,,619.00,187.24,4700,2024/10/25,"2024/08/27 11:15","2024/10/25 14:24",先物(仲介),,ホームメイト　東川口店,-,"=""048-290-7100""",空有,,3340011
倉庫,R00176-023200,,,,空,アーカイブ(成約),無,297000,,階,1991年01月,さいたま市南区松本4丁目の貸倉庫【30坪】,,埼玉県さいたま市南区松本４丁目1-10,,,1.00,1.00,,,0.25,287.00,100.00,30.25,9819,2024/10/25,"2024/09/26 10:12","2024/10/25 14:23",先物(仲介),,株式会社平和不動産　事業用賃貸部※広告NG業者,-,"=""048-446-1000""",空有,※2024/9/26　マッチングのみ（広告NG業者）｜(株)平和不動産,3360035
倉庫,R00176-023364,,,,使用中,保留,無,1294700,,階,-,川越市大字下広谷の貸倉庫【326坪】,,埼玉県川越市大字下広谷856-1,33000,,3.00,1.00,,,0.50,1631.00,1079.71,326.61,3965,2024/10/25,"2024/10/25 11:24","2024/10/25 12:45",先物(仲介),,ヤマトクリエイト株式会社,-,"=""049-291-5611""",,※2024/10/25　レインズから消えているため公開保留｜ヤマトクリエイト,3500804
店舗(建物一括),R00176-023094,,,,居住中,アーカイブ(成約),無,407000,,階,1999年07月,船橋市丸山5丁目の貸店舗【49坪】,,千葉県船橋市丸山５丁目46-8,,,3.00,2.00,,,1.00,,162.69,49.21,8271,2024/10/24,"2024/09/02 11:14","2024/10/24 16:26",先物(仲介),,マイホームズ（株）,-,"=""047-490-8888""",空有,"2024/10　A宮本さんにて契約

2024.9.2　検済は紛失しており、建築台帳記載事項証明書は所得可能。自社使用中。近隣で自社ビル購入移転。まだ移転先決まっていない為、入居日は11月より早められない。内覧は定休日の水・第2,
4火曜日以外で可能。


※2024/9/2　広告確認中のためマッチングのみ｜マイホームズ（株）",2730048
工場,R00176-023314,,,,空,保留,無,550000,,階,1969年01月,越谷市七左町6丁目の貸工場【124坪】,,埼玉県越谷市七左町６丁目225-1,,,,1.00,6.00,,0.50,661.18,410.00,124.02,4435,2024/10/24,"2024/10/17 11:26","2024/10/24 10:30",先物(仲介),,株式会社水谷工務店,-,"=""048-964-0869""",空有,,3430851
倉庫,R00176-023351,,,,,保留,無,62369479,,階,2024年08月,入間郡毛呂山町大字葛貫の貸倉庫【14538坪】,,埼玉県入間郡毛呂山町大字葛貫522-1,,,6.00,,,,,22872.75,48060.66,14538.34,4290,2024/10/22,"2024/10/22 17:51","2024/10/22 17:53",,,（株）イデラキャピタルマネジメント,一条様,"=""080-9406-8142""",,"※2024/10/22　掲載依頼物件｜祷さん
・地番：522-1他
・建物名：ロジプレイス入間
・坪単価：3,900円／坪",3500445
倉庫,R00176-023179,,,,空,アーカイブ(成約),無,264000,,階,1970年08月,戸田市中町2丁目の貸倉庫【32坪】,,埼玉県戸田市中町２丁目17-13,,,,1.00,3.00,,1.00,109.59,106.60,32.24,8187,2024/10/18,"2024/09/19 11:51","2024/10/18 16:51",先物(仲介),,サンクジャパン（株）,-,"=""048-287-3749""",空有,,3350012
倉庫,R00176-022996,,,,空,アーカイブ(成約),無,550000,,階,1978年06月,さいたま市北区別所町の貸倉庫【151坪】,,埼玉県さいたま市北区別所町38-3,,,6.00,1.00,,,0.50,814.00,501.00,151.55,3630,2024/10/18,"2024/08/07 14:11","2024/10/18 16:44",先物(仲介),,有限会社　ヒロックス,-,"=""048-660-5588""",空有,,3310821
倉庫,R00176-023218,,,,建築中,アーカイブ(成約),無,550000,,階,2024年10月,葛飾区奥戸8丁目の貸倉庫【50坪】,,東京都葛飾区奥戸８丁目12-10,,,3.00,1.00,,,1.00,310.03,167.05,50.53,10885,2024/09/27,"2024/09/27 11:53","2024/10/18 13:37",先物(仲介),,（株）明和建設,-,"=""03-3694-1800""",空有,,1240022
店舗事務所(建物一部),R00176-023079,,,,空,アーカイブ(成約),無,587400,,1階,2007年09月,松戸市新松戸3丁目の貸店舗・事務所【36坪】,,千葉県松戸市新松戸３丁目282,,58740,,1.00,3.00,,1.00,,120.10,36.33,16169,2024/09/12,"2024/08/29 10:54","2024/10/18 10:06",先物(仲介),,ハウス・トゥ・ハウス・ネットサービス（株）テナント事業本部,-,"=""03-5939-4666""",,,2700034
倉庫,R00176-023115,,,,使用中,アーカイブ(成約),無,929500,,階,1996年01月,八潮市大字二丁目の貸倉庫【168坪】,,埼玉県八潮市大字二丁目457-1,,,4.00,1.00,,,,958.18,558.61,168.97,5501,2024/10/07,"2024/09/05 11:41","2024/10/17 17:05",先物(仲介),,浦和中央倉庫株式会社,-,"=""048-863-3811""",空有,,3400811
倉庫,R00176-022987,,,,空,アーカイブ(成約),無,484000,,1階,1987年02月,新宿区東五軒町の貸倉庫【29坪】,,東京都新宿区東五軒町2-16,,,6.00,,,,1.00,,96.63,29.23,16559,2024/09/10,"2024/08/06 11:54","2024/10/17 15:32",先物(仲介),,株式会社オフィス・オオカワ,-,"=""03-6907-4515""",空有,,1620813
工場,R00176-023034,,,,空,アーカイブ(成約),無,660000,,階,1992年01月,藤沢市遠藤の貸工場【207坪】,,神奈川県藤沢市遠藤2009-3,,,,1.00,5.00,,1.00,580.00,685.66,207.41,3183,2024/09/13,"2024/08/22 10:15","2024/10/17 15:06",先物(仲介),,有限会社太??地建物?級建築?事務所,-,"=""0466-88-5568""",,※2024/8/22　広告確認中のためマッチングのみ｜(有)太田土地建物一級建築士事務所,2520816
店舗(建物一部),R00176-022999,,,,使用中,アーカイブ(成約),無,572000,,1階,1986年12月,足立区栗原4丁目の貸店舗【70坪】,,東京都足立区栗原４丁目3-7,,,,1.00,6.00,,1.00,,234.01,70.78,8081,2024/09/24,"2024/08/09 10:39","2024/10/17 14:59",先物(仲介),,アルファ丸嶋（株）荻窪支店,-,"=""03-5347-9101""",空有,・104号室,1230842
店舗(建物一部),R00176-023160,,,,空,アーカイブ(成約),無,423500,,1階,1972年11月,世田谷区経堂5丁目の貸店舗【35坪】,,東京都世田谷区経堂５丁目28-17,,,,1.00,10.00,,1.10,,118.11,35.72,11854,2024/09/17,"2024/09/17 10:50","2024/10/17 14:53",先物(仲介),,あさひ地所（株）,-,"=""03-3426-9101""",,,1560052
店舗事務所(建物一部),R00176-023180,,,,空,アーカイブ(成約),無,330000,,1階,1964年05月,目黒区目黒本町1丁目の貸店舗・事務所【33坪】,,東京都目黒区目黒本町１丁目10-16,,,1200000,660000,,,1.00,,110.00,33.27,9918,2024/09/24,"2024/09/19 11:53","2024/10/17 14:39",先物(仲介),,イワセ産興（株）阿佐ヶ谷駅前支店,-,"=""03-3393-7755""",,2024/09/24　申し込みが多数入り募集を停めている状況とのこと,1520002
倉庫,R00176-022960,,,,使用中,アーカイブ(成約),無,853600,,階,1992年05月,墨田区石原1丁目の貸倉庫【86坪】,,東京都墨田区石原１丁目20-4,,189706,8.00,,,,,,285.06,86.23,9900,2024/09/10,"2024/08/01 11:04","2024/10/17 14:33",先物(仲介),,（株）イマス　東京支社,-,"=""03-5354-8123""",,"※2024/9/10　募集中。ただし申込1件あり。
　　　　　　　 確度の高いお客様であれば応相談。
　　　　　　　 詳細はご担当まで→イマス／ヒオキ様：080-7712-7560　
※2024/8/1　転載NGのためマッチングのみ｜(株)イマス　東京支社",1300011
店舗事務所(建物一部),R00176-023042,,,,,アーカイブ(成約),無,352000,,階,1987年03月,所沢市大字北秋津の貸店舗・事務所【50坪】,,埼玉県所沢市大字北秋津793-5,,,2500000,1.00,,,,1243.67,166.00,50.21,7010,2024/10/17,"2024/08/23 09:42","2024/10/17 14:25",先物(仲介),,株式会社トラスト,-,"=""03-5832-9959""",空有,"・B区画
・広告可｜元付｜(株)トラスト",3590038
貸地,R00176-022989,,,,更地,アーカイブ(成約),無,500000,,階,-,江戸川区鹿骨4丁目の貸地【75坪】,,東京都江戸川区鹿骨４丁目23-16,,,3.00,1.00,,,,249.00,,75.32,6639,2024/09/12,"2024/08/06 12:15","2024/10/17 13:54",先物(仲介),,アルファーキューブ株式会社,-,"=""03-6278-8482""",,2024/10/17　竹内,1330073
倉庫,R00176-023219,,,,空,アーカイブ(成約),無,968000,,1階,1993年10月,大田区大森西2丁目の貸倉庫【121坪】,,東京都大田区大森西２丁目18-1,,,,1.00,1.00,,,,400.95,121.28,7982,2024/09/27,"2024/09/27 12:14","2024/10/17 13:45",先物(仲介),,（株）ミツヒロ地所,-,"=""03-6423-0188""",,2024年10月17日　竹内,1430015
倉庫,R00176-023306,,,,,保留,無,0,,階,2021年06月,吉川市大字関の貸倉庫【4647坪】,,埼玉県吉川市大字関600-1,,,,,,,,24444.63,15362.17,4647.05,,2024/10/16,"2024/10/16 11:52","2024/10/17 11:22",先物(仲介),,ＳＫハウジング,大石様,"=""03-5803-2578""",,"※2024/10/16　祷さん入力依頼物件｜非公開
　元付：SKハウジング｜大石様｜03-5803-2578
　詳細は祷さんに確認
　売買あり｜B00176-001384",3420053
工場,R00176-023257,,,,空,保留,無,550000,,階,1980年02月,草加市新里町の貸工場【190坪】,,埼玉県草加市新里町1001-5,,,2.00,1.00,,,1.00,720.64,360.90,109.17,5038,2024/10/03,"2024/10/03 10:31","2024/10/17 11:09",先物(仲介),,大栄建託(株),-,"=""048-297-2386""",空有,,3400031
工場,R00176-023195,,,,空,保留,無,275000,,階,1976年08月,三郷市戸ケ崎2丁目の貸工場【53坪】,,埼玉県三郷市戸ケ崎２丁目135-1,,,750000,1.00,,,0.50,222.00,177.30,53.63,5128,2024/10/07,"2024/09/25 09:54","2024/10/17 10:58",先物(仲介),,エンクルレント株式会社,-,"=""048-949-0666""",,"【所在地】工場：戸ケ崎２丁目135-1、倉庫：戸ケ崎２丁目135-2 
",3410044
貸地,R00176-022983,,,,更地,アーカイブ(成約),無,200000,,階,-,所沢市東狭山ケ丘5丁目の貸地【211坪】,,埼玉県所沢市東狭山ケ丘５丁目2729-1,,,2.00,2.00,,,0.50,700.00,,211.75,945,2024/10/16,"2024/08/06 10:52","2024/10/16 17:11",先物(仲介),,（株）リビングデザイン,-,"=""04-2929-6767""",,,3591106
貸地,R00176-023101,,,,更地,アーカイブ(成約),無,380000,,階,-,所沢市大字中富の貸倉庫【609坪】,,埼玉県所沢市大字中富1642-4,,,2.00,2.00,,,0.50,2014.00,,609.23,624,2024/10/16,"2024/09/03 11:19","2024/10/16 17:11",先物(仲介),,（株）リビングデザイン,-,"=""04-2929-6767""",,"【所在地】所沢市大字中富1642-4,-5",3590002
工場,R00176-023134,,,,空,アーカイブ(成約),無,200000,,階,1995年02月,川越市大字小堤の貸工場【77坪】,,埼玉県川越市大字小堤677-1,,,2.00,1.00,,,1.00,670.83,256.00,77.44,2583,2024/10/16,"2024/09/10 11:24","2024/10/16 17:10",先物(仲介),,有限会社ハツカリ住建,-,"=""049-286-2200""",空有,,3500811
貸地,R00176-023145,,,,その他,アーカイブ(成約),無,250000,,階,-,吉川市大字南広島の貸地【273坪】,,埼玉県吉川市大字南広島2151-1,,,1.00,1.00,1.00,,1.00,902.88,,273.12,916,2024/10/16,"2024/09/12 10:40","2024/10/16 17:09",先物(仲介),,有限会社GUエステート,-,"=""048-940-5530""",,2024/9/30　1件申し込み有／二番手,3420006
貸地,R00176-023029,,,,更地,アーカイブ(成約),無,220000,,階,-,春日部市備後東6丁目の貸地【149坪】,,埼玉県春日部市備後東６丁目455-1,,,6.00,2.00,,,1.00,494.00,,149.43,1473,2024/10/16,"2024/08/20 15:20","2024/10/16 17:08",先物(仲介),,ホームタウン株式会社,-,"=""048-735-0088""",,,3440032
倉庫,R00176-023131,,,,空,アーカイブ(成約),無,385000,,階,1973年01月,越谷市七左町4丁目の貸倉庫【166坪】,,埼玉県越谷市七左町４丁目12,,,3.00,1.00,,,1.00,,550.70,166.58,2312,2024/10/16,"2024/09/10 10:33","2024/10/16 16:56",先物(仲介),,株式会社タカハシ,-,"=""048-297-3003""",,※2024/9/10　広告確認中のためマッチングのみ｜(株)タカハシ,3430851
倉庫,R00176-023110,,,,空,アーカイブ(成約),無,385000,,階,1976年10月,大和市上草柳1丁目の貸倉庫【50坪】,,神奈川県大和市上草柳１丁目6-7,,,3.00,1.00,,,1.00,,165.52,50.06,7690,2024/09/05,"2024/09/05 10:26","2024/10/15 17:25",先物(仲介),,,-,"=""業者専用：046-268-1157""",空有,※前テナント：葬儀屋,2420029
倉庫,R00176-023252,,,,空,アーカイブ(成約),無,396000,,階,1979年07月,台東区三ノ輪1丁目の貸倉庫【60坪】,,東京都台東区三ノ輪１丁目10-5,,,2.00,1.00,,,,,200.02,60.5,6545,2024/10/11,"2024/10/02 10:45","2024/10/11 13:59",先物(仲介),,渡邉建物（株）,-,"=""03-5811-1651""",空有,"2024/10/11　物確→申込5件入っているため募集をとめたそうです。
・場所：グーグルマップでは、三ノ輪1丁目10-6",1100011
倉庫,R00176-023102,,,,使用中,アーカイブ(成約),無,429000,,地下1階,1982年07月,世田谷区桜丘5丁目の貸倉庫【75坪】,,東京都世田谷区桜丘５丁目,,,,2.00,2.00,,,,248.24,75.09,5713,2024/09/03,"2024/09/03 11:32","2024/10/11 12:54",先物(仲介),,都建設（株）,-,"=""03-3429-3555""",空有,・Googleマップ：桜丘5丁目27-18（ハイツエミール）,1560054
倉庫,R00176-023155,,,,空,アーカイブ(成約),無,275000,,階,2018年03月,日高市大字鹿山の貸倉庫【64坪】,,埼玉県日高市大字鹿山200-1,,,,275000,1650000,,1.10,607.27,212.16,64.17,4285,2024/10/10,"2024/09/13 11:17","2024/10/10 17:20",先物(仲介),,三巧商事（株）,-,"=""04-2993-7242""",空有,"※2024/9/13　広告確認中のためマッチングのみ｜三巧商事(株)  ",3501231
倉庫,R00176-023096,,,,空,アーカイブ(成約),無,220000,,階,1990年03月,三郷市高州3丁目の貸倉庫【48坪】,,埼玉県三郷市高州３丁目399,,,400000,1.00,,,1.00,258.00,159.31,48.19,4566,2024/10/10,"2024/09/03 10:04","2024/10/10 17:04",先物(仲介),,エンクルレント株式会社,-,"=""048-949-0666""",,,3410037
倉庫,R00176-023067,,,,空,アーカイブ(成約),無,450000,,階,1963年12月,横浜市鶴見区鶴見中央3丁目の貸倉庫【143坪】,,神奈川県横浜市鶴見区鶴見中央３丁目26-4,,,,1.00,6.00,,1.00,,476.00,143.99,3126,2024/08/27,"2024/08/27 11:37","2024/10/10 16:51",先物(仲介),,（株）エムズリビング,-,"=""045-581-2354""",,"・3-4階部分
※2024/8/27　at-home転載可物件｜(株)エムズリビング",2300051
倉庫,R00176-023126,,,,空,アーカイブ(成約),無,223146,,階,2001年03月,三郷市鷹野４丁目の貸倉庫【45坪】,,埼玉県三郷市鷹野４丁目194-2,,,3.00,1.00,,,1.00,,149.05,45.08,4950,2024/09/09,"2024/09/09 11:41","2024/10/10 16:43",先物(仲介),,有限会社住栄建設不動産,-,"=""048-955-6466""",空有,※2024/9/9　転載不可のためマッチングのみ｜(有)住栄建設不動産,3410035
倉庫,R00176-023103,,,,空,アーカイブ(成約),無,440000,,1階,1981年01月,府中市押立町2丁目の貸倉庫【56坪】,,東京都府中市押立町２丁目43-3,11000,,3.00,1.00,,,1.00,,186.40,56.38,7804,2024/10/10,"2024/09/03 11:49","2024/10/10 16:16",先物(仲介),,（株）グローバル都市開発,-,"=""042-352-3232""",空有,※2024/9/3　at-home転載可物件｜グローバル都市開発,1830012
店舗事務所(建物一括),R00176-023141,,,,使用中,アーカイブ(成約),無,450000,,階,2003年11月,昭島市郷地町2丁目の貸倉庫【45坪】,,東京都昭島市郷地町２丁目33-14,,,,,3.00,,,330.57,151.52,45.83,9818,2024/10/10,"2024/09/10 13:47","2024/10/10 16:09",先物(仲介),,株式会社スインクハート,-,"=""042-529-4567""",,"※2024/10/2　業者変更変更掲載不可｜(株)スインクハート
※2024/9/10　at-home転載可物件｜ドリームコネクション（株）
",1960032
倉庫,R00176-023171,,,,空,アーカイブ(成約),無,440000,,階,2024年09月,調布市深大寺元町1丁目の貸倉庫【32坪】,,東京都調布市深大寺元町１丁目8-6,,,,440000,1760000,,,,108.69,32.87,13383,2024/10/10,"2024/09/18 12:13","2024/10/10 16:04",先物(仲介),,（株）とみや不動産　調布駅前店　,-,"=""042-483-0039""",空有,,1820017
店舗事務所(建物一部),R00176-023052,,,,空,アーカイブ(成約),無,550000,,1階,1992年02月,台東区今戸2丁目の貸店舗・事務所【39坪】,,東京都台東区今戸２丁目14-5,,,,1.00,4.00,,1.25,,130.82,39.57,13899,2024/08/23,"2024/08/23 12:26","2024/10/10 15:19",先物(仲介),,三友不動産（株）,-,"=""03-5812-0544""",無,※2024/8/22　広告確認中のためマッチングのみ｜三友不動産（株）,1110024
店舗事務所(建物一部),R00176-023040,,,,空,アーカイブ(成約),無,330000,,1階,1983年10月,江東区亀戸4丁目の貸店舗・事務所【30坪】,,東京都江東区亀戸４丁目15-5,,,,2.20,3.00,,1.10,,99.62,30.13,10951,2024/08/22,"2024/08/22 12:00","2024/10/09 16:46",先物(仲介),,（株）ワイズパートナーズ,-,"=""03-6230-9988""",無,,1360071
店舗事務所(建物一部),R00176-023039,,,,空,アーカイブ(成約),無,495000,,1階,1979年10月,江戸川区西葛西7丁目の貸店舗・事務所【42坪】,,東京都江戸川区西葛西７丁目3-2,,,,495000,1350000,,1.10,,141.62,42.84,11555,2024/08/22,"2024/08/22 11:51","2024/10/09 16:44",先物(仲介),,（有）ハウスエージェント　葛西本店,-,"=""03-5679-8181""",,,1340088
店舗事務所(建物一部),R00176-023038,,,,空,アーカイブ(成約),無,495000,,1階,1986年11月,江東区大島9丁目の貸店舗・事務所【27坪】,,東京都江東区大島９丁目4-1,,55000,4.00,1.00,,,1.00,,90.06,27.24,18170,2024/08/22,"2024/08/22 11:34","2024/10/09 16:43",先物(仲介),,（株）総合店舗開発,-,"=""045-326-2736""",,,1360072
工場,R00176-023222,,,,空,保留,無,660000,,階,-,所沢市大字南永井の貸工場【107坪】,,埼玉県所沢市大字南永井1040,,,,1.00,4.00,,1.00,297.51,355.77,107.62,6133,2024/09/27,"2024/09/27 14:47","2024/10/03 12:06",先物(仲介),,（株）タープ不動産,-,"=""03-5844-6300""",空有,,3590011
倉庫,R00176-023196,,,,空,保留,無,297000,,階,1991年01月,さいたま市南区松本4丁目の貸倉庫【30坪】,,埼玉県さいたま市南区松本４丁目1-10,,,1.00,1.00,,,0.25,287.00,100.00,30.25,9819,2024/09/25,"2024/09/25 11:34","2024/10/01 09:47",先物(仲介),,株式会社平和不動産　事業用賃貸部※広告NG業者,-,"=""048-446-1000""",空有,※2024/9/25　広告NG業者のためマッチングのみ｜(株)平和不動産,3360035
貸地,R00176-023061,,,,更地,アーカイブ(成約),無,825000,,階,-,八潮市大字大曽根の貸地【357坪】,,埼玉県八潮市大字大曽根1670,,,2.00,1.00,,,1.00,1181.37,,357.36,2309,2024/09/30,"2024/08/27 10:18","2024/09/30 17:21",先物(仲介),,（株）やまかつ不動産,-,"=""050-3196-3201""",,※2024/8/27　at-home転載可物件｜(株)やまかつ不動産,3400834
貸地,R00176-023230,,,,更地,保留,無,484000,,階,-,朝霞市大字浜崎の貸地【302坪】,,埼玉県朝霞市大字浜崎681,,,3.00,1.00,,,0.50,1000.00,,302.5,1600,2024/09/30,"2024/09/30 11:55","2024/09/30 11:56",先物(仲介),,株式会社アパマンショップ朝霞台支店,-,"=""048-474-1211""",,,3510033
貸地,R00176-023226,,,,更地,保留,無,438000,,階,-,相模原市中央区上溝の貸地【438坪】,,神奈川県相模原市中央区上溝1144,,,1000000,1.00,,,,1450.60,,438.8,999,2024/09/30,"2024/09/30 10:41","2024/09/30 10:53",先物(仲介),,有限会社ムラタカンパニー,-,"=""042-763-3953""",,,2520243
倉庫,R00176-023223,,,,使用中,保留,無,451000,,階,1983年01月,春日部市南栄町の貸倉庫【103坪】,,埼玉県春日部市南栄町13-8,,,4.00,2.00,,,1.00,772.00,341.55,103.31,4366,2024/09/30,"2024/09/30 09:58","2024/09/30 10:05",先物(仲介),,コスモハウジング株式会社,-,"=""048-752-3533""",空有,,3440057
倉庫,R00176-023212,,,,使用中,保留,無,550000,,階,1993年04月,所沢市東狭山ケ丘5丁目の貸倉庫【120坪】,,埼玉県所沢市東狭山ケ丘５丁目2729-3,,,,1.00,4.00,,1.00,,397.98,120.38,4569,2024/09/27,"2024/09/27 10:29","2024/09/27 10:43",先物(仲介),,（株）タープ不動産,-,"=""03-5844-6300""",空有,重複のため削除,3591106
店舗事務所(建物一部),R00176-023084,,,,空,アーカイブ(成約),無,550000,,1階,2002年03月,市川市南八幡1丁目の貸店舗・事務所【41坪】,,千葉県市川市南八幡１丁目13-1,33000,,,2.00,10.00,,1.50,,135.72,41.05,13397,2024/09/12,"2024/08/30 11:31","2024/09/26 16:13",先物(仲介),,（株）レイエス　浦安店,-,"=""047-390-6050""",,,2720023
倉庫,R00176-023062,,,,空,アーカイブ(成約),無,693000,,階,2022年01月,さいたま市岩槻区大字馬込の貸倉庫【68坪】,,埼玉県さいたま市岩槻区大字馬込951-1,,,,1.00,5.00,,1.00,1063.00,227.00,68.66,10093,2024/09/26,"2024/08/27 10:38","2024/09/26 14:40",先物(仲介),,株式会社豊徳,-,"=""03-3964-0861""",空有,"・売買あり：B00176-001369
2024/9/26　契約予定　募集止め
",3390077
貸地,R00176-023074,,,,更地,アーカイブ(成約),無,340000,,階,-,吉川市大字三輪野江の貸地【283坪】,,埼玉県吉川市大字三輪野江2401-1,,,2.00,1.00,,,,938.00,,283.74,1199,2024/08/27,"2024/08/27 16:12","2024/09/26 10:35",先物(仲介),,株式会社皐暉創建,-,"=""048-995-4461""",,,3420027
倉庫,R00176-023167,,,,居住中,アーカイブ(成約),無,495000,,階,1984年04月,船橋市駿河台1丁目の貸倉庫【158坪】,,千葉県船橋市駿河台１丁目31-8,,8000,4.00,,,20.00,1.00,525.61,525.61,158.99,3114,2024/09/18,"2024/09/18 11:20","2024/09/26 10:32",先物(仲介),,（株）エバンスアメニティー,-,"=""047-422-0018""",空有,"2024.9.24　お申込み1件有。

※2024/9/18　at-home転載可物件｜(株)エバンスアメニティー",2730862
工場,R00176-023032,,,,使用中,アーカイブ(成約),無,468000,,階,2001年04月,横浜市都筑区南山田町の貸工場【58坪】,,神奈川県横浜市都筑区南山田町4239-3,,,3.00,1.00,,1.00,1.00,,193.00,58.38,8017,2024/08/30,"2024/08/22 09:46","2024/09/24 17:17",先物(仲介),,（株）コタニ興業,-,"=""045-593-3721""",空有,"2024.8.30　申込み1件あり。2番手受付可。

・B棟",2240026
貸地,R00176-023073,,,,更地,アーカイブ(成約),無,720000,,階,-,吉川市大字三輪野江の貸倉庫【598坪】,,埼玉県吉川市大字三輪野江,,,2.00,1.00,,,,1978.00,,598.34,1204,2024/08/27,"2024/08/27 14:21","2024/09/20 15:17",先物(仲介),,株式会社皐暉創建,-,"=""048-995-4461""",,,3420027
貸地,R00176-023015,,,,更地,アーカイブ(成約),無,600000,,階,-,川口市元郷1丁目の貸地【222坪】,,埼玉県川口市元郷１丁目6-18,,,1.00,1.00,,,,737.19,,222.99,2691,2024/09/20,"2024/08/20 11:31","2024/09/20 14:28",先物(仲介),,岡田不動産（株）　,-,"=""03-3883-3120""",,※2024/8/20　広告確認中のためマッチングのみ｜岡田不動産（株）,3320011
貸地,R00176-023186,,,,更地,保留,無,580000,,階,-,大和市深見西3丁目の貸地【239坪】,,神奈川県大和市深見西３丁目4,,,,1.00,6.00,,,791.73,,239.49,2422,2025/07/14,"2024/09/20 11:19","2024/09/20 11:26",先物(仲介),,（株）プロフィット,-,"=""03-6804-5301""",,"・A号地
・住所：深見西3丁目746-5",2420018
倉庫,R00176-023049,,,,,保留,無,696300,,階,-,江戸川区大杉3丁目の貸倉庫【125坪】,,東京都江戸川区大杉３丁目13-2,,,,,2785200,,,411.67,416.47,125.98,5527,2024/09/18,"2024/08/23 11:38","2024/09/18 15:58",先物(仲介),,アーバンシステム管理株式会社,-,"=""03-3643-8130""",空有,"2024/9/18　申込が複数件あり、現在オーナー様にて審査中。
　　　　　　 おそらくこのまま決まる予定との事で、ご紹介は難しいとの事。
                 ★元付：アーバンシステム管理（株）／TEL 03-3643-8130
　　　　　　　　　（ご担当：アライ様　090-6938-6258）",1320022
貸地,R00176-022980,,,,古家付,アーカイブ(成約),無,350000,,階,-,相模原市南区新磯野の貸地【281坪】,,神奈川県相模原市南区新磯野362-1,,,2.00,1.00,,,1.00,932.00,,281.93,1242,2024/08/06,"2024/08/06 10:19","2024/09/12 17:55",先物(仲介),,（有）ヤマシンホーム,-,"=""042-748-1001""",,※2024/8/6　at-home転載可物件｜(有)ヤマシンホーム,2520325
貸地,R00176-022978,,,,更地,アーカイブ(成約),無,2000000,,階,-,八潮市大字八條の貸地【1935坪】,,埼玉県八潮市大字八條1220,,,3.00,1.00,,,,6397.88,,1935.35,1034,2024/09/12,"2024/08/06 09:51","2024/09/12 17:54",先物(仲介),,株式会社　恩田建設不動産,-,"=""048-996-5550""",,※2024/8/6　広告確認中のためマッチングのみ｜(株)恩?建設不動産,3400801
店舗事務所(建物一部),R00176-022975,,,,空,アーカイブ(成約),無,550000,,1階,1968年02月,葛飾区亀有3丁目の貸店舗・事務所【40坪】,,東京都葛飾区亀有３丁目43-5,,,3.00,2.00,,,1.00,,132.57,40.1,13715,2024/08/05,"2024/08/05 10:36","2024/09/12 15:24",先物(仲介),,（株）赤木不動産,-,"=""048-882-5800""",,,1250061
倉庫,R00176-022966,,,,空,アーカイブ(成約),無,330000,,1階,1982年05月,平塚市四之宮2丁目の貸倉庫【74坪】,,神奈川県平塚市四之宮２丁目139-2,,,3.00,1.00,,,,,246.60,74.59,4424,2024/08/02,"2024/08/02 10:28","2024/09/12 13:45",先物(仲介),,（株）兄弟屋,-,"=""046-221-1158""",,"・住所：グーグルマップでは四之宮2丁目11-44
・1階部分
※2024/8/2　広告確認中のためマッチングのみ｜(株)兄弟屋",2540014
貸地,R00176-023009,,,,更地,アーカイブ(成約),無,1188000,,階,-,和光市下新倉6丁目の貸地【490坪】,,埼玉県和光市下新倉６丁目30,,,3.00,2.00,,,1.00,1623.00,,490.95,2420,2024/08/29,"2024/08/20 10:11","2024/09/12 12:04",先物(仲介),,"有限会社 港南住宅建設",-,"=""048-462-8530""",,・場所：グーグルマップでは、下新倉6丁目2-1（ヨツワ工業）の北側,3510111
貸地,R00176-023118,,,,更地,アーカイブ(成約),無,660000,,階,-,和光市下新倉６丁目の貸地【301坪】,,埼玉県和光市下新倉６丁目650,,,3.00,2.00,,,0.50,998.00,,301.89,2187,2024/09/06,"2024/09/06 11:19","2024/09/12 10:54",先物(仲介),,株式会社リゾン　アパマンショップ和光店,-,"=""048-469-5211""",,,3510111
貸地,R00176-023055,,,,更地,アーカイブ(成約),無,308000,,階,-,戸田市笹目8丁目の貸地【90坪】,,埼玉県戸田市笹目８丁目1-8,,,1.00,1.00,,,,300.67,,90.95,3387,2024/08/26,"2024/08/26 11:20","2024/09/12 10:51",先物(仲介),,さかなホーム株式会社,-,"=""048-291-8299""",,【所在地】戸田市笹目8丁目1-8外2筆,3350034
倉庫,R00176-022970,,,,使用中,アーカイブ(成約),無,220000,,階,1975年12月,川口市朝日2丁目の貸倉庫【45坪】,,埼玉県川口市朝日２丁目7-3,,,3.00,2.00,,,1.00,,148.76,44.99,4889,2024/09/10,"2024/08/02 11:56","2024/09/10 14:03",先物(仲介),,株式会社高塚不動産,-,"=""03-3882-3398""",無,,3320001
倉庫,R00176-023085,,,,空,アーカイブ(成約),無,495000,,階,1982年10月,川口市領家3丁目の貸倉庫【72坪】,,埼玉県川口市領家３丁目7-8,,,2.00,1.00,,,1.00,,240.00,72.6,6819,2024/09/09,"2024/08/30 11:32","2024/09/09 14:51",先物(仲介),,有限会社花之枝産業,-,"=""048-223-2062""",空有,B区画,3320004
店舗事務所(建物一部),R00176-023041,,,,使用中,アーカイブ(成約),無,550000,,1階,1991年06月,足立区伊興1丁目の貸店舗・事務所【46坪】,,東京都足立区伊興１丁目24-25,27500,5500,3.00,1.00,,,1.00,,152.11,46.01,11954,2024/08/22,"2024/08/22 12:30","2024/09/04 16:38",先物(仲介),,岡田不動産（株）　,-,"=""03-3883-3120""",,※2024/8/22　広告確認中のためマッチングのみ｜岡田不動産（株）,1210823
倉庫,R00176-023106,,,,空,保留,無,277200,,階,2017年11月,草加市松江6丁目の貸倉庫【44坪】,,埼玉県草加市松江６丁目10-8,,,2.00,1.00,,,1.00,,145.50,44.01,6299,2024/09/03,"2024/09/03 13:43","2024/09/03 15:11",先物(仲介),,有限会社　吉田不動産,-,"=""048-936-6858""",,※2024/9/3　レインズから消えてるため公開保留中｜(有)吉田不動産,3400013
店舗(建物一括),R00176-023089,,,,空,保留,無,600000,,階,1994年02月,伊勢原市白根の貸店舗【44坪】,,神奈川県伊勢原市白根536-1,,,,1.50,7.00,,,112.16,148.68,44.97,13341,2024/08/30,"2024/08/30 13:23","2024/08/30 13:25",自社,専任媒介,株式会社センチュリーダイソー,小林,"=""03-6441-2258""",空有,■2024/8/30　非公開　専任媒介物件　担当：小林,2591147
倉庫,R00176-023026,,,,空,アーカイブ(成約),無,440000,,階,2005年06月,野田市堤台の貸倉庫【62坪】,,千葉県野田市堤台144-4,,,5.00,1.00,,,1.00,1128.00,207.08,62.64,7025,2024/08/26,"2024/08/20 14:22","2024/08/29 17:38",先物(仲介),,株式会社東海住宅建設　野田市駅前支店,-,"=""04-7126-1800""",空有,"※市街化調整区域内において、主要?途は配送センターとして建築された建物になります。 ?両の販売店舗や整備?場としての使?は不可。",2780044
倉庫,R00176-022959,,,,空,アーカイブ(成約),無,250000,,階,1983年06月,新座市野火止５丁目の貸倉庫【50坪】,,埼玉県新座市野火止５丁目6-4,,,3.00,1.00,,,1.00,430.06,166.15,50.26,4975,2024/08/01,"2024/08/01 10:56","2024/08/27 12:40",先物(仲介),,株式会社秋田不動産,-,"=""048-486-5777""",空有,,3520011
倉庫,R00176-023030,,,,空,アーカイブ(成約),無,700700,,階,1965年11月,朝霞市大字上内間木の貸倉庫【199坪】,,埼玉県朝霞市大字上内間木8,,,2.00,1.00,,,1.00,,660.00,199.65,3510,2024/08/21,"2024/08/21 14:09","2024/08/26 11:47",先物(仲介),,株式会社秋田不動産,-,"=""048-486-5777""",空有,,3510001
店舗(建物一括),R00176-022977,,,,空,アーカイブ(成約),無,396000,,階,2003年01月,川越市大字古谷上の貸店舗【55坪】,,埼玉県川越市大字古谷上162-1,,,4.00,1.00,,,1.00,363.97,184.36,55.76,7101,2024/08/26,"2024/08/05 15:01","2024/08/26 10:20",先物(仲介),,■三光物産株式会社,-,"=""049-226-3535""",空有,2024/08/26　物確→申込有。こちらで決まりそうとのことでした,3500001
倉庫,R00176-023045,,,,使用中,アーカイブ(成約),無,215600,,階,-,三郷市新和4丁目の貸倉庫【49坪】,,埼玉県三郷市新和４丁目542-3,,,1.00,1.00,,,,,162.30,49.09,4392,2024/08/23,"2024/08/23 10:41","2024/08/23 13:16",先物(仲介),,東邦不動産（有）,-,"=""048-953-3171""",空有,重複のため削除,3410034
倉庫,R00176-023043,,,,使用中,保留,無,215600,,階,-,三郷市新和4丁目の貸倉庫【49坪】,,埼玉県三郷市新和４丁目542-3,,,1.00,1.00,,,,,162.30,49.09,4392,2024/08/23,"2024/08/23 10:07","2024/08/23 11:58",先物(仲介),,東邦不動産（有）,-,"=""048-953-3171""",空有,※2024/8/23　レインズから消えているため公開保留中｜東邦不動産(有),3410034
倉庫,R00176-022979,,,,使用中,保留,無,,,階,1991年05月,さいたま市西区大字二ツ宮の貸倉庫【167坪】,,埼玉県さいたま市西区大字二ツ宮492-1,,,,1.00,4.00,,1.00,506.56,553.94,167.56,,2024/08/06,"2024/08/06 10:16","2024/08/07 08:35",自社,一般媒介,株式会社センチュリーダイソー,小林,"=""03-6441-2258""",空有,■2024/8/6　非公開　一般媒介｜担当：小林,3310065
