暔審庬暿,暔審僐乕僪,栤崌偣僐乕僪,奜晹暔審嬫暘,奜晹暔審僐乕僪,尰嫷,岞奐忬懺,僄儔乕,捓椏,娫庢,強嵼奒,抸擭寧,暔審柤,僼儕僈僫,強嵼抧,娗棟旓,嫟塿旓,晘嬥,楃嬥,曐徹嬥,晘堷,峏怴椏,柺愊乮搚抧乯,柺愊乮愱桳乯,捸悢(戙昞),捸扨壙(戙昞),暔審妋擣擔,搊榐擔,峏怴擔,帺幮愭暔,庢堷懺條,嬈幰柤,尦晅扴摉幰,TEL,挀幵応,暔審儊儌,梄曋斣崋
憅屔,R00175-015097,,,,嬻,岞奐壜,柍,12885989,,奒,2019擭01寧,戝嶃巗廧擵峕嬫撿峘搶4挌栚偺戄憅屔亂2603捸亃,,戝嶃晎戝嶃巗廧擵峕嬫撿峘搶係挌栚8-3,,,6.00,14041000,,,,5946.22,8605.74,2603.23,4950,2026/08/06,"2025/10/27 12:51","2026/08/06 16:28",愭暔(拠夘),,姅幃夛幮僩僠僞僥價儖僨傿儞僌,戝惣丗090-9680-7005,"=""06-6975-7780""",嬻桳,"

2026.4丏28
丒捓椏丗12885989墌仺12764000墌
丒晘嬥丗2儢寧佀6偐寧
丒楃嬥丗1偐寧仺14041000墌

2026.4.20
丒捓椏丗11714535墌仺12885989墌
丒晘嬥丗3偐寧仺2偐寧

2026.2.12
丒捓椏丗12764615墌仺11,714,535墌
丒尦晅丗僩僠僞僥價儖僨傿儞僌

丒101崋丄1丒2奒帠柋強丄4丒5奒乮堦晹乯
仸暔審妋擣偼儗僀儞僘偺宖嵹偺桳柍",5590031
憅屔,R00175-015671,,,,嬻,岞奐壜,柍,940000,,奒,1986擭11寧,嫗搒晎嫗搒巗撿嬫忋捁塇撿壴柤挰偺戄憅屔亂254捸亃,,嫗搒晎嫗搒巗撿嬫忋捁塇撿壴柤挰34,,,2.00,3.00,,,,702.68,841.00,254.4,3695,2026/08/06,"2026/07/02 11:35","2026/08/06 16:19",愭暔(拠夘),,姅幃夛幮僩僠僞僥價儖僨傿儞僌,-,"=""06-6975-7780""",嬻桳,"2026.8丏6
丒捓椏丗99枩墌仺94枩墌",6018126
岺応,R00175-014855,,,,嬻,曐棷,柍,330000,,奒,2000擭06寧,愹撿巗怣払榋旜偺戄岺応亂114捸亃,,戝嶃晎愹撿巗怣払榋旜466-1,,,,2.00,2.00,,,955.37,378.00,114.34,2887,2026/07/03,"2025/07/01 14:54","2026/08/06 15:40",愭暔(拠夘),,乮桳乯擁杮彜帠晄摦嶻,-,"=""072-452-8674""",嬻桳,"僙儞僠儏儕乕僟僀僜乕偱怽偟崬傒拞丂2026.8.6丂尦晅傛傝
丒1嬫夋戄偟
丒撪棗曽朄偼丄帪娫偑崌偊偽棫夛偄丄崌傢側偄応崌偼尞傪夛幮傑偱庢傝偵棃偰偄偨偩偔乮応強丗孎庢挰栶応偺惓柺價儖乯
丒梡搑揑偵塩嬈梡憅屔偼NG丄帺壠梡憅屔偱偁傟偽壜",5900515
憅屔,R00175-015737,,,,巊梡拞,曐棷,柍,990000,,奒,1972擭01寧,悂揷巗枛峀挰偺戄憅屔亂190捸亃,,戝嶃晎悂揷巗枛峀挰21-16,,,5.00,2.00,,,,663.97,630.16,190.62,5194,2026/08/06,"2026/08/06 09:51","2026/08/06 10:00",愭暔(拠夘),,嶰婎寶愝乮姅乯,-,"=""06-6304-0999""",嬻桳,,5640022
戄抧,R00175-015736,,,,,曐棷,柍,1000000,,奒,-,暫屔導嶰栘巗暿強挰彫椦偺戄抧亂794捸亃,,暫屔導嶰栘巗暿強挰彫椦725-4,,,,,,,,2625.00,,794.06,1260,2026/08/06,"2026/08/06 09:36","2026/08/06 09:42",愭暔(拠夘),,攄杹奐敪乮姅乯,戝捤丗090-5162-7225,"=""0794-85-2215""",,丒応強丗僌乕僌儖儅僢僾偱偼丄暿強挰彫椦722-2乮姅幃夛幮僐乕儌儔儞僾儘僟僋僩乯偺惣懁,6730434
揦曑(寶暔堦妵),R00175-015285,,,,巊梡拞,曐棷,柍,550000,,1奒,2004擭02寧,暫屔導擈嶈巗棫壴挰1挌栚偺戄揦曑亂48捸亃,,暫屔導擈嶈巗棫壴挰侾挌栚24-31,,,4.00,2.00,,,,934.00,159.89,48.36,11372,2026/07/31,"2026/01/20 16:14","2026/08/06 09:17",愭暔(拠夘),,僌儔儞僨丒僾儘僷僥傿乮姅乯,憗愳丗080-5105-5069,"=""052-433-6782""",嬻桳,"2026.8.6丂丂拞愳偵偰宊栺梊掕偺堊丄曐棷丅
2026.6.11
丒75枩墌仺55枩墌
丒晘嬥丗3.00仺4.00偐寧
丒楃嬥丗3.00仺2.00偐寧

2026丏4.23
捓椏丗600000枩墌佀750000枩墌
曐徹嬥丗3偐寧仺0

2026.3.4丂怽崬傒4審丅3/6(嬥)掲傔愗傝丅",6610025
憅屔,R00175-015724,,,,巊梡拞,岞奐壜,柍,1650000,,奒,2007擭08寧,搶戝嶃巗媑揷壓搰偺戄憅屔亂380捸亃,,戝嶃晎搶戝嶃巗媑揷壓搰11-15,,,,4.00,,,,708.07,1256.68,380.14,4341,2026/07/27,"2026/07/27 11:54","2026/08/05 18:30",愭暔(拠夘),,俵俷俿婇夋乮姅乯,-,"=""072-964-5800""",嬻桳,峀崘宖嵹壜丂TEL偵偰2026.7.31,5780983
憅屔,R00175-015709,,,,巊梡拞,岞奐壜,柍,1430000,,1奒,1983擭01寧,搶戝嶃巗崅堜揷杮捠4挌栚偺戄憅屔亂345捸亃,,戝嶃晎搶戝嶃巗崅堜揷杮捠係挌栚4-23,,,,,5200000,,,1796.81,1142.40,345.57,4139,2026/07/17,"2026/07/17 10:08","2026/08/05 18:27",愭暔(拠夘),,乮姅乯儕乕僪,-,"=""06-6347-1311""",,,5770066
憅屔,R00175-015723,,,,巊梡拞,岞奐壜,柍,1650000,,奒,1987擭10寧,戝嶃巗搶梽愳嬫朙棦1挌栚偺戄憅屔亂239捸亃,,戝嶃晎戝嶃巗搶梽愳嬫朙棦侾挌栚4-36,,,6000000,3300000,,,,808.97,792.00,239.58,6888,2026/07/27,"2026/07/27 11:40","2026/08/05 18:23",愭暔(拠夘),,姅幃夛幮僗儁乕僗丒儕乕僟乕,-,"=""06-6310-7510""",嬻桳,,5330013
揦曑(寶暔堦妵),R00175-015382,,,,巊梡拞,傾乕僇僀僽(惉栺),柍,880000,,奒,1976擭08寧,枼柺巗惣廻2挌栚偺戄揦曑亂110捸亃,,戝嶃晎枼柺巗惣廻俀挌栚1-7,,,6.00,,,,,,363.69,110.01,7999,2026/06/12,"2026/03/11 11:00","2026/08/05 16:56",愭暔(拠夘),,嶃媫嶃恄晄摦嶻乮姅乯,-,"=""06-6376-4747""",嬻桳,"2026.5.14
丒彜択拞丂2斣庤曞廤壜
",5620034
憅屔,R00175-015211,,,,嬻,岞奐壜,柍,699600,,奒,1975擭12寧,栧恀巗壓攏暁挰偺戄憅屔亂207捸亃,,戝嶃晎栧恀巗壓攏暁挰10-1,,,2544000,1272000,,,,,685.00,207.21,3377,2026/08/06,"2025/12/16 10:34","2026/08/05 15:36",愭暔(拠夘),,桭婌晄摦嶻儕傾儖僥傿乮姅乯,-,"=""06-6121-7337""",,"2026.8.5
丒捓椏丗80.3枩墌仺69.96枩墌
丒晘嬥丗292枩墌仺254.4枩墌
丒楃嬥丗160.6枩墌仺127.2枩墌",5710009
戄抧,R00175-015679,,,,,岞奐壜,柍,310000,,奒,-,撧椙導杒妺忛孲忋杚挰暷嶳戜2挌栚偺戄抧亂310捸亃,,撧椙導杒妺忛孲忋杚挰暷嶳戜俀挌栚557-1,,,,,,,,1025.00,,310.06,1000,2026/07/28,"2026/07/03 13:25","2026/08/05 15:15",愭暔(拠夘),,壨栰峆嶻,-,"=""0743-73-1100""",,,6390213
憅屔,R00175-015735,,,,,曐棷,柍,300000,,奒,1975擭08寧,榓愹巗慞惓挰偺戄憅屔亂47捸亃,,戝嶃晎榓愹巗慞惓挰367-1,,,3.00,1.00,,,,1017.00,157.53,47.65,6296,2026/08/05,"2026/08/05 11:54","2026/08/05 12:02",愭暔(拠夘),,姅幃夛幮僩僠僞僥價儖僨傿儞僌,-,"=""06-6975-7780""",嬻桳,,5941125
揦曑(寶暔堦妵),R00175-015734,,,,,曐棷,柍,1430000,,奒,1992擭04寧,搶戝嶃巗慞崻帥挰3挌栚偺戄揦曑亂132捸亃,,戝嶃晎搶戝嶃巗慞崻帥挰俁挌栚7-25,,,10.00,,,,,885.94,439.01,132.8,10769,2026/08/05,"2026/08/05 11:37","2026/08/05 11:46",愭暔(拠夘),,姅幃夛幮僔乕丒僀乕丒儅僱僕儊儞僩,-,"=""06-6241-3633""",嬻桳,,5798001
憅屔,R00175-015733,,,,嬻,曐棷,柍,400000,,奒,-,嶄巗旤尨嬫崱堜偺戄憅屔亂71捸亃,,戝嶃晎嶄巗旤尨嬫崱堜86-1,,,3.00,,,,,,237.07,71.71,5578,2026/08/05,"2026/08/05 11:13","2026/08/05 11:29",愭暔(拠夘),,乮桳乯僴僛儂乕儉僒乕價僗,-,"=""072-338-3111""",嬻桳,,5870061
憅屔,R00175-014331,,,,嬻,岞奐壜,柍,195000,,奒,2004擭01寧,嫗搒晎憡妝孲撿嶳忛懞戝帤杒戝壨尨彫帤灜働扟偺戄憅屔亂34捸亃,,嫗搒晎憡妝孲撿嶳忛懞戝帤杒戝壨尨彫帤灜働扟4,,,2.00,2.00,,,,1987.00,114.00,34.48,5655,2026/07/14,"2024/11/11 14:14","2026/08/05 11:24",帺幮,堦斒攠夘,姅幃夛幮僙儞僠儏儕乕僟僀僜乕,搰杮,"=""06-6136-0555""",嬻桳,,6191411
戄抧,R00175-015732,,,,,曐棷,柍,440000,,奒,-,嫗搒晎岦擔巗忋怉栰挰榚揷偺戄抧亂206捸亃,,嫗搒晎岦擔巗忋怉栰挰榚揷6,,,,,6.00,,,684.00,,206.91,2127,2026/08/05,"2026/08/05 11:03","2026/08/05 11:10",愭暔(拠夘),,乮姅乯俰俹俢,壛摗丗090-9701-6331,"=""075-951-3333""",,,6170006
揦曑(寶暔堦妵),R00175-015632,,,,巊梡拞,岞奐壜,柍,1320000,,奒,1986擭06寧,婽壀巗埨挰戝抮偺戄揦曑亂107捸亃,,嫗搒晎婽壀巗埨挰戝抮19-1,,,,,6.00,,,1242.97,355.55,107.55,12273,2026/06/22,"2026/06/22 10:59","2026/08/05 09:28",愭暔(拠夘),,婽媑儂乕儉,-,"=""0771-25-9705""",嬻桳,,6210805
戄抧,R00175-015718,,,,峏抧,岞奐壜,柍,450000,,奒,-,愹嵅栰巗擔崻栰偺戄抧亂438捸亃,,戝嶃晎愹嵅栰巗擔崻栰2210-1,,,,,10.00,,,1450.00,,438.62,1026,2026/07/23,"2026/07/23 13:09","2026/08/04 17:20",愭暔(拠夘),,乮姅乯僟僀僉僠丂忋怴彲揦,-,"=""06-6326-6151""",,,5980021
揦曑(寶暔堦妵),R00175-015708,,,,巊梡拞,岞奐壜,柍,1760000,,1奒,1988擭02寧,嶄巗撿嬫尨嶳戜5挌栚偺戄揦曑亂213捸亃,,戝嶃晎嶄巗撿嬫尨嶳戜俆挌17-1,,,,1.00,,,,3221.58,707.00,213.86,8230,2026/07/17,"2026/07/17 09:53","2026/08/04 17:16",愭暔(拠夘),,乮姅乯僗僞僀儖,-,"=""072-276-2525""",嬻桳,丒尦僂僄儖僔傾,5900132
戄抧,R00175-015672,,,,,岞奐壜,柍,800000,,奒,-,暫屔導嶰栘巗暿強挰崅栘偺戄抧亂2143捸亃,,暫屔導嶰栘巗暿強挰崅栘,,,,,,,,7084.00,,2142.91,374,2026/08/04,"2026/07/02 11:51","2026/08/04 16:49",愭暔(拠夘),,乮桳乯僴儕儅憤崌奐敪,-,"=""079-497-0330""",,丒A崋抧,6730435
憅屔,R00175-015319,,,,嬻,曐棷,柍,1900000,,1奒,1990擭01寧,暫屔導壛惣巗戝撪挰偺戄憅屔亂514捸亃,,暫屔導壛惣巗戝撪挰613-1,,,3.00,2.00,,,,3683.00,1699.59,514.12,3696,2026/07/07,"2026/02/09 10:37","2026/08/04 16:39",愭暔(拠夘),,崌摨夛幮偐偲偆晄摦嶻,-,"=""0795-48-5296""",,"2026.6.26丂暔妋仺摉幮偲彜択恑傫偱偄傞偲偺偙偲乮扴摉幰枹妋擣乯
2026.3.19丂1審彜択偁傝(攧攦)埬撪偼壜擻丂曱嶳",6752455
憅屔,R00175-014148,,,,嬻,岞奐壜,柍,2420000,,奒,1966擭01寧,戝嶃巗惗栰嬫扚搶1挌栚偺戄憅屔亂358捸亃,,戝嶃晎戝嶃巗惗栰嬫扚搶侾挌栚3-13,,,17600000,4840000,,,,1285.95,1185.95,358.74,6746,2026/07/14,"2024/08/20 15:31","2026/08/04 16:26",愭暔(拠夘),,傾僋僩晄摦嶻姅幃夛幮,-,"=""06-6147-7878""",嬻桳,"丒晘嬥丗144枩墌仺176枩墌
丒楃嬥丗396枩墌仺484枩墌",5440014
憅屔,R00175-014596,,,,嬻,岞奐壜,柍,880000,,奒,1987擭08寧,暫屔導昉楬巗栘応慜拞挰偺戄憅屔亂173捸亃,,暫屔導昉楬巗栘応慜拞挰20-1,,,3.00,3.00,,,,1672.29,572.30,173.12,5084,2026/08/04,"2025/03/24 13:03","2026/08/04 14:55",愭暔(拠夘),,昉楬晄摦嶻姅幃夛幮,-,"=""079-281-0081""",嬻桳,"2026.6.5丂2斣庤庴晅壜
2026.8.4  傑偩1斣庤偱彜択懕偄偰偄傞忬嫷丅

捓椏DOWN丂83.5枩仺88枩 2025.5.20
攧攦偼専摙柍偟丄岺応巊梡偼憡択壜擻丄扐偟怰嵏偼偁傝

",6728018
岺応,R00175-015725,,,,嬻,傾乕僇僀僽(惉栺),柍,440000,,1奒,1970擭07寧,戝嶃巗惣梽愳嬫屼暭搰6挌栚偺戄岺応亂61捸亃,,戝嶃晎戝嶃巗惣梽愳嬫屼暭搰俇挌栚13-43,,,,2.00,,,,,201.91,61.07,7204,2026/07/28,"2026/07/28 11:51","2026/08/04 14:45",愭暔(拠夘),,僙儞僠儏儕乕俀侾乮姅乯儂乕儉丒僐儞僒儖僞儞僩,懢揷丗090-8368-4011,"=""072-952-4277""",,,5550012
憅屔,R00175-015654,,,,嬻,傾乕僇僀僽(惉栺),柍,770000,,1奒,1989擭01寧,暫屔導恄屗巗挿揷嬫姟憯捠7挌栚偺戄憅屔亂94捸亃,,暫屔導恄屗巗挿揷嬫姟憯捠俈挌栚3-13,,,3.00,3.00,,,,723.00,312.22,94.44,8153,2026/08/04,"2026/06/29 11:40","2026/08/04 14:42",愭暔(拠夘),,扟岥晄摦嶻彜夛,-,"=""080-7004-2470""",嬻桳,,6530032
戄抧,R00175-015731,,,,峏抧,曐棷,柍,627000,,奒,-,戝嶃嫹嶳巗搶栰拞5挌栚偺戄抧亂570捸亃,,戝嶃晎戝嶃嫹嶳巗搶栰拞俆挌栚553,,,,2.00,,,,1885.67,,570.41,1100,2026/08/04,"2026/08/04 12:57","2026/08/04 13:06",愭暔(拠夘),,乮姅乯旤嶳晄摦嶻憤崌帠柋強,-,"=""072-261-8570""",,,5890002
憅屔,R00175-015730,,,,巊梡拞,曐棷,柍,1650000,,1奒,2015擭01寧,嶄巗拞嬫搚搩挰偺戄憅屔亂151捸亃,,戝嶃晎嶄巗拞嬫搚搩挰141-1,,,,,8.00,,,1798.00,500.53,151.41,10898,2026/08/04,"2026/08/04 11:49","2026/08/04 13:06",愭暔(拠夘),,乮姅乯傾僼儘,峚抂丗090-8821-1260,"=""06-6578-2224""",嬻桳,丒栤崌偣偼扴摉幰乮峚抂丗090-8821-1260乯,5998234
憅屔,R00175-015716,,,,,岞奐壜,柍,380000,,1奒,1972擭12寧,戝嶃巗惣嬫撿杧峕4挌栚偺戄憅屔亂25捸亃,,戝嶃晎戝嶃巗惣嬫撿杧峕係挌栚12-4,,,3.00,2.00,,,,,83.06,25.12,15124,2026/07/23,"2026/07/23 11:55","2026/08/03 17:23",愭暔(拠夘),,姅幃夛幮僩僠僞僥價儖僨傿儞僌,-,"=""06-6975-7780""",,丒1奒晹暘,5500015
憅屔,R00175-015705,,,,嬻,岞奐壜,柍,1595000,,奒,1989擭10寧,戝嶃巗忛搶嬫曻弌惣2挌栚偺戄憅屔亂147捸亃,,戝嶃晎戝嶃巗忛搶嬫曻弌惣俀挌栚17-27,,,,,8700000,,,263.07,487.36,147.42,10819,2026/08/06,"2026/07/16 10:26","2026/08/03 17:17",愭暔(拠夘),,儔僥丒僄僗僥乕僩乮姅乯娭栚揦,-,"=""06-6955-5833""",嬻桳,,5360011
戄抧,R00175-015673,,,,峏抧,岞奐壜,柍,3591000,,奒,-,戝嶃巗廧擵峕嬫撿峘搶1挌栚偺戄抧亂1125捸亃,,戝嶃晎戝嶃巗廧擵峕嬫撿峘搶侾挌栚4-9,,,,,3.00,,,3721.60,,1125.78,3190,2026/08/03,"2026/07/02 13:00","2026/08/03 16:28",愭暔(拠夘),,桳尷夛幮儂乕儉儔儞僪,-,"=""06-6682-3991""",,"2026.8.3丂
丒捓椏丗383枩墌仺359.1枩墌",5590031
岺応,R00175-015726,,,,嬻,岞奐壜,柍,341000,,奒,1982擭12寧,暫屔導昉楬巗惵嶳杒1挌栚偺戄岺応亂71捸亃,,暫屔導昉楬巗惵嶳杒侾挌栚10-15,,,930000,,,682000,,469.35,237.61,71.87,4745,2026/08/06,"2026/07/28 12:57","2026/08/03 16:24",愭暔(拠夘),,僞僇僙晄摦嶻乮姅乯昉楬揦,-,"=""079-225-0567""",嬻桳,,6712221
憅屔,R00175-015623,,,,巊梡拞,岞奐壜,柍,550000,,1奒,1995擭01寧,娸榓揷巗恀忋挰偺戄憅屔亂199捸亃,,戝嶃晎娸榓揷巗恀忋挰97-1,,,,,3100000,,,1084.00,660.00,199.65,2755,2026/08/03,"2026/06/17 10:13","2026/08/03 11:58",愭暔(拠夘),,岦堜嶻嬈乮姅乯,-,"=""072-427-4982""",嬻桳,2026.8.3丂1審彜択偑恑傫偱偄傞丅2斣庤埲崀壜丅,5960842
憅屔,R00175-015729,,,,嬻,曐棷,柍,363000,,1奒,1969擭06寧,暫屔導昉楬巗敀昹挰偺戄憅屔亂190捸亃,,暫屔導昉楬巗敀昹挰402-363,,,3.00,2.00,,,,,629.02,190.27,1908,2026/08/03,"2026/08/03 11:29","2026/08/03 11:50",愭暔(拠夘),,乮桳乯偍偐偺晄摦嶻,-,"=""079-229-9229""",嬻桳,丒応強丗僌乕僌儖儅僢僾偱偼丄敀昹挰402-373,6728023
憅屔,R00175-015728,,,,嫃廧拞,曐棷,柍,330000,,1奒,2024擭08寧,暫屔導昉楬巗嶰忦挰2挌栚偺戄憅屔亂38捸亃,,暫屔導昉楬巗嶰忦挰俀挌栚36,,,,2.00,,,,253.00,126.00,38.11,8659,2026/08/03,"2026/08/03 11:23","2026/08/03 11:27",愭暔(拠夘),,乮姅乯俷俵俷俼俬,-,"=""079-234-5485""",嬻桳,,6728041
戄抧,R00175-015719,,,,峏抧,岞奐壜,柍,413000,,奒,-,嶄巗嶄嬫杒娵曐墍偺戄抧亂118捸亃,,戝嶃晎嶄巗嶄嬫杒娵曐墍6-8,,,,2.00,2.00,,,390.57,,118.14,3496,2026/07/23,"2026/07/23 13:21","2026/08/03 09:50",愭暔(拠夘),,乮姅乯傾儖儌僴僂僕儞僌,-,"=""072-240-0008""",,,5900037
揦曑帠柋強(寶暔堦妵),R00175-015717,,,,巊梡拞,岞奐壜,柍,660000,,1奒,2002擭10寧,嶄巗嶄嬫撿惔悈挰2挌偺戄揦曑丒帠柋強亂41捸亃,,戝嶃晎嶄巗嶄嬫撿惔悈挰俀挌4-5,,,,3000000,2500000,,,,136.37,41.25,16000,2026/07/23,"2026/07/23 12:06","2026/08/03 09:45",愭暔(拠夘),,(姅)僄僗億儚乕儖,-,"=""072-240-1756""",嬻桳,,5900005
憅屔,R00175-015577,,,,嬻,岞奐壜,柍,550000,,奒,1991擭01寧,嶄巗旤尨嬫戝曐偺戄憅屔亂169捸亃,,戝嶃晎嶄巗旤尨嬫戝曐224-2,,,1.00,2.00,,,,,559.00,169.09,3253,2026/07/10,"2026/06/01 11:31","2026/08/03 09:41",愭暔(拠夘),,乮姅乯俶倕倶倲丂俠倰倕倎倲倝倧値,-,"=""06-6694-0012""",,"丒1-2奒晹暘
捓椏DOWN俇俇枩佀俆俆枩丂2026.6.19",5870001
憅屔,R00175-015692,,,,嬻,岞奐壜,柍,450000,,奒,1984擭08寧,敧旜巗懢揷怴挰3挌栚偺戄憅屔亂127捸亃,,戝嶃晎敧旜巗懢揷怴挰俁挌栚21-3,,,4.00,2.00,,,,214.88,421.67,127.55,3528,2026/08/06,"2026/07/08 10:42","2026/08/03 09:35",愭暔(拠夘),,姅幃夛幮僩僠僞僥價儖僨傿儞僌,-,"=""06-6975-7780""",,,5810039
憅屔,R00175-015706,,,,嬻,岞奐壜,柍,2200000,,奒,1997擭02寧,塇塯栰巗屆巗偺戄憅屔亂626捸亃,,戝嶃晎塇塯栰巗屆巗1576-8,,,,,5.00,,,,2072.46,626.91,3510,2026/07/16,"2026/07/16 10:41","2026/08/03 09:34",愭暔(拠夘),,嫤塰抧寶姅幃夛幮,-,"=""072-938-6677""",嬻桳,,5830852
戄抧,R00175-015257,,,,峏抧,曐棷,柍,288000,,奒,-,嫗搒晎栘捗愳巗憡妝昉巕偺戄搚抧亂160捸亃,,嫗搒晎栘捗愳巗憡妝昉巕47,,,,,600000,,,529.60,,160.2,1798,2026/05/27,"2026/01/07 14:04","2026/07/31 16:12",帺幮,堦斒攠夘,姅幃夛幮僙儞僠儏儕乕僟僀僜乕,曱嶳,"=""06-6136-0555""",嬻桳,"扴摉丗曱嶳
撉傒曽丗偒偯偑傢偟 偝偑側偐 傂傔偙",6190222
憅屔,R00175-015365,,,,嬻,岞奐壜,柍,160000,,1奒,1975擭04寧,嫗搒晎暉抦嶳巗帤杧偺戄憅屔亂52捸亃,,嫗搒晎暉抦嶳巗帤杧2760,,,2.00,1.00,,,,518.70,172.71,52.24,3063,2026/07/31,"2026/03/02 18:01","2026/07/31 16:11",帺幮,堦斒攠夘,姅幃夛幮僙儞僠儏儕乕僟僀僜乕,曱嶳,"=""06-6136-0555""",嬻桳,,6200000
岺応,R00175-015541,,,,嬻,傾乕僇僀僽(惉栺),柍,1650000,,奒,2008擭03寧,暫屔導擈嶈巗恄嶈挰偺戄岺応亂144捸亃,,暫屔導擈嶈巗恄嶈挰21-34,,,1.00,,,,,589.46,478.59,144.77,11398,2026/05/18,"2026/05/18 12:01","2026/07/31 15:12",愭暔(拠夘),,乮姅乯儔僀僼僒乕價僗,-,"=""072-802-7717""",嬻桳,"2026.6.1
丒晘嬥丗150枩墌仺1.00偐寧

丒攧攦偁傝丗B00175-000995",6610964
憅屔,R00175-014661,,,,嬻,曐棷,柍,0,,4奒,2022擭07寧,戝搶巗屼椞俁挌栚偺戄憅屔亂732捸亃,,戝嶃晎戝搶巗屼椞俁挌栚7-1,,,,,,,,5579.55,2421.00,732.35,,2026/05/28,"2025/04/23 10:40","2026/07/31 14:23",帺幮,堦斒攠夘,姅幃夛幮僙儞僠儏儕乕僟僀僜乕,搰杮,"=""06-6136-0555""",嬻桳,"捓椏丗捸5,200墌戄
",5740064
憅屔,R00175-014660,,,,嬻,曐棷,柍,0,,2奒,2022擭07寧,戝搶巗屼椞俁挌栚偺戄憅屔亂854捸亃,,戝嶃晎戝搶巗屼椞俁挌栚7-1,,,,,,,,5579.55,2824.72,854.47,,2026/05/28,"2025/04/22 18:00","2026/07/31 14:23",帺幮,堦斒攠夘,姅幃夛幮僙儞僠儏儕乕僟僀僜乕,搰杮,"=""06-6136-0555""",嬻桳,"捓椏丗捸5,200墌戄
",5740064
揦曑(寶暔堦妵),R00175-014272,,,,嬻,傾乕僇僀僽(惉栺),柍,682000,,奒,2004擭03寧,嶃撿巗捁庢偺戄揦曑亂47捸亃,,戝嶃晎嶃撿巗捁庢474-2,,,4.00,2.00,,,,2759.82,157.25,47.56,14338,2026/07/01,"2024/10/17 17:52","2026/07/31 11:50",帺幮,愱擟攠夘,姅幃夛幮僙儞僠儏儕乕僟僀僜乕,曱嶳,"=""06-6136-0555""",嬻桳,"2026.6.17 1審彜択偁傝丂曱嶳

捓椏妋掕俈侾丏俆枩乮惻崬傒乯仺68.2枩丂2026.4.14",5990204
揦曑(寶暔堦妵),R00175-015478,,,,嬻,傾乕僇僀僽(惉栺),柍,385000,,奒,2004擭03寧,嶃撿巗捁庢偺戄揦曑乛B嬫夋亂22捸亃,,戝嶃晎嶃撿巗捁庢474-2,,,4.00,2.00,,,,2759.82,73.88,22.34,17227,2026/07/01,"2026/04/15 16:15","2026/07/31 11:50",帺幮,愱擟攠夘,姅幃夛幮僙儞僠儏儕乕僟僀僜乕,曱嶳,"=""06-6136-0555""",嬻桳,2026.6.17丂1審彜択偁傝丂曱嶳,5990204
揦曑(寶暔堦妵),R00175-015236,,,,嬻,傾乕僇僀僽(惉栺),柍,385000,,奒,2004擭03寧,嶃撿巗捁庢偺戄揦曑乛A嬫夋亂18捸亃,,戝嶃晎嶃撿巗捁庢474-2,,,4.00,2.00,,,,2759.82,61.28,18.53,20770,2026/07/01,"2025/12/23 16:57","2026/07/31 11:50",帺幮,愱擟攠夘,姅幃夛幮僙儞僠儏儕乕僟僀僜乕,曱嶳,"=""06-6136-0555""",嬻桳,"2026.6.17 1審彜択偁傝丂曱嶳",5990204
揦曑(寶暔堦妵),R00175-014165,,,,嬻,傾乕僇僀僽(惉栺),柍,660000,,奒,1979擭07寧,暫屔導恄屗巗悅悈嬫晳巕嶁1挌栚偺戄揦曑亂53捸亃,,暫屔導恄屗巗悅悈嬫晳巕嶁侾挌栚11-14,,,2.00,1.00,,,,,175.63,53.12,12423,2025/06/11,"2024/08/30 13:29","2026/07/31 10:56",愭暔(拠夘),,媑愳搚抧寶暔,-,"=""078-783-6617""",嬻桳,"NG嬈庬丗憭媀宯丒夘岇宯
僆乕僫乕條傛傝惉栺嵪傒偱僱僢僩宖嵹棊偲偟偰傎偟偄乮偍搟傝偱偼側偄乯2026.7.31",6550044
憅屔,R00175-015533,,,,巊梡拞,傾乕僇僀僽(惉栺),柍,308000,,1奒,1976擭06寧,搶戝嶃巗攼揷惣3挌栚偺戄憅屔亂73捸亃,,戝嶃晎搶戝嶃巗攼揷惣俁挌栚8-30,,,,1.00,3.00,,,,244.00,73.81,4173,2026/06/17,"2026/05/12 14:25","2026/07/31 09:55",愭暔(拠夘),,乮桳乯儎儅僩儕傾儖僄僗僥乕僩,-,"=""06-6715-0881""",,2026.6.17丂摉幮偱彜択拞偲偺偙偲丅,5770835
憅屔,R00175-015722,,,,,岞奐壜,柍,1320000,,奒,1992擭07寧,悂揷巗撿嬥揷1挌栚偺戄憅屔亂224捸亃,,戝嶃晎悂揷巗撿嬥揷侾挌栚8-8,,,4800000,2640000,,,,542.31,742.27,224.53,5879,2026/07/27,"2026/07/27 11:12","2026/07/31 09:45",愭暔(拠夘),,姅幃夛幮僗儁乕僗丒儕乕僟乕,-,"=""06-6310-7510""",嬻桳,丒A搹,5640044
憅屔,R00175-014791,,,,嬻,傾乕僇僀僽(惉栺),柍,,,奒,2026擭03寧,暫屔導惣媨巗柭旜昹2挌栚偺戄憅屔亂2419捸亃,,暫屔導惣媨巗柭旜昹俀挌栚1-19,,,,,6.00,,,4064.00,7996.93,2419.07,,2026/05/28,"2025/06/06 11:26","2026/07/31 09:44",愭暔(拠夘),,姅幃夛幮僙儞僠儏儕乕僟僀僜乕,扴摉丗搰杮,"=""06-6136-0555""",嬻桳,"丒搰杮偝傫梐偐傝暔審
丒捓椏丗11,000墌仸暿搑岝擬旓亄惔憒旓梫
",6638142
揦曑帠柋強(寶暔堦妵),R00175-015246,,,,嬻,曐棷,柍,715000,,奒,2003擭03寧,枼柺巗嶗堜3挌栚偺戄揦曑丒帠柋強亂158捸亃,,戝嶃晎枼柺巗嶗堜俁挌栚1-10,,,,,6.00,,,,524.30,158.6,4509,2026/07/06,"2026/01/05 11:48","2026/07/30 13:11",愭暔(拠夘),,乮姅乯戄價儖忣曬,-,"=""06-6231-4600""",嬻桳,曱嶳偝傫偵偰惉栺梊掕丂2026.7.30,5620043
岺応,R00175-014241,,,,嬻,傾乕僇僀僽(惉栺),柍,880000,,奒,1971擭01寧,暫屔導扥攇幝嶳巗彫栰怴偺戄岺応亂226捸亃,,暫屔導扥攇幝嶳巗彫栰怴248-1,,,3.00,1.00,,,,2644.62,748.76,226.49,3886,2026/07/24,"2024/10/07 18:15","2026/07/30 13:07",帺幮,堦斒攠夘,姅幃夛幮僙儞僠儏儕乕僟僀僜乕,媑揷夒,"=""06-6136-0555""",,捓椏DOWN93.5枩仺88枩乮惻崬傒乯丂2025.5.14,6692523
戄抧,R00175-014328,,,,峏抧,傾乕僇僀僽(惉栺),柍,462000,,奒,-,暫屔導扥攇幝嶳巗彫栰怴偺戄搚抧亂850捸亃,,暫屔導扥攇幝嶳巗彫栰怴248-1,,,3.00,1.00,,,,2809.91,,849.99,544,2026/07/24,"2024/11/08 16:31","2026/07/30 13:07",帺幮,堦斒攠夘,姅幃夛幮僙儞僠儏儕乕僟僀僜乕,媑揷夒,"=""06-6136-0555""",,"捓椏DOWN51.7枩仺46.2枩丂2025.5.14
攧攦偵側傞偲偺偙偲偱宖嵹STOP丂媑揷夒偝傫傛傝丂2026.7.30",6692523
憅屔,R00175-015608,,,,嬻,岞奐壜,柍,0,,1奒,2025擭10寧,嫗搒晎敧敠巗敧敠堦僲捸偺戄憅屔亂500捸亃,,嫗搒晎敧敠巗敧敠堦僲捸115-1,,,,,,,,,1652.89,499.99,,2026/07/29,"2026/06/09 17:25","2026/07/29 17:44",帺幮,堦斒攠夘,姅幃夛幮僙儞僠儏儕乕僟僀僜乕,媑揷夒,"=""06-6136-0555""",嬻桳,"捸13,000墌",6148043
揦曑(寶暔堦妵),R00175-015572,,,,嬻,岞奐壜,柍,550000,,奒,1985擭05寧,暫屔導崅嵒巗徏梲3挌栚偺戄揦曑亂63捸亃,,暫屔導崅嵒巗徏梲俁挌栚12-1,,,,550000,1500000,,,587.00,209.71,63.43,8670,2026/07/23,"2026/05/28 14:09","2026/07/29 17:22",愭暔(拠夘),,乮姅乯僌儔儞僪僷乕僩僫乕,-,"=""079-456-1128""",嬻桳,,6760077
憅屔,R00175-015727,,,,嬻,岞奐壜,柍,660000,,奒,1993擭04寧,暫屔導恄屗巗恵杹嬫敀愳戜6挌栚偺戄憅屔亂118捸亃,,暫屔導恄屗巗恵杹嬫敀愳戜俇挌栚12-5,,,2.00,2.00,,,,,390.60,118.15,5586,2026/08/04,"2026/07/29 10:14","2026/07/29 15:58",愭暔(拠夘),,乮姅乯傾儖僼傽晄摦嶻斕攧,-,"=""078-754-6615""",嬻桳,,6540103
憅屔,R00175-015720,,,,巊梡拞,岞奐壜,柍,825000,,奒,1998擭03寧,戝嶃巗梽愳嬫嶰崙杮挰2挌栚偺戄憅屔亂145捸亃,,戝嶃晎戝嶃巗梽愳嬫嶰崙杮挰俀挌栚6-26,,,3.00,1.00,,,,276.62,481.14,145.54,5669,2026/07/23,"2026/07/23 13:29","2026/07/28 18:24",愭暔(拠夘),,嶰婎寶愝乮姅乯,-,"=""06-6304-0999""",柍,丒1-2奒晹暘,5320005
岺応,R00175-015636,,,,嬻,岞奐壜,柍,1100000,,奒,1959擭12寧,暫屔導恄屗巗挿揷嬫姟憯捠4挌栚偺戄岺応亂319捸亃,,暫屔導恄屗巗挿揷嬫姟憯捠係挌栚2-28,,,2.00,1.00,,,,784.80,1057.55,319.9,3439,2026/06/23,"2026/06/23 13:05","2026/07/28 18:15",愭暔(拠夘),,乮姅乯恄晲摪,-,"=""06-6766-4480""",嬻桳,,6530032
戄抧,R00175-015611,,,,峏抧,岞奐壜,柍,336000,,奒,-,撧椙導戝榓孲嶳巗堜屗栰挰偺戄抧亂559捸亃,,撧椙導戝榓孲嶳巗堜屗栰挰93-1,22000,,1.00,1.00,,,,1850.00,,559.62,601,2026/06/11,"2026/06/11 11:36","2026/07/28 17:30",愭暔(拠夘),,僷儗僗乮姅乯,-,"=""0742-53-8880""",,,6391104
憅屔,R00175-015441,,,,嬻,岞奐壜,柍,440000,,奒,1994擭04寧,撧椙導戝榓孲嶳巗堜屗栰挰偺戄憅屔亂85捸亃,,撧椙導戝榓孲嶳巗堜屗栰挰220,,,1320000,440000,,,,,281.46,85.14,5168,2026/06/12,"2026/04/02 11:50","2026/07/28 17:26",愭暔(拠夘),,婭擳崙壆彜帠乮姅乯,-,"=""0742-23-6554""",,,6391104
憅屔,R00175-015702,,,,,岞奐壜,柍,385000,,奒,2019擭06寧,戝嶃巗戝惓嬫撿壎壛搰1挌栚偺戄憅屔亂57捸亃,,戝嶃晎戝嶃巗戝惓嬫撿壎壛搰侾挌栚9-110,,,3.00,,,,,171.76,189.73,57.39,6709,2026/07/14,"2026/07/14 11:50","2026/07/27 17:48",愭暔(拠夘),,僕儍僗僩僕儍僷儞姅幃夛幮,-,"=""06-6581-0505""",,,5510021
憅屔,R00175-015715,,,,,岞奐壜,柍,1540000,,奒,1992擭06寧,戝嶃巗垻攞栰嬫揤墹帥挰杒3挌栚偺戄憅屔亂206捸亃,,戝嶃晎戝嶃巗垻攞栰嬫揤墹帥挰杒俁挌栚6-19,,,,,6.00,,,423.15,681.96,206.29,7466,2026/07/23,"2026/07/23 11:36","2026/07/27 17:45",愭暔(拠夘),,乮姅乯價儖僶儞僋,-,"=""06-7637-6363""",,,5450001
戄抧,R00175-015515,,,,峏抧,傾乕僇僀僽(惉栺),柍,1100000,,奒,-,帬夑導搶嬤峕巗媨憫挰偺戄抧亂1539捸亃,,帬夑導搶嬤峕巗媨憫挰,,,,1.00,5000000,,,5088.28,,1539.2,715,2026/05/11,"2026/05/11 11:27","2026/07/27 11:56",愭暔(拠夘),,屛搶晄摦嶻乮姅乯,-,"=""0748-45-5210""",,"丒応強丗僌乕僌儖儅僢僾偱偼丄媨憫挰160-2乮HOTEL R9 The Yard 搶嬤峕乯偺椬",5291404
憅屔,R00175-015518,,,,嬻,岞奐壜,柍,693000,,1奒,1997擭11寧,暫屔導昉楬巗峀敤嬫姉揷5挌栚偺戄憅屔亂142捸亃,,暫屔導昉楬巗峀敤嬫姉揷俆挌栚156,,,,715000,,,,505.05,471.26,142.55,4862,2026/06/29,"2026/05/11 13:01","2026/07/27 10:16",愭暔(拠夘),,乮姅乯俷俵俷俼俬,-,"=""079-234-5485""",嬻桳,,6711102
憅屔,R00175-015316,,,,嬻,傾乕僇僀僽(惉栺),柍,330000,,1奒,2010擭10寧,愹戝捗巗斅尨挰1挌栚偺戄憅屔亂103捸亃,,戝嶃晎愹戝捗巗斅尨挰侾挌栚12-19,,,6.00,,,3.00,,,341.45,103.28,3195,2026/06/17,"2026/02/06 11:41","2026/07/27 10:10",愭暔(拠夘),,乮姅乯俽俵俙俼俻倀俤,-,"=""072-245-9237""",嬻桳,"2026.4.14丂彜択拞丂2斣庤晄壜丂

丒A嬫夋",5950033
戄抧,R00175-015714,,,,峏抧,岞奐壜,柍,1000000,,奒,-,撧椙導撧椙巗崅敤挰搚抧亂526捸亃,,"撧椙導撧椙巗崅敤挰778-1,778-3,778-4",,,,,,,,1739.96,,526.33,1900,2026/07/22,"2026/07/22 16:56","2026/07/27 10:09",帺幮,堦斒攠夘,姅幃夛幮僙儞僠儏儕乕僟僀僜乕,拞愳,"=""06-6136-0555""",,儅僢僠儞僌搊榐偺傒丂2026.7.27,6308301
戄抧,R00175-015721,,,,峏抧,岞奐壜,柍,521000,,奒,-,嫗搒晎忛梲巗悈庡捤僲栘偺戄抧亂521捸亃,,嫗搒晎忛梲巗悈庡捤僲栘46-1,,,,,1000000,,1.00,1722.65,,521.1,1000,2026/07/23,"2026/07/23 13:51","2026/07/27 09:19",愭暔(拠夘),,乮姅乯暯栰嫶彜帠,-,"=""06-4963-3625""",,,6100118
岺応,R00175-015710,,,,嬻,岞奐壜,柍,660000,,奒,1986擭08寧,枃曽巗懞栰崅尒戜偺攧岺応亂154捸亃,,戝嶃晎枃曽巗懞栰崅尒戜9-81,,,3.00,1.00,,,,214.23,512.16,154.92,4261,2026/07/17,"2026/07/17 10:38","2026/07/27 09:17",愭暔(拠夘),,俫俿儕僼僅乮姅乯,-,"=""06-6940-4050""",,丒攧攦偁傝丗B00175-000912,5730014
憅屔,R00175-015675,,,,巊梡拞,傾乕僇僀僽(惉栺),柍,660000,,奒,2021擭10寧,暫屔導擈嶈巗尦昹挰侾挌栚偺戄憅屔亂43捸亃,,暫屔導擈嶈巗尦昹挰侾挌栚46-1,,,6.00,2.00,,,,242.97,145.20,43.92,15027,2026/07/23,"2026/07/03 11:00","2026/07/27 09:08",帺幮,堦斒攠夘,姅幃夛幮僙儞僠儏儕乕僟僀僜乕,曱嶳,"=""06-6136-0555""",嬻桳,僆乕僫乕條偵偰惉栺丂2026.7.27,6600085
戄抧,R00175-015509,,,,峏抧,傾乕僇僀僽(惉栺),柍,2200000,,奒,-,崅捨巗戝捤挰俀挌栚偺戄抧亂400捸亃,,戝嶃晎崅捨巗戝捤挰俀挌栚1-28,,,22000000,,,,,1325.33,,400.91,5488,2026/07/24,"2026/05/08 11:41","2026/07/24 16:31",帺幮,堦斒攠夘,姅幃夛幮僙儞僠儏儕乕僟僀僜乕,媨杮,"=""06-6136-0555""",,僱僢僩岞奐晄壜丄儅僢僠儞僌儊乕儖偺傒,5690034
揦曑(寶暔堦妵),R00175-013677,,,,嬻,岞奐壜,柍,1600000,,奒,1991擭09寧,戝嶃巗搶廧媑嬫杒揷曈4挌栚偺戄揦曑亂145捸亃,,戝嶃晎戝嶃巗搶廧媑嬫杒揷曈係挌栚23-4,,,11680000,,,,,,481.28,145.58,10990,2026/07/24,"2024/01/10 12:59","2026/07/24 16:05",愭暔(拠夘),,嬤揝晄摦嶻乮姅乯傾僙僢僩帠嬈杮晹,-,"=""06-6776-3040""",嬻桳,"2026.7.24
丒捓椏丗160.6枩墌仺160枩墌

2025.6.26丂惉栺仺暅妶",5460044
戄抧,R00175-015546,,,,,傾乕僇僀僽(惉栺),柍,660000,,奒,-,堬栘巗撿埨埿3挌栚偺戄抧亂261捸亃,,戝嶃晎堬栘巗撿埨埿俁挌栚1-20,,,3.00,1.10,,,,865.00,,261.66,2523,2026/07/24,"2026/05/19 13:48","2026/07/24 16:03",愭暔(拠夘),,妡扟晄摦嶻乮姅乯,-,"=""072-636-1110""",,"2026.7.24
柺愊丗261捸偐傜8.5捸偵側偭偨偨傔
丂丂丂傾乕僇僀僽偵曄峏",5670007
岺応,R00175-014583,,,,嬻,傾乕僇僀僽(惉栺),柍,847000,,奒,1980擭01寧,栧恀巗巐媨6挌栚偺戄岺応亂121捸亃,,戝嶃晎栧恀巗巐媨俇挌栚7-17,,,,2.00,6.00,,,591.00,402.07,121.62,6964,2026/07/24,"2025/03/12 14:41","2026/07/24 15:48",愭暔(拠夘),,乮姅乯嫤榓晄摦,-,"=""072-881-8177""",嬻桳,"捓椏DOWN93.5枩佀84.7枩丂2025.11.26
丒応強丗僌乕僌儖儅僢僾偱偼丄巐媨6挌栚7-19乮嶰嫶峾嵽儗乕僓乕岺応乯",5710017
揦曑帠柋強(寶暔堦妵),R00175-015559,,,,嫃廧拞,傾乕僇僀僽(惉栺),柍,3300000,,奒,1986擭06寧,戝嶃巗搶梽愳嬫壓怴彲5挌栚偺戄揦曑丒帠柋強亂295捸亃,,戝嶃晎戝嶃巗搶梽愳嬫壓怴彲俆挌栚7-8,,,5.00,3.00,,,,556.86,977.00,295.54,11166,2026/07/24,"2026/05/22 13:02","2026/07/24 15:45",愭暔(拠夘),,宨暉晄摦嶻乮姅乯,-,"=""06-6310-2101""",嬻桳,,5330021
揦曑(寶暔堦妵),R00175-015434,,,,嬻,傾乕僇僀僽(惉栺),柍,660000,,1奒,1992擭10寧,嶄巗惣嬫嶳揷1挌偺戄揦曑亂47捸亃,,戝嶃晎嶄巗惣嬫嶳揷侾挌17,,,4.00,2.00,,,,,155.90,47.15,13995,2026/07/24,"2026/03/31 11:31","2026/07/24 15:37",愭暔(拠夘),,乮姅乯儗儞僞儖僴僂僗撿戝嶃丂榓愹晎拞揦,-,"=""0725-46-0055""",嬻桳,,5938316
揦曑(寶暔堦妵),R00175-015402,,,,嬻,傾乕僇僀僽(惉栺),柍,550000,,1奒,2008擭11寧,戝嶃巗搒搰嬫栄攏挰5挌栚偺戄揦曑亂58捸亃,,戝嶃晎戝嶃巗搒搰嬫栄攏挰俆挌栚22-67,,,,,10.00,,,389.44,192.78,58.31,9432,2026/07/24,"2026/03/18 10:16","2026/07/24 15:36",愭暔(拠夘),,乮姅乯挿岺柋揦,-,"=""06-6921-1539""",嬻桳,"2026񒎞7
怽偟崬偁傝仺2斣庤曞廤偼扴摉幰晄嵼偺偨傔妋擣枹",5340001
憅屔,R00175-015564,,,,嬻,傾乕僇僀僽(惉栺),柍,413400,,奒,1977擭11寧,朙拞巗彲撪塰挰1挌栚偺戄憅屔亂63捸亃,,戝嶃晎朙拞巗彲撪塰挰侾挌栚2-5,,,3.00,2.00,,,,,210.00,63.52,6508,2026/07/24,"2026/05/26 13:03","2026/07/24 15:35",愭暔(拠夘),,乮桳乯僆僇儌僩僄僗僥乕僩,-,"=""06-6336-0506""",,,5610834
憅屔,R00175-014727,,,,嬻,岞奐壜,柍,539100,,奒,1946擭06寧,戝嶃巗惣梽愳嬫捪4挌栚偺戄憅屔亂83捸亃,,戝嶃晎戝嶃巗惣梽愳嬫捪係挌栚9-34,,,6.00,1.00,,,,397.70,276.35,83.59,6449,2026/07/24,"2025/05/20 14:04","2026/07/24 15:34",愭暔(拠夘),,僄僀儉丒僴僀乮姅乯,崅懞丗080-1456-6897,"=""072-768-8745""",,"2026.7.24
丒捓椏丗735,592墌仺539,100墌

2025.7.24
丒捓椏丗539,100墌仺735,592墌

2025.6.10
丒捓椏丗735,500墌仺539,100墌

仭扴摉幰丗崅懞條丂080-1456-6897",5550001
揦曑帠柋強(寶暔堦妵),R00175-015527,,,,嬻,岞奐壜,柍,1540000,,1奒,2014擭11寧,嫗搒晎嫗搒巗撿嬫媑徦堾惔悈挰偺戄揦曑丒帠柋強亂60捸亃,,嫗搒晎嫗搒巗撿嬫媑徦堾惔悈挰3,,,,1.00,6.00,,,495.86,199.75,60.42,25487,2026/08/04,"2026/05/12 13:15","2026/07/24 15:30",愭暔(拠夘),,捯晄摦嶻乮姅乯,-,"=""075-585-2540""",嬻桳,2026.7.24丂怽崬傒1審丄2斣庤壜丅,6018329
憅屔,R00175-015170,,,,嬻,傾乕僇僀僽(惉栺),柍,363000,,1奒,-,嶄巗拞嬫栄寠挰偺戄憅屔亂59捸亃,,戝嶃晎嶄巗拞嬫栄寠挰103-1,,3300,,,1320000,,,,196.40,59.41,6110,2026/07/24,"2025/11/26 13:44","2026/07/24 15:27",愭暔(拠夘),,乮桳乯僄乕儚儞儂乕儉,-,"=""072-271-4466""",嬻桳,丒E.F崋幒,5998266
岺応,R00175-015111,,,,嬻,傾乕僇僀僽(惉栺),柍,850000,,奒,1985擭01寧,戝嶃巗掃尒嬫崱捗杒1挌栚偺戄岺応亂142捸亃,,戝嶃晎戝嶃巗掃尒嬫崱捗杒侾挌栚1-21,,,1700000,1700000,,,,374.10,471.75,142.7,5957,2026/07/24,"2025/10/30 13:51","2026/07/24 15:24",愭暔(拠夘),,姅幃夛幮僩僠僞僥價儖僨傿儞僌,-,"=""06-6975-7780""",嬻桳,"2026.5.29丂尦晅
嶰婎寶愝仺僩僠僞僥價儖僨傿儞僌
丒2嬫夋堦妵戄偟乮拞丒惣懁乯",5380041
憅屔,R00175-015609,,,,巊梡拞,傾乕僇僀僽(惉栺),柍,438000,,1奒,1990擭09寧,戝嶃巗搶惉嬫怺峕杒3挌栚偺戄憅屔亂72捸亃,,戝嶃晎戝嶃巗搶惉嬫怺峕杒俁挌栚6-14,,,1.00,2.00,,,,,238.57,72.16,6070,2026/07/09,"2026/06/11 11:09","2026/07/24 15:21",愭暔(拠夘),,姅幃夛幮僕乕僾儖,媣揷丗080-3802-0463,"=""06-4300-3494""",嬻桳,丒1奒晹暘,5370001
岺応,R00175-015549,,,,嬻,傾乕僇僀僽(惉栺),柍,1265000,,1奒,1973擭02寧,敧旜巗塱敤挰1挌栚偺戄岺応亂156捸亃,,戝嶃晎敧旜巗塱敤挰侾挌栚2-52,,,3.00,2.00,,,,842.71,516.12,156.12,8103,2026/07/24,"2026/05/19 14:31","2026/07/24 15:11",愭暔(拠夘),,姅幃夛幮僀儅僗丂棳捠帠嬈晹,-,"=""06-6209-7373""",嬻桳,"2026.6.22 3幮偐傜怽崬傒偁傝丂曞廤懪偪巭傔拞",5810083
岺応,R00175-015295,,,,嬻,傾乕僇僀僽(惉栺),柍,2035000,,奒,1973擭02寧,敧旜巗塱敤挰1挌栚偺戄岺応亂254捸亃,,戝嶃晎敧旜巗塱敤挰侾挌栚2-54,,,3.00,2.00,,,,842.71,840.47,254.24,8005,2026/07/24,"2026/01/26 11:43","2026/07/24 15:10",愭暔(拠夘),,姅幃夛幮僩僠僞僥價儖僨傿儞僌,戝惣丗090-9680-7005,"=""06-6975-7780""",嬻桳,"2026.2.17丂2斣庤傑偱怽偟崬傒偁傝(3斣庤庴晅壜仸搒搙恑捇妋擣梫)

丒廧強丗塱敤挰1挌栚2-52丄54",5810083
岺応,R00175-015296,,,,嬻,傾乕僇僀僽(惉栺),柍,2805000,,奒,1973擭02寧,敧旜巗塱敤挰1挌栚偺戄岺応亂254捸亃,,戝嶃晎敧旜巗塱敤挰侾挌栚2-54,,,3.00,2.00,,,,2056.54,840.47,254.24,11033,2026/07/24,"2026/01/26 11:43","2026/07/24 15:10",愭暔(拠夘),,姅幃夛幮僩僠僞僥價儖僨傿儞僌,戝惣丗090-9680-7005,"=""06-6975-7780""",嬻桳,"2026.3.5丂怽偟崬傒墶暲傃偱庴晅拞(尰嵼4審偁傝)

2026.2.17丂
丒R00175-015295(2斣庤傑偱怽偟崬傒偁傝仸3斣庤庴晅壜)
仺忋婰暔審偺晘抧晅偒曞廤丅偙偪傜偼堷偒懕偒曞廤拞丅

丒廧強丗塱敤挰1挌栚2-52丄54丄56乮晘抧晅偒乯",5810083
戄抧,R00175-014919,,,,峏抧,岞奐壜,柍,450000,,奒,-,暫屔導恄屗巗杒嬫桳栰挰桳栰偺戄抧亂514捸亃,,暫屔導恄屗巗杒嬫桳栰挰桳栰66,,,,,6.00,,,1699.17,,513.99,876,2026/07/23,"2025/07/29 13:05","2026/07/23 16:09",愭暔(拠夘),,乮姅乯儕價儖僪儂乕儉,-,"=""0798-61-3463""",,2026.2.4惉栺佀暅妶,6511312
岺応,R00175-015415,,,,嬻,岞奐壜,柍,539100,,1奒,1946擭06寧,戝嶃巗惣梽愳嬫捪4挌栚偺戄岺応亂67捸亃,,戝嶃晎戝嶃巗惣梽愳嬫捪係挌栚9-34,,,6.00,1.00,,,,397.70,222.78,67.39,8000,2026/06/17,"2026/03/24 14:54","2026/07/23 15:15",愭暔(拠夘),,僄僀儉丒僴僀乮姅乯,-,"=""072-768-8745""",嬻桳,"2026.7.23
丒捓椏丗59.3枩墌仺53.91枩墌",5550001
揦曑帠柋強(寶暔堦妵),R00175-014203,,,,嬻,岞奐壜,柍,4400000,,奒,1973擭05寧,嫗搒晎嫗搒巗嵍嫗嬫壀嶈惉彑帥挰偺戄揦曑丒帠柋強亂598捸亃,,嫗搒晎嫗搒巗嵍嫗嬫壀嶈惉彑帥挰5-2,,,3.00,1.00,,,1.00,392.29,1978.27,598.42,7353,2026/07/23,"2024/09/17 11:42","2026/07/23 15:01",愭暔(拠夘),,"姅幃夛幮僌僢僪僴僂僕儞僌 巐忦塆娵揦",-,"=""075-708-3563""",嬻桳,"2026.6.17
丒捓椏丗407枩墌仺440枩墌
丒楃嬥丗1.10偐寧仺1.00偐寧

2025.10.7
丒捓椏丗440枩墌仺407枩墌
丒尦晅丗庪栰僐乕億儗乕僔儑儞仺姅幃夛幮僌僢僪僴僂僕儞僌 巐忦塆娵揦",6068343
憅屔,R00175-015550,,,,嬻,傾乕僇僀僽(惉栺),柍,385000,,奒,1990擭06寧,暫屔導壛屆愳巗壛屆愳挰旤擳棙偺戄憅屔亂184捸亃,,暫屔導壛屆愳巗壛屆愳挰旤擳棙435-2,,,3.00,3.00,,,,413.34,608.70,184.13,2091,2026/05/19,"2026/05/19 14:44","2026/07/23 15:01",愭暔(拠夘),,乮桳乯娸杮嫽嶻,-,"=""079-421-0075""",嬻桳,,6750062
揦曑(寶暔堦妵),R00175-014536,,,,嬻,岞奐壜,柍,368500,,奒,1984擭10寧,暫屔導恄屗巗暫屔嬫柀挰3挌栚偺戄揦曑亂46捸亃,,暫屔導恄屗巗暫屔嬫柀挰俁挌栚2-26,,,,2.00,,,,123.67,154.93,46.86,7863,2026/07/21,"2025/02/18 12:50","2026/07/23 14:32",愭暔(拠夘),,乮姅乯儕僒僀僘,-,"=""078-332-6107""",嬻桳,"丒攧攦偁傝丗B00175-001065
捓椏DOWN38.5枩佀36.85枩丂2025.12.4佀35.2枩丂2026.2.20佀36.85枩 2026.3.16

埬撪埲奜偺暔妋偼晄壜",6520812
憅屔,R00175-015513,,,,嬻,傾乕僇僀僽(惉栺),柍,6429500,,1奒,2005擭01寧,暫屔導惣媨巗柭旜昹3挌栚偺戄憅屔亂1169捸亃,,暫屔導惣媨巗柭旜昹俁挌栚7-6,,,3.00,1.00,,,,9492.03,3866.94,1169.74,5497,2026/05/08,"2026/05/08 15:35","2026/07/23 14:29",愭暔(拠夘),,姅幃夛幮俀倂俬俶,-,"=""06-6809-2525""",,,6638142
憅屔,R00175-015488,,,,嬻,傾乕僇僀僽(惉栺),柍,352000,,1奒,2026擭03寧,暫屔導恄屗巗搶撳嬫屼塭杮挰7挌栚偺戄憅屔亂20捸亃,,暫屔導恄屗巗搶撳嬫屼塭杮挰俈挌栚1-21,,,,3.00,1.00,,,,67.16,20.31,17327,2026/05/25,"2026/04/21 13:35","2026/07/23 14:23",愭暔(拠夘),,乮姅乯僂僢僪儚乕僋儂乕儉,-,"=""078-854-5515""",嬻桳,,6580046
憅屔,R00175-015135,,,,嫃廧拞,岞奐壜,柍,660000,,奒,1990擭09寧,暫屔導恄嶈孲巗愳挰墱偺戄憅屔亂206捸亃,,暫屔導恄嶈孲巗愳挰墱891-21,,,,1.00,1.00,,,1200.00,681.00,206,3204,2026/07/23,"2025/11/11 13:17","2026/07/23 14:12",愭暔(拠夘),,旘捁搚抧姅幃夛幮,-,"=""079-294-8091""",,丒廧強丗墱891-21-3丂丂2026.7.23丂摨偠晘抧偵3偮寶暔偁傝丄R00175-015136傕曞廤拞丅傕偆1偮偼僆乕僫乕巊梡拞丅,6792325
憅屔,R00175-015136,,,,巊梡拞,岞奐壜,柍,412500,,1奒,1979擭06寧,暫屔導恄嶈孲巗愳挰墱偺戄憅屔亂160捸亃,,暫屔導恄嶈孲巗愳挰墱891-3,,,,1.00,1.00,,,800.00,530.50,160.47,2571,2026/07/23,"2025/11/11 13:25","2026/07/23 14:09",愭暔(拠夘),,旘捁搚抧姅幃夛幮,-,"=""079-294-8091""",,2026.7.23丂悈夞傝側偟丅忢挀偡傞応崌偼怴愝偡傞昁梫偁傝丅摨偠晘抧偵3偮寶暔偑偁傝R00175-015135(66枩墌)傕曞廤拞丅傕偆1偮偼僆乕僫乕巊梡拞丅,6792325
岺応,R00175-015551,,,,嬻,傾乕僇僀僽(惉栺),柍,500000,,奒,1969擭06寧,暫屔導擈嶈巗師壆3挌栚偺戄岺応亂79捸亃,,暫屔導擈嶈巗師壆俁挌栚8-19,,,6.00,,,2.00,,,263.71,79.77,6268,2026/05/19,"2026/05/19 15:06","2026/07/23 14:00",愭暔(拠夘),,姅幃夛幮拞晲晄摦嶻,拞惣,"=""06-6433-1100""",,,6610965
憅屔,R00175-015480,,,,嬻,岞奐壜,柍,1430000,,奒,1998擭03寧,堬栘巗朙愳係挌栚偺戄憅屔亂327捸亃,,戝嶃晎堬栘巗朙愳係挌栚2-8,,,,,9900000,,,,1082.73,327.52,4367,2026/07/23,"2026/04/17 10:34","2026/07/23 13:37",愭暔(拠夘),,榓揷嶻嬈姅幃夛幮,徏壓,"=""072-654-0181""",嬻桳,2026.7.23暔妋丂165枩佀143枩乮惻崬乯,5670057
憅屔,R00175-015254,,,,嬻,傾乕僇僀僽(惉栺),柍,330000,,1奒,1982擭06寧,嫗搒晎塅帯巗埳惃揷挰嵒揷偺戄憅屔亂50捸亃,,嫗搒晎塅帯巗埳惃揷挰嵒揷147-2,,,3.00,1.00,,,1.00,300.00,167.00,50.51,6533,2026/07/06,"2026/01/07 12:02","2026/07/22 12:00",愭暔(拠夘),,揷拞廧尋乮姅乯,-,"=""0774-43-0001""",嬻桳,"彜択拞俀斣庤埬撪晄壜丂2026.7.22

2026.5.26丂惉栺佀暅妶

2026.3.13丂彜択拞(2斣庤晄壜)

丒1嬫夋戄偟",6110043
揦曑帠柋強(寶暔堦妵),R00175-015560,,,,,岞奐壜,柍,1430000,,2奒,1985擭11寧,栧恀巗枛峀挰偺戄揦曑帠柋強亂143捸亃,,戝嶃晎栧恀巗枛峀挰7-8,,,6.00,3.30,,,,,473.00,143.08,9995,2026/07/24,"2026/05/25 10:06","2026/07/22 09:43",帺幮,堦斒攠夘,姅幃夛幮僙儞僠儏儕乕僟僀僜乕,椡愇,"=""06-6136-0555""",嬻桳,,5710030
憅屔,R00175-015664,,,,寶抸拞,岞奐壜,柍,0,,奒,2027擭04寧,亂撉攧憅屔徏尨亃徏尨巗嶰戭惣俈挌栚偺戄憅屔亂187捸亃,,戝嶃晎徏尨巗嶰戭惣俈挌栚2119,,,6.00,,,,,,621.26,187.93,,2026/07/01,"2026/07/01 10:01","2026/07/22 09:24",帺幮,堦斒攠夘,姅幃夛幮僙儞僠儏儕乕僟僀僜乕,拞愳,"=""06-6136-0555""",嬻桳,,5800045
帠柋強(寶暔堦妵),R00175-015711,,,,巊梡拞,曐棷,柍,3150000,,奒,1968擭08寧,戝嶃巗搶梽愳嬫悙岝俀挌栚偺戄憅屔亂909捸亃,,戝嶃晎戝嶃巗搶梽愳嬫悙岝俀挌栚13-31,,,,1.00,3.00,,,629.41,3006.00,909.31,3465,2026/07/14,"2026/07/22 09:19","2026/07/22 09:20",帺幮,堦斒攠夘,姅幃夛幮僙儞僠儏儕乕僟僀僜乕,曱嶳,"=""06-6136-0555""",嬻桳,,5330005
憅屔,R00175-015704,,,,巊梡拞,曐棷,柍,550000,,3奒,1968擭08寧,戝嶃巗搶梽愳嬫悙岝俀挌栚偺戄憅屔亂147捸亃,,戝嶃晎戝嶃巗搶梽愳嬫悙岝俀挌栚13-31,,,,1.00,3.00,,,629.41,487.19,147.37,3732,2026/07/14,"2026/07/14 17:24","2026/07/22 09:12",帺幮,堦斒攠夘,姅幃夛幮僙儞僠儏儕乕僟僀僜乕,曱嶳,"=""06-6136-0555""",嬻桳,,5330005
憅屔,R00175-015703,,,,巊梡拞,曐棷,柍,3150000,,奒,1968擭08寧,戝嶃巗搶梽愳嬫悙岝俀挌栚偺戄憅屔亂909捸亃,,戝嶃晎戝嶃巗搶梽愳嬫悙岝俀挌栚13-31,,,,1.00,3.00,,,629.41,3006.00,909.31,3465,2026/07/14,"2026/07/14 14:00","2026/07/22 09:09",帺幮,堦斒攠夘,姅幃夛幮僙儞僠儏儕乕僟僀僜乕,曱嶳,"=""06-6136-0555""",嬻桳,,5330005
憅屔,R00175-015683,,,,嬻,岞奐壜,柍,4500000,,奒,1997擭01寧,嶄巗拞嬫栄寠挰偺戄憅屔亂1374捸亃,,戝嶃晎嶄巗拞嬫栄寠挰73-3,,,3.00,1.00,,1.00,,2702.33,4544.47,1374.7,3274,2026/07/21,"2026/07/06 11:42","2026/07/21 16:49",愭暔(拠夘),,俫俿儕僼僅乮姅乯,-,"=""06-6940-4050""",,"2026.7.21丂捓椏DOWN
517枩墌仺450枩墌
",5998266
憅屔,R00175-015633,,,,嬻,岞奐壜,柍,550000,,奒,1990擭07寧,愛捗巗捁帞惣3挌栚偺戄憅屔亂177捸亃,,戝嶃晎愛捗巗捁帞惣俁挌栚2-8,,,,,3.00,1.00,,714.81,585.50,177.11,3106,2026/06/22,"2026/06/22 11:10","2026/07/21 09:59",愭暔(拠夘),,姅幃夛幮庒憪僴僂僗,-,"=""072-678-6676""",嬻桳,,5660072
憅屔,R00175-015258,,,,嬻,傾乕僇僀僽(惉栺),柍,792000,,奒,1984擭11寧,嫗搒晎嫗搒巗暁尒嬫怺憪惣塝挰2挌栚偺戄憅屔亂120捸亃,,嫗搒晎嫗搒巗暁尒嬫怺憪惣塝挰俀挌栚82,,,3.00,,,,990000,,396.90,120.06,6597,2026/07/21,"2026/01/07 14:05","2026/07/21 09:20",愭暔(拠夘),,僨傿儔儞僪嶳嫗儕乕僗乮姅乯,-,"=""0774-20-5115""",嬻桳,"2026丏4.14丂晘嬥DOWN佀6偐寧偐傜3偐寧

捓椏DOWN99枩佀79.20枩丂2026.2.6",6120029
戄抧,R00175-015665,,,,峏抧,岞奐壜,柍,330000,,奒,-,怮壆愳巗恗榓帥杮挰4挌栚偺戄抧亂149捸亃,,戝嶃晎怮壆愳巗恗榓帥杮挰係挌栚11-27,,,,,3.00,1.00,,495.80,,149.97,2201,2026/08/04,"2026/07/01 10:47","2026/07/17 17:36",愭暔(拠夘),,姅幃夛幮僐僗儌晄摦嶻忣曬丂搶戝嶃巟揦,-,"=""06-6748-7110""",,,5720076
戄抧,R00175-015669,,,,峏抧,岞奐壜,柍,440000,,奒,-,戝嶃巗忛搶嬫搶拞昹3挌栚偺戄抧亂125捸亃,,戝嶃晎戝嶃巗忛搶嬫搶拞昹俁挌栚1-7,,,,,6.00,1.00,,415.01,,125.54,3505,2026/08/04,"2026/07/01 11:51","2026/07/17 17:30",愭暔(拠夘),,姅幃夛幮僐僗儌晄摦嶻忣曬丂搶戝嶃巟揦,-,"=""06-6748-7110""",,,5360023
戄抧,R00175-015666,,,,峏抧,岞奐壜,柍,540000,,奒,-,敧旜巗戝抾3挌栚偺戄抧亂359捸亃,,戝嶃晎敧旜巗戝抾俁挌栚200,,,,4.00,4.00,,,1189.00,,359.67,1502,2026/07/01,"2026/07/01 10:55","2026/07/17 17:23",愭暔(拠夘),,乮姅乯儕儞僋,慜揷梞曘,"=""090-1719-9102""",,丒応強丗僌乕僌儖儅僢僾偱偼丄戝抾1挌栚46乮僼僅乕僥傿儚儞乯偺摴楬嫴傫偱搶懁,5810854
憅屔,R00175-015310,,,,嬻,岞奐壜,柍,189970,,奒,2026擭01寧,堬栘巗彲侾挌栚偺戄憅屔亂24捸亃,,戝嶃晎堬栘巗彲侾挌栚8-31,,5500,,3.00,,,,,80.17,24.25,7834,2026/07/17,"2026/02/04 12:37","2026/07/17 16:21",帺幮,堦斒攠夘,姅幃夛幮僙儞僠儏儕乕僟僀僜乕,孠嶳,"=""06-6136-0555""",嬤桳,,5670806
憅屔,R00175-015309,,,,嬻,岞奐壜,柍,189970,,奒,2026擭01寧,堬栘巗彲侾挌栚偺戄憅屔亂24捸亃,,戝嶃晎堬栘巗彲侾挌栚8-31,,5500,,3.00,,,,,80.17,24.25,7834,2026/07/02,"2026/02/04 12:08","2026/07/17 16:21",帺幮,堦斒攠夘,姅幃夛幮僙儞僠儏儕乕僟僀僜乕,孠嶳,"=""06-6136-0555""",嬤桳,,5670806
憅屔,R00175-015311,,,,嬻,傾乕僇僀僽(惉栺),柍,319000,,奒,2026擭01寧,堬栘巗彲侾挌栚偺戄憅屔亂29捸亃,,戝嶃晎堬栘巗彲侾挌栚8-31,,5500,,3.00,,,,,96.06,29.05,10978,2026/07/02,"2026/02/04 12:41","2026/07/17 16:20",帺幮,堦斒攠夘,姅幃夛幮僙儞僠儏儕乕僟僀僜乕,孠嶳,"=""06-6136-0555""",嬻桳,,5670806
岺応,R00175-014658,,,,嬻,岞奐壜,柍,495000,,奒,1982擭03寧,戝搶巗暯栰壆2挌栚偺戄岺応亂129捸亃,,戝嶃晎戝搶巗暯栰壆俀挌栚9-5,,,,1386000,6.00,,,264.53,428.10,129.5,3823,2026/07/17,"2025/04/22 14:53","2026/07/17 15:56",愭暔(拠夘),,懢峿栘壓寶愝姅幃夛幮,-,"=""06-4309-1111""",,"2026.7.17捓椏曄峏570,000 墌仺495,000墌

惉栺佀暅妶2026.2.5",5740022
憅屔,R00175-015554,,,,,傾乕僇僀僽(惉栺),柍,1540000,,奒,2026擭10寧,悂揷巗朙捗挰偺戄憅屔亂118捸亃,,戝嶃晎悂揷巗朙捗挰12-8,,,4.00,2.00,,,,241.38,392.54,118.74,12970,2026/05/21,"2026/05/20 11:34","2026/07/17 15:52",愭暔(拠夘),,姅幃夛幮僗儁乕僗丒儕乕僟乕,-,"=""06-6310-7510""",嬻桳,仸怴抸偺堊丄応強偼惓妋偱偼偁傝傑偣傫丅妋擣偍婅偄偟傑偡丅,5640051
憅屔,R00175-015570,,,,,傾乕僇僀僽(惉栺),柍,378400,,1奒,-,徏尨巗暿強3挌栚偺戄憅屔亂42捸亃,,戝嶃晎徏尨巗暿強俁挌栚2-21,,,1.00,1.00,,,,,142.00,42.95,8810,2026/07/17,"2026/05/28 13:36","2026/07/17 15:51",愭暔(拠夘),,乮桳乯嶰塰,-,"=""072-953-7427""",,,5800005
岺応,R00175-014651,,,,嬻,傾乕僇僀僽(惉栺),柍,1320000,,奒,1978擭10寧,搶戝嶃巗壛擺4挌栚偺戄岺応亂246捸亃,,戝嶃晎搶戝嶃巗壛擺係挌栚13-41,,,,,3600000,,,719.39,814.60,246.41,5357,2026/05/29,"2025/04/18 13:32","2026/07/17 15:49",愭暔(拠夘),,姅幃夛幮斅憅晄摦嶻,-,"=""072-965-0505""",嬻桳,"2026.5.20 忦審曄峏
捓椏176枩墌仺132枩墌
曐徹嬥480枩墌仺360枩墌
夝栺堷264枩墌仺198枩墌",5780901
憅屔,R00175-015529,,,,嬻,傾乕僇僀僽(惉栺),柍,350000,,奒,1981擭10寧,愹嵅栰巗壓姠壆偺戄憅屔亂181捸亃,,戝嶃晎愹嵅栰巗壓姠壆190-1,,,,,2.00,,,,599.95,181.48,1929,2026/07/17,"2026/05/12 13:29","2026/07/17 15:48",愭暔(拠夘),,僙儞僠儏儕乕俀侾丂偊傃偡晄摦嶻,-,"=""072-437-1521""",嬻桳,,5980062
戄抧,R00175-015421,,,,峏抧,傾乕僇僀僽(惉栺),柍,350000,,奒,-,娸榓揷巗摗堜挰3挌栚偺戄抧亂298捸亃,,戝嶃晎娸榓揷巗摗堜挰俁挌栚2,,,3.00,,,,,987.82,,298.81,1172,2026/07/17,"2026/03/25 09:55","2026/07/17 15:47",愭暔(拠夘),,僞僇僙晄摦嶻乮姅乯愹嵅栰揦,-,"=""072-464-4366""",,丒A嬫夋,5960046
揦曑帠柋強(寶暔堦妵),R00175-015263,,,,嬻,傾乕僇僀僽(惉栺),柍,502920,,1奒,2002擭09寧,戝嶃巗搶廧媑嬫揷曈2挌栚偺戄揦曑丒帠柋強亂45捸亃,,戝嶃晎戝嶃巗搶廧媑嬫揷曈俀挌栚11-33,,,6.00,502920,,,,,151.17,45.72,10998,2026/05/07,"2026/01/13 10:52","2026/07/17 15:46",愭暔(拠夘),,廧桭晄摦嶻僗僥僢僾姅幃夛幮丂?嶃杮挰捓戄僙儞僞乕,-,"=""050-3112-8260""",嬻桳,,5460031
揦曑帠柋強(寶暔堦晹),R00175-014864,,,,嬻,岞奐壜,柍,330000,,1奒,1989擭10寧,搶戝嶃巗懌戙怴挰偺戄揦曑丒帠柋強亂49捸亃,,戝嶃晎搶戝嶃巗懌戙怴挰13-23,,,2.00,1.00,,,,,163.98,49.6,6653,2026/07/17,"2025/07/04 13:17","2026/07/17 15:45",愭暔(拠夘),,扖枻晄摦嶻乮姅乯,-,"=""090-9888-8897""",嬤桳,"2026.7.17丂
彜択拞仺2斣庤曞廤壜

2025丆9丆16仺帒椏偼惻敳偒昞帵偵側偭偰偄傞
惻崬傒偱33枩墌丅",5770057
憅屔,R00175-014931,,,,嬻,傾乕僇僀僽(惉栺),柍,550000,,奒,1987擭12寧,戝嶃巗惣惉嬫拞奐3挌栚偺戄憅屔亂64捸亃,,戝嶃晎戝嶃巗惣惉嬫拞奐俁挌栚5-21,,,4.00,1.00,,,,297.64,214.60,64.91,8473,2026/07/17,"2025/08/05 13:27","2026/07/17 15:41",愭暔(拠夘),,乮姅乯惣捯岺柋揦,-,"=""0725-40-2345""",嬻桳,惉栺佀暅妶丂2025.11.26,5570022
憅屔,R00175-014601,,,,嬻,傾乕僇僀僽(惉栺),柍,880000,,奒,1974擭06寧,撿壨撪孲壨撿挰戝帤堦恵夑偺戄岺応亂100捸亃,,戝嶃晎撿壨撪孲壨撿挰戝帤堦恵夑476-1,,,,,6.00,,,914.15,333.15,100.77,8733,2026/07/17,"2025/03/25 14:03","2026/07/17 15:40",愭暔(拠夘),,僯儏乕僶儗乕儂乕儖僨傿儞僌僗姅幃夛幮,-,"=""0721-23-1137""",嬻桳,丒応強丗僌乕僌儖儅僢僾偱偼丄堦恵夑476-3,5850002
憅屔,R00175-015565,,,,嬻,岞奐壜,柍,1210000,,奒,1990擭06寧,搶戝嶃巗崱暷2挌栚偺戄憅屔亂108捸亃,,戝嶃晎搶戝嶃巗崱暷俀挌栚6-34,,,,2.00,2.00,,,363.92,358.97,108.58,11143,2026/07/17,"2026/05/28 11:59","2026/07/17 15:39",愭暔(拠夘),,僴僂僗僐儗僋僔儑儞,-,"=""072-915-8887""",,"2026.7.17
丒捓椏丗132枩墌仺121枩墌

丒1-2奒晹暘",5780903
岺応,R00175-015423,,,,,傾乕僇僀僽(惉栺),柍,550000,,奒,1991擭02寧,愹撿巗怣払嬥孎帥偺戄岺応亂261捸亃,,戝嶃晎愹撿巗怣払嬥孎帥466-1,,,,3.00,,,,,863.95,261.34,2105,2026/05/15,"2026/03/25 10:35","2026/07/17 15:37",愭暔(拠夘),,嵶嶳彜帠姅幃夛幮,-,"=""0744-22-0055""",,"2026.5.15
捓椏UP丂33枩仺55枩
宊栺婜娫丂10擭仺5擭",5900514
戄抧,R00175-013937,,,,,傾乕僇僀僽(惉栺),柍,660000,,奒,-,塇塯栰巗宐変擵憫6挌栚偺戄抧亂298捸亃,,戝嶃晎塇塯栰巗宐変擵憫俇挌栚1(101),10000,,,2.00,1.00,,,985.93,,298.24,2213,2026/07/17,"2024/04/18 13:06","2026/07/17 15:37",愭暔(拠夘),,壴愳廧寶,壴愳丗090-1029-9331,"=""072-944-1111""",,"2025.12.16
丒捓椏丗74.8枩墌仺66枩墌",5830886
岺応,R00175-015517,,,,,傾乕僇僀僽(惉栺),柍,352000,,1奒,1989擭03寧,庣岥巗帥曽嬔捠4挌栚偺戄岺応亂48捸亃,,戝嶃晎庣岥巗帥曽嬔捠係挌栚8-16,,,3.00,3.00,,,,,161.92,48.98,7187,2026/05/11,"2026/05/11 12:01","2026/07/17 15:34",愭暔(拠夘),,姅幃夛幮娵惣晄摦嶻,-,"=""06-6911-7597""",嬻桳,丒102,5700042
憅屔,R00175-014017,,,,嬻,岞奐壜,柍,280000,,奒,2000擭07寧,戝嶃巗忛搶嬫惉堢4挌栚偺戄憅屔亂38捸亃,,戝嶃晎戝嶃巗忛搶嬫惉堢係挌栚13-33,,,,,3500000,,,,128.30,38.81,7215,2026/07/17,"2024/06/07 12:59","2026/07/17 15:33",愭暔(拠夘),,乮姅乯僼傽儈儕乕儂乕儉丂僥僫儞僩僔儑僢僾愮椦,-,"=""06-6167-6639""",嬻桳,"2026.7.17
丒捓椏丗28枩墌仺27.5枩墌

捓椏曄峏丂35枩仺28枩",5360007
憅屔,R00175-013797,,,,嬻,傾乕僇僀僽(惉栺),柍,385000,,奒,2016擭02寧,娸榓揷巗峳栘挰2挌栚偺戄憅屔亂30捸亃,,戝嶃晎娸榓揷巗峳栘挰俀挌栚19,,,,200000,300000,,,291.10,99.75,30.17,12760,2026/05/07,"2024/02/26 11:05","2026/07/17 15:33",愭暔(拠夘),,姅幃夛幮嶰垽,-,"=""072-484-1355""",嬻桳,"2025.7.29丂惉栺仺暅妶

2024.5寧枛戅嫀梊掕仺埲崀撪棗摍壜擻

2025丒11寧枛戅嫀梊掕丅",5960004
憅屔,R00175-015352,,,,嬻,傾乕僇僀僽(惉栺),柍,440000,,1奒,-,岎栰巗巹巗4挌栚偺戄憅屔亂95捸亃,,戝嶃晎岎栰巗巹巗係挌栚45-6,,5500,,,,,,,314.50,95.13,4625,2026/07/17,"2026/02/19 14:06","2026/07/17 15:32",愭暔(拠夘),,姅幃夛幮儅僓乕僄僗僥乕僩,-,"=""06-6991-8646""",,丒B-2乣5,5760033
戄抧,R00175-015278,,,,峏抧,傾乕僇僀僽(惉栺),柍,380000,,奒,-,堬栘巗惣懢揷挰偺戄抧亂199捸亃,,戝嶃晎堬栘巗惣懢揷挰887-1,,,760000,380000,,,22000,661.00,,199.95,1901,2026/07/17,"2026/01/16 13:24","2026/07/17 15:25",愭暔(拠夘),,嵶揷彜帠乮姅乯,-,"=""072-635-8431""",,"丒応強丗僌乕僌儖儅僢僾偱偼惣懢揷挰30-18
2026.5.11 戝宆幵偼枅擭寈嶡偵捠峴嫋壜彂偺怽惪偑昁梫丅寛傑偭偨幵椉偟偐捠峴偱偒側偄乮晛捠幵偼壜乯
丂丂丂丂丂丂廧戭抧偱丄廧恖埲奜偑捠傞傛偆側堦斒摴楬偱偼側偄",5670015
揦曑帠柋強(寶暔堦妵),R00175-015361,,,,巊梡拞,傾乕僇僀僽(惉栺),柍,880000,,奒,1961擭11寧,嶄巗嶄嬫堦忦捠偺戄揦曑丒帠柋強亂97捸亃,,戝嶃晎嶄巗嶄嬫堦忦捠17-29,,,4800000,,,2400000,,,322.01,97.4,9035,2026/07/17,"2026/02/26 11:49","2026/07/17 15:22",愭暔(拠夘),,乮姅乯榓偔傜偡,-,"=""072-275-9306""",嬻桳,"2026.5.8
侾丏俀奒偼怽偟崬傒偁傝
俁奒偺傒曞廤
",5900048
揦曑(寶暔堦妵),R00175-015532,,,,巊梡拞,傾乕僇僀僽(惉栺),柍,450000,,奒,1985擭01寧,愹嵅栰巗巗応惣3挌栚偺戄揦曑亂77捸亃,,戝嶃晎愹嵅栰巗巗応惣俁挌栚6-11,,,,2.00,1800000,,,,255.31,77.23,5827,2026/07/17,"2026/05/12 14:22","2026/07/17 15:21",愭暔(拠夘),,乮姅乯傒傗偙晄摦嶻婇夋,-,"=""06-4400-1334""",嬻桳,,5980006
戄抧,R00175-015545,,,,峏抧,傾乕僇僀僽(惉栺),柍,300000,,奒,-,嶄巗旤尨嬫悰惗偺戄抧亂138捸亃,,戝嶃晎嶄巗旤尨嬫悰惗903-1,,,900000,300000,,,,457.00,,138.24,2171,2026/07/17,"2026/05/19 13:34","2026/07/17 15:20",愭暔(拠夘),,乮姅乯嶳揷,-,"=""072-362-3636""",,,5870041
戄抧,R00175-015519,,,,偦偺懠,傾乕僇僀僽(惉栺),柍,495000,,奒,-,庣岥巗撿帥曽撿捠3挌栚偺戄抧亂158捸亃,,戝嶃晎庣岥巗撿帥曽撿捠俁挌栚39,,,,495000,990000,,,524.79,,158.74,3119,2026/07/17,"2026/05/11 13:18","2026/07/17 15:12",愭暔(拠夘),,LIBRAhousing,-,"=""06-6995-4822""",,,5700044
憅屔,R00175-015224,,,,,岞奐壜,柍,1320000,,奒,2026擭10寧,岎栰巗惎揷杒6挌栚偺戄憅屔亂133捸亃,,戝嶃晎岎栰巗惎揷杒俇挌栚5000,,,6.00,2.00,,,,1032.76,440.00,133.1,9918,2026/07/17,"2025/12/19 10:18","2026/07/17 14:50",愭暔(拠夘),,嶰婎寶愝乮姅乯,-,"=""06-6304-0999""",嬻桳,"丒応強丗僌乕僌儖儅僢僾偱偼丄惎揷杒6挌栚35-5乮僉儕儞摪 岎栰惎揷揦乯偺摴楬嫴傫偱惣懁",5760017
揦曑(寶暔堦妵),R00175-014879,,,,嬻,岞奐壜,柍,297000,,奒,1980擭04寧,暫屔導昉楬巗柌慜挰媨抲偺戄揦曑亂106捸亃,,暫屔導昉楬巗柌慜挰媨抲3-4,,,1.00,1.00,,,,719.68,352.34,106.58,2787,2026/07/17,"2025/07/10 11:32","2026/07/17 10:02",帺幮,堦斒攠夘,恄昉僶僗晄摦嶻乮姅乯婇夋塩嬈壽,-,"=""079-269-8270""",嬻桳,"2025.10.7丂惉栺仺暅妶
2026.7.15丂戄偟偨偄僆乕僫乕偵偰暅妶乮扴摉丗搰杮乯
丒僼儕乕儗儞僩俀儢寧壜丒擖岥庤慜彫壆庢傝夡偟僆僢働乕丄揦曑擖傝岥帺摦僪傾庢傝夡偟僆僢働乕",6712121
揦曑帠柋強(寶暔堦晹),R00175-015622,,,,嬻,岞奐壜,柍,324000,,3奒,1975擭01寧,塇塯栰巗敀捁3挌栚偺戄揦曑丒帠柋強亂38捸亃,,戝嶃晎塇塯栰巗敀捁俁挌栚16-1,,32400,,,1300000,,,,127.00,38.41,8434,2026/06/17,"2026/06/17 10:01","2026/07/17 09:33",愭暔(拠夘),,栘懞栘嵽嶻嬈乮姅乯,-,"=""072-956-8181""",嬻桳,丒3奒晹暘,5830856
岺応,R00175-015630,,,,,岞奐壜,柍,2200000,,奒,1998擭10寧,塇塯栰巗梍揷7挌栚偺戄岺応亂507捸亃,,戝嶃晎塇塯栰巗梍揷俈挌栚713-4,,,,,,,,2161.97,1677.57,507.46,4336,2026/06/19,"2026/06/19 11:02","2026/07/17 09:30",愭暔(拠夘),,姅幃夛幮僗儕乕僄僗,-,"=""06-6210-1100""",嬻桳,,5830857
揦曑(寶暔堦妵),R00175-015681,,,,巊梡拞,岞奐壜,柍,1100000,,1奒,1996擭03寧,嫗搒晎敧敠巗旤擹嶳岾悈偺戄揦曑亂117捸亃,,嫗搒晎敧敠巗旤擹嶳岾悈2-2,,,6600000,,,,,1108.80,390.00,117.97,9325,2026/08/06,"2026/07/06 11:14","2026/07/17 09:22",愭暔(拠夘),,乮姅乯擔岝儂乕儉,-,"=""06-4392-8888""",嬻桳,,6148279
憅屔,R00175-015656,,,,,岞奐壜,柍,4180000,,奒,1991擭05寧,敧旜巗榁尨9挌栚偺戄憅屔亂949捸亃,,戝嶃晎敧旜巗榁尨俋挌栚90-1,,,6.00,,,,,,3140.00,949.85,4401,2026/06/29,"2026/06/29 12:59","2026/07/17 08:59",愭暔(拠夘),,乮姅乯僒僂儞僪僾儔儞,-,"=""06-6341-5880""",,,5810092
憅屔,R00175-015645,,,,嬻,岞奐壜,柍,440000,,奒,1972擭05寧,敧旜巗敧旜栘杒1挌栚偺戄憅屔亂95捸亃,,戝嶃晎敧旜巗敧旜栘杒侾挌栚6,,,400000,440000,,,,,316.21,95.65,4600,2026/07/06,"2026/06/24 10:21","2026/07/17 08:57",愭暔(拠夘),,姅幃夛幮廧搒儂乕儉,-,"=""072-925-0188""",嬻桳,丒応強丗僌乕僌儖儅僢僾偱偼丄敧旜栘杒1挌栚5,5810016
戄抧,R00175-015547,,,,峏抧,岞奐壜,柍,360000,,奒,-,帬夑導搶嬤峕巗崱嶈挰偺戄抧亂1213捸亃,,帬夑導搶嬤峕巗崱嶈挰563-1,,,,1.00,2.00,,22000,4012.00,,1213.63,297,2026/07/14,"2026/05/19 14:02","2026/07/17 08:55",愭暔(拠夘),,僄儕僢僣敧擔巗揦丂傾乕儖傾僔僗僩乮姅乯,-,"=""0748-20-1215""",,丒応強丗僌乕僌儖儅僢僾偱偼丄崱嶈挰530-1乮姅乯儈僒儚僿僢僪偺惣懁,5270016
戄抧,R00175-015696,,,,峏抧,岞奐壜,柍,314290,,奒,-,敧旜巗悈墇3挌栚偺戄抧亂314捸亃,,戝嶃晎敧旜巗悈墇俁挌栚67-1,,,,,1885740,,,1039.00,,314.29,1000,2026/07/10,"2026/07/10 10:15","2026/07/17 08:54",愭暔(拠夘),,乮桳乯傾僀僗儖儂乕儉,-,"=""06-6730-5511""",,,5810856
戄抧,R00175-015695,,,,峏抧,岞奐壜,柍,438250,,奒,-,敧旜巗悈墇3挌栚偺戄抧亂438捸亃,,戝嶃晎敧旜巗悈墇俁挌栚66-1,,,,,2629500,,,1448.79,,438.25,1000,2026/07/10,"2026/07/10 10:15","2026/07/17 08:52",愭暔(拠夘),,乮桳乯傾僀僗儖儂乕儉,-,"=""06-6730-5511""",,丒廧強丗敧旜巗悈墇3挌栚66-1丄65-2丄67-1,5810856
揦曑帠柋強(寶暔堦妵),R00175-015653,,,,嬻,岞奐壜,柍,440000,,奒,1984擭08寧,嫗搒晎嫗搒巗嶳壢嬫屼椝拞撪挰偺戄揦曑丒帠柋強亂49捸亃,,嫗搒晎嫗搒巗嶳壢嬫屼椝拞撪挰38-65,,,,1.00,3.00,,,249.41,164.23,49.67,8857,2026/08/03,"2026/06/29 11:19","2026/07/17 08:52",愭暔(拠夘),,傑偙偲晄摦嶻,-,"=""075-495-3464""",嬻桳,,6078414
憅屔,R00175-015684,,,,嬻,岞奐壜,柍,500000,,奒,1979擭07寧,戝嶃巗暯栰嬫壛旤撿5挌栚偺戄憅屔亂189捸亃,,戝嶃晎戝嶃巗暯栰嬫壛旤撿俆挌栚10-6,,,2.00,2.00,,,,,626.50,189.51,2639,2026/07/06,"2026/07/06 13:05","2026/07/17 08:50",愭暔(拠夘),,嶰宐彜帠,-,"=""072-992-5678""",嬻桳,,5470003
戄抧,R00175-015640,,,,屆壠晅,岞奐壜,桳,300000,,奒,-,崅捨巗惉崌偺戄抧亂85捸亃,,戝嶃晎崅捨巗戝帤惉崌411-31,,,,3.00,,,,280.99,,84.99,3530,2026/06/23,"2026/06/23 13:59","2026/07/16 17:48",愭暔(拠夘),,倣倝値倕乮姅乯倱倳倣倧倛倧倳倱倕嶃媫堬栘揦,-,"=""072-652-2716""",,仸僱僢僩宖嵹晄壜,5691012
揦曑(寶暔堦妵),R00175-015701,,,,嬻,岞奐壜,柍,825000,,奒,1997擭06寧,崅捨巗壓揷晹挰1挌栚偺戄揦曑亂114捸亃,,戝嶃晎崅捨巗壓揷晹挰侾挌栚3-30,,,4.00,2.00,,,,404.56,379.76,114.87,7182,2026/07/14,"2026/07/14 11:34","2026/07/16 17:35",愭暔(拠夘),,惔婲寶愝姅幃夛幮,-,"=""072-981-4912""",嬻桳,,5690062
憅屔,R00175-015707,,,,巊梡拞,岞奐壜,柍,1580000,,奒,1970擭02寧,戝嶃巗惗栰嬫扚撿5挌栚偺戄憅屔亂313捸亃,,戝嶃晎戝嶃巗惗栰嬫扚撿俆挌栚12-29,,,3.00,1.00,,,,607.47,1036.98,313.68,5037,2026/07/16,"2026/07/16 10:51","2026/07/16 17:32",愭暔(拠夘),,姅幃夛幮僐僗儌晄摦嶻忣曬丂搶戝嶃巟揦,怷壓丗090-4493-8570,"=""06-6748-7110""",,仸峀崘晄壜,5440015
憅屔,R00175-014647,,,,巊梡拞,岞奐壜,柍,880000,,奒,1975擭04寧,戝嶃巗惗栰嬫扚杒1挌栚偺戄憅屔亂172捸亃,,戝嶃晎戝嶃巗惗栰嬫扚杒侾挌栚30-41,,,2640000,1760000,,,,329.10,571.82,172.97,5088,2026/07/16,"2025/04/17 12:03","2026/07/16 17:28",愭暔(拠夘),,姅幃夛幮僴僂僗僾儘僨儏乕僒乕廧傑偄,-,"=""06-6791-7777""",嬻桳,,5440004
戄抧,R00175-014454,,,,峏抧,岞奐壜,柍,308000,,奒,-,嫗搒晎敧敠巗壓撧椙撧椙尦偺戄抧亂259捸亃,,嫗搒晎敧敠巗壓撧椙撧椙尦10,,,,,3.00,,,859.00,,259.84,1186,2026/07/16,"2025/01/14 11:48","2026/07/16 17:23",愭暔(拠夘),,娵旽搒巗奐敪姅幃夛幮,-,"=""06-6232-8611""",,,6148144
憅屔,R00175-015584,,,,嬻,岞奐壜,柍,605000,,奒,1987擭09寧,愹嵅栰巗挿戧偺戄憅屔亂252捸亃,,戝嶃晎愹嵅栰巗挿戧3441,,,,,1650000,550000,,991.00,835.78,252.82,2393,2026/07/16,"2026/06/04 11:04","2026/07/16 17:15",愭暔(拠夘),,姅幃夛幮僒儞僕儈傾乕僲,-,"=""072-452-9680""",,"-
",5980034
憅屔,R00175-015165,,,,,傾乕僇僀僽(惉栺),柍,380000,,奒,1983擭01寧,搶戝嶃巗挿揷搶4挌栚偺戄憅屔亂79捸亃,,戝嶃晎搶戝嶃巗挿揷搶係挌栚2-9,,,4.00,2.00,,,,165.49,263.78,79.79,4763,2026/06/11,"2025/11/21 13:15","2026/07/16 15:10",愭暔(拠夘),,姅幃夛幮僩僠僞僥價儖僨傿儞僌,-,"=""06-6975-7780""",,"2026.6.10
丒捓椏丗39枩墌仺38枩墌

2026.5.12
丒捓椏丗450000墌仺390000墌


2026.2.17
丒捓椏丗48枩墌仺45枩墌",5770012
憅屔,R00175-015699,,,,巊梡拞,岞奐壜,柍,385000,,奒,1995擭11寧,戝嶃巗拞墰嬫忋挰1挌栚偺戄憅屔亂36捸亃,,戝嶃晎戝嶃巗拞墰嬫忋挰侾挌栚27-13,,,,,3.00,,,,120.00,36.3,10607,2026/07/13,"2026/07/13 10:35","2026/07/16 09:33",愭暔(拠夘),,REALize姅幃夛幮,-,"=""06-6147-6471""",,,5400005
憅屔,R00175-015700,,,,嬻,岞奐壜,柍,550000,,1奒,1984擭03寧,暫屔導惣榚巗榓揷挰偺戄憅屔亂308捸亃,,暫屔導惣榚巗榓揷挰836-1,,,1.00,2.00,,,,,1019.39,308.36,1784,2026/07/24,"2026/07/13 10:43","2026/07/16 09:33",愭暔(拠夘),,僞僇僙晄摦嶻(姅)丂壛惣揦,-,"=""0790-43-7330""",嬻桳,,6770052
憅屔,R00175-015626,,,,嬻,傾乕僇僀僽(惉栺),柍,330000,,1奒,2010擭10寧,愹戝捗巗斅尨挰1挌栚偺戄憅屔亂101捸亃,,戝嶃晎愹戝捗巗斅尨挰侾挌栚12-19,,,6.00,,,3.00,,,335.20,101.39,3255,2026/07/16,"2026/06/19 10:00","2026/07/16 09:16",愭暔(拠夘),,乮姅乯俽俵俙俼俻倀俤,-,"=""072-245-9237""",嬻桳,丒B嬫夋,5950033
憅屔,R00175-015690,,,,,岞奐壜,柍,400000,,奒,1992擭01寧,戝嶃巗搶惉嬫戝崱棦1挌栚偺戄憅屔亂59捸亃,,戝嶃晎戝嶃巗搶惉嬫戝崱棦侾挌栚23-20,,,3.00,2.00,,,,,195.60,59.16,6761,2026/07/08,"2026/07/08 09:58","2026/07/16 08:59",愭暔(拠夘),,姅幃夛幮僩僠僞僥價儖僨傿儞僌,戝惣丗090-9680-7005,"=""06-6975-7780""",嬻桳,丒1-2奒晹暘,5370012
憅屔,R00175-015662,,,,,岞奐壜,柍,1320000,,奒,1977擭10寧,搶戝嶃巗庒峕杒挰1挌栚偺戄憅屔亂178捸亃,,戝嶃晎搶戝嶃巗庒峕杒挰侾挌栚15-28,,,6.00,6.00,,,,697.51,589.33,178.27,7405,2026/06/30,"2026/06/30 13:36","2026/07/16 08:56",愭暔(拠夘),,乮姅乯儖儔僔僆儞僘,-,"=""072-234-1880""",嬻桳,,5780945
憅屔,R00175-015691,,,,嬻,岞奐壜,柍,660000,,1奒,1983擭10寧,搶戝嶃巗幍尙壠偺戄憅屔亂99捸亃,,戝嶃晎搶戝嶃巗幍尙壠5-6,,,,,3.00,2.00,,,330.00,99.82,6612,2026/07/08,"2026/07/08 10:29","2026/07/16 08:55",愭暔(拠夘),,乮姅乯僱僋僗僩丒傾僋僔僗,-,"=""06-6746-0801""",,,5770005
憅屔,R00175-015668,,,,嬻,岞奐壜,柍,308000,,奒,1992擭09寧,搶戝嶃巗挿悾挰1挌栚偺戄憅屔亂40捸亃,,戝嶃晎搶戝嶃巗挿悾挰侾挌栚2-23,,,3.00,2.00,,,,141.42,135.39,40.95,7521,2026/08/03,"2026/07/01 11:38","2026/07/16 08:52",愭暔(拠夘),,姅幃夛幮僩僠僞僥價儖僨傿儞僌,-,"=""06-6975-7780""",,,5770832
憅屔,R00175-015677,,,,巊梡拞,岞奐壜,柍,4400000,,奒,1984擭05寧,戝搶巗怴揷杒挰偺戄憅屔亂1245捸亃,,戝嶃晎戝搶巗怴揷杒挰5-43,,,32000000,8800000,,,,1778.27,4117.05,1245.4,3533,2026/07/06,"2026/07/03 11:34","2026/07/15 18:40",愭暔(拠夘),,乮姅乯僀儅僗,栤崌偣丗06-6233-8282,"=""06-6209-7100""",嬻桳,丒栤崌偣丗06-6233-8282,5740052
憅屔,R00175-015648,,,,嬻,岞奐壜,柍,15800000,,奒,2005擭06寧,愹嵅栰巗傝傫偔偆墲棃杒偺戄憅屔亂1443捸亃,,戝嶃晎愹嵅栰巗傝傫偔偆墲棃杒2-9,,,,1.00,6.00,,,,4771.37,1443.33,10947,2026/08/03,"2026/06/26 11:02","2026/07/15 15:42",愭暔(拠夘),,乮姅乯俙俻倀俙丂俼俤俽俷俼俿,-,"=""042-646-0017""",嬻桳,"2026.7.15 捓椏DOWN
3080枩墌仺1580枩墌

丒攧攦偁傝丗B00175-001007",5980048
憅屔,R00175-015687,,,,,岞奐壜,柍,825000,,奒,1991擭06寧,敧旜巗惣媩嶍1挌栚偺戄憅屔亂90捸亃,,戝嶃晎敧旜巗惣媩嶍侾挌栚11-1,,,3.00,1.00,,1.00,,507.00,297.74,90.06,9160,2026/07/07,"2026/07/07 11:06","2026/07/15 09:33",愭暔(拠夘),,乮姅乯晉巑僄僋僙儖儂乕儉丂徏尨巟揦,-,"=""072-334-2244""",嬻桳,,5810035
岺応,R00175-015639,,,,巊梡拞,岞奐壜,柍,605000,,奒,1974擭10寧,戝嶃巗暯栰嬫壛旤杒7挌栚偺戄岺応亂99捸亃,,戝嶃晎戝嶃巗暯栰嬫壛旤杒俈挌栚8-7,,,,3.00,,,,,329.84,99.77,6064,2026/06/23,"2026/06/23 13:48","2026/07/15 09:19",愭暔(拠夘),,晉巑嫽嶻乮姅乯,-,"=""06-6793-2333""",柍,,5470001
戄抧,R00175-015568,,,,峏抧,岞奐壜,柍,363000,,奒,-,搶戝嶃巗旽峕2挌栚偺戄抧亂132捸亃,,戝嶃晎搶戝嶃巗旽峕俀挌栚13,,,1.00,1.00,,,,436.50,,132.04,2750,2026/07/14,"2026/05/28 13:12","2026/07/14 17:48",愭暔(拠夘),,乮姅乯僉儞僌儂乕儉,-,"=""06-6783-7776""",,丒応強丗僌乕僌儖儅僢僾偱偼丄旽峕2挌栚12-5偺摴楬嫴傫偱惣懁,5780984
戄抧,R00175-014989,,,,峏抧,傾乕僇僀僽(惉栺),柍,450000,,奒,-,嫗搒晎嫗搒巗暁尒嬫媣変惣弌挰偺戄抧亂254捸亃,,嫗搒晎嫗搒巗暁尒嬫媣変惣弌挰13-8,,,,,3.00,,,841.67,,254.6,1768,2026/05/21,"2025/09/08 11:29","2026/07/14 17:08",愭暔(拠夘),,乮姅乯俰俹俢,壛摗,"=""075-951-3333""",,丒B崋抧,6128496
揦曑帠柋強(寶暔堦妵),R00175-015562,,,,嬻,傾乕僇僀僽(惉栺),柍,660000,,奒,1999擭01寧,嫗搒晎嫗搒巗杒嬫巼抾忋杮挰偺戄揦曑丒帠柋強亂86捸亃,,嫗搒晎嫗搒巗杒嬫巼抾忋杮挰12,,,,,12.00,,,,284.37,86.02,7673,2026/05/26,"2026/05/26 11:47","2026/07/14 17:05",愭暔(拠夘),,俙倝値倎乮姅乯,-,"=""075-494-0707""",嬻桳,,6038116
帠柋強(寶暔堦妵),R00175-015490,,,,嬻,傾乕僇僀僽(惉栺),柍,330000,,奒,1997擭01寧,嫗搒晎嫗搒巗暁尒嬫戠岉怴奐偺戄帠柋強亂38捸亃,,嫗搒晎嫗搒巗暁尒嬫戠岉怴奐23-15,,,900000,600000,,,,165.34,128.52,38.87,8489,2026/05/11,"2026/04/21 14:09","2026/07/14 17:03",愭暔(拠夘),,乮姅乯僆僼傿僗儀儕乕,-,"=""075-573-2221""",,,6011365
憅屔,R00175-015070,,,,嬻,岞奐壜,柍,385000,,3奒,1975擭12寧,戝嶃巗杒嬫撿愵挰偺戄憅屔亂50捸亃,,戝嶃晎戝嶃巗杒嬫撿愵挰1-12,,,,,700000,,,,166.00,50.21,7668,2026/07/17,"2025/10/15 13:18","2026/07/14 16:58",愭暔(拠夘),,乮姅乯擔寶廧戭僒乕價僗,-,"=""06-6477-7705""",柍,丒3奒晹暘,5300052
揦曑帠柋強(寶暔堦妵),R00175-015537,,,,嬻,岞奐壜,柍,858000,,奒,2011擭03寧,暫屔導恄屗巗挿揷嬫屼壆晘捠4挌栚偺戄揦曑丒帠柋強亂102捸亃,,暫屔導恄屗巗挿揷嬫屼壆晘捠係挌栚1-17,,,2.00,2.00,,,,307.68,338.25,102.32,8386,2026/07/14,"2026/05/14 10:57","2026/07/14 16:19",愭暔(拠夘),,乮姅乯僄乕儔僀僼,-,"=""078-332-5868""",嬻桳,"2026.7.14
丒捓椏丗74.8枩墌仺85.8枩墌
丒晘嬥丗0仺2儢寧",6530843
揦曑(寶暔堦妵),R00175-015652,,,,嬻,岞奐壜,柍,308000,,奒,1984擭11寧,愹撿孲揷怟挰媑尒偺戄揦曑亂41捸亃,,戝嶃晎愹撿孲揷怟挰媑尒683-4,,,560000,280000,,,,,135.58,41.01,7510,2026/06/26,"2026/06/26 12:01","2026/07/14 09:25",愭暔(拠夘),,姅幃夛幮偐偨傗傑晄摦嶻帠柋強,-,"=""072-462-4888""",嬻桳,,5980092
戄抧,R00175-015658,,,,,岞奐壜,柍,350000,,奒,-,娸榓揷巗垻娫壨戧挰偺戄抧亂196捸亃,,戝嶃晎娸榓揷巗垻娫壨戧挰8,,,,,1400000,,,651.15,,196.97,1777,2026/06/30,"2026/06/30 12:00","2026/07/14 09:18",愭暔(拠夘),,乮姅乯僐僗儌晄摦嶻忣曬丂撿戝嶃巟揦,-,"=""072-433-2580""",,,5960845
憅屔,R00175-015650,,,,嬻,岞奐壜,柍,1100000,,1奒,1977擭07寧,娸榓揷巗嶰揷挰偺戄憅屔亂347捸亃,,戝嶃晎娸榓揷巗嶰揷挰952,,,2.00,1.00,,,,1266.11,1149.66,347.77,3163,2026/06/26,"2026/06/26 11:26","2026/07/14 09:15",愭暔(拠夘),,乮姅乯僔乕僌儔儞,-,"=""073-477-0867""",柍,,5960808
戄抧,R00175-014245,,,,屆壠晅,曐棷,柍,280000,,奒,-,撧椙導戝榓孲嶳巗旴揷挰偺戄抧亂317捸亃,,撧椙導戝榓孲嶳巗旴揷挰387-1,,,,,700000,,,1051.00,,317.92,881,2026/05/27,"2024/10/08 12:45","2026/07/13 17:25",帺幮,堦斒攠夘,姅幃夛幮僙儞僠儏儕乕僟僀僜乕,曱嶳,"=""06-6136-0555""",,"傂偊偩偪傚偆

R8擭搚抧1,000捸傊憹壛梊掕乮僆乕僫乕條偑椬抧攦庢梊掕丗捓椏摍偼梫憡択乯",6391108
戄抧,R00175-015245,,,,峏抧,岞奐壜,柍,220000,,奒,-,撧椙導崅巗孲崅庢挰戝帤娤妎帥偺戄抧亂463捸亃,,撧椙導崅巗孲崅庢挰戝帤娤妎帥736-1,,,,1.00,,,,1532.00,,463.43,475,2026/07/13,"2026/01/05 11:33","2026/07/13 15:52",愭暔(拠夘),,杧杮抧強崌摨夛幮,-,"=""0747-22-5111""",,"2026.7.13
丒捓椏25枩仺22枩

2026.3.19
丒捓椏丗30枩墌仺25枩墌

丒寶暔庢傝夡偟屻偺堷偒搉偟",6350154
岺応,R00175-015689,,,,嬻,岞奐壜,柍,500000,,奒,1977擭08寧,暫屔導擈嶈巗旜昹挰1挌栚偺戄岺応亂99捸亃,,暫屔導擈嶈巗旜昹挰侾挌栚8-18,,,1.00,2.20,,,,,330.01,99.82,5009,2026/07/07,"2026/07/07 11:40","2026/07/13 15:45",愭暔(拠夘),,乮姅乯僾儔僓僄僗僥乕僩,-,"=""06-6416-6111""",嬻桳,丒1-2奒晹暘,6610022
憅屔,R00175-015698,,,,嫃廧拞,岞奐壜,柍,1980000,,奒,1970擭01寧,暫屔導擈嶈巗師壆3挌栚偺戄憅屔亂194捸亃,,暫屔導擈嶈巗師壆俁挌栚15-20,,,,1.00,,,,,644.36,194.91,10159,2026/07/10,"2026/07/10 10:41","2026/07/13 15:42",愭暔(拠夘),,乮姅乯僙僀働儞,-,"=""06-6498-0110""",嬻桳,,6610965
憅屔,R00175-015667,,,,嬻,岞奐壜,柍,808500,,奒,1963擭08寧,朙拞巗嶰榓挰1挌栚偺戄憅屔亂147捸亃,,戝嶃晎朙拞巗嶰榓挰侾挌栚2-7,,,,2.00,,,,819.89,485.96,147,5500,2026/08/06,"2026/07/01 11:25","2026/07/13 15:36",愭暔(拠夘),,乮姅乯旤嶳晄摦嶻憤崌帠柋強,-,"=""072-261-8570""",,,5610828
岺応,R00175-015674,,,,嬻,岞奐壜,柍,1125300,,奒,1975擭06寧,暫屔導埳扥巗杒壨尨5挌栚偺戄岺応亂340捸亃,,暫屔導埳扥巗杒壨尨俆挌栚2-34,,,6.00,,,,,1304.47,1125.37,340.42,3306,2026/07/02,"2026/07/02 13:14","2026/07/13 15:28",愭暔(拠夘),,姅幃夛幮儚儞價儕乕償,-,"=""06-4867-4411""",,,6640837
戄抧,R00175-015201,,,,峏抧,岞奐壜,柍,460000,,奒,-,暫屔導昉楬巗壓庤栰侾挌栚偺戄抧亂262捸亃,,暫屔導昉楬巗壓庤栰侾挌栚5-25,,,,,6.00,,,866.11,,261.99,1756,2026/07/23,"2025/12/10 14:40","2026/07/13 11:44",帺幮,堦斒攠夘,姅幃夛幮僙儞僠儏儕乕僟僀僜乕,怷,"=""06-6136-0555""",,,6700063
憅屔,R00175-015678,,,,,岞奐壜,柍,308000,,奒,1980擭07寧,朙拞巗崱嵼壠挰偺戄憅屔亂44捸亃,,戝嶃晎朙拞巗崱嵼壠挰3-3,,,,308000,560000,,,,148.76,44.99,6845,2026/07/24,"2026/07/03 11:50","2026/07/13 10:37",愭暔(拠夘),,僄僗働僀廧尋,-,"=""0798-69-1030""",,丒C-3崋,5610842
戄抧,R00175-015657,,,,峏抧,岞奐壜,柍,535000,,奒,-,堬栘巗栚奯3挌栚偺戄抧亂324捸亃,,戝嶃晎堬栘巗栚奯俁挌栚12,,,,,3.00,1.00,,1071.39,,324.09,1651,2026/06/30,"2026/06/30 11:51","2026/07/13 09:48",愭暔(拠夘),,姅幃夛幮庒憪僴僂僗,-,"=""072-678-6676""",,,5670836
憅屔,R00175-015693,,,,巊梡拞,岞奐壜,柍,550000,,1奒,2004擭07寧,嶄巗杒嬫杒壴揷挰3挌偺戄憅屔亂75捸亃,,戝嶃晎嶄巗杒嬫杒壴揷挰俁挌42-6,,,1000000,1000000,,,,561.79,250.97,75.91,7245,2026/07/09,"2026/07/09 11:03","2026/07/13 09:36",愭暔(拠夘),,僗儈儗晄摦嶻姅幃夛幮,-,"=""072-255-3535""",嬻桳,尦晅帒椏傛傝丗奜娤幨恀宖嵹晄壜偺偨傔丄乽夋憸側偟乿偼偢偟偰傑偡,5918002
岺応,R00175-015528,,,,巊梡拞,岞奐壜,柍,1200000,,奒,1982擭07寧,戝嶃巗搶廧媑嬫崱愳俇挌栚偺戄岺応亂311捸亃,,戝嶃晎戝嶃巗搶廧媑嬫崱愳俇挌栚1-23,,,3.00,1.00,,,,396.70,1029.17,311.32,3855,2026/07/31,"2026/05/12 13:27","2026/07/13 09:34",帺幮,堦斒攠夘,姅幃夛幮僙儞僠儏儕乕僟僀僜乕,怷,"=""06-6136-0555""",嬻桳,,5460003
憅屔,R00175-015694,,,,寶抸拞,岞奐壜,柍,1100000,,奒,2027擭03寧,榓愹巗孠尨挰偺戄憅屔亂193捸亃,,戝嶃晎榓愹巗孠尨挰73-1,,,,2.20,6.00,,,664.00,640.20,193.66,5681,2026/07/09,"2026/07/09 11:21","2026/07/13 09:33",愭暔(拠夘),,姅幃夛幮僕乕僾儖,嶳杮丗080-9128-0601,"=""06-4300-3494""",,"丒攧攦偁傝丗B00175-001056
丒寶抸拞偺堊丄乽夋憸側偟乿偼僠僃僢僋偼偢偟偰傑偡丂2026.7.13",5940066
憅屔,R00175-015697,,,,嬻,岞奐壜,柍,440000,,1奒,1991擭02寧,攼尨巗埉働媢3挌栚偺戄憅屔亂96捸亃,,戝嶃晎攼尨巗埉働媢俁挌栚2-15,,,,,5.00,,,,320.33,96.89,4541,2026/07/10,"2026/07/10 10:26","2026/07/13 09:25",愭暔(拠夘),,嫤塰抧寶姅幃夛幮,-,"=""072-938-6677""",嬻桳,,5820026
憅屔,R00175-015540,,,,嬻,岞奐壜,柍,1320000,,奒,1980擭11寧,愛捗巗捁帞惣2挌栚偺戄憅屔亂307捸亃,,戝嶃晎愛捗巗捁帞惣俀挌栚15-12,,,4800000.00,2640000,,,,833.05,1014.96,307.02,4300,2026/07/10,"2026/05/18 11:46","2026/07/10 16:18",愭暔(拠夘),,嬥岝晄摦嶻乮姅乯,栰岥丗080-9105-2042,"=""06-6711-4666""",嬻桳,,5660072
戄抧,R00175-015130,,,,峏抧,傾乕僇僀僽(惉栺),柍,320000,,奒,-,暫屔導壛搶巗娾壆偺戄抧亂809捸亃,,暫屔導壛搶巗娾壆258,,,2.00,1.00,,,,2676.00,,809.49,396,2026/07/10,"2025/11/07 13:16","2026/07/10 15:10",愭暔(拠夘),,姅幃夛幮僑僐乕廧寶,-,"=""079-488-8497""",,,6731321
憅屔,R00175-015042,,,,嬻,傾乕僇僀僽(惉栺),柍,495000,,奒,1942擭04寧,戝嶃巗暯栰嬫壛旤搶7挌栚偺戄憅屔亂79捸亃,,戝嶃晎戝嶃巗暯栰嬫壛旤搶俈挌栚2-4,,,3.00,2.00,,,,316.91,262.00,79.25,6246,2026/07/10,"2025/10/01 11:29","2026/07/10 15:07",愭暔(拠夘),,姅幃夛幮僗乕僷乕儂乕儉,-,"=""06-6624-0909""",,"2026.2.3 
丒捓椏丗55枩墌仺49.5枩墌

2025.11.10丂
丒捓椏丗66枩墌仺55枩墌",5470002
憅屔,R00175-015110,,,,嬻,傾乕僇僀僽(惉栺),柍,330000,,1奒,1964擭06寧,崅捨巗拰杮3挌栚偺戄憅屔亂85捸亃,,戝嶃晎崅捨巗拰杮俁挌栚21-8,,,,,1320000,,,383.47,284.20,85.97,3839,2026/07/10,"2025/10/30 13:41","2026/07/10 15:04",愭暔(拠夘),,榓揷嶻嬈姅幃夛幮,-,"=""072-654-0181""",嬻桳,,5690844
憅屔,R00175-014983,,,,,岞奐壜,柍,1200000,,奒,1986擭10寧,戝嶃巗楺懍嬫擔杮嫶4挌栚偺戄憅屔亂141捸亃,,戝嶃晎戝嶃巗楺懍嬫擔杮嫶係挌栚6-18,,,3600000,3960000,,,,,468.53,141.73,8467,2026/07/10,"2025/09/05 11:45","2026/07/10 14:55",愭暔(拠夘),,儀僗僩僆僼傿僗乮姅乯,-,"=""06-6121-6888""",,"2026.7.10
丒捓椏丗132枩墌仺120枩墌",5560005
憅屔,R00175-015557,,,,嬻,傾乕僇僀僽(惉栺),柍,385000,,1奒,-,暫屔導惣媨巗嶳岥挰忋嶳岥1挌栚偺戄憅屔亂58捸亃,,暫屔導惣媨巗嶳岥挰忋嶳岥侾挌栚15,,,500000,385000,,,,553.00,192.00,58.08,6629,2026/07/10,"2026/05/22 11:38","2026/07/10 14:51",愭暔(拠夘),,乮桳乯娵慞僾儔儞僯儞僌,-,"=""06-6423-4431""",嬻桳,,6511421
揦曑(寶暔堦妵),R00175-014562,,,,,岞奐壜,柍,550000,,奒,-,嶄巗撿嬫捥偺戄揦曑亂34捸亃,,戝嶃晎嶄巗撿嬫捥428,,,,,,,,986.44,115.05,34.8,15804,2026/07/10,"2025/03/06 11:52","2026/07/10 14:40",愭暔(拠夘),,(姅)儐僫僀僩僐乕億儗乕僔儑儞,嶳拞丂桰婓,"=""06-6947-6671""",嬻桳,"2026.7.10
丒捓椏丗60.5枩墌仺55枩墌",5900131
憅屔,R00175-015333,,,,嬻,傾乕僇僀僽(惉栺),柍,880000,,奒,1983擭05寧,嫗搒晎嫗搒巗暁尒嬫杒抂挰偺戄憅屔亂179捸亃,,嫗搒晎嫗搒巗暁尒嬫杒抂挰54,,,,,4000000,,,830.13,594.00,179.68,4898,2026/07/10,"2026/02/18 11:11","2026/07/10 14:29",愭暔(拠夘),,僨傿儔儞僪嶳嫗儕乕僗乮姅乯,-,"=""0774-20-5115""",嬻桳,,6128372
戄抧,R00175-015121,,,,,傾乕僇僀僽(惉栺),柍,300000,,奒,-,戝嶃嫹嶳巗抮擵尨1挌栚偺戄抧亂136捸亃,,戝嶃晎戝嶃嫹嶳巗抮擵尨侾挌栚,,,,2.00,,,,450.00,,136.12,2204,2026/07/10,"2025/11/05 14:38","2026/07/10 14:26",愭暔(拠夘),,僞僇儔儂乕儉,-,"=""072-286-3339""",,"2026.5.1丂尦晅傛傝
柧偗搉偟擔掱偑枹掕偲偺偙偲丅

丒応強丗僌乕僌儖儅僢僾偱偼丄戝嶃嫹嶳巗嶳杮搶800-1乮歠晽 戝嶃嫹嶳揦乯偺摴楬嫴傫偱杒搶懁偁偨傝",5890031
揦曑帠柋強(寶暔堦妵),R00175-015563,,,,嬻,傾乕僇僀僽(惉栺),柍,715000,,奒,1990擭11寧,朙拞巗憱堜3挌栚偺戄揦曑丒帠柋強亂196捸亃,,戝嶃晎朙拞巗憱堜俁挌栚2-15,33000,,3900000,1430000,,,,350.00,651.00,196.92,3631,2026/07/10,"2026/05/26 12:06","2026/07/10 13:41",愭暔(拠夘),,僒僂僗僸儖僘乮姅乯,-,"=""0798-57-3977""",嬻桳,,5610891
憅屔,R00175-013877,,,,嬻,岞奐壜,柍,605000,,奒,2016擭01寧,暫屔導擈嶈巗挿廎惣捠1挌栚偺戄憅屔亂41捸亃,,暫屔導擈嶈巗挿廎惣捠侾挌栚14,,,,3.00,,,,301.00,136.00,41.14,14706,2026/07/10,"2024/03/29 15:35","2026/07/10 13:37",愭暔(拠夘),,倕儕傾儖僥傿崌摨夛幮,-,"=""06-6481-8188""",,"2026.7.10
丒捓椏丗77枩墌仺60.5枩墌

2026.2.17
丒捓椏丗66枩墌仺77枩墌


2025.12.2
丒捓椏丗77枩墌仺66枩墌
仸儗僀儞僘忋偼嬥妟曄峏偵側偭偰偄傑偡偑帒椏偼曄峏側偟偺偨傔偦偺傑傑偱偡(尦晅妋擣嵪傒)丅

2025.5.12丂惉栺仺暅妶
丒捓椏丗66枩墌仺77枩墌",6600807
憅屔,R00175-015561,,,,巊梡拞,傾乕僇僀僽(惉栺),柍,0,,奒,2005擭01寧,堬栘戞俇憅屔亂159捸亃,,戝嶃晎堬栘巗懢揷侾挌栚1-25,,,4.00,2.00,,,,835.55,528.38,159.83,,2026/05/25,"2026/05/25 18:03","2026/07/10 09:47",帺幮,堦斒攠夘,姅幃夛幮僙儞僠儏儕乕僟僀僜乕,柧愇,"=""06-6136-0555""",嬻桳,,5670018
揦曑(寶暔堦妵),R00175-014385,,,,巊梡拞,岞奐壜,柍,550000,,奒,2005擭02寧,嫗搒晎敧敠巗敧敠屲斀揷偺戄揦曑亂35捸亃,,嫗搒晎敧敠巗敧敠屲斀揷39-13,,,,,3.00,,,992.74,117.58,35.56,15464,2026/08/06,"2024/12/05 13:22","2026/07/09 17:11",愭暔(拠夘),,娵旽搒巗奐敪姅幃夛幮,-,"=""06-6232-8611""",嬻桳,"2025.6.17丂
丒捓椏丗66枩墌仺55枩墌
丒晘嬥丗6僇寧仺3僇寧

丒応強丗僌乕僌儖儅僢僾偱偼丄敧敠屲斀揷39-4乮偡偒壠乯",6148071
憅屔,R00175-015004,,,,嫃廧拞,岞奐壜,柍,330000,,奒,1982擭01寧,敧旜巗妝壒帥1挌栚偺戄憅屔亂83捸亃,,戝嶃晎敧旜巗妝壒帥侾挌栚17,,,1.00,1.50,,,,,277.68,83.99,3929,2026/07/09,"2025/09/17 13:03","2026/07/09 16:58",愭暔(拠夘),,姅幃夛幮僙儞僠儏儕乕僟僀僜乕,搰杮,"=""06-6136-0555""",嬻桳,"儔僥僄僗僥乕僩仺壠庡捈暔審丗搰杮偝傫扴摉

2026.7.9
丒捓椏丗38枩仺33枩
丒晘嬥丗2儢寧仺1儢寧
丒楃嬥丗3儢寧仺1.5儢寧

2025.12.16
丒捓椏丗42.1枩墌仺40枩墌佀38枩乮2026.2.6乯

2025.11.20
丒捓椏丗44.1枩墌仺42.1枩墌",5810853
憅屔,R00175-015536,,,,巊梡拞,岞奐壜,柍,737000,,奒,1972擭01寧,搶戝嶃巗怷壨撪惣1挌栚偺戄憅屔亂140捸亃,,戝嶃晎搶戝嶃巗怷壨撪惣侾挌栚7-10,5000,,3.00,1.00,,,,773.52,465.61,140.84,5233,2026/08/03,"2026/05/14 10:41","2026/07/09 16:40",愭暔(拠夘),,嶰婎寶愝乮姅乯,-,"=""06-6304-0999""",嬻桳,"2026.7.9
捓椏DOWN丂77枩墌仺73.7枩墌",5770061
憅屔,R00175-015398,,,,巊梡拞,岞奐壜,柍,990000,,奒,1976擭03寧,戝嶃巗楺懍嬫堫壸1挌栚偺戄憅屔亂93捸亃,,戝嶃晎戝嶃巗楺懍嬫堫壸侾挌栚9-4,,,3.00,1.00,,,,,307.92,93.14,10629,2026/08/06,"2026/03/17 14:01","2026/07/09 16:00",愭暔(拠夘),,乮姅乯嬥懞廧寶,嵅摗丗080-4985-7726,"=""06-6599-8003""",,"2026.7.9丂
丒捓椏丗110枩墌仺99枩墌",5560023
憅屔,R00175-015670,,,,巊梡拞,岞奐壜,柍,1980000,,奒,1969擭01寧,栧恀巗孠嵥怴挰偺戄憅屔亂399捸亃,,戝嶃晎栧恀巗孠嵥怴挰4-8,,,3.00,1.00,,,,,1322.24,399.97,4951,2026/08/03,"2026/07/01 18:09","2026/07/09 15:05",帺幮,堦斒攠夘,姅幃夛幮僙儞僠儏儕乕僟僀僜乕,媑揷夒,"=""06-6136-0555""",嬻桳,捓椏DOWN220枩佀198枩乮惻崬乯丂2026.7.9,5710043
揦曑(寶暔堦妵),R00175-015660,,,,嬻,岞奐壜,柍,380000,,1奒,2001擭07寧,愹戝捗巗搶塤挰偺戄揦曑亂40捸亃,,戝嶃晎愹戝捗巗搶塤挰1-5,,,,2.00,,,,235.48,132.70,40.14,9467,2026/06/30,"2026/06/30 13:01","2026/07/09 09:11",愭暔(拠夘),,桳尷夛幮僙僀儓乗,-,"=""0725-33-6050""",嬻桳,,5950026
憅屔,R00175-015595,,,,,岞奐壜,桳,693000,,奒,-,嶄巗拞嬫敧揷撿擵挰偺戄憅屔亂100捸亃,,戝嶃晎嶄巗拞嬫敧揷撿擵挰364,,,6.00,,,,,,331.14,100.16,6919,2026/06/08,"2026/06/08 11:10","2026/07/09 08:57",愭暔(拠夘),,乮姅乯儕乕僘儚儞丂,-,"=""072-242-8928""",嬻桳,,5998263
戄抧,R00175-015628,,,,峏抧,岞奐壜,柍,1750000,,奒,-,嶄巗惣嬫抸峘怴挰2挌偺戄抧亂394捸亃,,戝嶃晎嶄巗惣嬫抸峘怴挰俀挌6-33,,,,,,,,1303.53,,394.31,4439,2026/06/19,"2026/06/19 10:35","2026/07/09 08:55",愭暔(拠夘),,壝曮乮姅乯,-,"=""06-6575-7676""",,仸尰嫷峏抧,5928331
憅屔,R00175-015624,,,,,岞奐壜,柍,1056000,,奒,1981擭05寧,嶄巗嶄嬫嶳杮挰2挌偺戄憅屔亂171捸亃,,戝嶃晎嶄巗嶄嬫嶳杮挰俀挌71-2,,,,1500000,5000000,,,,566.17,171.26,6166,2026/06/17,"2026/06/17 10:34","2026/07/09 08:53",愭暔(拠夘),,姅幃夛幮僕乕僾儖,嶳杮丗080-9128-0601,"=""06-4300-3494""",,,5900983
憅屔,R00175-015685,,,,嬻,岞奐壜,柍,500000,,奒,1975擭05寧,暫屔導柧愇巗嫑廧挰拞旜偺戄憅屔亂111捸亃,,暫屔導柧愇巗嫑廧挰拞旜371,,,2500000,,,250000,,,370.00,111.92,4468,2026/07/06,"2026/07/06 13:25","2026/07/08 09:51",愭暔(拠夘),,傾乕僩儚儞廧抧姅幃夛幮,-,"=""078-939-4447""",嬻桳,,6740082
戄抧,R00175-015686,,,,偦偺懠,岞奐壜,柍,650000,,奒,-,暫屔導壛屆孲堫旤挰壀廫幍挌偺戄抧亂1702捸亃,,暫屔導壛屆孲堫旤挰壀廫幍挌25,15000,,3.00,,,1.20,,5627.79,,1702.4,382,2026/07/21,"2026/07/07 10:52","2026/07/08 09:25",愭暔(拠夘),,姅幃夛幮僐乕億儗乕僔儑儞僫僈儎儅,-,"=""079-495-3221""",,,6751113
憅屔,R00175-015688,,,,嬻,岞奐壜,柍,1320000,,奒,1995擭11寧,晉揷椦巗嶗堜挰1挌栚偺戄憅屔亂302捸亃,,戝嶃晎晉揷椦巗嶗堜挰侾挌栚4-5,,,9600000,2640000,,,,1011.72,1000.56,302.66,4362,2026/07/07,"2026/07/07 11:24","2026/07/08 09:23",愭暔(拠夘),,姅幃夛幮僀儅僗奐敪帠嬈晹,-,"=""06-6233-8282""",嬻桳,,5840013
揦曑帠柋強(寶暔堦妵),R00175-015576,,,,嬻,岞奐壜,柍,660000,,奒,1983擭03寧,暫屔導昉楬巗杒忦岥5挌栚偺戄揦曑丒帠柋強亂243捸亃,,暫屔導昉楬巗杒忦岥俆挌栚84,66000,,2.00,2.00,,,,,806.05,243.83,2707,2026/06/01,"2026/06/01 11:21","2026/07/08 09:18",愭暔(拠夘),,乮姅乯僴僂僗儊僀僩僔儑僢僾丂昉楬撿揦,-,"=""079-287-3120""",嬻桳,,6700935
揦曑帠柋強(寶暔堦妵),R00175-015567,,,,嬻,岞奐壜,柍,308000,,奒,2015擭07寧,暫屔導昉楬巗惵嶳1挌栚偺戄揦曑丒帠柋強亂40捸亃,,暫屔導昉楬巗惵嶳侾挌栚12-23,,,2.00,2.00,,,,,135.38,40.95,7521,2026/08/03,"2026/05/28 12:57","2026/07/08 09:06",愭暔(拠夘),,乮姅乯倂俬俿俫,-,"=""079-299-0577""",嬻桳,,6712222
揦曑帠柋強(寶暔堦妵),R00175-015643,,,,嬻,岞奐壜,柍,363000,,1奒,1996擭08寧,暫屔導昉楬巗忺杹嬫塸夑媨挰1挌栚偺戄揦曑丒帠柋強亂53捸亃,,暫屔導昉楬巗忺杹嬫塸夑媨挰侾挌栚21,7260,,1.00,2.00,,,,621.00,177.28,53.62,6769,2026/06/23,"2026/06/23 14:55","2026/07/08 08:59",愭暔(拠夘),,乮姅乯傒側偲僾儘僷僥傿丒儅僱僕儊儞僩,-,"=""079-230-3710""",嬻桳,,6728080
揦曑(寶暔堦妵),R00175-013835,,,,嬻,岞奐壜,柍,385000,,奒,2019擭11寧,暫屔導壛屆愳巗栰岥挰屆戝撪偺戄揦曑亂49捸亃,,暫屔導壛屆愳巗栰岥挰屆戝撪124-1,,,1.00,1.00,,,,494.14,163.80,49.54,7771,2026/07/07,"2024/03/12 14:26","2026/07/07 17:05",愭暔(拠夘),,壛屆愳巗撿擾嬈嫤摨慻崌,-,"=""079-422-3773""",嬻桳,,6750014
憅屔,R00175-014838,,,,巊梡拞,岞奐壜,柍,9570000,,奒,1991擭11寧,嫗搒戞侾憅屔亂2283捸亃,,嫗搒晎媣悽孲媣屼嶳挰栰懞懞搶411-1,,,4.00,2.00,,,,4348.70,7548.39,2283.38,4192,2026/07/01,"2025/06/24 16:55","2026/07/07 16:46",帺幮,堦斒攠夘,姅幃夛幮僙儞僠儏儕乕僟僀僜乕,怷,"=""06-6136-0555""",嬻桳,"擖嫃壜擻擔俀侽俀俇擭侾侾寧佀憡択偵曄峏乮戅嫀帪婜偑俀侽俀俈擭俁寧枛偵怢傃傞偐傕乯

扴摉丗怷偝傫
仸撪棗丗帠慜挷惍丄旈枾曐帩宊栺彂掲寢梫",6130023
憅屔,R00175-015501,,,,嬻,岞奐壜,柍,330000,,奒,2001擭01寧,愹撿巗怣払壀拞偺戄憅屔亂55捸亃,,戝嶃晎愹撿巗怣払壀拞1493-11,,,3.00,1.00,,,,661.00,183.87,55.62,5934,2026/06/29,"2026/04/28 10:44","2026/07/06 17:48",帺幮,堦斒攠夘,姅幃夛幮僙儞僠儏儕乕僟僀僜乕,搰杮,"=""06-6136-0555""",,,5900523
憅屔,R00175-015634,,,,巊梡拞,岞奐壜,柍,495000,,奒,-,暫屔導埳扥巗怷杮侾挌栚偺戄憅屔亂49捸亃,,暫屔導埳扥巗怷杮侾挌栚140,,,,2.20,2.00,,,199.49,164.74,49.83,9934,2026/06/22,"2026/06/22 11:28","2026/07/06 17:41",帺幮,堦斒攠夘,姅幃夛幮僙儞僠儏儕乕僟僀僜乕,曱嶳,"=""06-6136-0555""",嬻桳,仭擖嫃壜擻帪婜丗2026擭侾侽寧侾擔埲崀,6640842
憅屔,R00175-015655,,,,嬻,岞奐壜,柍,1320000,,1奒,1984擭10寧,栧恀巗娸榓揷4挌栚偺戄憅屔亂200捸亃,,戝嶃晎栧恀巗娸榓揷係挌栚6-12,,,,2.00,6.00,,,,663.10,200.58,6581,2026/08/03,"2026/06/29 11:50","2026/07/06 16:55",愭暔(拠夘),,乮姅乯戄價儖忣曬,-,"=""06-6231-4600""",嬻桳,,5710002
憅屔,R00175-015618,,,,嬻,岞奐壜,柍,302500,,1奒,-,栧恀巗壓搰挰偺戄憅屔亂29捸亃,,戝嶃晎栧恀巗壓搰挰21-11,,,,,1650000,,,,97.47,29.48,10260,2026/06/15,"2026/06/15 12:01","2026/07/06 16:52",愭暔(拠夘),,戝搶嶻嬈姅幃夛幮,-,"=""072-871-0538""",嬻桳,丒1嬫夋戄偟丠,5710075
岺応,R00175-013755,,,,巊梡拞,岞奐壜,柍,660000,,奒,1977擭08寧,暫屔導擈嶈巗旜昹挰1挌栚偺戄岺応亂99捸亃,,暫屔導擈嶈巗旜昹挰侾挌栚8-18,,,1.00,1.10,,,,238.79,330.01,99.82,6612,2026/07/06,"2024/02/05 12:47","2026/07/06 16:26",愭暔(拠夘),,乮姅乯僾儔僓僄僗僥乕僩,-,"=""06-6416-6111""",嬻桳,"2026.3.12丂
丒捓椏丗72.6枩墌仺66枩墌

2025.7.28丂惉栺仺暅妶",6610022
憅屔,R00175-013999,,,,巊梡拞,岞奐壜,柍,440000,,奒,1980擭04寧,徏尨巗暿強5挌栚偺戄憅屔亂108捸亃,,戝嶃晎徏尨巗暿強俆挌栚3-11,,,,,5.00,,,,357.50,108.14,4069,2026/07/06,"2024/05/30 14:48","2026/07/06 14:24",愭暔(拠夘),,嫤塰抧寶姅幃夛幮,-,"=""072-938-6677""",嬻桳,丒1-2奒堦晹,5800005
戄抧,R00175-015682,,,,峏抧,岞奐壜,柍,400000,,奒,-,暫屔導嶰栘巗媑愳挰嬥夛偺戄抧亂3947捸亃,,暫屔導嶰栘巗媑愳挰嬥夛1000-5,10000,,3.00,,,1.50,,13050.00,,3947.62,102,2026/07/06,"2026/07/06 11:32","2026/07/06 13:59",愭暔(拠夘),,姅幃夛幮僐乕億儗乕僔儑儞僫僈儎儅,-,"=""079-495-3221""",,,6731232
揦曑(寶暔堦妵),R00175-015676,,,,嬻,岞奐壜,柍,1320000,,奒,1987擭06寧,暫屔導恄屗巗惣嬫杒暿晎5挌栚偺戄揦曑亂328捸亃,,暫屔導恄屗巗惣嬫杒暿晎俆挌栚28-2,,,3.00,3.00,,,,864.50,1086.19,328.57,4018,2026/07/03,"2026/07/03 11:17","2026/07/06 13:28",愭暔(拠夘),,嶃揷晄摦嶻姅幃夛幮,-,"=""078-928-2626""",嬻桳,,6512117
憅屔,R00175-015606,,,,嬻,傾乕僇僀僽(惉栺),柍,385000,,1奒,-,愹嵅栰巗妢徏2挌栚偺戄憅屔亂124捸亃,,戝嶃晎愹嵅栰巗妢徏俀挌栚5-4,,,,3.00,6.00,,,433.05,411.40,124.44,3094,2026/07/06,"2026/06/09 13:52","2026/07/06 13:11",愭暔(拠夘),,乮姅乯儕僂僀儖僩儔僗僩,-,"=""072-480-4666""",嬻桳,,5980044
憅屔,R00175-015680,,,,巊梡拞,岞奐壜,柍,440000,,奒,1991擭10寧,敧旜巗宩挰6挌栚偺戄憅屔亂140捸亃,,戝嶃晎敧旜巗宩挰俇挌栚1-7,,,3.00,2.00,,,,302.21,465.60,140.84,3125,2026/07/03,"2026/07/03 13:28","2026/07/06 13:08",愭暔(拠夘),,姅幃夛幮僐僗儌晄摦嶻忣曬丂搶戝嶃巟揦,-,"=""06-6748-7110""",嬻桳,,5810823
戄抧,R00175-015581,,,,,岞奐壜,柍,370000,,奒,-,暫屔導恄屗巗杒嬫摴応挰暯揷偺戄抧亂499捸亃,,暫屔導恄屗巗杒嬫摴応挰暯揷967-1,,,,600000,300000,,,1650.00,,499.12,742,2026/06/02,"2026/06/02 13:39","2026/07/06 09:50",愭暔(拠夘),,廧戭憤崌僙儞僞乕,-,"=""078-982-9082""",,,6511504
戄抧,R00175-015591,,,,,岞奐壜,柍,350000,,奒,-,暫屔導惣媨巗嶳岥挰柤棃偺戄抧亂320捸亃,,暫屔導惣媨巗嶳岥挰柤棃侾挌栚23-16,,,,,600000,,,1059.00,,320.34,1093,2026/06/05,"2026/06/05 10:41","2026/07/06 09:44",愭暔(拠夘),,乮姅乯僉儏乕僐乕億儗乕僔儑儞,-,"=""0797-73-0041""",,,6511411
揦曑帠柋強(寶暔堦妵),R00175-015621,,,,嬻,岞奐壜,柍,385000,,奒,1986擭09寧,暫屔導埌壆巗媨愳挰偺戄揦曑丒帠柋強亂62捸亃,,暫屔導埌壆巗媨愳挰5-11,,,1.00,3.00,,,,,207.69,62.82,6129,2026/06/17,"2026/06/17 09:48","2026/07/06 09:41",愭暔(拠夘),,峛嶳僷乕僩僫乕僘乮姅乯,-,"=""0798-36-8778""",嬻桳,,6590063
岺応,R00175-015597,,,,巊梡拞,岞奐壜,柍,1650000,,奒,1968擭06寧,暫屔導擈嶈巗庒墹帥3挌栚偺戄岺応亂222捸亃,,暫屔導擈嶈巗庒墹帥俁挌栚18-27,,,9000000,4950000,,,,506.39,736.75,222.86,7404,2026/06/08,"2026/06/08 11:39","2026/07/03 17:59",愭暔(拠夘),,乮姅乯僄儞僛儖晄摦嶻,-,"=""06-4708-8541""",,丒慡偰峀崘晄壜,6610974
憅屔,R00175-014097,,,,嬻,岞奐壜,柍,300000,,奒,1978擭06寧,晉揷椦巗暯挰2挌栚偺戄憅屔亂44捸亃,,戝嶃晎晉揷椦巗暯挰俀挌栚319-1,,,,,3.00,,,,145.74,44.08,6805,2026/07/29,"2024/07/18 11:10","2026/07/03 16:52",愭暔(拠夘),,僴僂僕儞僌僫僯儚,-,"=""072-336-4000""",嬻桳,"2026.7丏3
丒捓椏丗33枩墌仺30枩墌

丒応強丗僌乕僌儖儅僢僾偱偼暯挰2挌栚319-1
暔妋FAX憲怣嵪 2025.2.6摗尨",5840002
憅屔,R00175-015127,,,,嬻,岞奐壜,柍,1000000,,奒,1999擭12寧,戝嶃巗廧擵峕嬫怴杒搰2挌栚偺戄憅屔亂126捸亃,,戝嶃晎戝嶃巗廧擵峕嬫怴杒搰俀挌栚2-47,,,2.00,1.00,,,,297.65,240.66,72.79,13737,2026/07/06,"2025/11/07 11:49","2026/07/03 16:50",愭暔(拠夘),,姅幃夛幮傾乕儖丒働乕,挔,"=""06-4303-5688""",,"2026.7丏3
丒捓椏丗132枩墌仺100枩墌
",5590024
戄抧,R00175-014261,,,,屆壠晅,傾乕僇僀僽(惉栺),柍,228000,,奒,-,婒晫導梴榁孲梴榁挰慏晬偺戄抧亂379捸亃,,婒晫導梴榁孲梴榁挰慏晬76,3850,,,,600000,,,1255.18,,379.69,601,2025/11/14,"2024/10/15 13:11","2026/07/03 10:33",帺幮,堦斒攠夘,姅幃夛幮僙儞僠儏儕乕僟僀僜乕,曱嶳,"=""06-6136-0555""",,"2025.12.25 攧攦偺傒偺曞廤偵曄峏丂曱嶳",5031382
憅屔,R00175-015009,,,,巊梡拞,傾乕僇僀僽(惉栺),柍,330000,,2奒,1992擭12寧,嫗搒晎嫗搒巗嶳壢嬫戝戭拞彫楬挰偺戄憅屔亂37捸亃,,嫗搒晎嫗搒巗嶳壢嬫戝戭拞彫楬挰26,5000,,3.00,1.00,,,,,123.80,37.44,8812,2025/09/18,"2025/09/18 11:40","2026/07/03 10:32",帺幮,堦斒攠夘,姅幃夛幮僙儞僠儏儕乕僟僀僜乕,曱嶳,"=""06-6136-0555""",嬻桳,"2026.4.6 僆乕僫乕偺搒崌偵傛傝宖嵹掆巭

2025.10.俁丂曱嶳偝傫傛傝僆乕僫乕條傛傝岞奐嫋壜妋擣拞",6078176
憅屔,R00175-015487,,,,嫃廧拞,岞奐壜,柍,550000,,1奒,2001擭03寧,暫屔導嶰揷巗揤恄2挌栚偺戄憅屔亂98捸亃,,暫屔導嶰揷巗揤恄俀挌栚6-5,,,1210000,1815000,,,,,325.90,98.58,5579,2026/07/02,"2026/04/21 13:33","2026/07/02 17:31",愭暔(拠夘),,摗災廧寶乮姅乯,-,"=""079-563-2604""",嬻桳,捓椏DOWN60.5枩佀55枩丂2026.7.2,6691531
揦曑(寶暔堦妵),R00175-015642,,,,嬻,岞奐壜,柍,847000,,1奒,-,枃曽巗彽採杒挰1挌栚偺戄揦曑亂53捸亃,,戝嶃晎枃曽巗彽採杒挰侾挌栚2230-1,,,,,12.00,,,1829.00,178.01,53.84,15730,2026/06/23,"2026/06/23 14:40","2026/07/02 17:25",愭暔(拠夘),,姅幃夛幮僇儉僥僀,徏堜丗090-5679-6772,"=""06-6225-9557""",嬻桳,丒1嬫夋戄偟,5731138
戄抧,R00175-015616,,,,峏抧,岞奐壜,柍,380000,,奒,-,岎栰巗巹巗2挌栚偺戄抧亂217捸亃,,戝嶃晎岎栰巗巹巗俀挌栚44-1,,,2.00,2.00,,,,717.64,,217.08,1751,2026/06/15,"2026/06/15 11:34","2026/07/02 17:23",愭暔(拠夘),,乮姅乯傾僀僄僗僐乕億儗乕僔儑儞,媣曐嫳暯丗080-1511-6620,"=""072-859-8585""",,丒廧強丗巹巗2挌栚1484丄1485丄1489,5760033
揦曑帠柋強(寶暔堦妵),R00175-015594,,,,巊梡拞,岞奐壜,柍,1650000,,奒,2006擭11寧,嫗搒晎嫗搒巗壓嫗嬫墊栘挰偺戄揦曑丒帠柋強亂121捸亃,,嫗搒晎嫗搒巗壓嫗嬫娫擵挰捠惓柺壓傞墊栘挰301,33000,,,1.00,6.00,,,,402.90,121.87,13539,2026/06/08,"2026/06/08 10:48","2026/07/02 17:13",愭暔(拠夘),,捯晄摦嶻乮姅乯,-,"=""075-585-2540""",嬻桳,,6008154
憅屔,R00175-015661,,,,嬻,岞奐壜,柍,407000,,奒,1972擭07寧,栧恀巗愮愇惣挰偺戄憅屔亂130捸亃,,戝嶃晎栧恀巗愮愇惣挰6-3,,,,,3.00,2.00,,,430.00,130.07,3129,2026/08/04,"2026/06/30 13:22","2026/07/01 15:03",愭暔(拠夘),,姅幃夛幮僐僗儌晄摦嶻忣曬丂搶戝嶃巟揦,-,"=""06-6748-7110""",嬻桳,丒1-2奒晹暘,5710014
憅屔,R00175-014739,,,,嬻,傾乕僇僀僽(惉栺),柍,6479550,,奒,1997擭01寧,崅捨巗撿戝旙挰偺戄憅屔亂1309捸亃,,戝嶃晎崅捨巗撿戝旙挰33-1,,,,,3.00,,,,4328.96,1309.51,4949,2026/05/29,"2025/05/26 18:37","2026/07/01 09:12",帺幮,堦斒攠夘,姅幃夛幮僙儞僠儏儕乕僟僀僜乕,媑揷夒,"=""06-6136-0555""",嬻桳,抧嬫擭寧丗寧晄徻,5690042
憅屔,R00175-014258,,,,嬻,岞奐壜,柍,4545000,,奒,1986擭01寧,戝嶃巗廧擵峕嬫撿峘搶5挌栚偺戄憅屔亂1046捸亃,,戝嶃晎戝嶃巗廧擵峕嬫撿峘搶俆挌栚1-4,,,6.00,1.00,,,,7563.20,3214.00,972.23,4675,2026/07/16,"2024/10/11 11:00","2026/06/30 17:13",愭暔(拠夘),,乮姅乯儔僀僼僐儞僒儖僥傿儞僌,-,"=""06-4703-3300""",嬻桳,"2025.10.24丂暔妋帪丄儘僕僐儘峀崘埶棅偁傝

2025.4.3丂彜択拞
丒101丄102丄103丄203嬫夋
丒40ft僐儞僥僫幵偼NG",5590031
揦曑帠柋強(寶暔堦妵),R00175-015659,,,,嬻,岞奐壜,柍,550000,,奒,1976擭05寧,暫屔導恄屗巗拞墰嬫撿杮挰捠2挌栚偺戄揦曑丒帠柋強亂110捸亃,,暫屔導恄屗巗拞墰嬫撿杮挰捠俀挌栚2-4,,,3.00,3.00,,,,98.38,366.65,110.91,4959,2026/06/30,"2026/06/30 12:44","2026/06/30 17:00",愭暔(拠夘),,乮姅乯傾僔僞僄,-,"=""078-231-2001""",嬻桳,,6510074
揦曑帠柋強(寶暔堦妵),R00175-015663,,,,嬻,岞奐壜,柍,400000,,奒,1974擭03寧,愹嵅栰巗崅徏撿1挌栚偺戄揦曑丒帠柋強亂103捸亃,,戝嶃晎愹嵅栰巗崅徏撿侾挌栚1-11,,,,,4000000,,,572.83,341.13,103.19,3877,2026/06/30,"2026/06/30 13:50","2026/06/30 16:55",愭暔(拠夘),,姅幃夛幮傾僀儔儞僪儂乕儉,-,"=""0120-377-656""",嬻桳,,5980015
戄抧,R00175-015460,,,,峏抧,傾乕僇僀僽(惉栺),柍,300000,,奒,-,嫗搒晎敧敠巗壓撧椙崱棦偺戄抧亂194捸亃,,嫗搒晎敧敠巗壓撧椙崱棦13-19,,,,1.00,2.00,,,643.65,,194.7,1541,2026/04/09,"2026/04/09 13:33","2026/06/30 16:11",愭暔(拠夘),,娵旽寶愝乮姅乯嫗揷曈塩嬈強,-,"=""0774-66-4141""",,,6148147
憅屔,R00175-014003,,,,,傾乕僇僀僽(惉栺),柍,11598785,,奒,1973擭11寧,枼柺巗慏応搶3挌栚偺戄憅屔亂2108捸亃,,戝嶃晎枼柺巗慏応搶俁挌栚6-13,,,,,12.00,,,,6971.48,2108.87,5500,2026/04/28,"2024/05/31 14:03","2026/06/30 16:11",愭暔(拠夘),,"姅幃夛幮STORAGE WORKS",拞嶳椡憼丗090-3707-8052,"=""072-768-8616""",嬻桳,"2025.12.9丂
丒捓椏丗13918542墌仺11598785墌",5620035
戄抧,R00175-015223,,,,,岞奐壜,柍,451400,,奒,-,搶戝嶃巗壛擺5挌栚偺戄抧亂122捸亃,,戝嶃晎搶戝嶃巗壛擺俆挌栚15-6,,,1000000,1000000,,,,404.00,,122.21,3694,2026/06/30,"2025/12/19 09:48","2026/06/30 13:14",愭暔(拠夘),,懢梞僴僂僕儞僌姅幃夛幮,-,"=""072-992-1178""",,丒2026.6.30惉栺嵪仺岞奐傊,5780901
憅屔,R00175-015593,,,,嬻,傾乕僇僀僽(惉栺),柍,605000,,1奒,1991擭05寧,嫗搒晎嫗搒巗暁尒嬫媣変怷偺媨挰偺戄憅屔亂135捸亃,,嫗搒晎嫗搒巗暁尒嬫媣変怷偺媨挰13-108,,,6.00,2.00,,,,1727.04,446.40,135.03,4481,2026/06/05,"2026/06/05 11:13","2026/06/30 11:50",愭暔(拠夘),,嶰婎寶愝乮姅乯,-,"=""06-6304-0999""",嬻桳,,6128495
憅屔,R00175-015647,,,,巊梡拞,岞奐壜,柍,880000,,奒,1991擭03寧,撧椙導屼強巗戝帤姖尨偺戄憅屔亂166捸亃,,撧椙導屼強巗戝帤姖尨20-4,,,3.00,1.00,,,,2300.00,550.56,166.54,5284,2026/06/24,"2026/06/24 18:03","2026/06/30 08:57",帺幮,堦斒攠夘,姅幃夛幮僙儞僠儏儕乕僟僀僜乕,媑揷夒,"=""06-6136-0555""",嬻桳,,6392241
憅屔,R00175-015651,,,,巊梡拞,岞奐壜,柍,594594,,1奒,1989擭03寧,暫屔導恄屗巗恵杹嬫栱塰戜1挌栚偺戄憅屔亂98捸亃,,暫屔導恄屗巗恵杹嬫栱塰戜侾挌栚13-9,,,6.00,1.00,,1.00,,672.27,324.90,98.28,6050,2026/07/02,"2026/06/26 11:48","2026/06/29 16:43",愭暔(拠夘),,僀乕僜乕僐姅幃夛幮,-,"=""03-5439-9401""",,"丒1奒晹暘
仸捓椏594,594墌偱擖椡",6540161
憅屔,R00175-015649,,,,,岞奐壜,柍,990000,,奒,1989擭04寧,悂揷巗峕嶁挰2挌栚偺戄憅屔亂100捸亃,,戝嶃晎悂揷巗峕嶁挰俀挌栚17-15,,,,,6.00,,,707.43,330.60,100,9900,2026/06/26,"2026/06/26 11:18","2026/06/29 16:40",愭暔(拠夘),,姅幃夛幮僱僋僗僩僗僥乕僕,-,"=""06-6190-6533""",嬻桳,,5640063
岺応,R00175-015511,,,,,岞奐壜,柍,825000,,奒,2000擭07寧,戝嶃巗忛搶嬫塱揷2挌栚偺戄岺応亂113捸亃,,戝嶃晎戝嶃巗忛搶嬫塱揷俀挌栚2-19,,,,2.00,3.00,,,330.60,373.92,113.11,7294,2026/08/04,"2026/05/08 15:02","2026/06/29 16:14",愭暔(拠夘),,姅幃夛幮僐僗儌晄摦嶻忣曬丂搶戝嶃巟揦,怷壓丗090-4493-8570,"=""06-6748-7110""",,"2026.6.29
丒捓椏丗75枩墌仺82.5枩墌
丒晘嬥丗225枩墌仺柍偟
丒楃嬥丗150枩墌仺2儢寧
丒曐徹嬥丗柍偟仺3偐寧",5360022
憅屔,R00175-015443,,,,嬻,岞奐壜,柍,356400,,奒,2025擭11寧,堬栘巗忋孲2挌栚偺戄憅屔亂35捸亃,,戝嶃晎堬栘巗忋孲俀挌栚7-26,,,2.00,2.00,,,,1037.06,116.61,35.27,10104,2026/06/23,"2026/04/02 13:36","2026/06/29 16:09",愭暔(拠夘),,姅幃夛幮僗儁乕僗丒儕乕僟乕,-,"=""06-6310-7510""",嬻桳,"2026.4.20
2,3,4斣曞廤拞

丒WEST",5670065
憅屔,R00175-015078,,,,嬻,岞奐壜,柍,462000,,奒,1978擭01寧,嶄巗拞嬫敧揷惣挰2挌偺戄憅屔亂120捸亃,,戝嶃晎嶄巗拞嬫敧揷惣挰俀挌18-18,,,2.00,1.00,,,,625.00,398.00,120.39,3838,2026/06/29,"2025/10/20 13:56","2026/06/29 16:07",愭暔(拠夘),,嶰婎寶愝乮姅乯,-,"=""06-6304-0999""",嬻桳,"捓椏DOWN47.3枩仺46.2枩

捓椏DOWN係俋丏俀枩佀47.3枩丂2025.11.26",5998265
憅屔,R00175-015637,,,,嬻,岞奐壜,柍,330000,,1奒,2026擭06寧,戝嶃巗搶惉嬫怺峕撿3挌栚偺戄憅屔亂13捸亃,,戝嶃晎戝嶃巗搶惉嬫怺峕撿俁挌栚20-13,,,660000,660000,,,,95.16,43.47,13.14,25096,2026/06/23,"2026/06/23 13:19","2026/06/29 15:54",愭暔(拠夘),,乮桳乯塰彜帠,-,"=""06-6962-1044""",嬻桳,,5370002
憅屔,R00175-015638,,,,嬻,岞奐壜,柍,650000,,奒,1994擭08寧,戝嶃巗搶惉嬫戝崱棦2挌栚偺戄憅屔亂144捸亃,,戝嶃晎戝嶃巗搶惉嬫戝崱棦俀挌栚7-14,,,1.00,3.00,,,,,477.00,144.29,4505,2026/06/23,"2026/06/23 13:30","2026/06/29 15:51",愭暔(拠夘),,怷擵媨晄摦嶻(姅),-,"=""06-6941-8221""",嬻桳,丒1-3奒堦晹暘,5370012
岺応,R00175-015644,,,,嬻,岞奐壜,柍,880000,,奒,1972擭10寧,戝嶃巗梽愳嬫嶰捗壆拞3挌栚偺戄岺応亂136捸亃,,戝嶃晎戝嶃巗梽愳嬫嶰捗壆拞俁挌栚10-22,,,1000000,2200000,,,,,451.44,136.56,6445,2026/06/24,"2026/06/24 10:06","2026/06/29 15:49",愭暔(拠夘),,僲僀僴僂僗乮姅乯,-,"=""06-6396-1300""",嬻桳,,5320036
憅屔,R00175-015631,,,,巊梡拞,岞奐壜,柍,660000,,奒,1951擭01寧,戝嶃巗楺懍嬫嶗愳俀挌栚偺戄憅屔亂90捸亃,,戝嶃晎戝嶃巗楺懍嬫嶗愳俀挌栚6-17,,,3.00,1.10,,,,141.88,298.84,90.39,7301,2026/06/22,"2026/06/19 18:03","2026/06/29 15:42",帺幮,堦斒攠夘,姅幃夛幮僙儞僠儏儕乕僟僀僜乕,拞愳,"=""06-6136-0555""",柍,,5560022
岺応,R00175-015463,,,,嬻,傾乕僇僀僽(惉栺),柍,770000,,奒,1981擭11寧,暫屔導昉楬巗崄帥挰媣敤偺戄岺応亂247捸亃,,暫屔導昉楬巗崄帥挰媣敤11,,,1.00,1.00,,,,1610.00,816.55,247,3118,2026/06/26,"2026/04/10 10:21","2026/06/26 16:00",愭暔(拠夘),,杒嶳嶻嬈乮姅乯,-,"=""0790-23-1310""",,,6792167
憅屔,R00175-015482,,,,嬻,岞奐壜,柍,825000,,奒,1970擭10寧,戝嶃巗忛搶嬫搶拞昹5挌栚偺戄憅屔,,戝嶃晎戝嶃巗忛搶嬫搶拞昹俆挌栚9-7,,,3.00,2.00,,,,,970.57,293.59,2810,2026/06/26,"2026/04/20 12:01","2026/06/26 16:00",愭暔(拠夘),,僄僗儕乕僪捓戄乮姅乯,僩僉僔僎丗080-3382-9691,"=""06-6345-1842""",,"2026.6.26 壖怽偟崬傒桳",5360023
憅屔,R00175-015458,,,,嬻,岞奐壜,柍,350000,,1奒,1985擭02寧,娸榓揷巗惣擵撪挰偺戄憅屔亂44捸亃,,戝嶃晎娸榓揷巗惣擵撪挰59-30,,,2.00,1.00,,,,,145.50,44.01,7953,2026/06/26,"2026/04/09 13:08","2026/06/26 15:59",愭暔(拠夘),,俲俷俽俿倀俢俬俷乮姅乯戝嶃杮幮,-,"=""06-7502-1201""",柍,"2026.6.26丂
丒捓椏丗38.5枩墌仺35枩墌",5960044
戄抧,R00175-014122,,,,峏抧,傾乕僇僀僽(惉栺),柍,330000,,奒,-,娸榓揷巗愊愳挰偺戄抧亂222捸亃,,戝嶃晎娸榓揷巗愊愳挰53-1,,,,1.00,,,,735.79,,222.57,1483,2026/06/26,"2024/07/30 13:15","2026/06/26 15:57",愭暔(拠夘),,僄僺僢僋儂乕儉僘,-,"=""072-260-4613""",,2026.4.23丂彜択拞丄偐側傝屌偄偑2斣庤壜,5960104
憅屔,R00175-015500,,,,,傾乕僇僀僽(惉栺),柍,682000,,奒,1995擭09寧,敧旜巗懢揷怴挰2挌栚偺戄岺応亂126捸亃,,戝嶃晎敧旜巗懢揷怴挰俀挌栚103-1,,,,3.00,3.00,,,402.51,418.44,126.57,5388,2026/06/26,"2026/04/28 09:34","2026/06/26 15:55",愭暔(拠夘),,姅幃夛幮僗儅僀儖儂乕儉,僐僂,"=""06-4708-7328""",嬻桳,,5810039
憅屔,R00175-015230,,,,嬻,傾乕僇僀僽(惉栺),柍,1800000,,奒,1973擭06寧,戝嶃巗楺懍嬫栘捗愳1挌栚偺戄憅屔亂281捸亃,,戝嶃晎戝嶃巗楺懍嬫栘捗愳侾挌栚10-3,,,2.00,2.00,,,,,930.12,281.36,6398,2026/06/26,"2025/12/23 10:52","2026/06/26 15:53",愭暔(拠夘),,乮姅乯俧俷俴俢丂俲俤倄,-,"=""06-6167-8888""",嬻桳,"2026.4.27
彜択拞丄2斣庤曞廤壜",5560027
戄抧,R00175-015215,,,,峏抧,傾乕僇僀僽(惉栺),柍,1000000,,奒,-,榓愹巗暯堜挰偺戄抧亂705捸亃,,戝嶃晎榓愹巗暯堜挰322-1,,,,1000000,5000000,,,2333.00,,705.73,1417,2026/06/26,"2025/12/16 11:57","2026/06/26 15:48",愭暔(拠夘),,乮姅乯岝怢,-,"=""0725-22-1919""",,,5941115
憅屔,R00175-015143,,,,嬻,傾乕僇僀僽(惉栺),柍,550000,,奒,1994擭01寧,愹戝捗巗杒朙拞挰2挌栚偺戄憅屔亂184捸亃,,戝嶃晎愹戝捗巗杒朙拞挰俀挌栚2-5,,,3000000,,,,,231.41,609.09,184.24,2986,2026/04/27,"2025/11/13 13:32","2026/06/26 15:46",愭暔(拠夘),,姅幃夛幮僀儅僗丂棳捠帠嬈晹,-,"=""06-6209-7373""",嬻桳,,5950012
憅屔,R00175-014515,,,,巊梡拞,傾乕僇僀僽(惉栺),柍,715000,,奒,1992擭10寧,嫗搒晎嫗搒巗撿嬫媑徦堾搱愳尨揷挰偺戄憅屔亂99捸亃,,嫗搒晎嫗搒巗撿嬫媑徦堾搱愳尨揷挰18,,,3900000,1430000,,,,335.00,330.44,99.95,7153,2026/04/14,"2025/02/06 14:00","2026/06/26 15:46",愭暔(拠夘),,姅幃夛幮僀儅僗丂棳捠帠嬈晹,-,"=""06-6209-7373""",嬻桳,"2026丏4.14丂晘嬥UP丂360枩佀390枩丂丂楃嬥UP丂132枩佀143枩
丂丂丂丂丂丂丂

NET晄壜",6018379
憅屔,R00175-014992,,,,嬻,傾乕僇僀僽(惉栺),柍,2455603,,奒,1997擭01寧,嶄巗拞嬫栄寠挰偺戄憅屔亂1364捸亃,,戝嶃晎嶄巗拞嬫栄寠挰73-3,,,6.00,1.00,,1.00,,2702.33,1995.42,603.61,4069,2026/04/27,"2025/09/11 11:46","2026/06/26 15:44",愭暔(拠夘),,僀乕僜乕僐姅幃夛幮,-,"=""03-5439-9401""",,"2026.4.27
丒捓椏丗580枩墌仺245.5603枩墌
丒愱桳柺愊丗4509.76噓佀1995.42噓

2026.3.5
丒捓椏丗671枩墌仺580枩墌",5998266
憅屔,R00175-015505,,,,嬻,傾乕僇僀僽(惉栺),柍,1968379,,2奒,1997擭01寧,嶄巗拞嬫栄寠挰偺戄憅屔亂483捸亃,,戝嶃晎嶄巗拞嬫栄寠挰73-3,,,6.00,1.00,,1.00,,2702.33,1599.50,483.84,4069,2026/04/28,"2026/04/28 14:00","2026/06/26 15:44",愭暔(拠夘),,僀乕僜乕僐姅幃夛幮,-,"=""03-5439-9401""",,丒2奒晹暘,5998266
岺応,R00175-015354,,,,嬻,傾乕僇僀僽(惉栺),柍,825000,,奒,1989擭08寧,摗堜帥巗彫嶳7挌栚偺戄岺応亂341捸亃,,戝嶃晎摗堜帥巗彫嶳俈挌栚7-7,,,8.00,,,,,,1128.47,341.36,2417,2026/06/26,"2026/02/24 13:04","2026/06/26 15:41",愭暔(拠夘),,乮姅乯僕儏儞僐儈儏僯僥傿,-,"=""06-6244-6505""",嬻桳,,5830033
揦曑帠柋強(寶暔堦妵),R00175-013939,,,,嬻,傾乕僇僀僽(惉栺),柍,550000,,奒,2011擭10寧,嫗搒晎塅帯巗塅帯堧斣偺戄揦曑丒帠柋強亂30捸亃,,嫗搒晎塅帯巗塅帯堧斣19-1,,,,,3300000,,1.00,302.50,99.40,30.06,18292,2026/06/26,"2024/04/18 13:34","2026/06/26 15:40",愭暔(拠夘),,徏峗晄摦嶻乮桳乯,-,"=""0774-20-8577""",嬻桳,"2026.4.28
彜択拞丅2斣庤偺壜斲娷傔徻嵶偼尦晅偵傕傢偐傜側偄偲偺偙偲丅",6110021
揦曑帠柋強(寶暔堦妵),R00175-015284,,,,嬻,傾乕僇僀僽(惉栺),柍,495000,,奒,2002擭01寧,嫗搒晎嫗搒巗忋嫗嬫屲捯挰偺戄揦曑丒帠柋強亂76捸亃,,嫗搒晎嫗搒巗忋嫗嬫屲捯捠戝媨惣擖屲捯挰80-1,,,,,1500000,,110000,221.78,254.24,76.9,6437,2026/06/26,"2026/01/20 15:56","2026/06/26 15:39",愭暔(拠夘),,庨悵晄摦嶻乮姅乯,-,"=""075-417-4577""",嬻桳,,6028446
憅屔,R00175-014854,,,,,傾乕僇僀僽(惉栺),柍,650000,,奒,-,愹嵅栰巗撿拞埨徏偺戄憅屔亂275捸亃,,戝嶃晎愹嵅栰巗撿拞埨徏1597-1,,,6.00,2.00,,,,,909.74,275.19,2362,2026/06/26,"2025/07/01 14:36","2026/06/26 15:36",愭暔(拠夘),,姅幃夛幮僕乕僾儖,-,"=""06-4300-3494""",,"2025.10.31
丒捓椏丗77枩墌仺65枩墌(惻崬傒)",5980033
岺応,R00175-015222,,,,嬻,傾乕僇僀僽(惉栺),柍,638000,,奒,1962擭10寧,戝嶃巗梽愳嬫揷愳2挌栚偺戄岺応亂82捸亃,,戝嶃晎戝嶃巗梽愳嬫揷愳俀挌栚5-38,,,3.00,2.00,,,,,273.27,82.66,7718,2026/04/27,"2025/12/18 11:16","2026/06/26 15:27",愭暔(拠夘),,傾儖僗僥儔乮姅乯,-,"=""06-6330-8100""",柍,"2026.4.27
忦審曄峏丗
晘堷丄曐徹嬥佀婰嵹側偟
揝崪憿佀寉検揝崪憿",5320027
岺応,R00175-015467,,,,嬻,傾乕僇僀僽(惉栺),柍,300000,,奒,1970擭12寧,搶戝嶃巗怷壨撪惣俀挌栚偺戄岺応亂59捸亃,,戝嶃晎搶戝嶃巗怷壨撪惣俀挌栚13-12,,,3.00,2.00,,,,,198.15,59.94,5005,2026/04/14,"2026/04/14 10:29","2026/06/26 13:54",愭暔(拠夘),,姅幃夛幮嫽塰彜帠,-,"=""06-6783-5136""",柍,,5770061
岺応,R00175-015100,,,,嬻,傾乕僇僀僽(惉栺),柍,495000,,奒,1989擭12寧,敧旜巗懢揷怴挰7挌栚偺戄岺応亂95捸亃,,戝嶃晎敧旜巗懢揷怴挰俈挌栚150,,,,3.00,1000000,,,171.75,314.36,95.09,5206,2026/06/26,"2025/10/28 11:59","2026/06/26 13:45",愭暔(拠夘),,乮姅乯僙儖僼傿乕儂乕儉,-,"=""072-949-2700""",,,5810039
憅屔,R00175-014319,,,,嬻,傾乕僇僀僽(惉栺),柍,770000,,奒,1969擭01寧,敧旜巗撿栘偺杮1挌栚偺戄憅屔亂105捸亃,,戝嶃晎敧旜巗撿栘偺杮侾挌栚74,,,,4.00,,,,,350.16,105.92,7270,2026/04/21,"2024/11/07 14:34","2026/06/26 13:45",愭暔(拠夘),,姅幃夛幮僩僠僞僥價儖僨傿儞僌,嵅乆栘丗080-9741-9625,"=""06-6975-7780""",嬻桳,"2026.4.21丂彜択拞丄2斣庤曞廤壜

2026.1.29丂
丒捓椏丗82.5枩墌仺77枩墌
丒尦晅丗媑懞彜帠仺僩僠僞僥價儖僨傿儞僌

2025.11.5
丒捓椏丗90.2枩墌仺82.5枩墌
丒尦晅丗Home Quest仺媑懞彜帠",5810042
戄抧,R00175-013706,,,,偦偺懠,傾乕僇僀僽(惉栺),柍,515000,,奒,-,崅捨巗戝帤撧嵅尨偺戄抧亂429捸亃,,"戝嶃晎崅捨巗戝帤撧嵅尨340,339,340,341-1,340-1,19-3,19-8,341-3",,,,3.00,2.00,,,1419.50,,429.39,1200,2026/06/26,"2024/01/17 11:29","2026/06/26 13:43",愭暔(拠夘),,崅捨搚抧姅幃夛幮,-,"=""072-668-5767""",,"2026.2.12丂惉栺仺暅妶
丒捓椏丗51.6枩墌仺51.5枩墌",5691041
憅屔,R00175-015383,,,,嬻,傾乕僇僀僽(惉栺),柍,385000,,1奒,1963擭01寧,戝嶃巗惣惉嬫娸棦2挌栚偺戄憅屔亂42捸亃,,戝嶃晎戝嶃巗惣惉嬫娸棦俀挌栚2-1,,,,2.00,,,,334.65,141.35,42.75,9005,2026/06/26,"2026/03/11 11:16","2026/06/26 13:42",愭暔(拠夘),,乮姅乯彔,-,"=""06-6655-6711""",柍,,5570041
憅屔,R00175-015294,,,,,傾乕僇僀僽(惉栺),柍,1562000,,奒,-,戝嶃巗楺懍嬫嶗愳1挌栚偺戄憅屔亂285捸亃,,戝嶃晎戝嶃巗楺懍嬫嶗愳侾挌栚4-20,,,2000000,1562000,,,,,944.96,285.85,5465,2026/06/26,"2026/01/23 11:10","2026/06/26 13:41",愭暔(拠夘),,揷拞嶻嬈乮姅乯,-,"=""06-6761-1001""",嬤桳,憭媀応壜擻,5560022
憅屔,R00175-015329,,,,嬻,傾乕僇僀僽(惉栺),柍,1320000,,奒,2007擭06寧,愛捗巗撿暿晎挰偺戄憅屔亂239捸亃,,戝嶃晎愛捗巗撿暿晎挰7-19,,,2.00,2.00,,,,628.00,790.46,239.11,5521,2026/06/26,"2026/02/12 10:19","2026/06/26 13:38",愭暔(拠夘),,擔偺弌寶愝乮姅乯,-,"=""06-6260-5568""",嬻桳,,5660045
憅屔,R00175-015397,,,,,岞奐壜,桳,825000,,1奒,1969擭09寧,戝嶃巗搶惉嬫戝崱棦惣1挌栚偺戄憅屔亂101捸亃,,戝嶃晎戝嶃巗搶惉嬫戝崱棦惣侾挌栚1-19,,,,,7500000,,,415.27,335.77,101.57,8123,2026/06/26,"2026/03/17 13:45","2026/06/26 13:34",愭暔(拠夘),,乮姅乯擔杮僾儘僷僥傿,-,"=""06-6747-9552""",,,5370014
憅屔,R00175-015338,,,,嬻,傾乕僇僀僽(惉栺),柍,880000,,1奒,1985擭04寧,搶戝嶃巗旽峕1挌栚偺戄憅屔亂246捸亃,,戝嶃晎搶戝嶃巗旽峕侾挌栚28-25,,,3.00,2.00,,,,,814.31,246.32,3573,2026/04/20,"2026/02/18 13:18","2026/06/26 13:31",愭暔(拠夘),,姅幃夛幮僩僠僞僥價儖僨傿儞僌,-,"=""06-6975-7780""",,,5780984
憅屔,R00175-015426,,,,嬻,傾乕僇僀僽(惉栺),柍,440000,,1奒,1985擭01寧,戝嶃巗惗栰嬫扚拞2挌栚偺戄憅屔亂86捸亃,,戝嶃晎戝嶃巗惗栰嬫扚拞俀挌栚18-5,,,3.00,1.50,,,,453.02,284.38,86.02,5115,2026/04/09,"2026/03/27 10:12","2026/06/26 13:28",愭暔(拠夘),,姅幃夛幮僩僠僞僥價儖僨傿儞僌,-,"=""06-6975-7780""",嬻桳,"2026.4.9 1擭側偳抁婜宊栺偼晄壜丅擇斣庤埲崀曞廤拞

丒B嬫夋",5440013
憅屔,R00175-015395,,,,嬻,傾乕僇僀僽(惉栺),柍,440000,,奒,1986擭05寧,戝搶巗昘栰3挌栚偺戄憅屔亂108捸亃,,戝嶃晎戝搶巗昘栰俁挌栚13-8,,,3.00,2.00,,,,,359.92,108.87,4042,2026/04/20,"2026/03/17 13:20","2026/06/26 13:26",愭暔(拠夘),,姅幃夛幮僩僠僞僥價儖僨傿儞僌,-,"=""06-6975-7780""",嬻桳,,5740062
岺応,R00175-015212,,,,嬻,岞奐壜,柍,350000,,奒,2017擭01寧,奓捤巗撿挰偺戄岺応亂42捸亃,,戝嶃晎奓捤巗撿挰8-9,,,2.00,2.00,,,,,140.00,42.35,8265,2026/06/26,"2025/12/16 10:57","2026/06/26 13:19",愭暔(拠夘),,乮姅乯僙儗僋僩,-,"=""072-431-9796""",,"2026.6.26
丒捓椏丗38.5枩墌仺35枩墌",5970005
戄抧,R00175-015202,,,,峏抧,岞奐壜,柍,297000,,奒,-,暫屔導恄屗巗杒嬫桳栰挰搨烠偺戄抧亂136捸亃,,暫屔導恄屗巗杒嬫桳栰挰搨烠2999-3,,,,2.00,,,,451.17,,136.47,2177,2026/06/26,"2025/12/12 14:08","2026/06/26 13:11",愭暔(拠夘),,乮姅乯僷儚乕僒億乕僩,-,"=""078-907-6664""",,"2026.6.26
丒捓椏丗33枩墌仺29.7枩墌",6511331
憅屔,R00175-015474,,,,嬻,傾乕僇僀僽(惉栺),柍,770000,,奒,1998擭06寧,戝嶃巗廧擵峕嬫暯椦杒侾挌栚偺戄憅屔亂145捸亃,,戝嶃晎戝嶃巗廧擵峕嬫暯椦杒侾挌栚2,11000,,2.00,1.00,,,,,479.94,145.18,5304,2026/06/26,"2026/04/14 16:50","2026/06/26 10:09",愭暔(拠夘),,MS僯儏乕儅儞姅幃夛幮丂僇僀儞僪僴僂僕儞僌廧擵峕岞墍揦,-,"=""06-6681-7501""",嬻桳,"2026.6.22 1斣庤彜択偁傝丂2斣庤晄壜",5590026
岺応,R00175-015635,,,,嬻,岞奐壜,柍,1430000,,1奒,1984擭10寧,怮壆愳巗朙棦挰偺戄岺応亂129捸亃,,戝嶃晎怮壆愳巗朙棦挰30-15,,,,,3.00,1.00,,2228.00,427.20,129.22,11066,2026/07/23,"2026/06/23 11:50","2026/06/25 13:30",愭暔(拠夘),,姅幃夛幮柧惎,-,"=""072-835-6606""",嬻柍,,5720071
揦曑帠柋強(寶暔堦妵),R00175-015641,,,,嬻,岞奐壜,柍,1118040,,奒,2008擭11寧,嶄巗撿嬫怴瀢旜戜4挌偺戄揦曑丒帠柋強亂154捸亃,,戝嶃晎嶄巗撿嬫怴瀢旜戜係挌50-2,,,5.00,,,,,,510.00,154.27,7248,2026/06/23,"2026/06/23 14:24","2026/06/25 13:24",愭暔(拠夘),,側偛傒晄摦嶻,-,"=""072-370-0001""",嬻桳,"丒攧攦偁傝丗B00175-000919
",5900143
揦曑帠柋強(寶暔堦晹),R00175-015646,,,,嬻,岞奐壜,柍,407700,,1奒,2002擭01寧,暫屔導恄屗巗惣嬫堜悂戜搶挰4挌栚偺戄揦曑丒帠柋強亂28捸亃,,暫屔導恄屗巗惣嬫堜悂戜搶挰係挌栚21-3,,,,504000,917300,,,,94.00,28.43,14338,2026/06/24,"2026/06/24 10:35","2026/06/25 13:20",愭暔(拠夘),,乮姅乯僙儞僞乕僒乕價僗,-,"=""078-739-0080""",嬻桳,,6512242
戄抧,R00175-015445,,,,峏抧,岞奐壜,柍,2000000,,奒,-,榓壧嶳導婭偺愳巗懪揷偺戄抧亂2748捸亃,,榓壧嶳導婭偺愳巗懪揷1133,,,,,4.00,,,9086.00,,2748.51,728,2026/06/12,"2026/04/03 11:24","2026/06/25 10:20",愭暔(拠夘),,乮姅乯懽寶,-,"=""073-433-0247""",,"2026񒢉2
尰嵼帒嵽抲応偲偟偰抦傝崌偄偵戄偝傟偰偄傞偦偆偱偡丅2-3偐寧傎偳屻偐傜堷搉偟壜擻",6496414
戄抧,R00175-015523,,,,峏抧,岞奐壜,柍,420000,,奒,-,榓壧嶳導婭偺愳巗柤庤惣栰偺戄抧亂714捸亃,,榓壧嶳導婭偺愳巗柤庤惣栰302-1,,,,2.00,,,,2360.46,,714.03,589,2026/06/22,"2026/05/11 14:05","2026/06/25 10:15",愭暔(拠夘),,杧杮抧強崌摨夛幮,-,"=""0747-22-5111""",,,6496621
戄抧,R00175-015521,,,,,岞奐壜,柍,560000,,奒,-,岎栰巗惎揷杒俇挌栚偺戄抧亂312捸亃,,戝嶃晎岎栰巗惎揷杒俇挌栚5000,,,6.00,2.00,,,,1032.76,,312.4,1793,2026/08/04,"2026/05/11 13:22","2026/06/25 09:06",愭暔(拠夘),,嶰婎寶愝乮姅乯,-,"=""06-6304-0999""",,,5760017
揦曑(寶暔堦妵),R00175-014542,,,,嬻,傾乕僇僀僽(惉栺),柍,550000,,奒,-,暫屔導昉楬巗忺杹嬫垻惉怉栘偺戄揦曑亂105捸亃,,暫屔導昉楬巗忺杹嬫垻惉怉栘825-1,,,2.00,1.00,,,,1093.44,350.31,105.96,5191,2026/06/23,"2025/02/21 10:27","2026/06/23 16:41",愭暔(拠夘),,乮桳乯儎儅儌僩,-,"=""079-234-8049""",嬻桳,,6728030
揦曑(寶暔堦妵),R00175-015058,,,,嬻,岞奐壜,柍,1100000,,奒,2014擭05寧,嫗搒晎嫗搒巗嵍嫗嬫嶳抂愳娸挰偺戄揦曑亂59捸亃,,嫗搒晎嫗搒巗嵍嫗嬫嶳抂愳娸挰43,,,,,6.00,,,1120.74,198.00,59.89,18366,2026/07/06,"2025/10/07 15:30","2026/06/23 16:34",愭暔(拠夘),,乮姅乯僾儗僛儞僗,-,"=""075-744-1806""",嬻桳,"2026.6.23
彜択拞丂2斣庤曞廤壜",6068005
岺応,R00175-015324,,,,嬻,傾乕僇僀僽(惉栺),柍,330000,,奒,1980擭01寧,嫗搒晎媣悽孲媣屼嶳挰嵅嶳怴奐抧偺戄岺応亂58捸亃,,嫗搒晎媣悽孲媣屼嶳挰嵅嶳怴奐抧267-1,,,,,6.00,,330000,,194.54,58.84,5608,2026/04/07,"2026/02/10 13:48","2026/06/23 16:32",愭暔(拠夘),,僨傿儔儞僪嶳嫗儕乕僗乮姅乯,-,"=""0774-20-5115""",嬻桳,,6130034
岺応,R00175-015305,,,,嬻,傾乕僇僀僽(惉栺),柍,308000,,奒,1998擭10寧,嫗搒晎嫗搒巗暁尒嬫抾揷惣抜愳尨挰偺戄岺応亂43捸亃,,嫗搒晎嫗搒巗暁尒嬫抾揷惣抜愳尨挰149,,5500,,,6.00,,308000,,144.95,43.84,7025,2026/04/13,"2026/02/02 10:24","2026/06/23 16:32",愭暔(拠夘),,僨傿儔儞僪嶳嫗儕乕僗乮姅乯,-,"=""0774-20-5115""",嬻桳,"丒3崋
怽偟崬傒侾審偁傝丂丂2026.3.6",6128429
戄抧,R00175-015233,,,,,岞奐壜,柍,524400,,奒,-,堬栘巗埣愳5挌栚偺戄抧亂476捸亃,,戝嶃晎堬栘巗埣愳俆挌栚8,,,2.00,2.00,,,,1576.00,,476.74,1100,2026/08/03,"2025/12/23 11:50","2026/06/23 16:29",愭暔(拠夘),,娵枴彜帠乮姅乯,-,"=""072-635-7121""",,"戝宆幵亊

丒廧強丗埣愳5挌栚370-1丄370-2",5670831
憅屔,R00175-014941,,,,嫃廧拞,傾乕僇僀僽(惉栺),柍,990000,,奒,1998擭10寧,暫屔導扥攇巗惵奯挰戲栰偺戄憅屔亂356捸亃,,暫屔導扥攇巗惵奯挰戲栰614,,,1.00,2.00,,,,1968.50,1178.40,356.46,2778,2026/06/23,"2025/08/08 10:34","2026/06/23 16:27",愭暔(拠夘),,乮姅乯椾嶳僄僗僥乕僩,-,"=""0795-86-8909""",,"丒廧強丗戲栰614丄615-5
仸攧攦丗B00175-000860",6693842
岺応,R00175-014996,,,,嬻,傾乕僇僀僽(惉栺),柍,350000,,奒,1969擭04寧,暫屔導嶰揷巗壓堜戲偺戄岺応亂89捸亃,,暫屔導嶰揷巗壓堜戲288-1,,,100000.00,2.00,,,,1031.40,296.52,89.69,3903,2026/06/23,"2025/09/11 13:19","2026/06/23 16:23",愭暔(拠夘),,嶳杮搚抧寶暔,-,"=""079-563-0717""",嬻桳,"2026.4.20
曐徹嬥丗1000000仺侽
楃嬥丗1000000仺700000
晘嬥丗侽仺100000",6691315
憅屔,R00175-015530,,,,嬻,傾乕僇僀僽(惉栺),柍,330000,,1奒,1968擭03寧,戝嶃巗戝惓嬫彫椦惣1挌栚偺戄憅屔亂54捸亃,,戝嶃晎戝嶃巗戝惓嬫彫椦惣侾挌栚3-18,,,,,1500000,,,289.35,181.00,54.75,6028,2026/05/12,"2026/05/12 13:36","2026/06/23 15:47",愭暔(拠夘),,僩儈僫僈抧嶻丂,-,"=""06-6552-0360""",,丒1-2奒晹暘,5510013
憅屔,R00175-015468,,,,嬻,傾乕僇僀僽(惉栺),柍,330000,,奒,1970擭10寧,暫屔導埳扥巗杒埳扥2挌栚偺戄憅屔亂80捸亃,,暫屔導埳扥巗杒埳扥俀挌栚6,,,2.00,,,,,204.96,267.67,80.97,4076,2026/04/14,"2026/04/14 11:57","2026/06/23 14:54",愭暔(拠夘),,儂乕儉僗僥乕僕乮姅乯,-,"=""072-772-5411""",柍,丒攧攦偁傝丗B00175-000937,6640831
憅屔,R00175-014887,,,,嬻,傾乕僇僀僽(惉栺),柍,935000,,奒,1987擭03寧,暫屔導壛搶巗忋拞俁挌栚偺戄憅屔亂387捸亃,,暫屔導壛搶巗忋拞俁挌栚81,,,3.00,2.00,,,,1272.99,1279.80,387.13,2416,2026/03/05,"2025/07/15 16:02","2026/06/23 14:28",帺幮,堦斒攠夘,姅幃夛幮僙儞僠儏儕乕僟僀僜乕,曱嶳,"=""06-6136-0555""",嬻桳,"慜柺摴楬丗俇倣(幚應)
1奒偺傒憅屔嬈搊榐嵪傒丂2奒偼嶌嬈強",6731464
戄抧,R00175-015247,,,,峏抧,傾乕僇僀僽(惉栺),柍,500000,,奒,-,娸榓揷巗摗堜挰3挌栚偺戄抧亂534捸亃,,戝嶃晎娸榓揷巗摗堜挰俁挌栚2,,,,,1500000,,,1767.82,,534.76,935,2026/05/08,"2026/01/05 12:02","2026/06/23 13:57",愭暔(拠夘),,桳峆嶻嬈姅幃夛幮,-,"=""072-437-2228""",,2026.5.8丂彜択拞丄擇斣庤壜擻,5960046
岺応,R00175-015180,,,,嬻,傾乕僇僀僽(惉栺),柍,429000,,奒,1990擭04寧,嫗搒晎嫗揷曈巗戝廧抮搰偺戄岺応亂86捸亃,,嫗搒晎嫗揷曈巗戝廧抮搰6,,,1000000,500000,,,,270.02,286.80,86.75,4945,2026/04/27,"2025/12/01 11:24","2026/06/23 13:08",愭暔(拠夘),,傾乕僶儞僄僗僥乕僩,-,"=""075-602-3003""",嬻桳,"2026.4.21
侾丆俀斣庤彜択拞丅侾斣庤偐側傝慜岦偒
俁斣庤偱偺曞廤壜",6100343
憅屔,R00175-014508,,,,,傾乕僇僀僽(惉栺),柍,490000,,奒,1996擭01寧,暫屔導昉楬巗忺杹嬫嵢幁偺戄憅屔亂123捸亃,,暫屔導昉楬巗忺杹嬫嵢幁1425-2,,,2.00,2.00,,,,661.38,409.18,123.77,3959,2026/04/16,"2025/02/03 15:01","2026/06/23 11:58",愭暔(拠夘),,乮姅乯儔僀僼儗僢僋僗,-,"=""072-645-6668""",嬻桳,"2025.12.16
丒捓椏丗595,650墌仺49枩墌

2025.10.27
丒捓椏丗66枩墌仺595,650墌

丒応強丗僌乕僌儖儅僢僾偱偼丄嵢幁1425-2
丒抧斣丗嵢幁1425-9
丒攧攦偁傝丗B00175-00760

2025.6丏12丂捓椏曄峏仺595,650",6728031
憅屔,R00175-015475,,,,嬻,傾乕僇僀僽(惉栺),柍,425700,,奒,2003擭01寧,暫屔導擈嶈巗晉徏挰1挌栚偺戄憅屔亂27捸亃,,暫屔導擈嶈巗晉徏挰侾挌栚21-8,,,,851400,774000,,,583.38,92.56,27.99,15204,2026/04/15,"2026/04/15 10:04","2026/06/23 11:54",愭暔(拠夘),,姅幃夛幮僺乕傾僀僄乕,-,"=""06-6438-5511""",嬻桳,,6610003
揦曑(寶暔堦妵),R00175-015266,,,,巊梡拞,傾乕僇僀僽(惉栺),柍,300000,,1奒,2004擭01寧,暫屔導昉楬巗崄帥挰恵壛堾偺戄揦曑亂40捸亃,,暫屔導昉楬巗崄帥挰恵壛堾14-27,,,,2.00,,,,688.56,132.50,40.08,7485,2026/04/13,"2026/01/14 11:59","2026/06/23 11:33",愭暔(拠夘),,乮姅乯惤怱晄摦嶻丂昉楬塸夑曐揦,-,"=""079-263-8322""",嬻桳,,6792132
戄抧,R00175-015431,,,,峏抧,傾乕僇僀僽(惉栺),柍,770000,,奒,-,敧旜戞俈戄抧亂410捸亃,,戝嶃晎敧旜巗暈晹愳俆挌栚48,,,4.00,2.00,,,,1357.27,,410.57,1876,2026/06/23,"2026/03/27 17:04","2026/06/23 10:23",帺幮,堦斒攠夘,姅幃夛幮僙儞僠儏儕乕僟僀僜乕,媑揷夒,"=""06-6136-0555""",,媑揷夒偝傫SB岓曗,5810865
揦曑(寶暔堦妵),R00175-015625,,,,巊梡拞,岞奐壜,柍,1430000,,1奒,2006擭09寧,怮壆愳巗懳攏峕搶挰偺戄揦曑亂75捸亃,,戝嶃晎怮壆愳巗懳攏峕搶挰6-40,,,,2600000,1300000,,,,249.97,75.61,18912,2026/06/17,"2026/06/17 10:43","2026/06/22 17:48",愭暔(拠夘),,乮姅乯傾儞價僔儍僗儂乕儉,-,"=""072-834-2981""",嬻桳,,5720064
憅屔,R00175-015617,,,,嫃廧拞,岞奐壜,柍,2970000,,奒,1968擭11寧,搶戝嶃巗崅堜揷拞2挌栚偺戄憅屔亂528捸亃,,戝嶃晎搶戝嶃巗崅堜揷拞俀挌栚2-27,,,,5940000,10000000,,,1196.07,1747.54,528.63,5619,2026/06/15,"2026/06/15 11:46","2026/06/22 17:44",愭暔(拠夘),,乮桳乯桳夎婇夋,-,"=""06-6972-1919""",嬻桳,,5770065
價儖,R00175-014492,,,,巊梡拞,傾乕僇僀僽(惉栺),柍,1430000,,奒,1997擭10寧,暫屔導昉楬巗撿悿挰俀挌栚偺戄價儖亂187捸亃,,暫屔導昉楬巗撿悿挰俀挌栚16-1,,,5000000,2860000,,,,245.30,620.76,187.77,7616,2026/04/23,"2025/01/27 09:35","2026/06/22 17:26",愭暔(拠夘),,姅幃夛幮彑岲彜帠,怷,"=""079-296-0223""",嬻桳,"2025.10.24丂
丒捓椏丗165枩墌仺143枩墌

2025.10.8丂惉栺仺暅妶
仸埲慜丄怷庡擟偺梐偐傝暔審偱偟偨偑丄尦晅曄峏偱岞奐",6700961
憅屔,R00175-015615,,,,嬻,岞奐壜,柍,350000,,1奒,1965擭03寧,嶃撿巗捁庢拞偺戄憅屔亂163捸亃,,戝嶃晎嶃撿巗捁庢拞768,,,,2.00,,,,,540.00,163.35,2143,2026/06/12,"2026/06/12 11:36","2026/06/22 09:23",愭暔(拠夘),,晄摦嶻偺憡択幒丂嶃撿旜嶈揦丂晄摦嶻嶈嶳乮桳乯,-,"=""0120-606-707""",,,5990211
戄抧,R00175-015544,,,,,岞奐壜,柍,400000,,奒,-,榓愹巗媣堜挰偺戄抧亂334捸亃,,戝嶃晎榓愹巗媣堜挰448-7,,,3.00,,,,,1104.66,,334.15,1198,2026/07/17,"2026/05/19 13:18","2026/06/22 09:18",愭暔(拠夘),,桳尷夛幮僙僀儓乗,-,"=""0725-33-6050""",,,5941142
戄抧,R00175-013921,,,,峏抧,岞奐壜,柍,500000,,奒,-,暫屔導昉楬巗敀昹挰塅嵅嶈拞1挌栚偺戄抧亂489捸亃,,暫屔導昉楬巗敀昹挰塅嵅嶈拞侾挌栚167,,,4.00,,,,,1619.01,,489.75,1021,2026/06/25,"2024/04/12 11:38","2026/06/19 17:07",愭暔(拠夘),,乮桳乯偍偐偺晄摦嶻,-,"=""079-229-9229""",,"2025.6.30丂惉栺仺暅妶
丒抧斣丗娫堘偄167仺惓偟偄156",6728021
岺応,R00175-015439,,,,,傾乕僇僀僽(惉栺),柍,330000,,1奒,1990擭01寧,暫屔導擈嶈巗旜昹挰1挌栚偺戄岺応亂49捸亃,,暫屔導擈嶈巗旜昹挰侾挌栚1-20,,,3.30,3.30,,,,227.98,163.27,49.38,6682,2026/04/02,"2026/04/02 11:12","2026/06/19 16:43",愭暔(拠夘),,乮姅乯俽俰丂俛倳倝倢倓,媨揷丗080-2482-2685,"=""06-6714-8941""",,,6610022
戄抧,R00175-015627,,,,峏抧,岞奐壜,柍,550000,,奒,-,戝嶃嫹嶳巗搶栰惣3挌栚偺戄抧亂454捸亃,,戝嶃晎戝嶃嫹嶳巗搶栰惣俁挌栚794,,,,,1100000,,,1504.00,,454.96,1209,2026/08/06,"2026/06/19 10:21","2026/06/19 16:35",愭暔(拠夘),,儕儕償崌摨夛幮,-,"=""072-234-0155""",,,5890001
憅屔,R00175-014620,,,,嬻,傾乕僇僀僽(惉栺),柍,385000,,5奒,1973擭06寧,暫屔導恄屗巗暫屔嬫撿拠挰偺戄憅屔亂81捸亃,,暫屔導恄屗巗暫屔嬫撿拠挰1-5,,,2.00,1.00,,,,,270.00,81.67,4714,2026/04/20,"2025/04/04 13:14","2026/06/19 16:35",愭暔(拠夘),,乮姅乯傾僀儐乕,-,"=""078-515-8525""",,丒5奒晹暘,6520841
戄抧,R00175-015629,,,,屆壠晅,岞奐壜,柍,1100000,,奒,-,戝嶃巗廧擵峕嬫暯椦撿1挌栚偺戄抧亂224捸亃,,戝嶃晎戝嶃巗廧擵峕嬫暯椦撿侾挌栚1-25,,,,,6.00,,,743.10,,224.78,4894,2026/06/19,"2026/06/19 10:48","2026/06/19 16:34",愭暔(拠夘),,姅幃夛幮僌儔僗僼傿乕儖僪,-,"=""06-6372-3601""",,,5590025
憅屔,R00175-015330,,,,,岞奐壜,柍,660000,,奒,1994擭01寧,戝嶃巗揤墹帥嬫彑嶳2挌栚偺戄憅屔亂67捸亃,,戝嶃晎戝嶃巗揤墹帥嬫彑嶳俀挌栚12-19,,,,,6000000,,,195.78,221.92,67.13,9832,2026/06/19,"2026/02/12 10:38","2026/06/19 16:26",愭暔(拠夘),,姅幃夛幮僗儕乕僄僗,-,"=""06-6210-1100""",嬻桳,,5430043
戄抧,R00175-015459,,,,峏抧,岞奐壜,柍,280000,,奒,-,暫屔導彫栰巗塰挰偺戄抧亂791捸亃,,暫屔導彫栰巗塰挰427-25,,,3.00,1.00,,1.00,,2616.00,,791.34,354,2026/06/19,"2026/04/09 13:26","2026/06/19 16:20",愭暔(拠夘),,娭惣晄摦嶻杮曑乮姅乯,-,"=""079-422-4006""",,2025.6.19丂捓椏32枩墌仺28枩墌,6751312
岺応,R00175-015182,,,,嬻,傾乕僇僀僽(惉栺),柍,1650000,,奒,1973擭02寧,暫屔導恄屗巗挿揷嬫攡働崄挰2挌栚偺戄岺応亂326捸亃,,暫屔導恄屗巗挿揷嬫攡働崄挰俀挌栚2-7,,,3.00,2.00,,,,941.70,1080.53,326.86,5049,2026/04/22,"2025/12/02 13:40","2026/06/19 16:15",愭暔(拠夘),,姅幃夛幮僩僠僞僥價儖僨傿儞僌,悈忋丗090-8503-6217,"=""06-6975-7780""",嬻桳,丒嬻幒妋擣丄暔審徻嵶偼扴摉幰実懷傑偱乮悈忋丗090-8503-6217乯,6530021
揦曑(寶暔堦妵),R00175-015596,,,,,岞奐壜,柍,517000,,奒,1990擭04寧,悂揷巗嶳揷惣2挌栚偺戄揦曑亂70捸亃,,戝嶃晎悂揷巗嶳揷惣俀挌栚6-6,,,500000,1000000,,,,188.00,231.76,70.1,7375,2026/06/08,"2026/06/08 11:25","2026/06/18 17:46",愭暔(拠夘),,僞僋儅廧寶,徏杮丗090-3715-1020,"=""06-4860-5221""",嬻桳,,5650824
憅屔,R00175-015102,,,,嬻,岞奐壜,柍,1650000,,奒,2026擭07寧,枼柺巗彫栰尨搶1挌栚偺戄憅屔亂150捸亃,,戝嶃晎枼柺巗彫栰尨搶侾挌栚1-1-2-6-7-1,,,,,8.00,,,998.36,498.88,150.91,10934,2026/06/04,"2025/10/29 10:37","2026/06/18 17:41",愭暔(拠夘),,姅幃夛幮僱僋僗僩僗僥乕僕,媨杮,"=""06-6190-6533""",嬻桳,,5620031
岺応,R00175-015607,,,,嬻,岞奐壜,柍,660000,,奒,1957擭07寧,朙拞巗彲撪惣挰5挌栚偺戄岺応亂35捸亃,,戝嶃晎朙拞巗彲撪惣挰俆挌栚1-8,,,3.00,3.00,,,,,116.23,35.15,18772,2026/06/09,"2026/06/09 14:18","2026/06/18 17:24",愭暔(拠夘),,嬤婨僴僂僗乮姅乯,-,"=""06-6333-8438""",,,5610832
戄抧,R00175-015603,,,,峏抧,岞奐壜,柍,650000,,奒,-,嶄巗拞嬫戝栰幣挰偺戄抧亂467捸亃,,戝嶃晎嶄巗拞嬫戝栰幣挰158-1,,,,,5000000,,,1545.23,,467.43,1391,2026/08/05,"2026/06/09 13:13","2026/06/18 15:55",愭暔(拠夘),,愹杒儂乕儉乮姅乯,-,"=""072-270-5055""",,,5998233
揦曑(寶暔堦妵),R00175-015586,,,,,岞奐壜,桳,605000,,1奒,-,嶄巗惣嬫朠惣挰2挌偺戄揦曑,,戝嶃晎嶄巗惣嬫朠惣挰俀挌281,,,,,2.20,,,1090.90,,,,2026/06/04,"2026/06/04 11:45","2026/06/18 15:47",愭暔(拠夘),,儐乕儘晄摦嶻,-,"=""090-7255-8197""",嬻桳,仸捓戄柺愊晄柧丄枹擖椡偱偡丅妋擣偍婅偄偟傑偡丅,5938326
憅屔,R00175-015620,,,,嬻,岞奐壜,柍,385000,,奒,1968擭10寧,嶄巗拞嬫暉揷偺戄憅屔亂72捸亃,,戝嶃晎嶄巗拞嬫暉揷1154-13,,,2.00,1.00,,,,,238.75,72.22,5331,2026/06/16,"2026/06/16 11:13","2026/06/18 10:58",帺幮,堦斒攠夘,姅幃夛幮僙儞僠儏儕乕僟僀僜乕,媑揷夒,"=""06-6136-0555""",柍,,5998241
憅屔,R00175-015571,,,,嬻,岞奐壜,柍,550000,,1奒,1974擭10寧,榓愹巗撪揷挰2挌栚偺戄憅屔亂133捸亃,,戝嶃晎榓愹巗撪揷挰俀挌栚15-3,,3000,4.00,2.00,,,,,442.90,133.97,4106,2026/06/15,"2026/05/28 13:54","2026/06/17 18:25",愭暔(拠夘),,暯堜晄摦嶻,-,"=""0725-58-8110""",嬻桳,,5941156
憅屔,R00175-015096,,,,嬻,傾乕僇僀僽(惉栺),柍,330000,,奒,1983擭01寧,戝嶃嫹嶳巗戝栰惣偺戄憅屔亂150捸亃,,戝嶃晎戝嶃嫹嶳巗戝栰惣700-1,,,2.00,1.00,,,,410.00,497.84,150.59,2192,2026/06/12,"2025/10/24 11:20","2026/06/17 17:02",愭暔(拠夘),,嶰婎寶愝乮姅乯,-,"=""06-6304-0999""",嬻桳,"2026.6.12 彜択拞",5890016
憅屔,R00175-015118,,,,嬻,岞奐壜,柍,715000,,奒,1997擭09寧,愛捗巗暿晎3挌栚偺戄憅屔亂146捸亃,,戝嶃晎愛捗巗暿晎俁挌栚19-8,,,2600000,1430000,,,,413.98,484.50,146.56,4879,2026/06/17,"2025/11/05 13:46","2026/06/17 16:18",愭暔(拠夘),,姅幃夛幮僀儅僗丂棳捠帠嬈晹,-,"=""06-6209-7373""",嬻桳,"2026.6.17
丒捓椏丗93.5枩墌仺71.5枩墌
丒楃嬥丗187枩墌仺143枩墌
丒晘嬥丗425枩墌仺260枩墌
",5660046
憅屔,R00175-015612,,,,嫃廧拞,岞奐壜,柍,2623280,,奒,1991擭01寧,戝搶巗撿怴揷1挌栚偺戄憅屔亂541捸亃,,戝嶃晎戝搶巗撿怴揷侾挌栚3-13,,,6.00,2.00,,,,,1788.60,541.05,4849,2026/06/11,"2026/06/11 11:50","2026/06/17 15:31",愭暔(拠夘),,俴俬倃俴俤晄摦嶻僔儑僢僾丂儕僲儀僗僩晄摦嶻乮姅乯僫儚僔儑僂,-,"=""06-4307-5513""",嬻桳,丒4奒晹暘乮堦晹旕捓戄晹暘偁傝乯,5740023
岺応,R00175-015610,,,,,岞奐壜,柍,650000,,奒,1966擭11寧,戝嶃巗楺懍嬫堫壸2挌栚偺戄岺応亂84捸亃,,戝嶃晎戝嶃巗楺懍嬫堫壸俀挌栚5-4,,,2.00,2.00,,,,317.19,280.22,84.76,7669,2026/08/06,"2026/06/11 11:21","2026/06/17 15:27",愭暔(拠夘),,姅幃夛幮僩僠僞僥價儖僨傿儞僌,-,"=""06-6975-7780""",,仸捓戄柺愊偼1奒亄2奒偺280.22噓偱擖椡,5560023
憅屔,R00175-015604,,,,嬻,岞奐壜,柍,990000,,奒,1976擭09寧,戝嶃巗埉嬫崅揳2挌栚偺戄憅屔亂181捸亃,,戝嶃晎戝嶃巗埉嬫崅揳俀挌栚13-10,,,6.00,2.20,,,,,600.00,181.5,5455,2026/06/09,"2026/06/09 13:26","2026/06/17 15:24",愭暔(拠夘),,姅幃夛幮僕僃僀僘,-,"=""06-6532-2323""",,,5350031
憅屔,R00175-015587,,,,,岞奐壜,柍,1430000,,1奒,1969擭10寧,戝嶃巗楺懍嬫栘捗愳2挌栚偺戄憅屔亂245捸亃,,戝嶃晎戝嶃巗楺懍嬫栘捗愳俀挌栚2-31,,,10400000,2860000,,,,1096.87,810.26,245.1,5835,2026/06/19,"2026/06/04 11:58","2026/06/17 15:19",愭暔(拠夘),,姅幃夛幮僀儅僗奐敪帠嬈晹,-,"=""06-6233-8282""",,,5560027
憅屔,R00175-015569,,,,嫃廧拞,岞奐壜,柍,1980000,,1奒,1971擭02寧,堬栘巗惣壨尨2挌栚偺戄憅屔亂362捸亃,,戝嶃晎堬栘巗惣壨尨俀挌栚12-18,,,6.00,2.00,,,,,1197.70,362.3,5466,2026/08/05,"2026/05/28 13:32","2026/06/17 11:40",愭暔(拠夘),,嶰婎寶愝乮姅乯,-,"=""06-6304-0999""",嬻桳,,5670023
憅屔,R00175-015601,,,,嬻,岞奐壜,柍,302500,,奒,1988擭08寧,崅捨巗搨嶈撿3挌栚偺戄憅屔亂45捸亃,,戝嶃晎崅捨巗搨嶈撿俁挌栚5-3,,,,,3.00,1.00,,,150.00,45.37,6667,2026/06/09,"2026/06/09 11:46","2026/06/17 11:33",愭暔(拠夘),,姅幃夛幮庒憪僴僂僗,-,"=""072-678-6676""",嬻桳,丒1嬫夋戄偟,5690833
憅屔,R00175-015605,,,,嬻,岞奐壜,柍,1034000,,奒,1987擭01寧,戝嶃巗暯栰嬫壛旤杒8挌栚偺戄憅屔亂224捸亃,,戝嶃晎戝嶃巗暯栰嬫壛旤杒俉挌栚8-4,,,6.00,,,,,378.94,740.61,224.03,4616,2026/06/09,"2026/06/09 13:42","2026/06/16 18:24",愭暔(拠夘),,僔乕價乕傾乕儖僀乕乮姅乯娭惣巟幮,慜揷丗080-4810-9997,"=""06-6292-1800""",嬻桳,,5470001
揦曑帠柋強(寶暔堦妵),R00175-015614,,,,嬻,岞奐壜,柍,660000,,奒,1970擭10寧,戝嶃巗揤墹帥嬫廙嫶挰偺戄揦曑丒帠柋強亂51捸亃,,戝嶃晎戝嶃巗揤墹帥嬫廙嫶挰19-18,,,,5.00,,,,96.86,170.11,51.45,12826,2026/06/12,"2026/06/12 11:22","2026/06/16 18:18",愭暔(拠夘),,乮姅乯僶僀僇儖,-,"=""06-4400-6736""",嬻桳,暔妋偼儗僀儞僘偵偰,5430024
戄抧,R00175-015589,,,,峏抧,岞奐壜,柍,300000,,奒,-,嫗搒晎嫗搒巗惣嫗嬫戝巬孊妡挰偺戄抧亂261捸亃,,嫗搒晎嫗搒巗惣嫗嬫戝巬孊妡挰26-255,,,1000000,,,30.00,1.00,863.03,,261.06,1150,2026/06/04,"2026/06/04 13:21","2026/06/16 17:13",愭暔(拠夘),,傾乕僩儂乕儉姅幃夛幮,-,"=""075-381-8772""",,,6101106
憅屔,R00175-015323,,,,嬻,岞奐壜,柍,1100000,,奒,1982擭08寧,暫屔導擈嶈巗師壆3挌栚偺戄憅屔亂117捸亃,,暫屔導擈嶈巗師壆俁挌栚3-6,,,,3.00,,,,883.52,386.96,117.05,9398,2026/06/16,"2026/02/10 13:23","2026/06/16 16:37",愭暔(拠夘),,儕僽僱僋僗僩乮姅乯,-,"=""06-6480-5705""",嬤桳,"2026.6.16
丒捓椏丗132枩墌仺110枩墌

丒B嬫夋",6610965
憅屔,R00175-015151,,,,,傾乕僇僀僽(惉栺),柍,1870000,,奒,1975擭03寧,攼尨巗墌柧挰偺戄憅屔亂655捸亃,,戝嶃晎攼尨巗墌柧挰15-217-66,,,5.00,,,,,1734.65,2167.66,655.71,2852,2026/05/28,"2025/11/17 10:40","2026/06/16 13:14",愭暔(拠夘),,乮桳乯曮僴僂僕儞僌,-,"=""072-959-3888""",,,5820027
揦曑(寶暔堦妵),R00175-015619,,,,嬻,岞奐壜,柍,770000,,奒,1981擭10寧,榓壧嶳導榓壧嶳巗彫嶨夑偺戄揦曑亂131捸亃,,榓壧嶳導榓壧嶳巗彫嶨夑808-17,,,6.00,,,,,53664.90,435.00,131.58,5852,2026/06/15,"2026/06/15 13:11","2026/06/16 11:58",愭暔(拠夘),,乮姅乯塰嶻嬈,-,"=""073-428-1100""",嬻桳,,6410007
憅屔,R00175-015583,,,,嬻,岞奐壜,柍,385000,,奒,1991擭05寧,愹撿巗揺揷偺戄憅屔亂281捸亃,,戝嶃晎愹撿巗揺揷271,,,,,1050000,350000,,1181.00,929.76,281.25,1369,2026/06/16,"2026/06/04 10:51","2026/06/16 09:17",愭暔(拠夘),,姅幃夛幮僒儞僕儈傾乕僲,-,"=""072-452-9680""",,,5900501
揦曑(寶暔堦妵),R00175-015297,,,,巊梡拞,岞奐壜,柍,660000,,1奒,2012擭06寧,暫屔導柧愇巗嫑廧挰惔悈偺戄揦曑亂59捸亃,,暫屔導柧愇巗嫑廧挰惔悈2320-3,,,3.00,3.00,,,,1210.25,180.37,54.56,12097,2026/06/12,"2026/01/26 12:01","2026/06/15 15:59",愭暔(拠夘),,僌儔儞僨丒僾儘僷僥傿乮姅乯,-,"=""052-433-6782""",嬻桳,"2026.6.15
丒柺愊丗196.00噓仺180.37噓
丒晘嬥丗6.00偐寧仺3.00偐寧
丒楃嬥丗2.00偐寧仺3.00偐寧

2026.6.12丂僆乕僫乕偐傜捈愙TEL丂捓椏抣壓偘77仺66枩乮惻崬乯",6740074
岺応,R00175-014082,,,,嬻,傾乕僇僀僽(惉栺),柍,220000,,奒,1985擭08寧,榓壧嶳導婭偺愳巗婱巙愳挰偺戄岺応亂59捸亃,,榓壧嶳導婭偺愳巗婱巙愳挰娸媨352,,,,,,,,419.10,195.10,59.01,3728,2026/04/01,"2024/07/11 14:47","2026/06/15 10:15",帺幮,堦斒攠夘,姅幃夛幮僙儞僠儏儕乕僟僀僜乕,曱嶳,"=""06-6136-0555""",嬻桳,"2026.5.曱嶳屭媞偵偰怽偟崬傒桳丂宊栺梊掕

捓椏DOWN俀俆枩佀俀俀枩乮惻崬傒乯2025.9.2",6400405
憅屔,R00175-015520,,,,嬻,傾乕僇僀僽(惉栺),柍,385000,,1奒,1991擭07寧,暫屔導嶰揷巗棔杮偺戄憅屔亂206捸亃,,暫屔導嶰揷巗棔杮2803-1,,,,770000,770000,,,1652.90,681.03,206.01,1869,2026/05/11,"2026/05/11 13:20","2026/06/15 09:47",愭暔(拠夘),,愹寶愝姅幃夛幮,-,"=""06-6552-0123""",嬻桳,,6691358
憅屔,R00175-015613,,,,嫃廧拞,曐棷,柍,990000,,奒,-,戝嶃巗惣梽愳嬫捪3挌栚偺戄憅屔亂198捸亃,,戝嶃晎戝嶃巗惣梽愳嬫捪俁挌栚19-68,,,,,,,,,654.54,197.99,5001,2026/06/11,"2026/06/11 13:23","2026/06/12 18:03",帺幮,愱擟攠夘,,柤壝崃,,,,5550001
揦曑帠柋強(寶暔堦妵),R00175-015575,,,,嬻,岞奐壜,柍,495000,,奒,1989擭04寧,嫗搒晎嫗搒巗塃嫗嬫惣嫗嬌捪揷挰偺戄揦曑丒帠柋強亂91捸亃,,嫗搒晎嫗搒巗塃嫗嬫惣嫗嬌捪揷挰20-4,,,,,1800000,,100000,,302.40,91.47,5412,2026/06/01,"2026/06/01 11:06","2026/06/12 17:26",愭暔(拠夘),,乮姅乯僆乕僋僄僗僥乕僩,-,"=""075-314-2380""",嬻桳,,6150813
憅屔,R00175-015588,,,,嬻,岞奐壜,柍,660000,,奒,2001擭03寧,嫗搒晎嫗搒巗惣嫗嬫忋宩搶僲岥挰偺戄憅屔亂81捸亃,,嫗搒晎嫗搒巗惣嫗嬫忋宩搶僲岥挰152,,,,,3000000,,110000,423.00,270.00,81.67,8081,2026/06/19,"2026/06/04 13:00","2026/06/12 17:23",愭暔(拠夘),,姅幃夛幮戝搒僾儔儞僯儞僌,-,"=""075-321-6030""",嬻桳,,6158221
戄抧,R00175-015209,,,,,傾乕僇僀僽(惉栺),柍,350000,,奒,-,嶄巗撿嬫朙揷偺戄抧亂215捸亃,,戝嶃晎嶄巗撿嬫朙揷1170-2,,,3.00,,,,,713.62,,215.87,1622,2026/06/12,"2025/12/15 11:14","2026/06/12 16:53",愭暔(拠夘),,乮姅乯俼俤俙俢儅僱僕儊儞僩,-,"=""072-297-1054""",,,5900106
憅屔,R00175-015512,,,,嬻,岞奐壜,柍,1000000,,奒,1991擭05寧,戝嶃巗搶廧媑嬫崱愳3挌栚偺戄憅屔亂150捸亃,,戝嶃晎戝嶃巗搶廧媑嬫崱愳俁挌栚7-20,110000,,,1.00,,,,267.78,496.97,150.33,6652,2026/08/03,"2026/05/08 15:19","2026/06/12 16:21",愭暔(拠夘),,俥倧倰倓晄摦嶻,-,"=""080-5632-4405""",嬻桳,"2026.6.12
丒捓椏丗110枩墌仺100枩墌",5460003
憅屔,R00175-014519,,,,嬻,岞奐壜,柍,340000,,奒,1976擭09寧,朙拞巗枼椫2挌栚偺戄憅屔亂75捸亃,,戝嶃晎朙拞巗枼椫俀挌栚13-8,,,1020000,,,,,189.38,248.18,75.07,4529,2026/06/12,"2025/02/06 14:57","2026/06/12 15:59",愭暔(拠夘),,嶃媫嶃恄晄摦嶻乮姅乯,-,"=""06-6376-4747""",,"2026.6.12
丒捓椏丗37.4枩墌仺34枩墌

NET晄壜",5600035
岺応,R00175-015466,,,,嬻,岞奐壜,柍,1050000,,奒,1988擭04寧,愹杒孲拤壀挰拤壀搶3挌栚偺戄岺応亂288捸亃,,戝嶃晎愹杒孲拤壀挰拤壀搶俁挌栚6-8,,,3.00,,,,,1280.11,953.82,288.53,3640,2026/06/12,"2026/04/13 11:05","2026/06/12 15:59",愭暔(拠夘),,嶃媫嶃恄晄摦嶻乮姅乯,-,"=""06-6376-4747""",嬻桳,"2026.6.12
丒捓椏丗115.5枩墌仺105枩墌",5950805
憅屔,R00175-015479,,,,,岞奐壜,柍,309760,,奒,2026擭06寧,戝嶃巗搶梽愳嬫悰尨7挌栚偺戄憅屔亂25捸亃,,戝嶃晎戝嶃巗搶梽愳嬫悰尨俈挌栚8-27,,,563200,619520,,,,261.51,84.64,25.6,12099,2026/06/12,"2026/04/16 11:46","2026/06/12 15:58",愭暔(拠夘),,姅幃夛幮僗儁乕僗丒儕乕僟乕,-,"=""06-6310-7510""",嬻桳,丒01崋幒,5330022
憅屔,R00175-015483,,,,,傾乕僇僀僽(惉栺),柍,337832,,奒,2026擭06寧,戝嶃巗搶梽愳嬫悰尨7挌栚偺戄憅屔亂27捸亃,,戝嶃晎戝嶃巗搶梽愳嬫悰尨俈挌栚8-27,,,614240,675664,,,,261.51,92.30,27.92,12100,2026/04/21,"2026/04/21 11:17","2026/06/12 15:58",愭暔(拠夘),,姅幃夛幮僗儁乕僗丒儕乕僟乕,-,"=""06-6310-7510""",嬻桳,丒02崋幒,5330022
憅屔,R00175-015469,,,,嬻,岞奐壜,柍,770000,,奒,1993擭04寧,戝嶃巗梽愳嬫壛搰4挌栚偺戄憅屔亂121捸亃,,戝嶃晎戝嶃巗梽愳嬫壛搰係挌栚2-43,,,2.00,2.00,,,,401.00,401.00,121.3,6348,2026/06/12,"2026/04/14 12:32","2026/06/12 15:51",愭暔(拠夘),,柧岝晄摦嶻姅幃夛幮,-,"=""06-6309-6841""",嬻桳,"2026.6.12 彜択拞
",5320031
戄抧,R00175-015494,,,,,岞奐壜,柍,550000,,奒,-,敧旜巗暉塰挰2挌栚偺戄抧亂219捸亃,,戝嶃晎敧旜巗暉塰挰俀挌栚33-5,,,,,5.00,,,727.27,,219.99,2501,2026/07/23,"2026/04/23 11:09","2026/06/12 15:48",愭暔(拠夘),,嫤塰抧寶姅幃夛幮,-,"=""072-938-6677""",,"2026.6.12丂彜択拞丄曐徹夛幮怰嵏懸偪

丒応強丗僌乕僌儖儅僢僾偱偼丄暉塰挰2挌栚34-1晅嬤",5810844
揦曑帠柋強(寶暔堦妵),R00175-013806,,,,嬻,傾乕僇僀僽(惉栺),柍,990000,,奒,1997擭05寧,壨撪挿栰巗惣擵嶳挰偺戄揦曑丒帠柋強亂70捸亃,,戝嶃晎壨撪挿栰巗惣擵嶳挰16-1,,,5000000,990000,,,,1363.00,233.79,70.72,13999,2026/06/12,"2024/02/27 14:25","2026/06/12 15:46",愭暔(拠夘),,儕傾儖僞乕,-,"=""072-350-5725""",嬻桳,2026.2.25丂惉栺仺暅妶,5860024
憅屔,R00175-013880,,,,嬻,岞奐壜,柍,280000,,奒,1975擭01寧,暫屔導壛屆愳巗巙曽挰崅敤偺戄憅屔亂146捸亃,,暫屔導壛屆愳巗巙曽挰崅敤1034-4,,,4.00,,,2.00,,,485.00,146.71,1909,2026/07/30,"2024/04/01 11:13","2026/06/12 15:45",愭暔(拠夘),,"僞僇僙晄摦嶻乮姅乯壛屆愳巟揦 亂捓戄愱梡亃",-,"=""079-427-1010""",嬻桳,"捓椏俁俆枩佀28枩
2026.6.12丂怽崬傒側偔側偭偨堊丄1斣庤偱曞廤丅
怽偟崬傒侾審偁傝丄俀斣庤埬撪壜丂2025.12.8",6750304
憅屔,R00175-015089,,,,嬻,傾乕僇僀僽(惉栺),柍,2815340,,奒,1988擭09寧,搶戝嶃巗悈憱3挌栚偺戄憅屔亂510捸亃,,戝嶃晎搶戝嶃巗悈憱俁挌栚10-5,,,3.00,1.00,,,,1067.31,1689.22,510.98,5510,2026/06/12,"2025/10/22 11:18","2026/06/12 15:42",愭暔(拠夘),,俴俬倃俴俤晄摦嶻僔儑僢僾丂儕僲儀僗僩晄摦嶻乮姅乯僫儚僔儑僂,-,"=""06-4307-5513""",嬻桳,2026.4.9丂惉栺仺暅妶,5780921
岺応,R00175-015357,,,,,傾乕僇僀僽(惉栺),柍,440000,,1奒,1982擭08寧,暫屔導擈嶈巗師壆3挌栚偺戄岺応亂47捸亃,,暫屔導擈嶈巗師壆俁挌栚2-26,,,6.00,,,3.00,,,157.59,47.67,9230,2026/04/16,"2026/02/25 11:05","2026/06/12 15:41",愭暔(拠夘),,姅幃夛幮拞晲晄摦嶻,拞惣,"=""06-6433-1100""",,,6610965
戄抧,R00175-014103,,,,峏抧,岞奐壜,柍,1760000,,奒,-,撧椙導崅巗孲崅庢挰戝帤扥惗扟偺戄抧亂2614捸亃,,撧椙導崅巗孲崅庢挰戝帤扥惗扟,,,,2.00,,,,8644.00,,2614.81,674,2026/06/12,"2024/07/18 12:57","2026/06/12 15:40",愭暔(拠夘),,嶳杮晄摦嶻,-,"=""0744-28-6300""",,"2026.6.12
丒捓椏丗176枩墌仺160枩墌",6350121
戄抧,R00175-014466,,,,峏抧,岞奐壜,柍,850000,,奒,-,暫屔導恄屗巗惣嬫嬍捗挰悈扟偺戄抧亂1542捸亃,,暫屔導恄屗巗惣嬫嬍捗挰悈扟379,,,3.00,,,,,5099.00,,1542.44,552,2026/06/12,"2025/01/15 16:18","2026/06/12 15:32",愭暔(拠夘),,嶃揷晄摦嶻姅幃夛幮,-,"=""078-928-2626""",,"丒抧斣丗嬍捗挰悈扟379
擾抧揮梡偺嫋壜偵1擭傎偳昁梫
佀2025擭偄偭傁偄偼偐偐傞梊掕2025.2.17
",6512121
憅屔,R00175-014937,,,,嬻,傾乕僇僀僽(惉栺),柍,440000,,奒,1972擭10寧,暫屔導恄屗巗惣嬫帩巕2挌栚偺戄憅屔亂88捸亃,,暫屔導恄屗巗惣嬫帩巕俀挌栚26,,,1500000,1650000,,,,460.00,293.78,88.86,4952,2026/04/15,"2025/08/05 15:07","2026/06/12 15:31",愭暔(拠夘),,嶃揷晄摦嶻姅幃夛幮,-,"=""078-928-2626""",嬻桳,,6512131
憅屔,R00175-014950,,,,嬻,傾乕僇僀僽(惉栺),柍,341000,,奒,2006擭07寧,搶戝嶃巗弐摽挰4挌栚偺戄憅屔亂85捸亃,,戝嶃晎搶戝嶃巗弐摽挰係挌栚9-41,,,3.00,1.00,,,,250.15,282.54,85.46,3990,2026/04/27,"2025/08/20 11:18","2026/06/12 15:26",愭暔(拠夘),,嬻娫寁夋僄僗僥乕僩桳尷夛幮,-,"=""072-960-3257""",嬻桳,,5770831
憅屔,R00175-015080,,,,嬻,傾乕僇僀僽(惉栺),柍,550000,,奒,1981擭12寧,嶄巗嶄嬫崄儢媢挰3挌偺戄憅屔亂243捸亃,,戝嶃晎嶄巗嶄嬫崄儢媢挰俁挌3-6,,,1.00,2.00,,,,557.92,803.36,243.01,2264,2026/04/20,"2025/10/21 13:19","2026/06/12 15:25",愭暔(拠夘),,姅幃夛幮朄柋僄僗僥乕僩,-,"=""080-3776-6490""",嬻桳,廧戭抧堟側偺偱丄壒偺弌傞嬈庬摍NG,5900011
憅屔,R00175-015197,,,,嬻,傾乕僇僀僽(惉栺),柍,935000,,奒,1985擭01寧,撧椙導崄幣巗壓揷搶1挌栚偺戄憅屔亂292捸亃,,撧椙導崄幣巗壓揷搶侾挌栚481-3,,,2.00,2.00,,,,,968.13,292.85,3193,2026/06/12,"2025/12/09 12:58","2026/06/12 15:16",愭暔(拠夘),,乮姅乯擔杮娗嵿僩儔僗僩,-,"=""06-6776-7015""",嬻桳,,6390232
憅屔,R00175-015188,,,,嬻,岞奐壜,柍,1485000,,奒,1970擭06寧,撧椙導撧椙巗嵅婭挰偺戄憅屔亂661捸亃,,撧椙導撧椙巗嵅婭挰3163,22000,,3.00,,,1.50,,13441.00,2188.00,661.87,2244,2026/06/12,"2025/12/04 13:27","2026/06/12 15:14",愭暔(拠夘),,僷儗僗乮姅乯,-,"=""0742-53-8880""",嬻桳,"2026.6.12
彜択拞丂2斣庤曞廤壜

丒C搹",6308003
憅屔,R00175-015264,,,,嬻,岞奐壜,柍,2046000,,奒,1993擭02寧,嶄巗惣嬫抸峘昹帥惣挰偺戄憅屔亂309捸亃,,戝嶃晎嶄巗惣嬫抸峘昹帥惣挰10-5,,,,,6.00,,,1200.00,1024.72,309.97,6601,2026/06/12,"2026/01/13 11:07","2026/06/12 15:08",愭暔(拠夘),,桳尷夛幮儂乕儉儔儞僪,-,"=""06-6682-3991""",,"2026.6.12 堦斣庤偑偩偄傇幭媗傑偭偰偒偰偄傞",5928352
憅屔,R00175-015307,,,,,岞奐壜,柍,2200000,,奒,1988擭04寧,暫屔導恄屗巗暫屔嬫屼強捠1挌栚偺戄憅屔亂294捸亃,,暫屔導恄屗巗暫屔嬫屼強捠侾挌栚1-27,,,,,12000000,,,1322.31,973.30,294.42,7473,2026/06/12,"2026/02/03 13:23","2026/06/12 14:56",愭暔(拠夘),,乮姅乯價儖僶儞僋,-,"=""06-7637-6363""",嬻桳,2026.6.11丂怽崬傒偁傝丄2斣庤庴晅壜丅,6520885
戄抧,R00175-015580,,,,峏抧,岞奐壜,柍,550000,,奒,-,枃曽巗戝帤懜墑帥偺戄抧亂1026捸亃,,戝嶃晎枃曽巗戝帤懜墑帥,,,,2.00,5.00,,,3392.00,,1026.08,537,2026/06/02,"2026/06/02 13:16","2026/06/12 09:30",愭暔(拠夘),,崌摨夛幮壚旤寶戭,栘壓抦旤,"=""080-6159-3646""",,丒応強丗僌乕僌儖儅僢僾偱偼丄戝帤懜墑帥2949乮搶晹惔憒岺応乯偺惣懁偁偨傝,5730112
憅屔,R00175-015351,,,,嬻,岞奐壜,柍,308000,,1奒,-,岎栰巗巹巗4挌栚偺戄憅屔亂64捸亃,,戝嶃晎岎栰巗巹巗係挌栚45-6,,3300,,,,,,,214.50,64.88,4747,2026/06/12,"2026/02/19 13:54","2026/06/12 09:24",愭暔(拠夘),,姅幃夛幮儅僓乕僄僗僥乕僩,-,"=""06-6991-8646""",,丒B3丄5崋,5760033
戄抧,R00175-015489,,,,峏抧,岞奐壜,柍,433000,,奒,-,嫗搒晎嫗揷曈巗憪撪憖栄偺戄抧亂393捸亃,,嫗搒晎嫗揷曈巗憪撪憖栄61,,,600000,,,,,1301.95,,393.83,1100,2026/07/14,"2026/04/21 14:05","2026/06/12 09:21",愭暔(拠夘),,乮姅乯僉儍儞丒僪僁嶳庤,-,"=""075-972-2728""",,"2026.5.20丂忦審曄峏
捓椏47.2枩墌仺43.3枩墌
晘嬥80枩墌仺60枩墌

丒廧強丗憪撪憖栄61丄59-6",6100311
憅屔,R00175-014459,,,,嬻,傾乕僇僀僽(惉栺),柍,308000,,奒,1994擭02寧,塇塯栰巗塐堜2挌栚偺戄憅屔亂108捸亃,,戝嶃晎塇塯栰巗塐堜俀挌栚424,,,2.00,1.00,,,,479.65,358.04,108.3,2844,2026/06/12,"2025/01/14 13:57","2026/06/12 09:16",愭暔(拠夘),,嶰婎寶愝乮姅乯,-,"=""06-6304-0999""",嬻桳,2025.9.4丂惉栺仺暅妶,5830851
戄抧,R00175-015558,,,,峏抧,岞奐壜,柍,430000,,奒,-,庣岥巗摗揷挰4挌栚偺戄抧亂277捸亃,,戝嶃晎庣岥巗摗揷挰係挌栚6,,,,,6.00,,,918.98,,277.99,1547,2026/07/17,"2026/05/22 11:52","2026/06/12 09:07",愭暔(拠夘),,乮姅乯俰俹俢,-,"=""075-951-3333""",,,5700014
憅屔,R00175-014413,,,,巊梡拞,岞奐壜,柍,825000,,奒,1978擭01寧,朙拞巗棙憅2挌栚偺戄憅屔亂125捸亃,,戝嶃晎朙拞巗棙憅俀挌栚13-21,,,,,7500000,,,,413.23,125,6600,2026/07/14,"2024/12/17 13:37","2026/06/11 18:01",愭暔(拠夘),,嬥岝晄摦嶻乮姅乯,栰岥丗080-9105-2042,"=""06-6711-4666""",嬻桳,,5610845
戄抧,R00175-015425,,,,峏抧,岞奐壜,柍,550000,,奒,-,嫗搒晎栘捗愳巗嶳忛挰忋崫捬炛奯奜偺戄抧亂778捸亃,,嫗搒晎栘捗愳巗嶳忛挰忋崫捬炛奯奜9-2,,,,,,,,2574.67,,778.83,707,2026/07/13,"2026/03/25 11:08","2026/06/11 17:58",愭暔(拠夘),,揱朄彜帠乮姅乯,-,"=""0774-72-1456""",,,6190204
戄抧,R00175-015381,,,,峏抧,岞奐壜,柍,616000,,奒,-,崅捨巗搨嶈撿3挌栚偺戄抧亂279捸亃,,戝嶃晎崅捨巗搨嶈撿俁挌栚14,,,,,,,,925.00,,279.81,2202,2026/06/11,"2026/03/10 15:06","2026/06/11 17:35",愭暔(拠夘),,姅幃夛幮庒憪僴僂僗,-,"=""072-678-6676""",,,5690833
憅屔,R00175-015574,,,,,傾乕僇僀僽(惉栺),柍,880000,,1奒,1974擭08寧,朙拞巗尨揷尦挰3挌栚偺戄憅屔亂101捸亃,,戝嶃晎朙拞巗尨揷尦挰俁挌栚14-27,,,,,6400000,,,1061.11,334.78,101.27,8690,2026/06/09,"2026/06/01 10:45","2026/06/11 09:06",愭暔(拠夘),,乮姅乯擔杮僾儘僷僥傿,-,"=""06-6747-9552""",,,5610808
岺応,R00175-015543,,,,嬻,岞奐壜,柍,2310000,,奒,1971擭01寧,搶戝嶃巗擁崻2挌栚偺戄岺応亂534捸亃,,戝嶃晎搶戝嶃巗擁崻俀挌栚5-32,,,,,8400000,,,1385.11,1765.60,534.09,4326,2026/07/17,"2026/05/19 13:06","2026/06/11 09:06",愭暔(拠夘),,姅幃夛幮斅憅晄摦嶻,-,"=""072-965-0505""",嬻桳,,5770006
憅屔,R00175-015023,,,,嬻,岞奐壜,柍,500000,,奒,1979擭06寧,嫗搒晎暉抦嶳巗岤拞挰偺戄憅屔亂164捸亃,,嫗搒晎暉抦嶳巗岤拞挰67,,,,,1200000,,,,544.20,164.62,3038,2026/07/24,"2025/09/22 10:39","2026/06/11 08:54",愭暔(拠夘),,峀悾嶻嬈乮姅乯,-,"=""0773-27-3858""",嬻桳,丒応強丗僌乕僌儖儅僢僾偱偼丄岤拞挰71,6200056
岺応,R00175-015599,,,,嬻,曐棷,柍,435600,,奒,1974擭01寧,榓愹巗暓暲挰偺戄岺応亂198捸亃,,戝嶃晎榓愹巗暓暲挰12-2,,,,1.00,4.00,,,554.50,654.54,197.99,2201,2026/06/08,"2026/06/08 23:33","2026/06/10 10:02",帺幮,堦斒攠夘,姅幃夛幮僙儞僠儏儕乕僟僀僜乕,媨杮,"=""06-6136-0555""",嬻桳,,5941136
憅屔,R00175-015590,,,,嬻,岞奐壜,柍,1188000,,1奒,1993擭02寧,戝嶃巗梽愳嬫栰拞杒2挌栚偺戄憅屔亂143捸亃,,戝嶃晎戝嶃巗梽愳嬫栰拞杒俀挌栚1-27,,,1.00,1.00,,,,345.59,475.97,143.98,8252,2026/06/04,"2026/06/04 13:29","2026/06/09 17:14",愭暔(拠夘),,乮姅乯傾僩儕僼丂攡揷揦,-,"=""06-6343-3000""",柍,,5320034
憅屔,R00175-015582,,,,嬻,岞奐壜,柍,1430000,,奒,1972擭02寧,戝嶃巗搶梽愳嬫悙岝2挌栚偺戄憅屔亂244捸亃,,戝嶃晎戝嶃巗搶梽愳嬫悙岝俀挌栚12-9,,,7800000,2860000,,,,472.72,808.40,244.54,5848,2026/06/19,"2026/06/04 10:38","2026/06/09 17:11",愭暔(拠夘),,姅幃夛幮僀儅僗奐敪帠嬈晹,-,"=""06-6233-8282""",,,5330005
憅屔,R00175-015600,,,,嬻,岞奐壜,柍,550000,,奒,1998擭08寧,榓壧嶳導榓壧嶳巗榓揷偺戄憅屔亂324捸亃,,榓壧嶳導榓壧嶳巗榓揷31-1,,,3.00,1.00,,,,,1073.25,324.65,1695,2026/06/09,"2026/06/09 11:31","2026/06/09 15:06",愭暔(拠夘),,乮桳乯嶰垽僄僗僥乕僩,-,"=""073-427-3901""",嬻桳,"丒応強丗僌乕僌儖儅僢僾偱偼丄榓揷1175乮戞堦惢斉報嶞 憅屔乯",6410004
岺応,R00175-015602,,,,巊梡拞,岞奐壜,柍,1485000,,奒,1988擭04寧,徏尨巗彫愳5挌栚偺戄岺応亂549捸亃,,戝嶃晎徏尨巗彫愳俆挌栚18-28,,,,,5.00,,,,1816.30,549.43,2703,2026/06/09,"2026/06/09 11:57","2026/06/09 15:05",愭暔(拠夘),,嫤塰抧寶姅幃夛幮,-,"=""072-938-6677""",嬻桳,,5800002
憅屔,R00175-015492,,,,嬻,岞奐壜,柍,847000,,奒,1988擭08寧,朙拞巗尨揷撿俀挌栚偺戄憅屔亂145捸亃,,戝嶃晎朙拞巗尨揷撿俀挌栚11-12,,,3.00,,,,,1328.24,482.47,145.94,5804,2026/06/12,"2026/04/22 10:05","2026/06/09 13:04",愭暔(拠夘),,嶃媫嶃恄晄摦嶻乮姅乯,塀抧乮偍傫偠乯丗070-3991-5251,"=""06-6376-4747""",嬻桳,,5610805
憅屔,R00175-015578,,,,巊梡拞,岞奐壜,柍,1430000,,奒,1993擭01寧,搶戝嶃巗怷壨撪搶2挌栚偺戄憅屔亂329捸亃,,戝嶃晎搶戝嶃巗怷壨撪搶俀挌栚2-17,,,4.00,2.00,,,,,1088.70,329.33,4343,2026/07/23,"2026/06/02 12:51","2026/06/08 17:44",愭暔(拠夘),,姅幃夛幮嫽塰彜帠,-,"=""06-6783-5136""",柍,,5770062
憅屔,R00175-015039,,,,嬻,岞奐壜,柍,330000,,奒,1970擭01寧,暫屔導昉楬巗栐姳嬫嶁弌偺戄憅屔亂117捸亃,,暫屔導昉楬巗栐姳嬫嶁弌91-8,,,2.00,1.00,,,,457.60,466.60,141.14,2338,2026/06/08,"2025/09/30 11:24","2026/06/08 16:32",愭暔(拠夘),,旘捁搚抧姅幃夛幮,-,"=""079-294-8091""",,"2026.6.8
愱桳柺愊丗390.00仺466.60噓
搚抧柺愊丗457.00仺457.60噓

2025.11.18丂憶壒偑弌傞嬈庬NG(僋儗乕儞晅偒偱偡偑丄巹梡傪偡傞偲嬤椬偐傜偐側傝僋儗乕儉偑偔傞偨傔憅屔巇條偺恎偵尷傞)",6711228
戄抧,R00175-015579,,,,峏抧,岞奐壜,柍,305800,,奒,-,敧旜巗戝抾5挌栚偺戄抧亂305捸亃,,戝嶃晎敧旜巗戝抾俆挌栚13,,,,1.00,6.00,,,1011.00,,305.82,1000,2026/07/09,"2026/06/02 13:07","2026/06/08 16:30",愭暔(拠夘),,乮桳乯傾僀僗儖儂乕儉,-,"=""06-6730-5511""",,"丒応強丗僌乕僌儖儅僢僾偱偼丄戝抾5挌栚14-2乮帺峴嶳 曥掔帥乯偺搶懁",5810854
憅屔,R00175-014081,,,,嬻,岞奐壜,柍,850000,,奒,1990擭05寧,搶戝嶃巗嬍孁挰搶2挌栚偺戄憅屔亂294捸亃,,戝嶃晎搶戝嶃巗嬍孁挰搶俀挌栚7-20,,,2600000,,,1700000,,668.39,972.87,294.29,2889,2026/07/03,"2024/07/11 13:43","2026/06/08 16:22",愭暔(拠夘),,僙儞僠儏儕乕俀侾乮姅乯晄摦嶻忣曬娰,-,"=""072-985-3361""",嬻桳,"2026.6丏8
丒捓椏丗90枩墌仺85枩墌
丒晘嬥丗300枩墌仺260枩墌
丒晘堷偒200枩墌仺170枩墌

2025.10.10丂曄峏
丒捓椏丗110枩墌仺90枩墌

2025.6.3丂曄峏
丒捓椏丗143枩墌仺110枩墌
丒晘嬥1僇寧仺300枩墌
丒楃嬥2僇寧仺晘堷偒2僇寧

2024.9.12 捓椏曄峏丂143枩(惻崬)仺155枩(惻崬)",5780932
憅屔,R00175-015403,,,,,岞奐壜,柍,1430000,,奒,1986擭03寧,戝嶃巗梽愳嬫壛搰3挌栚偺戄憅屔亂220捸亃,,戝嶃晎戝嶃巗梽愳嬫壛搰俁挌栚13-32,,,,,6.00,,,506.60,729.58,220.69,6480,2026/07/27,"2026/03/18 10:29","2026/06/08 16:11",愭暔(拠夘),,乮姅乯價儖僶儞僋,-,"=""06-7637-6363""",嬻桳,"2026.6.8
丒曐徹嬥丗7,800,000仺6偐寧",5320031
戄抧,R00175-015592,,,,峏抧,岞奐壜,柍,510000,,奒,-,撧椙導嶗堜巗戝帤扟偺戄抧亂491捸亃,,撧椙導嶗堜巗戝帤扟31-1,,,1.00,2.00,,,,1624.39,,491.37,1038,2026/08/03,"2026/06/05 10:54","2026/06/08 15:47",愭暔(拠夘),,杧杮抧強崌摨夛幮,-,"=""0747-22-5111""",,,6330053
憅屔,R00175-015585,,,,嬻,岞奐壜,柍,550000,,奒,1978擭07寧,撧椙導嶗堜巗戝帤戝暉偺戄憅屔亂413捸亃,,撧椙導嶗堜巗戝帤戝暉286-3,,,,2.00,,,,1018.50,1368.00,413.82,1330,2026/06/04,"2026/06/04 11:28","2026/06/08 15:27",愭暔(拠夘),,乮姅乯挬擔晄摦嶻,-,"=""0745-22-2202""",,丒攧攦偁傝丗B00175-000747,6330067
戄抧,R00175-015420,,,,,岞奐壜,柍,300000,,奒,-,撿壨撪孲壨撿挰戝帤敀栘偺戄抧亂381捸亃,,戝嶃晎撿壨撪孲壨撿挰戝帤敀栘19-1,,,3.00,1.00,,,,1260.83,,381.4,787,2026/07/03,"2026/03/25 09:47","2026/06/08 15:01",愭暔(拠夘),,乮姅乯僟僀働僀儂乕儉,-,"=""072-939-4321""",,,5850014
憅屔,R00175-015497,,,,巊梡拞,傾乕僇僀僽(惉栺),柍,3850000,,1奒,1985擭03寧,朙拞巗恄廈挰偺戄憅屔亂603捸亃,,戝嶃晎朙拞巗恄廈挰2-21,,,6.00,2.00,,,,,1995.58,603.66,6378,2026/06/08,"2026/04/23 11:58","2026/06/08 11:12",愭暔(拠夘),,嶃媫嶃恄晄摦嶻乮姅乯,-,"=""06-6376-4747""",,"丒2026.06.08
暔妋仺曞廤掆巭
丒A丄B搹2搹堦妵",5610823
戄抧,R00175-015507,,,,,岞奐壜,柍,825000,,奒,-,嶄巗撿嬫堫梩2挌偺戄搚抧亂375捸亃,,戝嶃晎嶄巗撿嬫堫梩俀挌3061-1,,,3000000,,,,,1240.61,,375.28,2199,2026/06/26,"2026/04/30 11:35","2026/06/05 18:25",愭暔(拠夘),,姅幃夛幮僉儞僉寶愝儂乕儉,僞僟僼僕,"=""0725-92-7699""",嬻桳,,5900156
戄抧,R00175-015566,,,,峏抧,岞奐壜,柍,340000,,奒,-,嶄巗拞嬫揷墍偺戄抧亂557捸亃,,戝嶃晎嶄巗拞嬫揷墍1013,,,,,,,,1842.72,,557.42,610,2026/07/17,"2026/05/28 12:45","2026/06/05 18:23",愭暔(拠夘),,乮姅乯偨偔傒儂乕儉丂嶄揦,-,"=""072-230-7800""",,,5998246
憅屔,R00175-015064,,,,,傾乕僇僀僽(惉栺),柍,968000,,奒,1985擭10寧,愛捗巗撿暿晎挰偺戄憅屔亂174捸亃,,戝嶃晎愛捗巗撿暿晎挰15-20,,,1.00,2.20,,,,,578.00,174.84,5537,2026/04/17,"2025/10/10 11:35","2026/06/05 16:40",愭暔(拠夘),,憡屳晄摦嶻姅幃夛幮,-,"=""072-622-6072""",嬻桳,"尦晅傛傝僱僢僩峀崘晄壜仺

2026.1.20
丒捓椏丗107.8枩墌仺96.8枩墌",5660045
憅屔,R00175-015449,,,,嬻,傾乕僇僀僽(惉栺),柍,1210000,,奒,1977擭05寧,暫屔導恄屗巗挿揷嬫姟憯捠7挌栚偺戄憅屔亂228捸亃,,暫屔導恄屗巗挿揷嬫姟憯捠俈挌栚3-22,,,3000000,,,1100000,,923.00,756.11,228.72,5291,2026/04/03,"2026/04/03 13:31","2026/06/05 16:40",愭暔(拠夘),,僩乕傾僗儁乕僗乮姅乯,-,"=""078-361-2222""",,,6530032
戄抧,R00175-015242,,,,峏抧,岞奐壜,柍,534000,,奒,-,枃曽巗崅揷2挌栚偺戄抧亂266捸亃,,戝嶃晎枃曽巗崅揷俀挌栚25-13,,,,,6.00,,,881.93,,266.78,2002,2026/06/12,"2025/12/25 10:31","2026/06/05 15:58",愭暔(拠夘),,姅幃夛幮僒儞僄乕僗,-,"=""072-858-3318""",,-,5730073
憅屔,R00175-015481,,,,嬻,傾乕僇僀僽(惉栺),柍,440000,,奒,1997擭02寧,搶戝嶃巗峳杮怴挰偺戄憅屔亂72捸亃,,戝嶃晎搶戝嶃巗峳杮怴挰8-20,,,,880000,1800000,,,294.78,240.64,72.79,6045,2026/04/17,"2026/04/17 10:53","2026/06/05 15:55",愭暔(拠夘),,姅幃夛幮僋儗傾,-,"=""06-6781-2710""",嬻桳,,5770022
憅屔,R00175-015301,,,,嬻,傾乕僇僀僽(惉栺),柍,396000,,1奒,1978擭06寧,愛捗巗捁帞榓摴1挌栚偺戄憅屔亂90捸亃,,戝嶃晎愛捗巗捁帞榓摴侾挌栚17-9,,,,,2400000,,,,297.54,90,4400,2026/04/07,"2026/01/29 10:37","2026/06/05 15:47",愭暔(拠夘),,榓揷嶻嬈姅幃夛幮,-,"=""072-654-0181""",柍,,5660073
岺応,R00175-015362,,,,嬻,傾乕僇僀僽(惉栺),柍,330000,,奒,1974擭03寧,暫屔導擈嶈巗嬥妝帥挰1挌栚偺戄岺応亂57捸亃,,暫屔導擈嶈巗嬥妝帥挰侾挌栚6-32,,,660000,990000,,,,169.00,190.00,57.47,5742,2026/04/07,"2026/02/26 12:02","2026/06/05 15:44",愭暔(拠夘),,埉晄摦嶻,-,"=""06-6481-1939""",嬻桳,"2026.4.7 彜択拞丅2斣庤偱偺偛埬撪壜
丒楢搹2屗1偺杒懁",6600806
憅屔,R00175-015486,,,,嬻,傾乕僇僀僽(惉栺),柍,330000,,1奒,-,暫屔導恄屗巗惣嬫抮忋3挌栚偺戄憅屔亂56捸亃,,暫屔導恄屗巗惣嬫抮忋俁挌栚6-4,,,2.00,2.00,,,,,187.48,56.71,5819,2026/04/21,"2026/04/21 13:09","2026/06/05 15:38",愭暔(拠夘),,暫屔榋峛擾嬈嫤摨慻崌丂恄屗惣帒嶻娗棟僙儞僞乕,-,"=""078-974-4565""",,,6512111
戄抧,R00175-015221,,,,峏抧,傾乕僇僀僽(惉栺),柍,2880000,,奒,-,愛捗巗彲壆1挌栚偺戄抧亂1149捸亃,,戝嶃晎愛捗巗彲壆侾挌栚16,,,6.00,1.00,,,,3800.00,,1149.5,2506,2026/04/06,"2025/12/18 11:13","2026/06/05 14:19",愭暔(拠夘),,(姅)僈儗乕僕,-,"=""06-6228-0519""",,"2026.4.6丂俀斣庤傑偱怽偟崬傒偼偁傝乮忦審摍僸傾儕儞僌偺忋埬撪偼壜乯
2026.2.17丂彜択拞(2斣庤壜)",5660012
憅屔,R00175-015573,,,,嬻,岞奐壜,柍,1650000,,奒,1988擭12寧,戝嶃巗搶惉嬫搶崱棦2挌栚偺戄憅屔亂217捸亃,,戝嶃晎戝嶃巗搶惉嬫搶崱棦俀挌栚4-4,33000,,6.00,2.00,,,,,718.50,217.34,7592,2026/07/17,"2026/05/29 12:02","2026/06/04 16:57",愭暔(拠夘),,乮姅乯捯晄摦嶻,-,"=""06-6343-3155""",嬻桳,,5370011
岺応,R00175-015539,,,,嬻,岞奐壜,柍,440000,,1奒,1987擭01寧,戝嶃巗惗栰嬫怴崱棦1挌栚偺戄岺応亂46捸亃,,戝嶃晎戝嶃巗惗栰嬫怴崱棦侾挌栚5-4,,,,3.00,,,,153.40,153.40,46.4,9483,2026/07/21,"2026/05/18 11:37","2026/06/04 16:50",愭暔(拠夘),,乮姅乯僄僋僔傾僗,-,"=""06-6730-7666""",,丒A嬫夋,5440001
憅屔,R00175-015556,,,,嬻,岞奐壜,柍,605000,,奒,1956擭05寧,戝嶃巗忛搶嬫崱暉惣5挌栚偺戄憅屔亂71捸亃,,戝嶃晎戝嶃巗忛搶嬫崱暉惣俆挌栚3-7,,,,1100000,,,,,235.00,71.08,8511,2026/07/17,"2026/05/20 11:57","2026/06/04 16:48",愭暔(拠夘),,戝榓晄摦嶻姅幃夛幮,-,"=""06-6933-2186""",嬻桳,,5360004
揦曑(寶暔堦妵),R00175-015555,,,,嬻,岞奐壜,柍,660000,,奒,1974擭01寧,暫屔導愳惣巗戝榓惣2挌栚偺戄揦曑亂139捸亃,,暫屔導愳惣巗戝榓惣俀挌栚2-5,,,,2.20,,,,330.55,459.68,139.05,4747,2026/05/20,"2026/05/20 11:37","2026/06/04 16:30",愭暔(拠夘),,乮姅乯僕僃僀儕乕僗,-,"=""06-6476-8308""",,,6660112
憅屔,R00175-014978,,,,,岞奐壜,柍,1255100,,奒,2010擭01寧,戝嶃巗搶梽愳嬫惣扺楬6挌栚偺戄憅屔亂162捸亃,,戝嶃晎戝嶃巗搶梽愳嬫惣扺楬俇挌栚4-111,,,,,3423000,,,,537.90,162.71,7714,2026/06/04,"2025/09/03 11:13","2026/06/04 15:15",愭暔(拠夘),,朙揷嶻嬈乮姅乯,慜揷丗090-7117-4384,"=""06-6385-3818""",嬻桳,"2026.6.4
丒捓椏丗1,075,800仺1,255,100墌
丒曐徹嬥丗3偐寧仺3,423,000墌

2026.5.14
丒捓椏丗1255100仺1075800墌
丒晘堷偒丗0仺1偐寧
丒曐徹嬥丗3765300仺3偐寧
丒曐徹嬥彏媝丗1255100墌仺側偟

2026丏4.14丂寶暔柺愊丂538.84噓佀537.90噓

2026丏4.14丂曐徹嬥UP丂342.3枩佀376.53枩",5330031
揦曑(寶暔堦妵),R00175-015014,,,,嬻,岞奐壜,柍,440000,,奒,2003擭10寧,暫屔導昉楬巗嶰嵍塹栧杧惣偺挰偺戄揦曑亂80捸亃,,暫屔導昉楬巗嶰嵍塹栧杧惣偺挰38,,,400000,440000,,,,603.00,267.22,80.83,5444,2026/06/03,"2025/09/19 12:50","2026/06/03 17:00",愭暔(拠夘),,姅幃夛幮偨偐壆,-,"=""079-293-8921""",,,6700940
揦曑帠柋強(寶暔堦妵),R00175-015552,,,,嬻,岞奐壜,柍,1100000,,奒,1991擭01寧,朙拞巗枼椫3挌栚偺戄揦曑丒帠柋強亂286捸亃,,戝嶃晎朙拞巗枼椫俁挌栚5-22,,,,,4.00,,,431.04,947.61,286.65,3838,2026/07/23,"2026/05/20 10:53","2026/06/03 09:15",愭暔(拠夘),,嶃媫嶃恄晄摦嶻乮姅乯,-,"=""06-6376-4747""",嬻桳,,5600035
戄抧,R00175-014886,,,,峏抧,岞奐壜,柍,600000,,奒,-,暫屔導嶰栘巗暿強挰壓愇栰偺戄抧亂1185捸亃,,暫屔導嶰栘巗暿強挰壓愇栰1412,,,3.00,1.00,,,,3920.00,,1185.8,506,2026/07/27,"2025/07/15 13:17","2026/06/02 15:54",愭暔(拠夘),,TC恄峾晄摦嶻姅幃夛幮丂朄恖塩嬈晹,-,"=""078-261-2223""",,,6730453
憅屔,R00175-014128,,,,嬻,傾乕僇僀僽(惉栺),柍,250000,,奒,1967擭01寧,戝嶃嫹嶳巗抮擵尨3挌栚偺戄憅屔亂252捸亃,,戝嶃晎戝嶃嫹嶳巗抮擵尨俁挌栚513-2,,,1.00,1.00,,,,797.66,835.10,252.61,990,2026/05/13,"2024/08/01 14:20","2026/06/02 09:14",愭暔(拠夘),,姅幃夛幮傾僋僥傿僽丒僄僗僥乕僩,-,"=""06-6263-2244""",,"2026.6.2 曱嶳屭媞偵偰惉栺偢傒

2026.5.13 捓椏曄峏33枩(惻崬)仺25枩(惻崬)丂曱嶳

2026.3.3丂
丒捓椏丗50枩墌仺41.8枩墌佀33枩丂2026.4.1

2025.7.25丂惉栺仺暅妶
拲堄丗曞廤柺愊偼幚應偱偡両
尰尦晅偺傾僋僥傿僽丒僄僗僥乕僩偵栤偄崌傢偣傪峴偄丄
帒椏婰嵹柺愊偼搊婰曤捠傝偺忣曬偲偺偙偲偱丄
崱屻嫲傜偔幚應柺愊偵曄峏偡傞梊掕偲偺偙偲偱偟偨偺偱丄
僩僠僞僥曞廤帪戙偺幚應柺愊偺傑傑搊榐偟偰偄傑偡丅
丒尦晅丗僩僠僞僥價儖僨傿儞僌仺傾僋僥傿僽丒僄僗僥乕僩

2025.1.15丗暔審妋擣FAX憲晅嵪傒丂柤壝崃
",5890031
揦曑帠柋強(寶暔堦妵),R00175-015553,,,,巊梡拞,岞奐壜,柍,690000,,奒,1993擭05寧,暫屔導恄屗巗撳嬫撳撿捠5挌栚偺戄揦曑丒帠柋強亂82捸亃,,暫屔導恄屗巗撳嬫撳撿捠俆挌栚2-7,,,690000,1380000,,,,169.18,273.36,82.69,8345,2026/08/04,"2026/05/20 11:17","2026/06/01 18:43",愭暔(拠夘),,俙俽僒乕價僗乮姅乯,-,"=""078-777-6644""",嬻桳,,6570841
戄抧,R00175-015355,,,,,岞奐壜,柍,300000,,奒,-,嶄巗惣嬫懢暯帥偺戄抧亂254捸亃,,戝嶃晎嶄巗惣嬫懢暯帥356,,,1.00,2.00,,,,842.00,,254.7,1178,2026/06/01,"2026/02/24 13:12","2026/06/01 17:13",愭暔(拠夘),,乮姅乯僋償僃儗僇儞僷僯乕,-,"=""0725-58-8338""",,"2026.6.1
捓椏55枩仺30枩
楃嬥1儢寧仺2儢寧",5938314
憅屔,R00175-015366,,,,嬻,岞奐壜,柍,450000,,奒,1975擭09寧,戝嶃巗搒搰嬫栄攏挰5挌栚偺戄憅屔亂83捸亃,,戝嶃晎戝嶃巗搒搰嬫栄攏挰俆挌栚9-20,,,1350000,450000,,,,160.17,275.91,83.46,5392,2026/06/01,"2026/03/03 14:16","2026/06/01 16:57",愭暔(拠夘),,姅幃夛幮埨怣,-,"=""06-4254-3000""",嬻桳,"2026.6.1丂捓椏丄楃嬥丗475000墌仺450000墌偵曄峏

丒1-2奒晹暘",5340001
戄抧,R00175-015419,,,,,岞奐壜,柍,555000,,奒,-,嫗搒晎忛梲巗帥揷崱嫶偺戄抧亂520捸亃,,嫗搒晎忛梲巗帥揷崱嫶23,,,,,3000000,,1.00,1722.00,,520.9,1066,2026/06/02,"2026/03/25 09:33","2026/06/01 16:56",愭暔(拠夘),,僨傿儔儞僪嶳嫗儕乕僗乮姅乯,-,"=""0774-20-5115""",,"2026.6.1
丒捓椏丗50枩墌仺55.5枩墌",6100121
憅屔,R00175-014605,,,,嬻,岞奐壜,柍,748000,,奒,1968擭09寧,戝嶃巗掃尒嬫掃尒4挌栚偺戄憅屔亂204捸亃,,戝嶃晎戝嶃巗掃尒嬫掃尒係挌栚15-9,,,2244000,1496000,3.00,,,298.00,677.04,204.8,3653,2026/07/10,"2025/03/31 10:41","2026/06/01 16:40",愭暔(拠夘),,嶰婎寶愝乮姅乯,嵅壛,"=""06-6304-0999""",嬻桳,"2026.6.1
丒晘嬥丗2244000仺柍偟
丒曐徹嬥丗0仺3偐寧

2025.11.20
丒捓椏丗82.06枩墌仺74.8枩墌

捓椏DOWN20251107",5380053
揦曑帠柋強(寶暔堦妵),R00175-015432,,,,嬻,岞奐壜,柍,595000,,奒,1985擭03寧,暫屔導昉楬巗忺杹嬫忋栰揷2挌栚偺戄揦曑丒帠柋強亂111捸亃,,暫屔導昉楬巗忺杹嬫忋栰揷俀挌栚70,,,5.00,2.00,,,,1021.42,367.20,111.07,5357,2026/06/19,"2026/03/30 10:14","2026/06/01 16:20",愭暔(拠夘),,乮桳乯偍偐偺晄摦嶻,-,"=""079-229-9229""",嬻桳,"2026.6.1
丒捓椏丗595000仺495000墌
丒楃嬥丗2儢寧佀5偐寧
丒晘嬥丗5偐寧仺2儢寧",6728043
揦曑(寶暔堦妵),R00175-013775,,,,嬻,岞奐壜,柍,1100000,,奒,1966擭08寧,愹撿孲孎庢挰嵁壆2挌栚偺戄揦曑亂261捸亃,,戝嶃晎愹撿孲孎庢挰嵁壆俀挌栚21-17,,,3000000,3300000,,,,2600.00,890.00,269.22,4086,2026/07/09,"2024/02/13 13:37","2026/06/01 16:15",愭暔(拠夘),,姅幃夛幮偐偨傗傑晄摦嶻帠柋強,-,"=""072-462-4888""",嬻桳,"2026.3.4丂惉栺仺暅妶
丒捓椏丗88枩墌仺110枩墌

2025.11.25丂彜択拞(2斣庤庴晅壜)",5900412
憅屔,R00175-015393,,,,抸屻枹擖嫃,傾乕僇僀僽(惉栺),柍,300000,,1奒,2025擭06寧,戝嶃巗搶廧媑嬫廧摴栴揷7挌栚偺戄憅屔亂30捸亃,,戝嶃晎戝嶃巗搶廧媑嬫廧摴栴揷俈挌栚1-16,,,,1000000,,,,160.00,99.37,30.05,9981,2026/06/01,"2026/03/17 12:58","2026/06/01 11:08",愭暔(拠夘),,敧廏寶愝,-,"=""06-6699-9310""",嬻桳,,5460022
戄抧,R00175-015446,,,,峏抧,岞奐壜,柍,530000,,奒,-,嶄巗拞嬫捯擵偺戄抧亂623捸亃,,戝嶃晎嶄巗拞嬫捯擵,,,,,2000000,,,2061.00,,623.45,851,2026/06/05,"2026/04/03 11:45","2026/06/01 10:34",愭暔(拠夘),,僋儅僲儈儂乕儉,-,"=""072-280-4451""",,丒応強丗僌乕僌儖儅僢僾偱偼丄捯擵265偺杒懁,5998245
憅屔,R00175-015464,,,,,岞奐壜,桳,4385700,,奒,1992擭04寧,戝嶃巗暯栰嬫挿媑愳曈3挌栚偺戄憅屔亂724捸亃,,戝嶃晎戝嶃巗暯栰嬫挿媑愳曈俁挌栚14-5,,,,,6.00,,,,2395.00,724.48,6054,2026/06/23,"2026/04/10 10:38","2026/06/01 10:01",愭暔(拠夘),,挿媑寶愝姅幃夛幮,-,"=""06-6799-3238""",,,5470014
揦曑帠柋強(寶暔堦妵),R00175-014725,,,,嬻,岞奐壜,柍,480000,,奒,1960擭11寧,攼尨巗戝惓3挌栚偺戄揦曑丒帠柋強亂54捸亃,,戝嶃晎攼尨巗戝惓俁挌栚5-1,,,,3.00,,,,200.00,181.55,54.91,8741,2026/06/01,"2025/05/20 13:39","2026/05/29 16:45",愭暔(拠夘),,乮姅乯僱僋僗僾儔僗,-,"=""072-415-3696""",嬻桳,"2026.5.29
丒捓椏丗52枩墌仺48枩墌

2025.12.16
丒捓椏丗50枩墌仺52枩墌",5820009
憅屔,R00175-015349,,,,嬻,岞奐壜,柍,400000,,1奒,1974擭09寧,晉揷椦巗戝帤棿愹偺戄憅屔亂97捸亃,,戝嶃晎晉揷椦巗戝帤棿愹761-2,,,,,5.00,,,,320.77,97.03,4123,2026/07/16,"2026/02/19 13:04","2026/05/29 13:16",愭暔(拠夘),,嫤塰抧寶姅幃夛幮,-,"=""072-938-6677""",嬻桳,,5840053
憅屔,R00175-013820,,,,嬻,岞奐壜,柍,550000,,奒,-,敧旜巗怴壠挰3挌栚偺戄憅屔亂100捸亃,,戝嶃晎敧旜巗怴壠挰俁挌栚38-1,,,3.00,,,1.00,,,330.58,100,5500,2026/08/04,"2024/03/05 14:54","2026/05/29 13:13",愭暔(拠夘),,姅幃夛幮僐僗儌晄摦嶻忣曬丂搶戝嶃巟揦,怷壓丗090-4493-8570,"=""06-6748-7110""",,"2026丏4.16丂晘嬥仺3偐寧丂晘堷偒仺1偐寧丂丂曐徹嬥1500000仺侽丂曐徹嬥彏媝550000仺侽

2025.6.12丂惉栺仺暅妶",5810811
憅屔,R00175-014790,,,,巊梡拞,岞奐壜,柍,990000,,奒,1991擭03寧,敧旜巗宩挰6挌栚偺戄憅屔亂273捸亃,,戝嶃晎敧旜巗宩挰俇挌栚1-7,,,3.00,2.00,,,,529.11,903.60,273.33,3622,2026/07/01,"2025/06/06 10:26","2026/05/29 13:08",愭暔(拠夘),,嶰婎寶愝乮姅乯,-,"=""06-6304-0999""",嬻桳,"2025.10.7丂曄峏
丒捓椏丗120枩墌仺99枩墌

丒応強丗僌乕僌儖儅僢僾偱偼丄宩挰6挌栚1-7乮嫤塰惢嶌強乯",5810823
憅屔,R00175-015531,,,,嫃廧拞,岞奐壜,柍,1870000,,奒,1981擭01寧,戝嶃巗戝惓嬫愮搰1挌栚偺戄憅屔亂293捸亃,,戝嶃晎戝嶃巗戝惓嬫愮搰侾挌栚3-16,,,1.50,1.50,,,,456.60,968.72,293.03,6382,2026/06/01,"2026/05/12 14:08","2026/05/29 11:57",愭暔(拠夘),,僩儈僫僈抧嶻丂,-,"=""06-6552-0360""",,,5510003
憅屔,R00175-014191,,,,嬻,傾乕僇僀僽(惉栺),柍,0,,奒,2024擭09寧,"暫屔導埳扥巗崅戜係挌栚偺戄憅屔亂8,963捸亃",,暫屔導埳扥巗崅戜係挌栚8-1,,,,,,,,16986.00,29630.54,8963.23,,2026/03/05,"2024/09/11 11:18","2026/05/29 08:49",愭暔(拠夘),,姅幃夛幮僙儞僠儏儕乕僟僀僜乕,媑揷夒,"=""06-6136-0555""",嬻桳,媑揷偝傫傛傝宖嵹埶棅,6640892
憅屔,R00175-014200,,,,抸屻枹擖嫃,傾乕僇僀僽(惉栺),柍,0,,奒,2025擭05寧,暫屔導愳惣巗搶宭栰偺戄憅屔乥C嬫夋亂2012捸亃,,暫屔導愳惣巗搶宭栰帤挿旜1-122,,,,,,,,505281.00,6652.56,2012.39,,2026/03/05,"2024/09/12 16:16","2026/05/29 08:48",愭暔(拠夘),,姅幃夛幮僙儞僠儏儕乕僟僀僜乕,媑揷夒,"=""06-6136-0555""",嬻桳,媑揷夒偝傫扴摉暔審乮ESR傛傝乯,6660117
憅屔,R00175-014192,,,,抸屻枹擖嫃,傾乕僇僀僽(惉栺),柍,0,,奒,2025擭05寧,暫屔導愳惣巗搶宭栰偺戄憅屔乥B嬫夋亂948捸亃,,暫屔導愳惣巗搶宭栰帤挿旜1-122,,,,,,,,505281.00,3134.21,948.09,,2026/03/05,"2024/09/12 10:48","2026/05/29 08:48",帺幮,堦斒攠夘,姅幃夛幮僙儞僠儏儕乕僟僀僜乕,媑揷夒,"=""06-6136-0555""",嬻桳,媑揷夒偝傫扴摉暔審,6660117
憅屔,R00175-014273,,,,嬻,傾乕僇僀僽(惉栺),柍,0,,奒,2005擭06寧,戝嶃巗惣梽愳嬫拞搰俀挌栚偺戄憅屔亂3089捸亃,,戝嶃晎戝嶃巗惣梽愳嬫拞搰俀挌栚9-133,,,,,,,,8263.00,10213.81,3089.67,,2026/03/05,"2024/10/18 17:40","2026/05/29 08:48",帺幮,堦斒攠夘,姅幃夛幮僙儞僠儏儕乕僟僀僜乕,媑揷夒,"=""06-6136-0555""",嬻桳,"捓椏丗憅屔丒僶乕僗丗捸4,200墌乮嫟塿旓崬傒丒暿搑徚旓惻乯
帠柋強丗捸7,000墌乮嫟塿旓崬傒丒暿搑徚旓惻乯
=2,686,032墌(惻崬傒乯

扴摉丗媑揷",5550041
憅屔,R00175-014526,,,,嬻,岞奐壜,柍,330000,,奒,1962擭09寧,暫屔導恄屗巗挿揷嬫搶怟抮挰2挌栚偺戄憅屔亂70捸亃,,暫屔導恄屗巗挿揷嬫搶怟抮挰俀挌栚6-2,,,,,,,,,232.32,70.27,4696,2026/07/23,"2025/02/13 10:29","2026/05/28 15:39",愭暔(拠夘),,乮桳乯傗側愳丒彜夛,-,"=""078-682-8660""",,"2026.5.28丂捓椏曄峏
39.6枩仺33枩

2025.4.22丂捓椏曄峏
49.5枩仺39.6枩",6530022
揦曑(寶暔堦妵),R00175-014819,,,,嬻,傾乕僇僀僽(惉栺),柍,990000,,奒,2000擭11寧,榓愹巗幒摪挰偺戄揦曑亂46捸亃,,戝嶃晎榓愹巗幒摪挰484-1,,,4.00,2.00,,,,1586.77,152.56,46.14,21453,2026/05/28,"2025/06/19 15:22","2026/05/28 09:08",帺幮,,姅幃夛幮僙儞僠儏儕乕僟僀僜乕,怷,"=""06-6136-0555""",嬻桳,,5941101
揦曑(寶暔堦妵),R00175-014751,,,,嬻,傾乕僇僀僽(惉栺),柍,165000,,1奒,1992擭03寧,堬栘巗惣壨尨俀挌栚偺戄揦曑亂13捸亃,,戝嶃晎堬栘巗惣壨尨俀挌栚8-2,,,,3.30,,,,,46.00,13.91,11858,2026/05/28,"2025/05/29 14:23","2026/05/28 08:58",愭暔(拠夘),,姅幃夛幮僙儞僠儏儕乕僟僀僜乕,孠嶳,"=""06-6136-0555""",,,5670023
帠柋強(寶暔堦妵),R00175-014787,,,,嬻,傾乕僇僀僽(惉栺),柍,165000,,奒,2022擭08寧,愛捗巗捁帞壓俀挌栚偺憅屔晅偒帠柋強亂20捸亃,,戝嶃晎愛捗巗捁帞壓俀挌栚7-11,,,,3.30,,,,,68.04,20.58,8017,2026/05/28,"2025/06/06 09:41","2026/05/28 08:57",帺幮,堦斒攠夘,姅幃夛幮僙儞僠儏儕乕僟僀僜乕,孠嶳,"=""06-6136-0555""",嬻桳,,5660071
帠柋強(寶暔堦妵),R00175-014788,,,,嬻,傾乕僇僀僽(惉栺),柍,170500,,奒,2022擭08寧,愛捗巗捁帞壓俀挌栚偺憅屔晅偒帠柋強亂20捸亃,,戝嶃晎愛捗巗捁帞壓俀挌栚7-11,,,,3.30,,,,,68.04,20.58,8284,2026/05/28,"2025/06/06 09:57","2026/05/28 08:57",帺幮,堦斒攠夘,姅幃夛幮僙儞僠儏儕乕僟僀僜乕,孠嶳,"=""06-6136-0555""",嬻桳,,5660071
憅屔,R00175-015304,,,,嬻,傾乕僇僀僽(惉栺),柍,427000,,奒,1990擭11寧,崅捨巗戝捤挰4挌栚偺戄憅屔亂168捸亃,,戝嶃晎崅捨巗戝捤挰係挌栚26-1,,,,,2562000,,,,556.54,168.35,2537,2026/02/27,"2026/01/30 13:29","2026/05/27 16:36",愭暔(拠夘),,榓揷嶻嬈姅幃夛幮,-,"=""072-654-0181""",嬻桳,"2026.3.23丂曱嶳屭媞偵偰彜択拞
丒寶暔嵍懁乮惣懁乯",5690034
憅屔,R00175-015409,,,,巊梡拞,傾乕僇僀僽(惉栺),柍,550000,,奒,1974擭10寧,愹嵅栰戞係憅屔亂132捸亃,,戝嶃晎愹嵅栰巗拞挰俁挌栚2-22,,,4.00,2.00,,,,991.73,438.11,132.52,4151,2026/05/27,"2026/03/24 11:09","2026/05/27 16:21",帺幮,堦斒攠夘,姅幃夛幮僙儞僠儏儕乕僟僀僜乕,曱嶳,"=""06-6136-0555""",嬻桳,2026.5丂怽崬傒1審偁傝丂曱嶳屭媞偵偰,5980013
揦曑帠柋強(寶暔堦妵),R00175-014726,,,,嬻,岞奐壜,柍,450000,,奒,1985擭07寧,暫屔導昉楬巗揷帥2挌栚偺戄揦曑丒帠柋強亂128捸亃,,暫屔導昉楬巗揷帥俀挌栚7-2,,,3.00,,,,,,423.94,128.24,3509,2026/08/06,"2025/05/20 13:50","2026/05/27 15:11",愭暔(拠夘),,嬍揷岺嬈乮姅乯昉楬墂慜揦,-,"=""079-225-0660""",嬻桳,"2026.5.27
丒捓椏丗55枩墌仺45枩墌",6700086
憅屔,R00175-015313,,,,巊梡拞,傾乕僇僀僽(惉栺),柍,1000000,,1奒,1969擭02寧,戝嶃巗峘嬫曎揤3挌栚偺戄憅屔亂89捸亃,,戝嶃晎戝嶃巗峘嬫曎揤俁挌栚23-4,,,,2.00,,,,691.00,296.13,89.57,11164,2026/03/06,"2026/02/05 14:48","2026/05/27 14:59",愭暔(拠夘),,戝嶃寶愝乮姅乯,-,"=""06-6585-7989""",,,5520007
憅屔,R00175-015356,,,,嬻,傾乕僇僀僽(惉栺),柍,363000,,1奒,1982擭01寧,暫屔導曮捤巗岥扟惣3挌栚偺戄憅屔亂53捸亃,,暫屔導曮捤巗岥扟惣俁挌栚62-1,,,,,2.00,,,294.00,177.07,53.56,6777,2026/05/27,"2026/02/24 13:29","2026/05/27 14:57",愭暔(拠夘),,傾儔僉廧戭乮姅乯,-,"=""0797-89-3795""",嬻桳,,6650813
揦曑帠柋強(寶暔堦妵),R00175-015414,,,,巊梡拞,傾乕僇僀僽(惉栺),柍,330000,,1奒,2006擭02寧,暫屔導曮捤巗拞嬝6挌栚偺戄揦曑丒帠柋強亂27捸亃,,暫屔導曮捤巗拞嬝俇挌栚3-8,,,6.00,1.00,,,,340.22,90.71,27.43,12027,2026/05/27,"2026/03/24 14:44","2026/05/27 14:55",愭暔(拠夘),,乮姅乯僀僯僔僆丒儔僀僼僒乕價僗,-,"=""0797-89-8441""",嬻桳,,6650874
憅屔,R00175-014894,,,,嬻,傾乕僇僀僽(惉栺),柍,495000,,奒,2003擭08寧,榓愹巗抮忋挰3挌栚偺戄憅屔亂67捸亃,,戝嶃晎榓愹巗抮忋挰俁挌栚13-31,,,,500000,1000000,,,297.51,222.59,67.33,7352,2026/05/27,"2025/07/17 15:21","2026/05/27 14:46",愭暔(拠夘),,乮姅乯僄乕僪丒儔僀僼,-,"=""072-280-6681""",,"2025.12.9丂惉栺仺暅妶
丒捓椏丗60.5枩墌仺55枩墌佀49.5枩墌",5940083
憅屔,R00175-014657,,,,嬻,傾乕僇僀僽(惉栺),柍,5390000,,奒,1992擭08寧,戝嶃巗惣梽愳嬫屼暭搰5挌栚偺戄憅屔亂553捸亃,,戝嶃晎戝嶃巗惣梽愳嬫屼暭搰俆挌栚11-1,,,18865000,18865000,,,,2410.68,1831.14,553.91,9731,2026/05/27,"2025/04/22 14:39","2026/05/27 14:45",愭暔(拠夘),,姅幃夛幮僀儅僗丂棳捠帠嬈晹,崟娾媊擵丗070-6543-0051,"=""06-6209-7373""",嬻桳,,5550012
憅屔,R00175-015265,,,,巊梡拞,傾乕僇僀僽(惉栺),柍,1980000,,奒,1990擭09寧,堬栘巗墶峕2挌栚偺戄憅屔亂361捸亃,,戝嶃晎堬栘巗墶峕俀挌栚1-20,,,4.00,3960000,,,,952.77,1195.95,361.77,5474,2026/05/27,"2026/01/13 11:26","2026/05/27 14:43",愭暔(拠夘),,乮姅乯僄僗僩僐乕億儗乕僔儑儞丂捓戄偺僄僗僩丂嶃媫堬栘杮揦,崅嶳,"=""080-5764-3136""",嬻桳,"2026.3.6
丒捓椏丗220枩墌仺198枩墌",5670865
憅屔,R00175-014262,,,,嬻,傾乕僇僀僽(惉栺),柍,18480000,,奒,1981擭02寧,堬栘巗忋孲1挌栚偺戄憅屔亂3797捸亃,,戝嶃晎堬栘巗忋孲侾挌栚4-10,,,,,,,,6075.00,12554.18,3797.63,4867,2026/05/27,"2024/10/15 14:29","2026/05/27 14:42",愭暔(拠夘),,僄僗僥乕僩俽俷俫倂俙乮姅乯,徏杮偝傫丗090-7349-0399,"=""072-643-0022""",嬻桳,"2026.1.27丂惉栺仺暅妶

2025,10.15丂曞廤STOP偺偨傔惉栺

暔妋偼儊乕儖偵偰
徏杮條丗matsumoto-sohwa@leto.eonet.ne.jp

2025丅6.10丂妶摦堦扷巭傔偰偄傞偲偺偙偲",5670065
憅屔,R00175-015371,,,,巊梡拞,傾乕僇僀僽(惉栺),柍,550000,,奒,1972擭03寧,敧旜巗巙婭挰撿2挌栚偺戄憅屔亂97捸亃,,戝嶃晎敧旜巗巙婭挰撿俀挌栚101,,,,4.00,,,,,321.08,97.12,5663,2026/05/27,"2026/03/05 12:01","2026/05/27 14:40",愭暔(拠夘),,乮姅乯俤値倲倰倳倱倲,-,"=""06-6167-9877""",嬻桳,"仸僱僢僩宖嵹晄壜
丒僄儗儀乕僞乕巊梡晄壜",5810033
揦曑帠柋強(寶暔堦妵),R00175-013949,,,,嬻,岞奐壜,柍,206800,,奒,1981擭05寧,暫屔導壛惣巗杒忦挰搶撿偺戄揦曑丒帠柋強亂87捸亃,,暫屔導壛惣巗杒忦挰搶撿101-22,11000,5000,,3.00,2.00,,,,288.82,87.36,2367,2026/07/23,"2024/04/23 14:46","2026/05/27 14:38",愭暔(拠夘),,乮姅乯僆乕儖僕儍僷儞,-,"=""078-231-2323""",嬻桳,"2026.5.27
丒捓椏丗281600仺206800墌

俀侽俀俆丒俋丒侾侾仺俀俉侾俇侽侽墌",6752324
憅屔,R00175-015401,,,,,傾乕僇僀僽(惉栺),柍,2200000,,1奒,1990擭01寧,暫屔導昉楬巗栘応廫敧斀挰偺戄憅屔亂251捸亃,,暫屔導昉楬巗栘応廫敧斀挰14-2,,,,,,,,2832.18,831.00,251.37,8752,2026/05/27,"2026/03/17 14:52","2026/05/27 13:31",愭暔(拠夘),,愳嶈搚抧寶暔乮姅乯,-,"=""079-245-1603""",嬻桳,,6728017
憅屔,R00175-015375,,,,,岞奐壜,柍,1210000,,1奒,1981擭01寧,戝搶巗怴揷拞挰偺戄憅屔亂150捸亃,,戝嶃晎戝搶巗怴揷拞挰1-46,,,,,,,,,497.70,150.55,8037,2026/07/17,"2026/03/10 13:19","2026/05/27 13:29",愭暔(拠夘),,娭惣僗僞乕僣乮姅乯丂僺僞僢僩僴僂僗撿怷挰揦,-,"=""06-6311-3731""",嬻桳,"2026.5.27丂
丒捓椏丗1870000仺1210000墌",5740056
憅屔,R00175-015171,,,,嬻,傾乕僇僀僽(惉栺),柍,363000,,奒,1993擭12寧,暫屔導擈嶈巗悈摪挰2挌栚偺戄憅屔亂15捸亃,,暫屔導擈嶈巗悈摪挰俀挌栚36-22,,,,,3.00,,,,52.19,15.78,22993,2026/05/27,"2025/11/26 14:04","2026/05/27 13:27",愭暔(拠夘),,娭惣僱僢僩晄摦嶻乮姅乯惣媨揦,-,"=""0798-69-2333""",嬻桳,,6610026
憅屔,R00175-015229,,,,嬻,傾乕僇僀僽(惉栺),柍,605000,,奒,1990擭05寧,戝嶃巗暯栰嬫暯栰忋挰1挌栚偺戄憅屔亂100捸亃,,戝嶃晎戝嶃巗暯栰嬫暯栰忋挰侾挌栚1-4,,,2.00,2.00,,,,,331.23,100.19,6039,2026/05/27,"2025/12/23 10:41","2026/05/27 13:07",愭暔(拠夘),,乮姅乯俧俷俴俢丂俲俤倄,-,"=""06-6167-8888""",嬻桳,"2026.3.3丂惉栺仺暅妶
丒捓椏丗50枩墌仺60.5枩墌

丒応強丗僌乕僌儖儅僢僾偱偼丄暯栰忋挰1挌栚1-6",5470045
憅屔,R00175-015343,,,,嬻,傾乕僇僀僽(惉栺),柍,330000,,1奒,1987擭01寧,戝嶃巗梽愳嬫壛搰4挌栚偺戄憅屔亂42捸亃,,戝嶃晎戝嶃巗梽愳嬫壛搰係挌栚8-14,,,600000,600000,,,,,139.00,42.04,7849,2026/04/07,"2026/02/18 14:44","2026/05/27 12:06",愭暔(拠夘),,柧岝晄摦嶻,-,"=""06-6309-6841""",嬻桳,,5320031
憅屔,R00175-014646,,,,嬻,傾乕僇僀僽(惉栺),柍,1320000,,奒,1976擭11寧,嫗搒晎嫗搒巗撿嬫媑徦堾棳嶌挰偺戄憅屔亂227捸亃,,嫗搒晎嫗搒巗撿嬫媑徦堾棳嶌挰7,,,6.00,2.00,,,,507.00,750.77,227.1,5813,2026/05/27,"2025/04/15 15:47","2026/05/27 08:40",愭暔(拠夘),,姅幃夛幮僀儅僗丂棳捠帠嬈晹,-,"=""06-6209-7373""",嬻桳,,6018390
憅屔,R00175-015379,,,,巊梡拞,岞奐壜,柍,7150000,,奒,1983擭12寧,戝嶃巗廧擵峕嬫怴杒搰3挌栚偺戄憅屔亂528捸亃,,戝嶃晎戝嶃巗廧擵峕嬫怴杒搰俁挌栚2-53,,,,1.00,10.00,,,2989.77,1747.20,528.52,13529,2026/07/17,"2026/03/10 14:15","2026/05/27 08:37",愭暔(拠夘),,乮姅乯嫽戱,-,"=""06-7503-2662""",嬻桳,"2026.5.27
丒捓椏丗7700000仺7150000枩墌",5590024
揦曑(寶暔堦妵),R00175-015390,,,,嫃廧拞,傾乕僇僀僽(惉栺),柍,327800,,奒,1995擭05寧,岎栰巗巹晹3挌栚偺戄揦曑亂32捸亃,,戝嶃晎岎栰巗巹晹俁挌栚11-5,,,1.00,2.00,,,,,106.87,32.32,10140,2026/05/27,"2026/03/16 13:37","2026/05/27 08:31",愭暔(拠夘),,乮姅乯僒儞僐僗儌,-,"=""072-810-3033""",嬤桳,,5760052
揦曑(寶暔堦妵),R00175-014074,,,,嬻,傾乕僇僀僽(惉栺),柍,1020000,,奒,2008擭04寧,嶃撿巗壓弌偺戄揦曑亂37捸亃,,戝嶃晎嶃撿巗壓弌431-2,,,,,,,,2970.40,124.86,37.77,27006,2026/03/26,"2024/07/09 14:15","2026/05/26 17:58",愭暔(拠夘),,姅幃夛幮塰嶻嬈,-,"=""073-428-1100""",嬻桳,"2026.1.7丂惉栺仺暅妶
丒尦晅丗傾僀儔儞僪儂乕儉仺塰嶻嬈

2025.10.3丂惉栺

捓椏DOWN110枩仺102枩 2025.3.31
2025丄俋丆俆丂1審怽偟崬傒偁傝",5990202
憅屔,R00175-014801,,,,嬻,傾乕僇僀僽(惉栺),柍,660000,,奒,1968擭09寧,悂揷巗娸晹撿2挌栚偺戄憅屔亂98捸亃,,戝嶃晎悂揷巗娸晹撿俀挌栚44-5,,,6.00,2.00,,,,382.00,326.40,98.73,6685,2026/05/26,"2025/06/13 13:34","2026/05/26 17:42",愭暔(拠夘),,嶰婎寶愝乮姅乯,-,"=""06-6304-0999""",嬻桳,2026.4.7丂暔妋帪1審彜択拞丂埬撪晄壜丂曱嶳,5640011
岺応,R00175-015280,,,,嬻,傾乕僇僀僽(惉栺),柍,990000,,1奒,1987擭11寧,暫屔導擈嶈巗摴堄挰6挌栚偺戄岺応亂136捸亃,,暫屔導擈嶈巗摴堄挰俇挌栚35-2,,,1.00,3.00,,,,,451.00,136.42,7257,2026/05/26,"2026/01/20 14:42","2026/05/26 17:40",愭暔(拠夘),,乮姅乯僒儞僔僥傿,-,"=""078-977-0315""",嬻桳,丒A崋幒,6600083
憅屔,R00175-015368,,,,,傾乕僇僀僽(惉栺),柍,682000,,1奒,1970擭04寧,暫屔導擈嶈巗搶擄攇挰5挌栚偺戄憅屔亂89捸亃,,暫屔導擈嶈巗搶擄攇挰俆挌栚26-6,,,1.00,2.20,,,,,295.00,89.23,7643,2026/05/26,"2026/03/03 14:50","2026/05/26 17:39",愭暔(拠夘),,乮姅乯僕僃僀儕乕僗,-,"=""06-6476-8308""",嬻桳,丒1奒堦嬫夋戄偟乮杒惣妏崋幒乯,6600892
戄抧,R00175-015417,,,,,岞奐壜,柍,500000,,奒,-,嫗搒晎忛梲巗媣悽敧挌偺戄抧亂494捸亃,,嫗搒晎忛梲巗媣悽敧挌65-1,,,,,3000000,,500000,1635.00,,494.58,1011,2026/06/05,"2026/03/24 15:27","2026/05/26 17:35",愭暔(拠夘),,僨傿儔儞僪嶳嫗儕乕僗乮姅乯,-,"=""0774-20-5115""",,,6100102
揦曑帠柋強(寶暔堦妵),R00175-014920,,,,巊梡拞,傾乕僇僀僽(惉栺),柍,495000,,奒,1988擭05寧,崅捨巗恀忋挰1挌栚偺戄揦曑丒帠柋強亂126捸亃,,戝嶃晎崅捨巗恀忋挰侾挌栚15-22,22000,,500000,1100000,,,,,417.57,126.31,3919,2026/05/26,"2025/07/29 13:18","2026/05/26 17:28",愭暔(拠夘),,乮姅乯僕儍僷儞價儖僪,-,"=""072-601-7272""",嬻桳,"2026.3.17丂惉栺仺暅妶
丒捓椏丗55枩墌仺49.5枩墌",5691121
憅屔,R00175-014684,,,,嬻,傾乕僇僀僽(惉栺),柍,900000,,奒,1997擭09寧,撧椙導惗嬵孲斄數挰崅埨惣1挌栚偺戄憅屔亂269捸亃,,撧椙導惗嬵孲斄數挰崅埨惣侾挌栚1-21,,,2700000,,,,,1802.71,891.60,269.7,3337,2026/05/26,"2025/05/07 13:45","2026/05/26 17:27",愭暔(拠夘),,乮姅乯怢榓奐敪,拞懞丗080-8865-5192,"=""0743-65-2278""",,"2026.1.26
丒捓椏丗100枩墌仺90枩墌

2025.11.21
儊儌丗慜乆僥僫儞僩(僉儕儞價僶儗僢僕偵偰10倲忔傝擖傟幚愌偁傝)",6360106
岺応,R00175-014831,,,,嬻,傾乕僇僀僽(惉栺),柍,440000,,奒,1980擭01寧,嫗搒晎嫗搒巗拞嫗嬫惣僲嫗杒氣堜挰偺戄岺応亂12捸亃,,嫗搒晎嫗搒巗拞嫗嬫惣僲嫗杒氣堜挰100-3,,,3.00,1.00,,,,92.00,40.00,12.1,36364,2026/05/26,"2025/06/24 13:08","2026/05/26 17:26",愭暔(拠夘),,乮姅乯僗儅僀娗棟,-,"=""075-811-2200""",嬻桳,,6048472
戄抧,R00175-015279,,,,,傾乕僇僀僽(惉栺),柍,300000,,奒,-,嫗搒晎栘捗愳巗嶳忛挰暯旜偺戄抧亂449捸亃,,嫗搒晎栘捗愳巗嶳忛挰暯旜曯嶳1,,,,200000,600000,,110000,1487.00,,449.81,667,2026/05/26,"2026/01/20 14:25","2026/05/26 17:23",愭暔(拠夘),,僙儞僠儏儕乕俀侾乮姅乯僗儅僀僥僢僋,-,"=""0774-72-0222""",,丒惣懁,6190202
岺応,R00175-015391,,,,嬻,傾乕僇僀僽(惉栺),柍,1650000,,奒,1965擭01寧,搶戝嶃巗娸揷摪惣2挌栚偺戄岺応亂399捸亃,,戝嶃晎搶戝嶃巗娸揷摪惣俀挌栚8-4,,,2.00,2.00,,,,777.94,1321.79,399.84,4127,2026/05/26,"2026/03/16 14:03","2026/05/26 17:19",愭暔(拠夘),,乮姅乯懽徆,-,"=""06-6251-3368""",,,5770848
揦曑帠柋強(寶暔堦妵),R00175-015256,,,,嬻,傾乕僇僀僽(惉栺),柍,495000,,奒,1972擭01寧,嶄巗嶄嬫岦椝搶挰1挌偺戄揦曑丒帠柋強亂86捸亃,,戝嶃晎嶄巗嶄嬫岦椝搶挰侾挌3-1,,,,,1800000,,,,285.40,86.33,5734,2026/03/23,"2026/01/07 13:49","2026/05/26 17:16",愭暔(拠夘),,俙俠俼俤乮姅乯怱嵵嫶巟幮,嶳壀條丗090-3610-9100,"=""06-6543-6722""",嬻桳,捓椏DOWN丂俇俇枩佀49.5枩丂尦晅曄峏丂榓偔傜偡佀ACRE丂2026.2.19,5900025
憅屔,R00175-014735,,,,,岞奐壜,柍,1980000,,奒,-,暫屔導壛搶巗搶屆悾偺戄憅屔亂689捸亃,,暫屔導壛搶巗搶屆悾162,,,,,4.00,,,3138.00,2280.00,689.7,2871,2026/07/21,"2025/05/22 14:31","2026/05/26 16:44",愭暔(拠夘),,乮姅乯價儖僶儞僋,-,"=""06-7637-6363""",,"2026.5.26
捓椏丗248.05枩墌佀198枩墌偵抣壓偘


2026丏4.28
曐徹嬥丗9020000仺

暔妋FAX憲怣嵪 2025.11.7",6731423
憅屔,R00175-015542,,,,,岞奐壜,柍,990000,,奒,1997擭05寧,娸榓揷巗嶰揷挰偺戄憅屔亂373捸亃,,戝嶃晎娸榓揷巗嶰揷挰300,,,,,6.00,,,2101.17,1234.80,373.52,2651,2026/06/15,"2026/05/19 12:02","2026/05/26 15:48",愭暔(拠夘),,杧揷栘嵽廧戭乮桳乯,-,"=""072-445-0327""",嬻桳,,5960808
揦曑帠柋強(寶暔堦妵),R00175-015548,,,,嬻,岞奐壜,柍,495000,,奒,1995擭09寧,嫗搒晎嫗搒巗拞嫗嬫擇忦惣摯堾挰偺戄揦曑丒帠柋強亂27捸亃,,嫗搒晎嫗搒巗拞嫗嬫惣摯堾捠擇忦壓傞擇忦惣摯堾挰630-2,,,,,6.00,,1.00,,90.03,27.23,18176,2026/07/24,"2026/05/19 14:21","2026/05/26 13:23",愭暔(拠夘),,乮姅乯僾儗僛儞僗僾儘僷僥傿乕,-,"=""075-606-5110""",嬻桳,,6040041
揦曑(寶暔堦妵),R00175-014991,,,,嬻,傾乕僇僀僽(惉栺),柍,0,,2奒,1985擭11寧,栧恀巗枛峀挰偺戄揦曑亂157捸亃,,戝嶃晎栧恀巗枛峀挰7-8,,,,,,,,,522.00,157.9,,2026/03/05,"2025/09/11 10:16","2026/05/26 10:43",帺幮,堦斒攠夘,姅幃夛幮僙儞僠儏儕乕僟僀僜乕,媨杮,"=""06-6136-0555""",,"扴摉丗媨杮
丒捸扨壙丗12,000墌",5710030
岺応,R00175-015496,,,,嫃廧拞,傾乕僇僀僽(惉栺),柍,900000,,奒,1979擭12寧,戝嶃巗戝惓嬫嶰尙壠搶3挌栚偺戄岺応亂126捸亃,,戝嶃晎戝嶃巗戝惓嬫嶰尙壠搶俁挌栚11-34,,,,1100000,1800000,,,,418.55,126.61,7109,2026/05/26,"2026/04/23 11:45","2026/05/26 09:10",愭暔(拠夘),,僒儞僄僀晄摦嶻姅幃夛幮,-,"=""06-6567-7767""",,,5510002
憅屔,R00175-015172,,,,,岞奐壜,柍,550000,,1奒,2025擭12寧,戝嶃巗暯栰嬫壛旤杒3挌栚偺戄憅屔亂54捸亃,,戝嶃晎戝嶃巗暯栰嬫壛旤杒俁挌栚7-4,,,2.00,3.00,,,,301.73,180.00,54.45,10102,2026/07/21,"2025/11/26 14:19","2026/05/25 16:26",愭暔(拠夘),,俙倃俬俙乮姅乯,-,"=""090-7555-2929""",嬻桳,"2026.5.25
丒捓椏丗605000仺550000墌

2026.1.14丂
丒捓椏丗71.5枩墌仺60.5枩墌",5470001
憅屔,R00175-015462,,,,嬻,傾乕僇僀僽(惉栺),柍,660000,,奒,1979擭11寧,栧恀巗撿栰岥挰偺戄憅屔亂118捸亃,,戝嶃晎栧恀巗撿栰岥挰3-1,,,2.00,2.00,,1.00,,,393.02,118.88,5552,2026/04/10,"2026/04/10 09:36","2026/05/25 14:38",愭暔(拠夘),,幍暉廧寶姅幃夛幮,帥揷,"=""06-6903-8819""",柍,怽偟崬傒桳丄惉栺尒崬傒偺偨傔俀斣庤埬撪晄壜丂2026.5.25,5710005
憅屔,R00175-015440,,,,嬻,岞奐壜,柍,300000,,奒,1990擭01寧,撧椙導惗嬵孲斄數挰朄棽帥撿3挌栚偺戄憅屔亂78捸亃,,撧椙導惗嬵孲斄數挰朄棽帥撿俁挌栚1,,,3.00,,,,,,260.00,78.65,3815,2026/06/12,"2026/04/02 11:26","2026/05/25 10:54",愭暔(拠夘),,乮姅乯偄偐傞偑晄摦嶻,-,"=""0745-74-0056""",嬻桳,,6360113
憅屔,R00175-015411,,,,,岞奐壜,柍,1078000,,奒,1981擭11寧,撧椙導堥忛孲揷尨杮挰偺戄憅屔亂450捸亃,,撧椙導堥忛孲揷尨杮挰408-6,,,,1.00,3.00,,,1606.17,1488.43,450.25,2395,2026/07/13,"2026/03/24 13:56","2026/05/25 10:39",愭暔(拠夘),,僙儞僠儏儕乕俀侾乮姅乯僗儅僀僥僢僋,-,"=""0774-72-0222""",嬻桳,,6360300
憅屔,R00175-015418,,,,嬻,岞奐壜,柍,330000,,奒,1982擭10寧,撧椙導戝榓崅揷巗搶塤挰偺戄憅屔亂121捸亃,,撧椙導戝榓崅揷巗搶塤挰1-38,,,,1.00,3.00,,,546.75,402.78,121.84,2709,2026/07/13,"2026/03/25 09:21","2026/05/25 10:20",愭暔(拠夘),,僗儅僀儖儂乕儉乮姅乯,-,"=""0743-73-7335""",嬻桳,,6350017
戄抧,R00175-015524,,,,峏抧,岞奐壜,柍,500000,,奒,-,塇塯栰巗惣塝2挌栚偺戄抧亂492捸亃,,戝嶃晎塇塯栰巗惣塝俀挌栚1846,,,,,6.00,,,1629.00,,492.77,1015,2026/06/04,"2026/05/11 14:08","2026/05/25 10:14",愭暔(拠夘),,嫤塰抧寶姅幃夛幮,-,"=""072-938-6677""",,,5830861
戄抧,R00175-015472,,,,,岞奐壜,柍,350000,,奒,-,暫屔導嶰揷巗枛偺戄抧亂629捸亃,,暫屔導嶰揷巗枛1893-2,,,3.00,,,,,2082.48,,629.95,556,2026/08/03,"2026/04/14 13:41","2026/05/22 18:11",愭暔(拠夘),,嶰揷廧尋乮姅乯,-,"=""079-563-2141""",,,6691303
戄抧,R00175-015122,,,,峏抧,岞奐壜,柍,341000,,奒,-,崅捨巗嶰搰峕3挌栚偺戄抧亂315捸亃,,戝嶃晎崅捨巗嶰搰峕俁挌栚21,,,,2.00,,,,1043.99,,315.8,1080,2026/07/17,"2025/11/05 14:51","2026/05/22 09:52",愭暔(拠夘),,姅幃夛幮庒憪僴僂僗,-,"=""072-678-6676""",,,5690835
揦曑(寶暔堦妵),R00175-015207,,,,嬻,岞奐壜,柍,847000,,1奒,2014擭06寧,嶄巗杒嬫撿壴揷挰偺戄揦曑亂48捸亃,,戝嶃晎嶄巗杒嬫撿壴揷挰38,,,6.00,1.00,,,,666.43,159.72,48.31,17531,2026/07/24,"2025/12/15 10:40","2026/05/22 09:50",愭暔(拠夘),,姅幃夛幮僀儅僗丂棳捠帠嬈晹,-,"=""06-6209-7373""",嬻桳,,5918011
憅屔,R00175-015413,,,,,岞奐壜,柍,990000,,奒,1987擭09寧,堬栘巗栰乆媨2挌栚偺戄憅屔亂149捸亃,,戝嶃晎堬栘巗栰乆媨俀挌栚7-31,,,6.00,1.00,,1.00,,754.97,495.80,149.97,6601,2026/06/17,"2026/03/24 14:35","2026/05/21 17:49",愭暔(拠夘),,僀乕僜乕僐姅幃夛幮,-,"=""03-5439-9401""",,,5670847
憅屔,R00175-015385,,,,嬻,岞奐壜,柍,3080000,,奒,1996擭10寧,暫屔導恄屗巗搶撳嬫嫑嶈昹挰偺戄憅屔亂843捸亃,,暫屔導恄屗巗搶撳嬫嫑嶈昹挰36-1,,,,,,,,5068.05,2788.07,843.39,3652,2026/06/02,"2026/03/11 11:48","2026/05/21 16:28",愭暔(拠夘),,僀儅僗丂棳捠帠嬈晹,-,"=""06-6209-7373""",,"2026.5.21
丒捓椏丗憡択仺308.00枩墌
",6580024
戄抧,R00175-015199,,,,峏抧,岞奐壜,柍,550000,,奒,-,嫗搒晎忛梲巗帥揷偺戄抧亂464捸亃,,嫗搒晎忛梲巗帥揷捤杮37-1,,,,,3500000,,550000,1534.00,,464.03,1186,2026/08/03,"2025/12/10 10:57","2026/05/21 16:13",愭暔(拠夘),,僨傿儔儞僪嶳嫗儕乕僗乮姅乯,-,"=""0774-20-5115""",,"2026.5.21
丒捓椏丗80.63枩墌仺55枩墌
丒曐徹嬥丗480枩墌仺350枩墌
丒峏怴椏丗1020800仺55枩墌

2025.12.17丂
丒捓椏丗102.08枩墌仺80.63枩墌",6100121
揦曑(寶暔堦妵),R00175-015377,,,,嬻,岞奐壜,柍,330000,,1奒,2004擭11寧,榓壧嶳導榓壧嶳巗栰嶈偺戄揦曑亂29捸亃,,榓壧嶳導榓壧嶳巗栰嶈200-10,,,6.00,1.00,,,,367.93,99.09,29.97,11010,2026/08/04,"2026/03/10 13:45","2026/05/21 16:01",愭暔(拠夘),,暯堜晄摦嶻,-,"=""0725-58-8110""",嬻桳,,6408402
岺応,R00175-015450,,,,嫃廧拞,傾乕僇僀僽(惉栺),柍,319000,,1奒,1993擭03寧,怮壆愳巗妺尨1挌栚偺戄岺応亂48捸亃,,戝嶃晎怮壆愳巗妺尨侾挌栚35-10,,5500,,,550000,300000,,235.97,161.92,48.98,6513,2026/05/07,"2026/04/06 10:03","2026/05/21 15:42",愭暔(拠夘),,姅幃夛幮柧惎,-,"=""072-835-6606""",嬻桳,丒1奒晹暘,5720075
揦曑(寶暔堦妵),R00175-015498,,,,嬻,岞奐壜,柍,300000,,奒,1999擭11寧,榓壧嶳導榓壧嶳巗栄尒偺戄揦曑亂69捸亃,,榓壧嶳導榓壧嶳巗栄尒163,,,,2.00,2.00,,,740.85,229.46,69.41,4323,2026/07/10,"2026/04/23 17:43","2026/05/21 15:15",愭暔(拠夘),,(姅)僼僕僔儅晄摦嶻,摗椦惓庽,"=""073-499-8000""",嬻桳,,6410014
戄抧,R00175-015457,,,,峏抧,岞奐壜,柍,560000,,奒,-,榓壧嶳導榓壧嶳巗榓壧塝拞3挌栚偺戄抧亂436捸亃,,榓壧嶳導榓壧嶳巗榓壧塝拞俁挌栚1-28,,,3.00,,,,,1441.55,,436.06,1285,2026/06/05,"2026/04/09 11:59","2026/05/21 15:04",愭暔(拠夘),,偐偮傜偓晄摦嶻,-,"=""073-432-3377""",嬻桳,,6410025
憅屔,R00175-015317,,,,嬻,傾乕僇僀僽(惉栺),柍,660000,,1奒,2010擭10寧,愹戝捗巗斅尨挰1挌栚偺戄憅屔亂204捸亃,,戝嶃晎愹戝捗巗斅尨挰侾挌栚12-19,,,6.00,,,3.00,,,676.55,204.65,3225,2026/06/17,"2026/02/06 11:47","2026/05/21 13:24",愭暔(拠夘),,乮姅乯俽俵俙俼俻倀俤,-,"=""072-245-9237""",嬻桳,,5950033
憅屔,R00175-015345,,,,嬻,傾乕僇僀僽(惉栺),柍,176000,,2奒,1977擭11寧,暫屔導恄屗巗搶撳嬫怺峕撿挰係挌栚偺戄憅屔亂68捸亃,,暫屔導恄屗巗搶撳嬫怺峕撿挰係挌栚7-23,,,2.00,1.10,,,,,228.00,68.97,2552,2026/04/22,"2026/02/19 09:45","2026/05/21 13:19",帺幮,堦斒攠夘,姅幃夛幮僙儞僠儏儕乕僟僀僜乕,媨杮,"=""06-6136-0555""",嬻柍,,6580022
憅屔,R00175-014779,,,,嬻,傾乕僇僀僽(惉栺),柍,0,,2奒,1989擭07寧,戝嶃巗拞墰嬫搰擵撪侾挌栚偺戄憅屔亂340捸亃,,戝嶃晎戝嶃巗拞墰嬫搰擵撪侾挌栚4-7,,,,,,,,1212.02,1124.00,340.01,,2026/03/05,"2025/06/03 17:04","2026/05/21 11:37",帺幮,堦斒攠夘,姅幃夛幮僙儞僠儏儕乕僟僀僜乕,搰杮,"=""06-6136-0555""",柍,"捓椏丗憡択乮捸扨壙丗5,000墌乣乯",5420082
岺応,R00175-015378,,,,巊梡拞,岞奐壜,柍,385000,,1奒,1978擭04寧,嫗搒晎忛梲巗媣悽敧挌偺戄岺応亂30捸亃,,嫗搒晎忛梲巗媣悽敧挌11-1,,,,,2100000,,385000,745.90,100.00,30.25,12728,2026/08/03,"2026/03/10 13:59","2026/05/21 09:42",愭暔(拠夘),,僨傿儔儞僪嶳嫗儕乕僗乮姅乯,-,"=""0774-20-5115""",,,6100102
戄抧,R00175-015526,,,,峏抧,岞奐壜,柍,770000,,奒,-,嫗搒晎嫗搒巗暁尒嬫媣変惣弌挰偺戄抧亂388捸亃,,嫗搒晎嫗搒巗暁尒嬫媣変惣弌挰8-10,,,5.00,1.00,,,1.00,1284.30,,388.5,1982,2026/07/24,"2026/05/12 13:03","2026/05/21 09:30",愭暔(拠夘),,乮桳乯僴僂僕儞僌儕傿價傿,-,"=""075-646-4600""",,,6128496
岺応,R00175-013741,,,,巊梡拞,岞奐壜,柍,1320000,,奒,1987擭05寧,栧恀巗徏惗挰偺戄岺応亂232捸亃,,戝嶃晎栧恀巗徏惗挰5-5,,,3.00,3.00,,,,674.85,768.25,232.39,5680,2026/07/17,"2024/01/30 10:32","2026/05/21 09:27",愭暔(拠夘),,儂乕儊僗僩晄摦嶻娭惣乮姅乯,-,"=""078-321-6071""",嬻桳,,5710044
岺応,R00175-015448,,,,嬻,岞奐壜,柍,770000,,奒,1988擭07寧,嫗搒晎嫗搒巗撿嬫媣悽抸嶳挰偺戄岺応亂136捸亃,,嫗搒晎嫗搒巗撿嬫媣悽抸嶳挰126,,,,,2300000,,1.00,560.00,450.33,136.22,5653,2026/06/30,"2026/04/03 13:03","2026/05/21 09:26",愭暔(拠夘),,乮姅乯郪揷廧戭丂,-,"=""075-492-0397""",,,6018203
戄抧,R00175-015406,,,,峏抧,岞奐壜,柍,329000,,奒,-,嫗搒晎嫗搒巗撿嬫媣悽抸嶳挰偺戄抧亂219捸亃,,嫗搒晎嫗搒巗撿嬫媣悽抸嶳挰477,,,,,1800000,,1.00,724.20,,219.07,1502,2026/07/06,"2026/03/19 11:00","2026/05/21 09:20",愭暔(拠夘),,乮姅乯傾儖僥傿儉丂暁尒搷嶳揦,-,"=""075-603-5700""",,,6018203
戄抧,R00175-015455,,,,峏抧,岞奐壜,柍,550000,,奒,-,崅捨巗戝帤愳媣曐偺戄抧亂690捸亃,,戝嶃晎崅捨巗戝帤愳媣曐550,,,1.00,1.00,,,,2284.00,,690.91,797,2026/07/17,"2026/04/09 11:21","2026/05/20 10:25",愭暔(拠夘),,乮姅乯儐乕僔儞,-,"=""06-6191-9951""",,尦晅傛傝捓椏DOWN丂俇俇枩佀俆俆枩丂2026.5.12,5691011
戄抧,R00175-015348,,,,,岞奐壜,柍,500000,,奒,-,暫屔導曮捤巗愳柺帤挿旜嶳偺戄抧亂526捸亃,,暫屔導曮捤巗愳柺帤挿旜嶳15-350,,,,1.00,3.00,,,1752.00,,529.98,944,2026/07/01,"2026/02/19 11:32","2026/05/19 17:52",愭暔(拠夘),,姅幃夛幮儀僗僩僾儔儞,-,"=""0798-37-0111""",,,6650848
戄抧,R00175-015538,,,,峏抧,岞奐壜,柍,1164790,,奒,-,暫屔導惣媨巗惣媨昹1挌栚偺戄抧亂302捸亃,,暫屔導惣媨巗惣媨昹侾挌栚17-1,,,,,6.00,,,1000.16,,302.54,3850,2026/08/06,"2026/05/14 11:12","2026/05/19 17:23",愭暔(拠夘),,僄僀儉丒僴僀乮姅乯,-,"=""072-768-8745""",,,6620934
岺応,R00175-015534,,,,嬻,岞奐壜,柍,715000,,奒,1985擭04寧,暫屔導擈嶈巗壓嶁晹3挌栚偺戄岺応亂62捸亃,,暫屔導擈嶈巗壓嶁晹俁挌栚21-14,,,2145000,1430000,,,,,207.86,62.87,11372,2026/07/06,"2026/05/12 14:56","2026/05/19 16:56",愭暔(拠夘),,乮姅乯弔柤廧寶,-,"=""06-6492-1230""",,,6610975
揦曑(寶暔堦妵),R00175-014468,,,,嬻,傾乕僇僀僽(惉栺),柍,880000,,奒,-,嶄巗撿嬫庒徏戜1挌偺戄揦曑亂37捸亃,,戝嶃晎嶄巗撿嬫庒徏戜侾挌2-11,,,,,6.00,,,656.00,123.00,37.2,23652,2026/03/13,"2025/01/17 10:34","2026/05/19 11:47",愭暔(拠夘),,乮姅乯偁偍偧傜,-,"=""080-4011-3446""",,"峀崘晄壜儅僢僠儞僌偺傒
僈僗娗偑捠偭偰偄側偄偲偺偙偲丄僗働儖僩儞",5900116
憅屔,R00175-015067,,,,,傾乕僇僀僽(惉栺),柍,1210000,,奒,1991擭05寧,戝嶃巗掃尒嬫崱捗拞3挌栚偺戄憅屔亂180捸亃,,戝嶃晎戝嶃巗掃尒嬫崱捗拞俁挌栚12-22,,,1100000,4840000,,,,,597.60,180.77,6694,2026/05/19,"2025/10/15 11:42","2026/05/19 11:46",愭暔(拠夘),,戝怢廧戭,-,"=""06-6332-5538""",嬻桳,"抁婜戄偟偼NG丂尦晅傛傝丂2026.1.22
丒攧攦偁傝丗B00175-000948",5380042
揦曑(寶暔堦妵),R00175-015144,,,,嬻,傾乕僇僀僽(惉栺),柍,495000,,奒,2012擭01寧,暫屔導擈嶈巗師壆2挌栚偺戄揦曑亂36捸亃,,暫屔導擈嶈巗師壆俀挌栚11-7,,,1.00,1.10,,,,,121.00,36.6,13524,2026/05/19,"2025/11/13 13:47","2026/05/19 11:21",愭暔(拠夘),,捓戄廧戭僒乕價僗俥俠埳扥墂慜揦乮姅乯暫廧,-,"=""072-778-4146""",嬻桳,,6610965
憅屔,R00175-015389,,,,,傾乕僇僀僽(惉栺),柍,385000,,奒,1982擭08寧,枃曽巗挿旜壠嬶挰2挌栚偺戄憅屔亂76捸亃,,戝嶃晎枃曽巗挿旜壠嬶挰俀挌栚8-9,5500,,1.00,1.00,,,,,254.29,76.92,5006,2026/03/16,"2026/03/16 13:22","2026/05/19 11:18",愭暔(拠夘),,俙俽俲乮姅乯,-,"=""072-845-5306""",嬤桳,,5730102
憅屔,R00175-015394,,,,巊梡拞,傾乕僇僀僽(惉栺),柍,308000,,奒,1995擭08寧,戝搶巗昘栰3挌栚偺戄憅屔亂63捸亃,,戝嶃晎戝搶巗昘栰俁挌栚13-9,,,3.00,2.00,,,,,208.27,63,4889,2026/03/17,"2026/03/17 13:07","2026/05/19 11:10",愭暔(拠夘),,姅幃夛幮僩僠僞僥價儖僨傿儞僌,-,"=""06-6975-7780""",嬻桳,,5740062
憅屔,R00175-015428,,,,嬻,傾乕僇僀僽(惉栺),柍,880000,,1奒,1985擭01寧,戝嶃巗惗栰嬫扚拞2挌栚偺戄憅屔亂167捸亃,,戝嶃晎戝嶃巗惗栰嬫扚拞俀挌栚18-5,,,3.00,1.50,,,,453.02,553.16,167.33,5260,2026/03/27,"2026/03/27 10:20","2026/05/19 11:10",愭暔(拠夘),,姅幃夛幮僩僠僞僥價儖僨傿儞僌,-,"=""06-6975-7780""",嬻桳,,5440013
憅屔,R00175-015502,,,,嬻,岞奐壜,柍,385000,,奒,1976擭10寧,戝嶃巗搒搰嬫戝搶挰俀挌栚偺戄憅屔亂153捸亃,,戝嶃晎戝嶃巗搒搰嬫戝搶挰俀挌栚5-4,,,350000,385000,,,,,508.85,153.92,2502,2026/06/17,"2026/04/28 11:21","2026/05/19 11:03",愭暔(拠夘),,(桳)僗僇僀僴僂僕儞僌,-,"=""06-6634-1033""",嬻桳,,5340002
憅屔,R00175-015535,,,,嬻,岞奐壜,柍,715000,,奒,1972擭06寧,悂揷巗撿嬥揷1挌栚偺戄憅屔亂127捸亃,,戝嶃晎悂揷巗撿嬥揷侾挌栚14-13,,,1540500,2359500,,,,,422.00,127.65,5602,2026/06/25,"2026/05/13 09:59","2026/05/19 10:56",愭暔(拠夘),,姅幃夛幮働儞僙僀,-,"=""06-6385-3511""",嬻桳,,5640044
岺応,R00175-015516,,,,巊梡拞,岞奐壜,柍,2200000,,奒,2018擭08寧,戝嶃巗惣梽愳嬫拞搰2挌栚偺戄岺応亂123捸亃,,戝嶃晎戝嶃巗惣梽愳嬫拞搰俀挌栚10-13,,,4000000,,,,,659.94,409.46,123.86,17762,2026/08/03,"2026/05/11 11:46","2026/05/19 10:17",愭暔(拠夘),,乮姅乯擔寶廧戭僒乕價僗,-,"=""06-6477-7705""",,,5550041
憅屔,R00175-015308,,,,嬻,傾乕僇僀僽(惉栺),柍,1650000,,奒,2007擭07寧,搶戝嶃巗堖悹2挌栚偺戄憅屔亂296捸亃,,戝嶃晎搶戝嶃巗堖悹俀挌栚16-1,,,2.00,1.00,,,,687.77,978.76,296.07,5573,2026/05/19,"2026/02/03 13:56","2026/05/19 10:15",愭暔(拠夘),,僾儘僗僷乕儂乕儉乮姅乯怴怺峕揦,愳嶈丂桬栫,"=""06-6971-2648""",,"2026.4.28丂忦審曄峏
丒楃嬥丗2儢寧仺1儢寧

丒攧攦偁傝丗B00175-000974",5770827
揦曑(寶暔堦妵),R00175-015470,,,,,岞奐壜,柍,1320000,,1奒,2009擭03寧,帬夑導搶嬤峕巗屲屄憫杒挰壆挰偺戄揦曑亂232捸亃,,帬夑導搶嬤峕巗屲屄憫杒挰壆挰160,,,6000000,,,,,3938.53,767.89,232.28,5683,2026/06/23,"2026/04/14 13:12","2026/05/18 17:31",愭暔(拠夘),,(姅)僗儕乕僄乕,-,"=""0749-42-2610""",嬻桳,,5291443
憅屔,R00175-014545,,,,嬻,傾乕僇僀僽(惉栺),柍,1010200,,奒,-,搶戝嶃巗旽峕5挌栚偺戄憅屔亂229捸亃,,戝嶃晎搶戝嶃巗旽峕俆挌栚15-13,,,,,5510400,,,891.00,759.05,229.61,4400,2026/05/18,"2025/02/21 11:33","2026/05/18 11:53",愭暔(拠夘),,戝搶嶻嬈姅幃夛幮,-,"=""072-871-0538""",,,5780984
憅屔,R00175-014851,,,,嬻,傾乕僇僀僽(惉栺),柍,313500,,奒,1993擭08寧,暫屔導昉楬巗搶嶳偺戄憅屔,,暫屔導昉楬巗搶嶳1435,,,570000,313500,,,,,,,,2026/05/18,"2025/07/01 13:39","2026/05/18 11:45",愭暔(拠夘),,乮姅乯愒幁抧強丂,暉嫃戝曘,"=""079-295-7774""",嬻桳,仸捓戄柺愊晄柧丄妋擣偍婅偄偟傑偡丅,6728014
憅屔,R00175-014849,,,,嫃廧拞,傾乕僇僀僽(惉栺),柍,1650000,,奒,2014擭12寧,戝嶃巗忛搶嬫搶拞昹1挌栚偺戄憅屔亂184捸亃,,戝嶃晎戝嶃巗忛搶嬫搶拞昹侾挌栚5-8,,,4.00,2.00,,,,304.77,609.00,184.22,8957,2026/05/18,"2025/06/30 12:45","2026/05/18 11:40",愭暔(拠夘),,乮姅乯僗僥乕僕,-,"=""06-6356-4555""",嬻桳,,5360023
憅屔,R00175-015044,,,,嬻,傾乕僇僀僽(惉栺),柍,938000,,奒,1986擭11寧,戝嶃巗楺懍嬫媣曐媑1挌栚偺戄憅屔亂143捸亃,,戝嶃晎戝嶃巗楺懍嬫媣曐媑侾挌栚4-3,,,,,6.00,,,486.61,474.03,143.39,6542,2026/05/18,"2025/10/02 09:55","2026/05/18 11:38",愭暔(拠夘),,乮桳乯傾僀僗儖儂乕儉,-,"=""06-6730-5511""",,"
暔妋FAX憲怣嵪 2025.11.7",5560028
憅屔,R00175-014797,,,,嬻,傾乕僇僀僽(惉栺),柍,880000,,奒,2005擭06寧,暫屔導彫栰巗抮怟挰偺戄憅屔亂317捸亃,,暫屔導彫栰巗抮怟挰320-1,,,3000000,3000000,,,,2339.45,1051.00,317.92,2768,2026/03/18,"2025/06/10 11:36","2026/05/18 11:09",愭暔(拠夘),,桳尷夛幮僫僈僀僄僗僥乕僩,-,"=""0795-43-0011""",,"尦晅傛傝丄僱僢僩宖嵹NG

2026.3.18
丒捓椏丗99枩墌仺88枩墌

2025.9.17
丒捓椏丗110枩墌仺99枩墌",6751326
揦曑(寶暔堦妵),R00175-013841,,,,嬻,傾乕僇僀僽(惉栺),柍,638000,,奒,1994擭07寧,暫屔導昉楬巗戝捗嬫怴挰1挌栚偺戄揦曑亂143捸亃,,暫屔導昉楬巗戝捗嬫怴挰侾挌栚2,,,1.00,2.00,,,,,473.70,143.29,4453,2026/03/16,"2024/03/15 14:24","2026/05/18 11:03",愭暔(拠夘),,乮姅乯僯僔僆,-,"=""079-274-4400""",嬻桳,"2025.10.20丂捓椏偵偮偄偰
曞廤忦審撪偵儊僀儞寶暔亄杒懁憅屔傪娷傫偱偄傞傛偆偱偡偑丄
偙偺憅屔偼尰嵼暿偱捓戄拞偺偨傔捓椏偑57枩墌慜屻偱憡択壜擻丅
仺曞廤帒椏偼掶惓偟偰偄側偄傛偆偱偦偺傑傑偱偡丅",6711135
憅屔,R00175-015396,,,,,傾乕僇僀僽(惉栺),柍,1265000,,奒,2009擭09寧,戝嶃巗搶惉嬫戝崱棦惣1挌栚偺戄憅屔亂135捸亃,,戝嶃晎戝嶃巗搶惉嬫戝崱棦惣侾挌栚19-38,,,,,11500000,,,445.75,447.43,135.34,9347,2026/03/17,"2026/03/17 13:35","2026/05/18 10:55",愭暔(拠夘),,乮姅乯擔杮僾儘僷僥傿,-,"=""06-6747-9552""",,,5370014
戄抧,R00175-015018,,,,,岞奐壜,柍,344500,,奒,-,搶戝嶃巗嬥壀4挌栚偺戄抧亂134捸亃,,戝嶃晎搶戝嶃巗嬥壀係挌栚198-1,,,,1.00,10.00,,,445.73,,134.83,2556,2026/07/17,"2025/09/19 13:55","2026/05/18 10:45",愭暔(拠夘),,僼僕丒傾儊僯僥傿僒乕價僗乮姅乯,-,"=""072-437-0079""",,丒応強丗僌乕僌儖儅僢僾偱偼丄嬥壀4挌栚1-21,5770823
揦曑(寶暔堦妵),R00175-015217,,,,嬻,傾乕僇僀僽(惉栺),柍,550000,,奒,1993擭07寧,嫗搒晎敧敠巗敧敠屲斀揷偺戄揦曑亂100捸亃,,嫗搒晎敧敠巗敧敠屲斀揷23-1,,,1500000,1.00,,,,521.50,332.10,100.46,5475,2026/03/19,"2025/12/16 13:20","2026/05/18 10:31",愭暔(拠夘),,乮姅乯俵俙倄倀俵俬,-,"=""075-983-5662""",嬻桳,,6148071
岺応,R00175-015321,,,,嬻,岞奐壜,柍,770000,,奒,1985擭07寧,朙拞巗柤恄岥3挌栚偺戄岺応亂116捸亃,,戝嶃晎朙拞巗柤恄岥俁挌栚11-3,,,5600000,1540000,,,,443.48,531.00,160.62,4794,2026/06/19,"2026/02/09 11:18","2026/05/15 16:32",愭暔(拠夘),,姅幃夛幮僀儅僗奐敪帠嬈晹,-,"=""06-6233-8282""",,"2026.5.15
丒愱桳柺愊丗384.22仺531.00噓",5610841
岺応,R00175-015504,,,,巊梡拞,岞奐壜,柍,5500000,,奒,1970擭07寧,敧旜巗忋擵搰挰杒6挌栚偺戄岺応亂1363捸亃,,戝嶃晎敧旜巗忋擵搰挰杒俇挌栚17,,,4.00,2.00,,,,,4505.79,1363,4036,2026/06/26,"2026/04/28 13:57","2026/05/15 16:03",愭暔(拠夘),,姅幃夛幮僕乕僾儖,-,"=""06-4300-3494""",,,5810845
戄抧,R00175-015447,,,,,岞奐壜,柍,770000,,奒,-,敧旜巗惣崅埨挰1挌栚偺戄抧亂332捸亃,,戝嶃晎敧旜巗惣崅埨挰侾挌栚66-2,,,2800000,1.00,,,,1100.00,,332.75,2315,2026/06/12,"2026/04/03 11:57","2026/05/15 16:00",愭暔(拠夘),,桳尷夛幮惓榓嶻嬈,-,"=""072-875-0050""",,,5810852
憅屔,R00175-015412,,,,嬻,岞奐壜,柍,385000,,奒,1975擭08寧,敧旜巗嫵嫽帥3挌栚偺戄憅屔亂113捸亃,,戝嶃晎敧旜巗嫵嫽帥俁挌栚127,,,,385000,,,,,374.94,113.41,3395,2026/07/24,"2026/03/24 14:12","2026/05/15 15:53",愭暔(拠夘),,姅幃夛幮僄乕働儞,-,"=""072-943-6035""",嬻桳,,5810874
憅屔,R00175-015438,,,,嬻,岞奐壜,柍,500000,,奒,1995擭04寧,摗堜帥巗戝堜3挌栚偺戄憅屔亂185捸亃,,戝嶃晎摗堜帥巗戝堜俁挌栚12-6,,,,,5.00,,,,614.55,185.9,2690,2026/06/03,"2026/04/02 10:54","2026/05/15 15:50",愭暔(拠夘),,嫤塰抧寶姅幃夛幮,-,"=""072-938-6677""",,,5830008
岺応,R00175-015510,,,,嬻,岞奐壜,柍,700000,,奒,1974擭02寧,晉揷椦巗婌巙怴壠挰2挌栚偺戄岺応亂175捸亃,,戝嶃晎晉揷椦巗婌巙怴壠挰俀挌栚8-37,,,,,5.00,,,741.59,578.97,175.13,3997,2026/07/17,"2026/05/08 14:46","2026/05/15 15:47",愭暔(拠夘),,JPN傾僙僢僩儅僱僕儊儞僩姅幃夛幮,-,"=""06-6556-6059""",,,5840003
憅屔,R00175-015506,,,,嬻,岞奐壜,柍,500000,,奒,1974擭02寧,晉揷椦巗婌巙怴壠挰俀挌栚偺戄憅屔亂67捸亃,,戝嶃晎晉揷椦巗婌巙怴壠挰俀挌栚8-37,,,,,5.00,,,408.35,224.68,67.96,7357,2026/06/12,"2026/04/28 14:36","2026/05/15 15:44",愭暔(拠夘),,JPN傾僙僢僩儅僱僕儊儞僩姅幃夛幮,媑揷丗090-4305-8000,"=""06-6556-6059""",,,5840003
揦曑(寶暔堦妵),R00175-015364,,,,嬻,岞奐壜,柍,572000,,1奒,2008擭09寧,暫屔導昉楬巗媨忋挰1挌栚偺戄揦曑亂52捸亃,,暫屔導昉楬巗媨忋挰侾挌栚95-95,,,6.00,3.00,,,,1173.80,172.48,52.17,10964,2026/06/26,"2026/02/27 10:41","2026/05/15 15:02",愭暔(拠夘),,乮姅乯儔僀僼僀僲儀乕僔儑儞,-,"=""06-6886-5611""",嬻桳,,6700823
憅屔,R00175-015485,,,,嬻,岞奐壜,柍,352000,,奒,1988擭11寧,暫屔導昉楬巗忺杹嬫忋栰揷2挌栚偺戄憅屔亂66捸亃,,暫屔導昉楬巗忺杹嬫忋栰揷俀挌栚78,,,960000,704000,,,,286.29,220.75,66.77,5272,2026/07/13,"2026/04/21 12:56","2026/05/15 14:45",愭暔(拠夘),,姅幃夛幮僀儅僗丂棳捠帠嬈晹,-,"=""06-6209-7373""",,,6728043
憅屔,R00175-015491,,,,嬻,岞奐壜,柍,550000,,奒,1991擭05寧,暫屔導壛屆愳巗栰岥挰杒栰偺戄憅屔亂148捸亃,,暫屔導壛屆愳巗栰岥挰杒栰702,,,,550000,500000,,,,490.00,148.22,3711,2026/07/21,"2026/04/22 09:39","2026/05/15 14:12",愭暔(拠夘),,姅幃夛幮僒儞儚廧尋,-,"=""079-426-2626""",,,6750011
憅屔,R00175-015433,,,,嬻,岞奐壜,柍,350000,,奒,1979擭01寧,徏尨巗垻曐7挌栚偺戄憅屔亂83捸亃,,戝嶃晎徏尨巗垻曐俈挌栚13-26,,,2.00,1.00,,,,298.79,275.50,83.33,4200,2026/07/24,"2026/03/31 11:09","2026/05/15 10:41",帺幮,堦斒攠夘,姅幃夛幮僙儞僠儏儕乕僟僀僜乕,媑揷夒,"=""06-6136-0555""",嬻桳,扴摉丗媑揷夒偝傫,5800043
揦曑(寶暔堦妵),R00175-015138,,,,嬻,傾乕僇僀僽(惉栺),柍,770000,,奒,1991擭05寧,暫屔導惣媨巗擻搊挰偺戄揦曑亂70捸亃,,暫屔導惣媨巗擻搊挰11-36,,,1.00,1.00,,,,151.45,233.44,70.61,10905,2026/05/14,"2025/11/11 14:02","2026/05/14 14:32",愭暔(拠夘),,乮姅乯俫俷倀俽俤丂俶俤俿丂嶃恄惣媨揦,-,"=""0798-23-4146""",嬻桳,,6620838
揦曑(寶暔堦妵),R00175-015374,,,,嫃廧拞,傾乕僇僀僽(惉栺),柍,418000,,奒,2015擭08寧,撧椙導戝榓孲嶳巗杒孲嶳挰偺戄揦曑亂70捸亃,,撧椙導戝榓孲嶳巗杒孲嶳挰150-1,,,1.00,1.00,,,,480.37,234.00,70.78,5906,2026/05/14,"2026/03/09 10:15","2026/05/14 14:23",愭暔(拠夘),,乮姅乯僴僂僗僾儘僕僃僋僩,-,"=""0742-34-3344""",嬻桳,,6391160
憅屔,R00175-015274,,,,嬻,傾乕僇僀僽(惉栺),柍,1210000,,奒,1971擭06寧,愛捗巗捁帞杮挰2挌栚偺戄憅屔亂363捸亃,,戝嶃晎愛捗巗捁帞杮挰俀挌栚8-27,,,3.00,1.10,,,,981.59,1202.31,363.69,3327,2026/05/14,"2026/01/15 11:11","2026/05/14 14:21",愭暔(拠夘),,乮姅乯偼偮偣搚抧,-,"=""06-6862-5890""",嬻桳,,5660052
憅屔,R00175-015422,,,,嬻,傾乕僇僀僽(惉栺),柍,550000,,奒,1983擭10寧,朙拞巗棙憅惣2挌栚偺戄憅屔亂63捸亃,,戝嶃晎朙拞巗棙憅惣俀挌栚16-5,,,,,2500000,,,,209.52,63.37,8678,2026/05/14,"2026/03/25 10:17","2026/05/14 14:20",愭暔(拠夘),,暈晹儔僀僼僒億乕僩乮姅乯,-,"=""06-6862-7000""",嬻桳,,5610844
憅屔,R00175-015124,,,,嬻,岞奐壜,柍,771650,,奒,1990擭07寧,戝嶃巗惗栰嬫揷搰6挌栚偺戄憅屔亂171捸亃,,戝嶃晎戝嶃巗惗栰嬫揷搰俇挌栚10-20,,,3.00,1.00,,,,,566.00,171.21,4507,2026/07/17,"2025/11/06 10:45","2026/05/14 14:06",愭暔(拠夘),,桳尷夛幮傾儞僩僾儗僫乕儅僱僕儊儞僩僌儖乕僾,婑杮,"=""06-6795-0066""",柍,2026.5.14丂尦晅傛傝丄暔妋偼僀僞儞僕偱偲偺偙偲,5440011
憅屔,R00175-015231,,,,嬻,傾乕僇僀僽(惉栺),柍,509520,,1奒,-,崅捨巗摴塋挰6挌栚偺戄憅屔亂116捸亃,,戝嶃晎崅捨巗摴塋挰俇挌栚855,,,1.00,3.00,,,,,385.84,116.71,4366,2026/05/14,"2025/12/23 11:21","2026/05/14 10:05",愭暔(拠夘),,乮姅乯俹俙俵,-,"=""072-673-8611""",嬻桳,"2025.12.22
仸晘抧撪3搹偁傞偆偪偺杒懁偺憅屔偑奩摉暔審
仸PK僗儁乕僗偼愱桳偱偡偑丄弌擖岥偼栘嵽壆偝傫偲嫟桳",5690011
揦曑(寶暔堦妵),R00175-015367,,,,嬻,傾乕僇僀僽(惉栺),柍,880000,,1奒,2004擭11寧,榓愹巗埌晹挰偺戄揦曑亂47捸亃,,戝嶃晎榓愹巗埌晹挰96-1,,,6.00,1.00,,,,1143.32,157.25,47.56,18500,2026/05/14,"2026/03/03 14:30","2026/05/14 10:04",愭暔(拠夘),,暯堜晄摦嶻,-,"=""0725-58-8110""",嬻桳,,5940053
揦曑(寶暔堦妵),R00175-015376,,,,嫃廧拞,傾乕僇僀僽(惉栺),柍,792000,,1奒,2004擭08寧,娸榓揷巗嶰揷挰偺戄揦曑亂30捸亃,,戝嶃晎娸榓揷巗嶰揷挰400-21,,,6.00,1.00,,,,943.00,99.40,30.06,26340,2026/05/14,"2026/03/10 13:32","2026/05/14 10:04",愭暔(拠夘),,暯堜晄摦嶻,-,"=""0725-58-8110""",嬻桳,,5960808
憅屔,R00175-014900,,,,嬻,傾乕僇僀僽(惉栺),柍,350000,,1奒,1979擭01寧,戝嶃巗峘嬫攇彍2挌栚偺戄憅屔亂28捸亃,,戝嶃晎戝嶃巗峘嬫攇彍俀挌栚9-17,,,6.00,2.00,,,,218.44,94.76,28.66,12211,2026/05/14,"2025/07/23 11:43","2026/05/14 09:22",愭暔(拠夘),,倫倢倎値値倝値倗丂倧倖倖倝們倕丂俽俻倀俙俼俤乮桳乯,-,"=""06-6450-8113""",柍,"2026.3.19
丒捓椏丗39.6枩墌仺35枩墌

2026.1.27
丒捓椏丗47.19枩墌仺39.6枩墌

丒1奒晹暘",5520001
揦曑(寶暔堦妵),R00175-015386,,,,,傾乕僇僀僽(惉栺),柍,770000,,奒,1977擭12寧,撧椙導崄幣巗忋拞偺戄揦曑亂62捸亃,,撧椙導崄幣巗忋拞746,,,2.00,1.00,,,,488.50,208.26,62.99,12223,2026/05/14,"2026/03/11 13:02","2026/05/14 09:18",愭暔(拠夘),,儂乕儉儊僀僩俥俠悂揷墂慜揦,-,"=""06-4860-1919""",嬻桳,,6390265
憅屔,R00175-015495,,,,,岞奐壜,柍,437800,,奒,2026擭07寧,嶄巗嶄嬫廻堾挰搶4挌偺戄憅屔亂36捸亃,,戝嶃晎嶄巗嶄嬫廻堾挰搶係挌26-4,,,,2.00,4.00,,,123.33,119.63,36.18,12098,2026/06/12,"2026/04/23 11:28","2026/05/13 17:39",愭暔(拠夘),,乮姅乯僗僥乕僕,屼摪壨撪丗070-5553-9837,"=""06-6356-4555""",嬻桳,"
丒暔妋丄徻嵶偼扴摉幰実懷傊丗屼摪壨撪乮傒偳偙偆偪乯070-5553-9837",5900955
揦曑(寶暔堦妵),R00175-014233,,,,嬻,岞奐壜,柍,396000,,奒,1992擭03寧,岎栰巗揤栰偑尨挰1挌栚偺戄揦曑亂41捸亃,,戝嶃晎岎栰巗揤栰偑尨挰侾挌栚38-5,,,,2.00,,,,,136.11,41.17,9618,2026/06/05,"2024/10/03 10:41","2026/05/13 17:06",愭暔(拠夘),,俙俠俼俤乮姅乯怱嵵嫶巟幮,-,"=""06-6543-6722""",嬻桳,"2026.5.13丂晘嬥1儢寧佀側偟偵曄峏

2025.7.10丂惉栺仺暅妶
丒捓椏丗51.48枩墌仺39.6枩墌",5760034
憅屔,R00175-015476,,,,,岞奐壜,柍,418000,,奒,1991擭07寧,戝嶃巗搶廧媑嬫峐慡俇挌栚偺戄憅屔亂246捸亃,,戝嶃晎戝嶃巗搶廧媑嬫峐慡俇挌栚2-15,,,2.00,2.00,,,,634.06,815.62,246.72,1695,2026/06/26,"2026/04/15 10:13","2026/05/12 17:20",愭暔(拠夘),,姅幃夛幮僩僠僞僥價儖僨傿儞僌,埨搶丗090-9802-3922,"=""06-6975-7780""",嬻桳,"2026.4.28
丒僆乕僫乕條曞廤掆巭偺堄岦
丒岺応棙梡NG",5460002
揦曑(寶暔堦妵),R00175-015342,,,,嬻,岞奐壜,柍,2750000,,1奒,2023擭05寧,嶄巗旤尨嬫崟嶳偺戄揦曑亂355捸亃,,戝嶃晎嶄巗旤尨嬫崟嶳403-1,,,6.00,2750000,,,,2621.02,1173.69,355.04,7746,2026/08/03,"2026/02/18 14:29","2026/05/12 16:44",愭暔(拠夘),,姅幃夛幮僀儅僗丂棳捠帠嬈晹,-,"=""06-6209-7373""",嬻桳,"2026丒5.12
丒晘嬥丗15,000,000仺6偐寧",5870002
揦曑帠柋強(寶暔堦妵),R00175-015522,,,,,岞奐壜,柍,1705000,,奒,1973擭02寧,敧旜巗塱敤挰1挌栚偺戄揦曑丒帠柋強亂87捸亃,,戝嶃晎敧旜巗塱敤挰侾挌栚2-54,,,3.00,2.00,,,,1213.83,289.02,87.42,19502,2026/07/17,"2026/05/11 13:23","2026/05/12 13:59",愭暔(拠夘),,崌摨夛幮丂俴倝倎倣,-,"=""072-260-9605""",嬻桳,,5810083
岺応,R00175-015260,,,,嬻,岞奐壜,柍,385000,,1奒,1981擭08寧,嶰廳導搙夛孲嬍忛挰夅栰偺廻幧晅偒戄岺応亂117捸亃,,嶰廳導搙夛孲嬍忛挰夅栰2358,,,3.00,1.00,,1.00,,2817.00,386.00,116.76,3298,2026/05/27,"2026/01/08 12:02","2026/05/12 09:12",帺幮,堦斒攠夘,姅幃夛幮僙儞僠儏儕乕僟僀僜乕,曱嶳,"=""06-6136-0555""",嬻桳,"2026.5.11丂戄庡晧扴偵偰夵憰姰椆丂幨恀偺嵎偟懼偊偲丄捓椏曇廤偟傑偟偨丅憡択仺38.5枩(惻崬)曱嶳
扴摉丗曱嶳偝傫",5190431
岺応,R00175-015456,,,,巊梡拞,岞奐壜,柍,330000,,奒,1969擭10寧,榓愹巗彫揷挰2挌栚偺戄岺応亂191捸亃,,戝嶃晎榓愹巗彫揷挰俀挌栚10-33,,,,600000,300000,,,409.17,634.61,191.96,1720,2026/06/12,"2026/04/09 11:41","2026/05/11 18:18",愭暔(拠夘),,乮姅乯儐僯乕僘,-,"=""072-463-1110""",嬻桳,,5940074
憅屔,R00175-015503,,,,巊梡拞,岞奐壜,柍,1100000,,奒,1999擭05寧,娸榓揷巗崱栘挰偺戄憅屔亂49捸亃,,戝嶃晎娸榓揷巗崱栘挰135-26,,,2200000,1100000,,,,,165.10,49.94,22026,2026/06/26,"2026/04/28 13:34","2026/05/11 18:12",愭暔(拠夘),,乮姅乯僄僗僥傿晄摦嶻,-,"=""06-6622-0008""",嬻桳,,5960804
憅屔,R00175-015326,,,,嬻,岞奐壜,柍,302500,,奒,2026擭01寧,搶戝嶃巗崅堜揷拞4挌栚偺戄憅屔亂25捸亃,,戝嶃晎搶戝嶃巗崅堜揷拞係挌栚10-17,,,,1.00,2.00,,,,82.80,25.04,12078,2026/06/08,"2026/02/10 14:30","2026/05/11 17:33",愭暔(拠夘),,傾僀僕儍僷儞儂乕儉姅幃夛幮,-,"=""06-6977-6900""",嬻桳,"2026.5丏11
丒捓椏丗313500仺302500墌

丒101",5770065
憅屔,R00175-015370,,,,嬻,岞奐壜,柍,528000,,奒,1965擭08寧,暫屔導埳扥巗怷杮5挌栚偺戄憅屔亂105捸亃,,暫屔導埳扥巗怷杮俆挌栚106-1,,,1.00,1.10,,,,,348.90,105.54,5003,2026/06/12,"2026/03/05 11:44","2026/05/11 17:03",愭暔(拠夘),,乮姅乯僘乕儉,-,"=""072-736-9800""",嬻桳,"2026.5.11丂尦晅曄峏
嶃媫嶃恄晄摦嶻噴佀噴僘乕儉
",6640842
憅屔,R00175-014001,,,,嬻,岞奐壜,柍,,,奒,2020擭06寧,暫屔導擈嶈巗枛峀挰1挌栚偺戄憅屔亂4117捸亃,,暫屔導擈嶈巗枛峀挰侾挌栚5-1,,,6.00,1.00,,,,194428.20,13610.91,4117.3,,2026/07/23,"2024/05/30 15:25","2026/05/11 16:49",愭暔(拠夘),,乮姅乯僫僇僲彜夛,"暔妋仺 047-711-4317","=""03-5667-8877""",,"2026.5.11丂忦審曄峏捓椏UP
寧妟5,000墌/捸佀寧妟5,150墌/捸

2026.3.4丂惉栺仺暅妶

暔妋仺 047-711-4317",6600094
戄抧,R00175-014922,,,,峏抧,岞奐壜,柍,445000,,奒,-,暫屔導壛惣巗闓栰挰偺戄抧亂2225捸亃,,暫屔導壛惣巗闓栰挰1922,,,3.00,,,,,7356.40,,2225.31,200,2026/07/23,"2025/07/30 11:09","2026/05/11 16:47",愭暔(拠夘),,惤榓晄摦嶻乮姅乯,-,"=""0790-47-1141""",,,6752103
戄抧,R00175-015525,,,,峏抧,岞奐壜,柍,300000,,奒,-,暫屔導壛搶巗妬尨偺戄抧亂599捸亃,,暫屔導壛搶巗妬尨5-1,,,1.00,1.00,,,,1983.47,,599.99,501,2026/07/13,"2026/05/11 14:32","2026/05/11 15:01",愭暔(拠夘),,傾僘儔僀僩乮姅乯,-,"=""079-558-7932""",,,6731463
揦曑(寶暔堦妵),R00175-015514,,,,,曐棷,柍,709500,,1奒,2025擭10寧,暫屔導恄屗巗搶撳嬫怺峕撿挰侾挌栚偺戄揦曑亂53捸亃,,暫屔導恄屗巗搶撳嬫怺峕撿挰侾挌栚3-29,,,,,3.00,,,,177.30,53.63,13229,2026/05/11,"2026/05/11 10:31","2026/05/11 10:32",帺幮,堦斒攠夘,姅幃夛幮僙儞僠儏儕乕僟僀僜乕,柧愇,"=""06-6136-0555""",嬻桳,,6580022
戄抧,R00175-015404,,,,峏抧,傾乕僇僀僽(惉栺),柍,200000,,奒,-,搶戝嶃巗杮彲惣3挌栚偺戄抧亂73捸亃,,戝嶃晎搶戝嶃巗杮彲惣俁挌栚128,,,2.00,,,,,241.65,,73.09,2737,2026/03/18,"2026/03/18 10:42","2026/05/11 09:55",帺幮,堦斒攠夘,姅幃夛幮僙儞僠儏儕乕僟僀僜乕,搰杮,"=""06-6136-0555""",,扴摉丗搰杮偝傫,5780965
戄抧,R00175-015508,,,,峏抧,岞奐壜,柍,500000,,奒,-,暫屔導恄屗巗惣嬫娾壀挰屆嫿偺戄抧亂1049捸亃,,暫屔導恄屗巗惣嬫娾壀挰屆嫿2242,,,3.00,,,1.50,,3471.00,,1049.97,477,2026/07/13,"2026/04/30 11:59","2026/05/11 09:50",愭暔(拠夘),,姅幃夛幮僐乕億儗乕僔儑儞僫僈儎儅,-,"=""079-495-3221""",,,6512404
岺応,R00175-015461,,,,嬻,岞奐壜,柍,2200000,,奒,1996擭02寧,嫗搒晎媣悽孲媣屼嶳挰嵅嶳怴奐抧偺戄岺応亂237捸亃,,嫗搒晎媣悽孲媣屼嶳挰嵅嶳怴奐抧321-1,,,,1.00,3.00,,,1910.52,784.00,237.16,9277,2026/06/23,"2026/04/09 15:31","2026/05/08 17:55",愭暔(拠夘),,桘拤晄摦嶻姅幃夛幮,-,"=""075-603-1414""",嬻桳,丒攧攦偁傝丗B00175-000983,6130034
揦曑(寶暔堦妵),R00175-015424,,,,,岞奐壜,柍,825000,,1奒,2014擭10寧,暫屔導柧愇巗徏偑媢2挌栚偺戄揦曑亂79捸亃,,暫屔導柧愇巗徏偑媢俀挌栚4-12,,,6.00,3.00,,,,495.00,263.15,79.6,10364,2026/07/03,"2026/03/25 10:50","2026/05/08 17:38",愭暔(拠夘),,乮姅乯儔僀僼僀僲儀乕僔儑儞,-,"=""06-6886-5611""",嬻桳,,6730862
戄抧,R00175-015416,,,,峏抧,岞奐壜,柍,550000,,奒,-,嫗搒晎塅帯巗隊搰挰孲偺戄抧亂625捸亃,,嫗搒晎塅帯巗隊搰挰孲42-1,,,,,3.00,,,2068.00,,625.57,880,2026/07/24,"2026/03/24 15:16","2026/05/08 17:34",愭暔(拠夘),,娵懢挰晄摦嶻乮姅乯,-,"=""075-746-3612""",,,6110041
憅屔,R00175-014181,,,,嬻,岞奐壜,柍,396000,,奒,1988擭09寧,嶄巗嶄嬫嵽栘挰搶2挌偺戄憅屔亂41捸亃,,戝嶃晎嶄巗嶄嬫嵽栘挰搶俀挌2-20,,,,3.00,,,,,137.78,41.67,9502,2026/07/17,"2024/09/09 13:13","2026/05/08 10:18",愭暔(拠夘),,乮姅乯儅僀儖僪丂捓戄廧戭僒乕價僗丂俶倕倲倂倧倰倠嶄揦,惣杧丗090-3617-9192,"=""072-222-1146""",,"2026.5.8
撪梕師戞偱偼壠捓岎徛壜

2025.9.17丂惉栺仺暅妶

峀崘晄壜佀儅僢僠儞僌偺傒",5900942
揦曑(寶暔堦妵),R00175-015303,,,,嬻,傾乕僇僀僽(惉栺),柍,2000000,,奒,2014擭02寧,嶄巗拞嬫暉揷偺戄揦曑亂240捸亃,,戝嶃晎嶄巗拞嬫暉揷432-10,,,2000000,1.00,,,,789.43,794.34,240.28,8324,2026/03/13,"2026/01/30 13:11","2026/05/08 10:01",愭暔(拠夘),,姅幃夛幮儈僢僋,-,"=""06-6968-8051""",嬻桳,,5998241
憅屔,R00175-015435,,,,,傾乕僇僀僽(惉栺),柍,1100000,,奒,1990擭11寧,暫屔導壛屆愳巗暯壀挰崅敤偺戄憅屔亂171捸亃,,暫屔導壛屆愳巗暯壀挰崅敤451-3,,,,,3300000,,,2431.00,568.00,171.82,6403,2026/05/08,"2026/03/31 11:44","2026/05/08 09:50",愭暔(拠夘),,乮姅乯傒偳傝晄摦嶻,-,"=""079-221-5225""",嬻桳,,6750103
憅屔,R00175-014024,,,,嬻,岞奐壜,柍,650000,,奒,1980擭04寧,嶃撿巗旜嶈挰5挌栚偺戄憅屔亂197捸亃,,戝嶃晎嶃撿巗旜嶈挰俆挌栚42-8,,,,,3250000,,,,652.80,197.47,3292,2026/06/04,"2024/06/11 14:13","2026/05/08 09:48",愭暔(拠夘),,姅幃夛幮僒儞僕儈傾乕僲,-,"=""072-452-9680""",,"2026.5.8丂5寧枛傑偱巊梡拞丄撪棗偼壜擻

2026.3.4丂惉栺仺暅妶
丒捓椏丗60.5枩墌仺65枩墌",5990201
憅屔,R00175-015253,,,,嬻,傾乕僇僀僽(惉栺),柍,1617000,,1奒,1966擭03寧,戝嶃巗廧擵峕嬫暯椦杒2挌栚偺戄憅屔亂293捸亃,,戝嶃晎戝嶃巗廧擵峕嬫暯椦杒俀挌栚9-97,,,,,6.00,,,,971.75,293.95,5501,2026/03/05,"2026/01/06 14:03","2026/05/08 09:38",愭暔(拠夘),,桳尷夛幮儂乕儉儔儞僪,-,"=""06-6682-3991""",,,5590026
憅屔,R00175-015331,,,,嬻,傾乕僇僀僽(惉栺),柍,440000,,1奒,1986擭05寧,戝嶃巗廧擵峕嬫暯椦杒2挌栚偺戄憅屔亂60捸亃,,戝嶃晎戝嶃巗廧擵峕嬫暯椦杒俀挌栚6-100,,,,,6.00,,,302.69,200.00,60.5,7273,2026/03/24,"2026/02/13 14:03","2026/05/08 09:38",愭暔(拠夘),,桳尷夛幮儂乕儉儔儞僪,-,"=""06-6682-3991""",嬻桳,"係寧埲崀撪棗壜
係寧擖傞偲偡偖寛傑傞梊掕
嶻攑丒幵娭學晄壜丂丂丂尦晅傛傝丂丂丂2026.3.24",5590026
憅屔,R00175-015400,,,,嬻,傾乕僇僀僽(惉栺),柍,489500,,1奒,1980擭03寧,朙拞巗彲撪曮挰1挌栚偺戄憅屔亂58捸亃,,戝嶃晎朙拞巗彲撪曮挰侾挌栚7-31,,,1500000,1100000,,,,,195.00,58.98,8299,2026/05/08,"2026/03/17 14:26","2026/05/08 09:33",愭暔(拠夘),,乮姅乯儚僀僘儕傾儖僄僗僥乕僩,-,"=""06-6318-8455""",嬻桳,丒惣懁偺嬫夋,5610836
戄抧,R00175-013694,,,,偦偺懠,傾乕僇僀僽(惉栺),柍,400000,,奒,-,戝嶃巗暯栰嬫挿媑愳曈2挌栚偺戄抧亂121捸亃,,戝嶃晎戝嶃巗暯栰嬫挿媑愳曈俀挌栚1-52,,,,,6.00,,,400.00,,121,3306,2026/03/13,"2024/01/15 12:59","2026/05/08 09:32",愭暔(拠夘),,擔惗廧戭(姅),-,"=""072-287-2678""",,"2026.1.16丂奜崙愋NG

2025.12.16丂惉栺仺暅妶

暔妋FAX憲怣嵪 2025.2.6摗尨
丒B崋抧
丒応強丗僌乕僌儖儅僢僾偱偼丄挿媑愳曈2挌栚1-14乮僼僕僷儗僗挿媑愳曈乯偺摴楬嫴傫偱惣懁",5470014
憅屔,R00175-015158,,,,嬻,岞奐壜,柍,1650000,,奒,1990擭11寧,悂揷巗撿悂揷5挌栚偺戄憅屔亂235捸亃,,戝嶃晎悂揷巗撿悂揷俆挌栚16-8,,,4.00,2.00,,,,431.78,777.00,235.04,7021,2026/07/28,"2025/11/18 13:36","2026/05/07 15:11",愭暔(拠夘),,姅幃夛幮僗儁乕僗丒儕乕僟乕,-,"=""06-6310-7510""",嬻桳,"2026.5.7
晘嬥丗0仺4偐寧
楃嬥丗3740000墌仺2儢寧
曐徹嬥丗6800000仺侽",5640043
憅屔,R00175-015259,,,,嬻,傾乕僇僀僽(惉栺),柍,506000,,奒,-,戝嶃巗梽愳嬫揷愳杒2挌栚偺戄憅屔亂46捸亃,,戝嶃晎戝嶃巗梽愳嬫揷愳杒俀挌栚3-35,,,2.00,2.00,,,,148.76,152.07,46,11000,2026/03/12,"2026/01/08 10:37","2026/05/07 11:25",愭暔(拠夘),,僯僢僞僋嶻嬈姅幃夛幮,-,"=""06-6475-5311""",,,5320021
戄抧,R00175-014974,,,,,傾乕僇僀僽(惉栺),柍,450000,,奒,-,愹戝捗巗慮崻挰3挌栚偺戄抧亂256捸亃,,戝嶃晎愹戝捗巗慮崻挰俁挌栚128-1,,,,2.00,,,,849.00,,256.82,1753,2026/03/05,"2025/09/01 11:44","2026/05/01 17:23",愭暔(拠夘),,僞僇儔儂乕儉,-,"=""072-286-3339""",,丒応強丗僌乕僌儖儅僢僾偱偼丄慮崻挰3挌栚3,5950011
憅屔,R00175-015410,,,,嬻,岞奐壜,柍,880000,,奒,1994擭10寧,戝嶃巗暯栰嬫惣榚3挌栚偺戄憅屔亂158捸亃,,戝嶃晎戝嶃巗暯栰嬫惣榚俁挌栚1-7,,,2.00,1.00,,,,,522.35,158.01,5570,2026/06/29,"2026/03/24 13:34","2026/05/01 17:19",愭暔(拠夘),,傾僷儅儞僔儑僢僾扟榋揦丂乮姅乯戝嶃儂乕儉,-,"=""06-6191-3303""",,丒1丄3奒晹暘,5470035
憅屔,R00175-015454,,,,,岞奐壜,桳,375000,,奒,2026擭06寧,戝嶃巗惣惉嬫捗庣2挌栚偺戄憅屔亂34捸亃,,戝嶃晎戝嶃巗惣惉嬫捗庣俀挌栚7-19,,,1.00,1.00,,,,,113.11,34.21,10960,2026/07/07,"2026/04/09 11:10","2026/05/01 17:17",愭暔(拠夘),,儔僥丒僄僗僥乕僩乮姅乯娭栚揦,-,"=""06-6955-5833""",嬻桳,丒B崋,5570062
憅屔,R00175-015453,,,,,岞奐壜,桳,375000,,奒,2026擭06寧,戝嶃巗惣惉嬫捗庣2挌栚偺戄憅屔亂33捸亃,,戝嶃晎戝嶃巗惣惉嬫捗庣俀挌栚7-19,,,1.00,1.00,,,,,110.21,33.33,11249,2026/06/09,"2026/04/09 11:10","2026/05/01 17:14",愭暔(拠夘),,儔僥丒僄僗僥乕僩乮姅乯娭栚揦,-,"=""06-6955-5833""",嬻桳,丒A崋,5570062
憅屔,R00175-015337,,,,嬻,岞奐壜,柍,1300000,,奒,2007擭10寧,戝嶃巗惣惉嬫捗庣1挌栚偺戄憅屔亂148捸亃,,戝嶃晎戝嶃巗惣惉嬫捗庣侾挌栚8-8,,,5.00,3.00,,,,,491.88,148.79,8737,2026/06/26,"2026/02/18 13:03","2026/05/01 17:10",愭暔(拠夘),,乮姅乯俼俷俶俢俬俶俤,-,"=""06-4309-6085""",嬻桳,仸暔妋偺傒偼儗僀儞僘偐傜,5570062
戄抧,R00175-014678,,,,峏抧,傾乕僇僀僽(惉栺),柍,385000,,奒,-,榓壧嶳導榓壧嶳巗扟偺戄抧亂544捸亃,,榓壧嶳導榓壧嶳巗扟29-1,,,,2.00,,,,1799.23,,544.26,708,2026/03/05,"2025/04/30 14:15","2026/05/01 17:09",愭暔(拠夘),,偁偐傑偮晄摦嶻(姅),-,"=""073-494-3658""",,"暔妋FAX憲怣嵪 2025.11.7",6496305
岺応,R00175-015380,,,,嬻,傾乕僇僀僽(惉栺),柍,550000,,奒,1989擭07寧,戝嶃巗惣梽愳嬫拞搰2挌栚偺戄岺応亂51捸亃,,戝嶃晎戝嶃巗惣梽愳嬫拞搰俀挌栚11-90,,,1500000,,,,,229.34,169.57,51.29,10723,2026/03/10,"2026/03/10 14:36","2026/05/01 16:58",愭暔(拠夘),,乮姅乯擔寶廧戭僒乕價僗,-,"=""06-6477-7705""",柍,,5550041
憅屔,R00175-015162,,,,嬻,傾乕僇僀僽(惉栺),柍,2178000,,1奒,2022擭09寧,愹戝捗巗幀尒挰偺戄憅屔亂305捸亃,,戝嶃晎愹戝捗巗幀尒挰2-2,,,,,12000000,,,2119.55,1011.12,305.86,7121,2026/03/05,"2025/11/20 11:09","2026/05/01 16:36",愭暔(拠夘),,乮姅乯價儖僶儞僋,-,"=""06-7637-6363""",嬻桳,"僶僗働僢僩僐乕僩巊梡NG/塩嬈憅屔偺擣壜偼擄偟偄乮廧嫃抧堟偺堊乯
捓椏DOWN200枩佀198枩丂2026.2.10",5950054
戄抧,R00175-013752,,,,峏抧,岞奐壜,柍,400000,,奒,-,崅捨巗戝帤攱扟偺戄抧亂538捸亃,,戝嶃晎崅捨巗戝帤攱扟14-4,,,1600000,800000,,,,1779.90,,538.41,743,2026/07/17,"2024/02/02 14:26","2026/05/01 11:03",愭暔(拠夘),,儚僀僘晄摦嶻斕攧姅幃夛幮,-,"=""0120-37-0019""",,憅屔摍寶抸偼NG丂尦晅傛傝丂2026.5.1,5691054
憅屔,R00175-015484,,,,,岞奐壜,柍,309760,,奒,2026擭06寧,戝嶃巗搶梽愳嬫悰尨7挌栚偺戄憅屔亂25捸亃,,戝嶃晎戝嶃巗搶梽愳嬫悰尨俈挌栚8-27,,,563200,619520,,,,261.51,84.64,25.6,12099,2026/06/12,"2026/04/21 11:30","2026/05/01 08:53",愭暔(拠夘),,姅幃夛幮僗儁乕僗丒儕乕僟乕,-,"=""06-6310-7510""",嬻桳,"
丒03崋幒",5330022
憅屔,R00175-015465,,,,嬻,岞奐壜,柍,550000,,奒,1994擭05寧,愛捗巗撿暿晎挰偺戄憅屔亂128捸亃,,戝嶃晎愛捗巗撿暿晎挰8-40,,,,,2000000,,,299.30,424.92,128.53,4279,2026/06/26,"2026/04/10 11:02","2026/04/30 18:10",愭暔(拠夘),,擔偺弌寶愝乮姅乯,-,"=""06-6260-5568""",嬻桳,,5660045
憅屔,R00175-015451,,,,嬻,岞奐壜,柍,3520000,,奒,1973擭10寧,愛捗巗捁帞忋3挌栚偺戄憅屔亂795捸亃,,戝嶃晎愛捗巗捁帞忋俁挌栚15-33,,,,,21200000,,,2870.99,2630.60,795.75,4424,2026/07/10,"2026/04/07 13:59","2026/04/30 16:45",愭暔(拠夘),,榓揷嶻嬈姅幃夛幮,-,"=""072-654-0181""",,,5660062
岺応,R00175-014234,,,,嬻,岞奐壜,柍,297000,,1奒,1982擭01寧,戝嶃巗搶廧媑嬫崱椦4挌栚偺戄岺応亂54捸亃,,戝嶃晎戝嶃巗搶廧媑嬫崱椦係挌栚16-17,,,,4455000,540000,,,233.12,180.00,54.45,5455,2026/06/26,"2024/10/03 10:55","2026/04/30 13:31",愭暔(拠夘),,愊悈僴僂僗晄摦嶻娭惣(姅)暯栰塩嬈強,-,"=""06-4396-8674""",柍,"2026.4.30
丒捓椏丗330000墌仺297000墌
丒楃嬥丗495000墌仺445500墌
丒曐徹嬥丗600000墌仺540000墌

丒1奒晹暘",5460001
揦曑(寶暔堦妵),R00175-015220,,,,嬻,傾乕僇僀僽(惉栺),柍,1650000,,1奒,2011擭08寧,嫗搒晎嫗搒巗撿嬫媑徦堾拞壨尨棦惣挰偺戄揦曑亂59捸亃,,嫗搒晎嫗搒巗撿嬫媑徦堾拞壨尨棦惣挰15,,,1500000,1650000,,,,1322.00,196.13,59.32,27811,2026/02/13,"2025/12/18 10:48","2026/04/30 13:27",愭暔(拠夘),,乮姅乯敧惔,-,"=""075-341-6321""",嬻桳,,6018393
憅屔,R00175-014742,,,,嬻,傾乕僇僀僽(惉栺),柍,1100000,,奒,2004擭04寧,暫屔導恄屗巗挿揷嬫姟憯搰挰2挌栚偺戄憅屔亂24捸亃,,暫屔導恄屗巗挿揷嬫姟憯搰挰俀挌栚1-13,,,,2.00,,,,682.20,81.56,24.67,44586,2026/02/27,"2025/05/27 13:53","2026/04/30 13:20",愭暔(拠夘),,乮姅乯僾儔僗僄僗僥乕僩儂乕儉,-,"=""078-786-3241""",嬻桳,"2026.2.27
丒捓椏丗143枩墌仺110枩墌
仸儗僀儞僘帒椏偼曄偊偰偄側偄傛偆偱偦偺傑傑偱偡丅

2025.12.16
丒捓椏丗198枩墌仺143枩墌
丒曐徹嬥丗2僇寧仺柍偟

仸峀崘晄壜",6530033
憅屔,R00175-014478,,,,巊梡拞,傾乕僇僀僽(惉栺),柍,385000,,奒,1978擭04寧,撧椙導撧椙巗戝埨帥惣3挌栚偺戄憅屔亂59捸亃,,撧椙導撧椙巗戝埨帥惣俁挌栚3-2,,,1.00,1.00,,,,,197.00,59.59,6461,2026/02/27,"2025/01/21 13:44","2026/04/30 13:17",愭暔(拠夘),,惓栘彜帠乮姅乯,-,"=""0742-27-1101""",,"仸寶暔奒悢丒強嵼奒晄柧丅妋擣偍婅偄偟傑偡丅
仸NET宖嵹晄壜",6308135
憅屔,R00175-014577,,,,嬻,岞奐壜,柍,1100000,,奒,1989擭05寧,嶄巗搶嬫擔抲憫惣挰5挌偺戄憅屔亂278捸亃,,戝嶃晎嶄巗搶嬫擔抲憫惣挰俆挌10-22,,,1.00,2.00,,,1.00,354.25,921.30,278.69,3947,2026/06/26,"2025/03/10 11:47","2026/04/30 09:59",愭暔(拠夘),,搶媫儕僶僽儖乮姅乯攡揷捓戄僙儞僞乕,05036280039,"=""06-6345-8109""",嬻桳,"2026.4.30丂尦晅曄峏
噴僯僢僐乕媄尋佀搶媫儕僶僽儖乮姅乯 攡揷捓戄僙儞僞乕

2026.1.13丂尦晅傛傝惉栺偵偮偒儘僕僐儘忋偐傜嶍彍偺梫惪FAX偁傝丅
仺娗棟夋柺傛傝懳墳嵪傒

2025.12.15丂彜択拞(2斣庤庴晅偼搒搙妋擣梫)

丒2025/6/11嬈幰傛傝峀崘椏30佀100枩佀俀侽侽枩乮2025.8.18乯傊UP丄僉儍儞儁乕儞偺偛埬撪偁傝

丒攧攦偁傝丗B00175-000661
丒2025/4/23嬈幰曄峏",5998114
憅屔,R00175-015387,,,,巊梡拞,傾乕僇僀僽(惉栺),柍,660000,,奒,1975擭01寧,愹杒孲拤壀挰杒弌3挌栚偺戄憅屔亂388捸亃,,戝嶃晎愹杒孲拤壀挰杒弌俁挌栚1-7,,,,,1800000,,,823.00,1284.00,388.41,1700,2026/04/30,"2026/03/13 11:24","2026/04/30 09:08",愭暔(拠夘),,姅幃夛幮俲倂俽,-,"=""072-439-8011""",,,5950803
憅屔,R00175-015429,,,,嬻,岞奐壜,柍,1540000,,奒,1990擭09寧,戝嶃巗搶廧媑嬫崱愳5挌栚偺戄憅屔亂266捸亃,,戝嶃晎戝嶃巗搶廧媑嬫崱愳俆挌栚3-20,,,5600000,3080000,,,,491.00,881.64,266.69,5775,2026/07/24,"2026/03/27 10:42","2026/04/28 17:45",愭暔(拠夘),,姅幃夛幮僀儅僗丂棳捠帠嬈晹,-,"=""06-6209-7373""",,,5460003
憅屔,R00175-015041,,,,巊梡拞,傾乕僇僀僽(惉栺),柍,675400,,奒,1981擭02寧,愹杒孲拤壀挰杒弌3挌栚偺戄憅屔亂176捸亃,,戝嶃晎愹杒孲拤壀挰杒弌俁挌栚3-12,,,1842000,,,,,,583.50,176.5,3827,2026/04/28,"2025/10/01 11:02","2026/04/28 17:45",愭暔(拠夘),,嶃媫嶃恄晄摦嶻乮姅乯,-,"=""06-6376-4747""",嬻桳,,5950803
戄抧,R00175-015072,,,,峏抧,岞奐壜,柍,500000,,奒,-,撧椙導惗嬵孲埨揼挰戝帤孍揷偺戄抧亂893捸亃,,撧椙導惗嬵孲埨揼挰戝帤孍揷88,,,3000000,,,,,2954.70,,893.79,560,2026/06/12,"2025/10/15 13:53","2026/04/28 17:42",愭暔(拠夘),,乮姅乯暉壠,晉郪丗090-5062-2591,"=""06-4256-2412""",,"2026.4.28
丒捓椏丗550000枩墌仺500000枩墌

2025.12.16
丒捓椏丗66枩墌仺55枩墌",6391064
戄抧,R00175-014743,,,,,岞奐壜,柍,550000,,奒,-,枃曽巗杒嶳1挌栚偺戄抧亂249捸亃,,戝嶃晎枃曽巗杒嶳侾挌栚2697-1,,,,,6.00,,,826.44,,249.99,2201,2026/06/12,"2025/05/27 14:09","2026/04/28 17:38",愭暔(拠夘),,乮姅乯僾儔僗儚儞,-,"=""072-391-4704""",,"2026.4.28
丒捓椏丗575000墌仺550000墌

丒応強丗僌乕僌儖儅僢僾偱偼丄杒嶳1挌栚4乮僕儍僷儞僼乕僘暔棳娭惣幵屔乯",5730171
憅屔,R00175-015198,,,,嬻,岞奐壜,柍,900000,,1奒,1985擭01寧,撧椙導崄幣巗壓揷搶1挌栚偺戄憅屔亂362捸亃,,撧椙導崄幣巗壓揷搶侾挌栚478,,,,2.00,,,,,1198.88,362.66,2482,2026/06/12,"2025/12/09 13:06","2026/04/28 17:32",愭暔(拠夘),,乮姅乯擔杮娗嵿僩儔僗僩,-,"=""06-6776-7015""",嬻桳,"2026.4.28
丒捓椏丗132枩墌仺90枩墌",6390232
岺応,R00175-015185,,,,嬻,岞奐壜,柍,700000,,奒,1988擭08寧,撧椙導戝榓崅揷巗戝帤摗怷偺戄岺応亂593捸亃,,撧椙導戝榓崅揷巗戝帤摗怷359-1,,,,,6.00,,,1995.59,1962.89,593.77,1179,2026/06/12,"2025/12/02 14:36","2026/04/28 17:04",愭暔(拠夘),,乮姅乯倝倣倫倰倕倱倱倝倴倕,-,"=""022-200-6757""",,"2026.4.28
丒捓椏丗110枩墌仺70枩墌",6350004
揦曑(寶暔堦妵),R00175-015344,,,,巊梡拞,傾乕僇僀僽(惉栺),柍,660000,,1奒,-,枃曽巗彽採尦挰3挌栚偺戄揦曑亂39捸亃,,戝嶃晎枃曽巗彽採尦挰俁挌栚29-1,,,,3300000,,,,,129.59,39.2,16837,2026/02/18,"2026/02/18 14:58","2026/04/28 17:03",愭暔(拠夘),,揧墢乮姅乯,-,"=""06-6881-8100""",嬻桳,,5731133
憅屔,R00175-013855,,,,嬻,傾乕僇僀僽(惉栺),柍,330000,,奒,2005擭05寧,暫屔導幊埦巗嶳嶈挰崅壓偺戄憅屔亂50捸亃,,暫屔導幊埦巗嶳嶈挰崅壓12-2,,,,,,,,1528.00,168.49,50.96,6475,2026/02/27,"2024/03/21 13:26","2026/04/28 17:01",愭暔(拠夘),,乮姅乯僼傽乕僗僩彜帠,-,"=""0790-62-0001""",嬻桳,"2025.10.20丂彜択拞(2斣庤庴晅壜)

072-268-2039",6712565
憅屔,R00175-015225,,,,嬻,傾乕僇僀僽(惉栺),柍,1070300,,奒,1981擭10寧,戝嶃巗拞墰嬫搰擵撪1挌栚偺戄憅屔亂138捸亃,,戝嶃晎戝嶃巗拞墰嬫搰擵撪侾挌栚3-5,,,6.00,,,,,222.87,459.26,138.92,7705,2026/02/17,"2025/12/22 10:18","2026/04/28 16:07",愭暔(拠夘),,僔乕價乕傾乕儖僀乕乮姅乯娭惣巟幮,-,"=""06-6292-1800""",嬻桳,,5420082
揦曑(寶暔堦妵),R00175-014089,,,,巊梡拞,傾乕僇僀僽(惉栺),柍,350000,,奒,1997擭02寧,榓愹巗偺偧傒栰3挌栚偺戄揦曑亂24捸亃,,戝嶃晎榓愹巗偺偧傒栰俁挌栚4-799-14,,,3.00,1.00,2.00,,,80.64,80.64,24.39,14349,2026/02/26,"2024/07/17 14:26","2026/04/28 16:00",愭暔(拠夘),,僔乕丒僄僼丒傾乕儖嫽嶻乮姅乯,-,"=""0725-50-5551""",嬻桳,,5941105
憅屔,R00175-015369,,,,,岞奐壜,桳,385000,,奒,-,戝嶃巗埉嬫愒愳3挌栚偺戄憅屔亂93捸亃,,戝嶃晎戝嶃巗埉嬫愒愳俁挌栚5-9,,,,,2100000,,,320.65,309.05,93.48,4119,2026/06/05,"2026/03/05 11:31","2026/04/27 16:51",愭暔(拠夘),,乮姅乯價儖僶儞僋,-,"=""06-7637-6363""",,"2026.4.9 1擭側偳抁婜偱偺宊栺晄壜",5350005
憅屔,R00175-015192,,,,嬻,傾乕僇僀僽(惉栺),柍,770000,,1奒,-,栧恀巗娸榓揷4挌栚偺戄憅屔亂149捸亃,,戝嶃晎栧恀巗娸榓揷係挌栚6-8,,,1.00,2.00,,,,,493.38,149.24,5160,2026/03/13,"2025/12/04 14:34","2026/04/27 16:46",愭暔(拠夘),,俴俬倃俴俤晄摦嶻僔儑僢僾丂儕僲儀僗僩晄摦嶻乮姅乯僫儚僔儑僂,-,"=""06-4307-5513""",嬻桳,"宊栺梊掕俀斣庤晄壜丂2026.4.27
2026.3.13
丒捓椏丗82.5枩墌仺77枩墌 

2026.2.12
丒捓椏丗93.5枩墌仺82.5枩墌",5710002
憅屔,R00175-015399,,,,,傾乕僇僀僽(惉栺),柍,2420000,,奒,1992擭12寧,戝嶃巗搶惉嬫怺峕杒1挌栚偺戄憅屔亂398捸亃,,戝嶃晎戝嶃巗搶惉嬫怺峕杒侾挌栚6-20,,,6.00,2.00,,,,732.93,1315.95,398.07,6080,2026/03/17,"2026/03/17 14:16","2026/04/27 16:10",愭暔(拠夘),,嬥岝晄摦嶻乮姅乯,-,"=""06-6711-4666""",嬻桳,,5370001
戄抧,R00175-014280,,,,,岞奐壜,柍,385000,,奒,-,搶戝嶃巗撿憫挰偺戄抧亂222捸亃,,戝嶃晎搶戝嶃巗撿憫挰13-37,,,1.00,2.00,,,,736.35,,222.74,1729,2026/07/23,"2024/10/22 13:52","2026/04/27 10:33",愭暔(拠夘),,乮姅乯傾僩儕僼丂攡揷揦,-,"=""06-6343-3000""",,"捓椏DOWN55枩佀38.5枩丂2026.4.27
捓椏DOWN77枩佀55枩 2025.10.28
捓椏DOWN99枩佀77枩 2025.5.19
捓椏DOWN121枩佀99枩 2025.1.22",5798024
憅屔,R00175-015473,,,,巊梡拞,岞奐壜,柍,2970000,,奒,1998擭05寧,暫屔導埳扥巗杒壨尨5挌栚偺戄憅屔亂403捸亃,,暫屔導埳扥巗杒壨尨俆挌栚2-15,,,,,27000000,,,2141.94,1335.18,403.89,7354,2026/07/31,"2026/04/14 14:00","2026/04/24 17:13",愭暔(拠夘),,嶃恄僌儕乕儞僒乕價僗姅幃夛幮,-,"=""06-6361-8641""",,,6640837
憅屔,R00175-015499,,,,嬻,岞奐壜,柍,660000,,1奒,1984擭09寧,暫屔導惣榚巗嶁杮偺戄憅屔亂424捸亃,,暫屔導惣榚巗嶁杮153,,,2.00,1.00,,,,2088.00,1402.95,424.39,1556,2026/08/03,"2026/04/24 11:05","2026/04/24 15:51",愭暔(拠夘),,乮姅乯僩儗僕儍乕僴儞僞乕,-,"=""0794-61-5511""",,,6770026
憅屔,R00175-014019,,,,嬻,傾乕僇僀僽(惉栺),柍,935000,,奒,1976擭09寧,戝嶃巗惣梽愳嬫栰棦1挌栚偺戄憅屔亂204捸亃,,戝嶃晎戝嶃巗惣梽愳嬫栰棦侾挌栚1-16,,,,2.00,,,,,677.25,204.86,4564,2026/02/17,"2024/06/10 13:05","2026/04/24 09:41",愭暔(拠夘),,崌摨夛幮戝扟,戝扟丗090-3490-2082,"=""06-6568-9542""",嬻桳,"2025.12.16
丒尦晅丗(姅)尨揷價儖僨傿儞僌仺(崌)戝扟帠柋強
仸暔審扴摉幰偺楢棈愭偼曄峏側偟

2025.6.16暔妋丂1審彜択拞偩偑徯夘壜擻
暔妋FAX憲晅嵪 2025.2.6摗尨
暔妋FAX憲晅嵪丂2025.2.6摗尨
仸栤崌偣偼扴摉幰実懷傊
2024.10.25丂彜択拞
2025.6丏俇丂彜択拞",5550024
憅屔,R00175-015407,,,,嬻,岞奐壜,柍,330000,,1奒,1982擭03寧,暫屔導擈嶈巗惣挿廎挰1挌栚偺戄憅屔亂58捸亃,,暫屔導擈嶈巗惣挿廎挰侾挌栚6-76,,5500,1000000,1000000,,,,,192.00,58.08,5682,2026/08/05,"2026/03/19 11:14","2026/04/23 16:36",愭暔(拠夘),,埉晄摦嶻,-,"=""06-6481-1939""",,"2026.4.23
丒晘嬥丗990000仺1000000
丒楃嬥丗990000仺1000000

丒楢搹惣懁搹丄杒傛傝5斣栚偺嬫夋",6600805
憅屔,R00175-015035,,,,嬻,傾乕僇僀僽(惉栺),柍,2200000,,奒,1986擭10寧,栧恀戞俈憅屔亂418捸亃,,戝嶃晎栧恀巗桍揷挰14-12,,,4.00,2.00,,,,1147.48,1382.54,418.21,5261,2026/03/05,"2025/09/29 18:02","2026/04/23 16:29",帺幮,堦斒攠夘,姅幃夛幮僙儞僠儏儕乕僟僀僜乕,怷,"=""06-6136-0555""",,扴摉丗怷偝傫,5710038
戄抧,R00175-014807,,,,峏抧,岞奐壜,柍,350000,,奒,-,暫屔導昉楬巗忺搶挰彲偺戄抧亂535捸亃,,暫屔導昉楬巗忺搶挰彲10,,,,2.00,,,,1769.00,,535.12,655,2026/08/03,"2025/06/16 11:59","2026/04/23 16:11",愭暔(拠夘),,乮桳乯僔儏僂僠,-,"=""079-263-8520""",,"2026.4.23
晘嬥丗2儢寧佀侽
楃嬥丗0仺2儢寧",6710218
戄抧,R00175-014345,,,,峏抧,傾乕僇僀僽(惉栺),柍,300000,,奒,-,嫗搒晎憡妝孲惛壺挰戝帤廽墍彫帤挿捤偺戄抧亂379捸亃,,嫗搒晎憡妝孲惛壺挰戝帤廽墍彫帤挿捤48-3,,,600000,300000,,,,1256.00,,379.94,790,2026/02/17,"2024/11/19 12:50","2026/04/23 15:50",愭暔(拠夘),,婭擳崙壆彜帠乮姅乯,-,"=""0742-23-6554""",,丒廧強丗彫帤挿捤48-3丄51-1,6190241
憅屔,R00175-015157,,,,巊梡拞,傾乕僇僀僽(惉栺),柍,1100000,,1奒,1983擭01寧,敧旜巗壎抧杒挰1挌栚偺戄憅屔亂155捸亃,,戝嶃晎敧旜巗壎抭杒挰侾挌栚67,,,,,12.00,,,851.90,513.72,155.4,7079,2026/02/17,"2025/11/18 13:18","2026/04/23 15:37",愭暔(拠夘),,姅幃夛幮僇儉僥僀,楅峕丗侽俋侽亅俈侾侾俇亅俉俁係俇,"=""06-6225-9557""",嬻桳,,5810882
岺応,R00175-014484,,,,嫃廧拞,傾乕僇僀僽(惉栺),柍,660000,,奒,1971擭08寧,搶戝嶃巗戝楡搶4挌栚偺戄岺応亂130捸亃,,戝嶃晎搶戝嶃巗戝楡搶係挌栚13-1,,,,2.00,5.00,,,,432.06,130.69,5050,2026/02/26,"2025/01/22 11:35","2026/04/23 12:00",愭暔(拠夘),,ACRE姅幃夛幮丂戝嶃巟幮,-,"=""06-6451-6711""",嬻桳,"2025.12.15丂彜択拞(2斣庤庴晅搒搙憡択)仸彜択拞偵偮偒撪棗偼晄壜

2025.7.10
丒捓椏丗100枩墌仺66枩墌
丒楃嬥丗1僇寧仺2僇寧
丒杮娰+怴娰曞廤仺杮娰偺傒曞廤",5770824
揦曑帠柋強(寶暔堦妵),R00175-014619,,,,嬻,傾乕僇僀僽(惉栺),柍,770000,,奒,1995擭06寧,嫗搒晎忛梲巗帥揷奯撪屻偺戄揦曑丒帠柋強亂401捸亃,,嫗搒晎忛梲巗帥揷奯撪屻41-10,,,,,2000000,,,1640.24,1327.65,401.61,1918,2026/02/10,"2025/04/04 12:52","2026/04/23 11:56",愭暔(拠夘),,乮姅乯僆僼傿僗僼僕儚儔,-,"=""0774-86-4300""",嬻桳,"2025.12.10
丒曄峏丗88枩墌仺77枩墌

2025.6.3
丒曄峏丗100枩墌仺88枩墌",6100121
憅屔,R00175-014595,,,,巊梡拞,岞奐壜,柍,3870000,,奒,1966擭05寧,戝嶃巗梽愳嬫栰拞杒1挌栚偺戄憅屔亂407捸亃,,戝嶃晎戝嶃巗梽愳嬫栰拞杒侾挌栚4-15,,,22200000,8140000,,,,,1347.57,407.63,9494,2026/08/06,"2025/03/24 11:54","2026/04/23 11:23",愭暔(拠夘),,"僴僂僗僪僁崅捨晉揷丂姅幃夛幮僐儞僼僅乕僩廧戭斕攧 ",挿堜丗080-3005-8691,"=""072-668-2246""",嬻桳,"2026.4.23
尦晅丗僀儅僗棳捠帠嬈晹佀僴僂僗僪僁崅捨晉揷丂姅幃夛幮僐儞僼僅乕僩廧戭斕攧

曄峏2026.2.9
407枩佀387枩
2025.7.30
丒捓椏丗473枩墌仺407枩墌
丒晘嬥丗2580枩墌仺2220枩墌
丒楃嬥丗946枩墌仺814枩墌",5320034
戄抧,R00175-015066,,,,峏抧,岞奐壜,柍,1200000,,奒,-,嫗搒晎捲婌孲堜庤挰戝帤堜庤彫帤拞愳偺戄抧亂1120捸亃,,嫗搒晎捲婌孲堜庤挰戝帤堜庤彫帤拞愳3-1,,,2400000,1200000,,,,3705.56,,1120.93,1071,2026/06/26,"2025/10/14 13:05","2026/04/23 11:05",愭暔(拠夘),,傾僷儅儞僔儑僢僾乮姅乯嫗搒儀僗僩儂乕儉,僆僋:090-4298-7904,"=""0774-34-0360""",,"仸僱僢僩峀崘晄壜

2026.4.23
暔審妋擣偼扴摉丗僆僋條丂090-4298-7904",6100302
憅屔,R00175-014781,,,,嬻,傾乕僇僀僽(惉栺),柍,880000,,奒,1986擭12寧,庣岥巗撿帥曽搶捠6挌栚偺戄憅屔亂173捸亃,,戝嶃晎庣岥巗撿帥曽搶捠俇挌栚16-8,,,,1.00,2.00,,,617.00,572.71,173.24,5080,2026/02/24,"2025/06/05 11:50","2026/04/23 10:21",愭暔(拠夘),,乮姅乯傾乕僶儞僐僉僞,-,"=""06-6993-4510""",嬻桳,"2026.2.24 惉栺仺暅妶
丒捓椏丗107.8枩墌仺88枩墌
丒尦晅丗僀儅僗奐敪仺乮姅乯傾乕僶儞僐僉僞",5700043
戄抧,R00175-014060,,,,峏抧,傾乕僇僀僽(惉栺),柍,200000,,奒,-,敧旜巗戝帤戝孍偺戄抧亂200捸亃,,戝嶃晎敧旜巗戝帤戝孍496-1,,,,1.00,,,,661.15,,199.99,1001,2026/02/09,"2024/07/02 14:05","2026/04/23 10:17",愭暔(拠夘),,儗儞僞僢僋僗,僥儔僂僠條丗080-6148-3703,"=""06-6990-7023""",,"2026.4.20
扴摉丂僥儔僂僠條丗080-6148-3703偵曄峏

2026.4.23丂暔妋偼僀僞儞僕偱

2026.2.9丂尦晅傛傝丄娗棟夛幮曄峏偲忦審曄峏偺偛楢棈乮噴儗儞僞僢僋僗/僩儕儅儖條傛傝乯
捓椏佀20枩墌
掕庁丗侾侽擭
晘嬥丗側偟/楃嬥丗俆侽枩墌
捸悢乮幚應偱偼側偄乯俀侽侽捸
楢棈愭丗僩儕儅儖條丗080-3758-4418


2025.10.27
暔妋偱壗搙偐偗偰傕宷偑傜側偄偨傔惉栺",5810863
岺応,R00175-014163,,,,嬻,傾乕僇僀僽(惉栺),柍,330000,,奒,1970擭08寧,榓壧嶳導榓壧嶳巗拞搰偺戄岺応亂124捸亃,,榓壧嶳導榓壧嶳巗拞搰463-1,,,,2.00,2.00,,,802.08,410.99,124.32,2655,2026/02/26,"2024/08/29 12:30","2026/04/23 09:56",愭暔(拠夘),,僄億僢僋乮姅乯,-,"=""073-433-2374""",嬻桳,2025.10.15丂峀崘晄壜,6410006
憅屔,R00175-014193,,,,嬻,岞奐壜,柍,2970000,,奒,2003擭04寧,撧椙導撧椙巗惣栘捯挰偺戄憅屔亂1267捸亃,,撧椙導撧椙巗惣栘捯挰78-1,,,3.00,1.00,,,,3195.71,4190.77,1267.7,2343,2026/06/12,"2024/09/12 12:23","2026/04/23 09:48",愭暔(拠夘),,僄僀儉丒僴僀乮姅乯,嬻幒妋擣丗崅懞080-768-8745,"=""072-768-8745""",嬻桳,"峀崘晄壜偺堊儅僢僠儞僌偺傒

壓婰実懷丄尰嵼巊傢傟偰

丒嬻幒妋擣偼扴摉幰実懷傊丗崅懞080-768-8745



2025.6.11 彜択拞",6308325
揦曑帠柋強(寶暔堦妵),R00175-015190,,,,嬻,岞奐壜,柍,374000,,奒,1974擭03寧,暫屔導愳惣巗壩懪2挌栚偺戄揦曑丒帠柋強亂77捸亃,,暫屔導愳惣巗壩懪俀挌栚1-27,,,,,2.00,1.00,,209.58,257.48,77.88,4802,2026/07/23,"2025/12/04 14:01","2026/04/23 09:31",愭暔(拠夘),,弻儂乕儉乮桳乯杒杧峕塩嬈強,-,"=""06-7220-3716""",嬻桳,-,6660017
憅屔,R00175-015388,,,,嬻,岞奐壜,柍,3850000,,1奒,1981擭10寧,暫屔導柧愇巗戝媣曐挰戝孍偺戄憅屔亂820捸亃,,暫屔導柧愇巗戝媣曐挰戝孍3050,,,,,10000000,,,5600.00,2713.76,820.91,4690,2026/07/23,"2026/03/16 13:08","2026/04/23 09:27",愭暔(拠夘),,乮姅乯抮撪岺柋揦,暯旜丗090-6967-9688,"=""078-922-8822""",,,6740051
岺応,R00175-014884,,,,嬻,岞奐壜,柍,440000,,奒,-,敧旜巗榁尨6挌栚偺戄岺応亂80捸亃,,戝嶃晎敧旜巗榁尨俇挌栚65-2,,,,3.00,,,,,266.08,80.48,5467,2026/07/06,"2025/07/15 11:43","2026/04/22 17:31",愭暔(拠夘),,嫤塰抧寶姅幃夛幮,-,"=""072-938-6677""",嬻桳,丒1-2奒晹暘,5810092
揦曑帠柋強(寶暔堦妵),R00175-015493,,,,嬻,岞奐壜,柍,770000,,奒,1973擭02寧,敧旜巗塱敤挰1挌栚偺戄揦曑丒帠柋強亂87捸亃,,戝嶃晎敧旜巗塱敤挰侾挌栚2-54,,,3.00,2.00,,,,255.37,288.92,87.39,8811,2026/08/06,"2026/04/22 11:09","2026/04/22 17:03",愭暔(拠夘),,姅幃夛幮僩僠僞僥價儖僨傿儞僌,-,"=""06-6975-7780""",嬻桳,,5810083
憅屔,R00175-014382,,,,嬻,岞奐壜,柍,550000,,奒,1983擭12寧,暫屔導擈嶈巗媣乆抦惣挰2挌栚偺戄憅屔亂59捸亃,,暫屔導擈嶈巗媣乆抦惣挰俀挌栚13-17,,,6.00,2.00,,,,141.27,197.28,59.67,9217,2026/07/08,"2024/12/05 12:35","2026/04/22 17:00",愭暔(拠夘),,嶰婎寶愝乮姅乯,懞忋丗090-8214-8370,"=""06-6304-0999""",柍,-,6610978
揦曑帠柋強(寶暔堦妵),R00175-015336,,,,嬻,岞奐壜,柍,5170000,,奒,1976擭03寧,暫屔導恄屗巗拞墰嬫攇巭応挰偺戄揦曑丒帠柋強亂357捸亃,,暫屔導恄屗巗拞墰嬫攇巭応挰3-2,,,37600000,,,,,,1182.27,357.63,14457,2026/08/04,"2026/02/18 11:56","2026/04/22 15:52",愭暔(拠夘),,儚乕僋彜夛乮姅乯,-,"=""078-333-0003""",嬻桳,,6500042
憅屔,R00175-015452,,,,嬻,岞奐壜,柍,473000,,奒,1999擭10寧,暫屔導恄屗巗悅悈嬫彫懇嶳杮挰侾挌栚偺戄憅屔亂108捸亃,,暫屔導恄屗巗悅悈嬫彫懇嶳杮挰侾挌栚4-12,,,1.00,2.00,,,,,360.00,108.9,4344,2026/06/23,"2026/04/09 10:55","2026/04/22 15:05",帺幮,堦斒攠夘,姅幃夛幮僙儞僠儏儕乕僟僀僜乕,曱嶳,"=""06-6136-0555""",嬻桳,扴摉丗曱嶳偝傫,6550003
岺応,R00175-015302,,,,嬻,岞奐壜,柍,770000,,奒,2000擭09寧,搶戝嶃巗庒峕撿挰1挌栚偺戄岺応亂100捸亃,,戝嶃晎搶戝嶃巗庒峕撿挰侾挌栚3-10,,,3.00,2.00,,,,263.80,333.24,100.8,7639,2026/08/06,"2026/01/30 11:57","2026/04/22 13:14",愭暔(拠夘),,姅幃夛幮僩僠僞僥價儖僨傿儞僌,-,"=""06-6975-7780""",嬻桳,,5780943
戄抧,R00175-014700,,,,峏抧,岞奐壜,柍,300000,,奒,-,撧椙導惗嬵巗撿揷尨挰偺戄抧亂491捸亃,,撧椙導惗嬵巗撿揷尨挰915-5,,,,2.00,5.00,,,1625.00,,491.56,611,2026/06/12,"2025/05/12 13:29","2026/04/22 13:12",愭暔(拠夘),,崌摨夛幮壚旤寶戭,栘壓抦旤丗080-6159-3646,"=""080-6159-3646""",,夝懱嬈晄壜,6300135
揦曑(寶暔堦妵),R00175-014170,,,,嬻,岞奐壜,柍,440000,,奒,1977擭11寧,暫屔導昉楬巗搚嶳6挌栚偺戄揦曑亂84捸亃,,暫屔導昉楬巗搚嶳俇挌栚6-1,,,800000,440000,,,,,280.42,84.82,5188,2026/06/05,"2024/09/05 11:38","2026/04/22 13:08",愭暔(拠夘),,姅幃夛幮偨偐壆,-,"=""079-293-8921""",嬻桳,捓椏DOWN66枩仺55枩2025.1.17,6700996
憅屔,R00175-013901,,,,嬻,岞奐壜,柍,473000,,奒,2022擭08寧,撧椙導惗嬵孲斄數挰棿揷撿4挌栚偺戄憅屔亂96捸亃,,撧椙導惗嬵孲斄數挰棿揷撿係挌栚541-2,,,6.00,2.00,,,,666.61,320.00,96.8,4887,2026/07/13,"2024/04/08 11:48","2026/04/22 13:05",愭暔(拠夘),,姅幃夛幮擔杮儕乕僪晄摦嶻,崅尒堦庽丗070-7565-1887,"=""06-6932-6355""",嬻桳,,6360153
憅屔,R00175-015477,,,,嬻,岞奐壜,柍,385000,,奒,1983擭08寧,暫屔導壛惣巗嶰岥挰偺戄憅屔亂110捸亃,,暫屔導壛惣巗嶰岥挰777-3,,,1.00,2.00,,,,,365.74,110.63,3480,2026/07/10,"2026/04/15 14:56","2026/04/22 09:21",愭暔(拠夘),,僞僇僙晄摦嶻(姅)丂壛惣揦,-,"=""0790-43-7330""",嬻桳,,6752223
憅屔,R00175-014625,,,,嬻,傾乕僇僀僽(惉栺),柍,396000,,奒,1994擭03寧,搶戝嶃巗怴彲3挌栚偺戄憅屔亂123捸亃,,戝嶃晎搶戝嶃巗怴彲俁挌栚1-22,,,3.00,1.00,,,,245.99,407.37,123.22,3214,2026/03/13,"2025/04/08 12:55","2026/04/21 17:47",愭暔(拠夘),,姅幃夛幮搾愺晄摦嶻,-,"=""06-6748-3010""",,"2025.11.20
丒捓椏丗44枩墌仺39.6枩墌",5780963
憅屔,R00175-014980,,,,巊梡拞,傾乕僇僀僽(惉栺),柍,1760000,,奒,-,戝嶃巗梽愳嬫嶰捗壆撿3挌栚偺戄憅屔亂194捸亃,,戝嶃晎戝嶃巗梽愳嬫嶰捗壆撿俁挌栚17-35,,,3.00,1.00,,,,876.30,642.25,194.28,9060,2026/02/26,"2025/09/05 11:01","2026/04/21 16:57",愭暔(拠夘),,姅幃夛幮僩僠僞僥價儖僨傿儞僌,嵅乆栘條:080-9741-9625,"=""06-6975-7780""",,"彜択側偔側偭偨丂2026.2.26
仼2026.1.20 彜択拞(2斣庤壜)",5320035
憅屔,R00175-015339,,,,嬻,傾乕僇僀僽(惉栺),柍,300000,,奒,1977擭12寧,暫屔導昉楬巗屼崙栰挰惣屼拝偺戄憅屔亂326捸亃,,暫屔導昉楬巗屼崙栰挰惣屼拝522-1,,,,2.00,2.00,,,591.66,1077.99,326.09,920,2026/02/18,"2026/02/18 13:38","2026/04/21 09:55",愭暔(拠夘),,乮姅乯俠倳丂倢倝倖倕,-,"=""079-282-0302""",嬻桳,,6710233
憅屔,R00175-014936,,,,嬻,傾乕僇僀僽(惉栺),柍,308000,,奒,2000擭03寧,搶戝嶃巗惣掔妛墍挰2挌栚偺戄憅屔亂41捸亃,,戝嶃晎搶戝嶃巗惣掔妛墍挰俀挌栚5-9,,,1.00,2.00,,,,,138.60,41.92,7347,2026/02/17,"2025/08/05 14:53","2026/04/20 17:40",愭暔(拠夘),,姅幃夛幮嫽塰彜帠,-,"=""06-6783-5136""",,"丒109崋幒

仸暔妋偼儕傾僾儘偱",5770044
岺応,R00175-015235,,,,嬻,岞奐壜,柍,330000,,1奒,1997擭01寧,搶戝嶃巗挿揷惣5挌栚偺戄岺応亂44捸亃,,戝嶃晎搶戝嶃巗挿揷惣俆挌栚2-29,,,4.00,2.00,,,,,145.70,44.07,7488,2026/06/22,"2025/12/23 13:14","2026/04/20 17:02",愭暔(拠夘),,姅幃夛幮嫽塰彜帠,-,"=""06-6783-5136""",柍,"丒1奒晹暘

仸暔妋偼儕傾僾儘偱",5770016
揦曑帠柋強(寶暔堦晹),R00175-014457,,,,,岞奐壜,柍,814000,,1奒,1985擭07寧,撧椙導撧椙巗晉梇尦挰2挌栚偺戄揦曑丒帠柋強亂64捸亃,,撧椙導撧椙巗晉梇尦挰俀挌栚6-48,84700,,1.00,2.00,,,,,211.87,64.09,12701,2026/06/12,"2025/01/14 13:26","2026/04/20 16:54",愭暔(拠夘),,姅幃夛幮僩僠僞僥價儖僨傿儞僌,嵅乆栘丗080-9741-9625,"=""06-6975-7780""",,丒1奒堦嬫夋戄偟,6310078
憅屔,R00175-014903,,,,,岞奐壜,柍,396000,,奒,2025擭11寧,堬栘巗忋孲2挌栚偺戄憅屔亂39捸亃,,戝嶃晎堬栘巗忋孲俀挌栚534-1,,,720000,792000,,,,1037.06,129.48,39.16,10111,2026/06/12,"2025/07/23 13:47","2026/04/20 16:39",愭暔(拠夘),,姅幃夛幮僗儁乕僗丒儕乕僟乕,-,"=""06-6310-7510""",嬻桳,"2026.4.20
3斣偺傒曞廤拞

2025.12.10
2斣偲3斣偺傒曞廤拞

丒慡3嬫夋
丒応強丗僌乕僌儖儅僢僾偱偼丄忋孲2挌栚7-30",5670065
揦曑(寶暔堦妵),R00175-014334,,,,嬻,傾乕僇僀僽(惉栺),柍,330000,,奒,1987擭05寧,帬夑導庣嶳巗媑恎侾挌栚偺戄揦曑亂32捸亃,,帬夑導庣嶳巗媑恎侾挌栚2-19,,,900000,,,,,,106.87,32.32,10208,2026/02/26,"2024/11/12 11:01","2026/04/20 16:16",愭暔(拠夘),,搶梞價儖儂乕儉姅幃夛幮,-,"=""077-582-0500""",嬻桳,,5240021
憅屔,R00175-015408,,,,嬻,岞奐壜,柍,780000,,奒,1971擭01寧,奓捤巗墹巕偺戄憅屔亂49捸亃,,戝嶃晎奓捤巗墹巕749-1,,,3.00,2.00,,,,1056.46,936.52,283.29,2754,2026/08/06,"2026/03/19 15:04","2026/04/20 15:21",帺幮,堦斒攠夘,姅幃夛幮僙儞僠儏儕乕僟僀僜乕,媑揷夒,"=""06-6136-0555""",嬻桳,"2026.4丏20
捓椏丗781000仺780000

媑揷夒偝傫扴摉",5970051
憅屔,R00175-014588,,,,嬻,岞奐壜,柍,1980000,,奒,1963擭02寧,戝嶃巗暯栰嬫壛旤杒3挌栚偺戄憅屔亂247捸亃,,戝嶃晎戝嶃巗暯栰嬫壛旤杒俁挌栚1-14,,,4.00,2.00,,,,932.78,868.08,262.59,7541,2026/06/24,"2025/03/18 11:41","2026/04/20 15:12",愭暔(拠夘),,姅幃夛幮僗僥乕僕,拞懞丗080-4341-4657,"=""06-6356-4555""",嬻桳,"2025.7.25丂惉栺仺暅妶
丒捓椏丗179.3枩墌仺198枩墌
丒尦晅丗嶳堦僴僂僗仺僗僥乕僕(仸僩僠僞僥傕曞廤偁傝)

2025.6.18丂惉栺(彜択拞丄2斣庤晄壜偲偺偙偲)",5470001
憅屔,R00175-015147,,,,嬻,岞奐壜,柍,1144000,,1奒,-,戝嶃巗梽愳嬫揷愳杒3挌栚偺戄憅屔亂132捸亃,,戝嶃晎戝嶃巗梽愳嬫揷愳杒俁挌栚2-6,,,3.00,1.00,,,,483.73,438.84,132.74,8618,2026/07/24,"2025/11/13 14:32","2026/04/20 15:01",愭暔(拠夘),,姅幃夛幮僩僠僞僥價儖僨傿儞僌,嵅乆栘丗080-9741-9625,"=""06-6975-7780""",,"2026.4丏20丂楃嬥丂2偐寧仺1偐寧

2026.1.6丂僩僠僞僥嵅乆栘條傛傝嵞曞廤偺偛楢棈偁傝丅

2025.12.15丂僆乕僫乕條搒崌偵傛傝戄偟巭傔

2025.11.13丂尦乆僩僠僞僥偑僆乕僫乕條偲傗傝庢傝偟偰偄傞暔審丅
僩僠僞僥嵅乆栘條傛傝僆乕僫乕條傊傕妋擣拞偲偺帠偱堦扷旕岞奐丅

丒1奒晹暘",5320021
憅屔,R00175-014963,,,,嫃廧拞,傾乕僇僀僽(惉栺),柍,400000,,奒,1972擭06寧,戝嶃巗惗栰嬫怴崱棦1挌栚偺戄憅屔亂59捸亃,,戝嶃晎戝嶃巗惗栰嬫怴崱棦侾挌栚12-18,,,1600000,800000,,,,167.81,197.35,59.69,6701,2026/02/06,"2025/08/28 13:20","2026/04/20 13:43",愭暔(拠夘),,乮姅乯僗僥乕僕,嶁杮丗070-1301-5822,"=""06-6356-4555""",,仸暔妋丒徻嵶偼扴摉幰実懷傊丗嶁杮偝傫070-1301-5822,5440001
憅屔,R00175-015191,,,,嬻,傾乕僇僀僽(惉栺),柍,1100000,,奒,-,戝嶃巗杒嬫戝梽撿1挌栚偺戄憅屔亂128捸亃,,戝嶃晎戝嶃巗杒嬫戝梽撿侾挌栚4-1,,,2.00,2.00,,,,,425.90,128.83,8539,2026/02/24,"2025/12/04 14:16","2026/04/20 11:38",愭暔(拠夘),,姅幃夛幮擔擳弌彜夛,-,"=""06-6453-3232""",柍,"帒椏偺廧強偼岆偭偰偍傝傑偡丅惓佀戝嶃晎戝嶃巗杒嬫戝梽撿侾挌栚4-1
尦晅曄峏儔僥僄僗僥乕僩佀擔擳弌彜夛乮峀崘NG偺偨傔庢傝壓偘傑偟偨乯",5310075
憅屔,R00175-015384,,,,嬻,岞奐壜,柍,660000,,奒,1972擭03寧,戝嶃巗拞墰嬫嬍憿2挌栚偺戄憅屔亂234捸亃,,戝嶃晎戝嶃巗拞墰嬫嬍憿俀挌栚26-67,,,6.00,1.00,,,,173.22,775.20,234.49,2815,2026/07/17,"2026/03/11 11:32","2026/04/20 09:49",愭暔(拠夘),,俫俵晄摦嶻乮姅乯,-,"=""06-6191-6661""",,,5400004
憅屔,R00175-015430,,,,嫃廧拞,岞奐壜,柍,880000,,1奒,-,戝嶃巗掃尒嬫崱捗撿4挌栚偺戄憅屔亂42捸亃,,戝嶃晎戝嶃巗掃尒嬫崱捗撿係挌栚2-23,,,,,,,,772.46,140.71,42.56,20675,2026/07/24,"2026/03/27 10:45","2026/04/17 17:59",愭暔(拠夘),,姅幃夛幮僩僠僞僥價儖僨傿儞僌,-,"=""06-6975-7780""",嬻桳,,5380043
戄抧,R00175-014793,,,,峏抧,傾乕僇僀僽(惉栺),柍,800000,,奒,-,愹撿巗拞彫楬2挌栚偺戄抧亂946捸亃,,戝嶃晎愹撿巗拞彫楬俀挌栚782,,,3.00,1.00,,,,3130.57,,946.99,845,2026/02/24,"2025/06/09 13:47","2026/04/17 17:48",愭暔(拠夘),,曅栘斀栄乮姅乯,-,"=""072-482-3308""",,丒応強丗僌乕僌儖儅僢僾偱偼丄拞彫楬2挌栚780偺杒懁,5900533
憅屔,R00175-015315,,,,嫃廧拞,傾乕僇僀僽(惉栺),柍,550000,,奒,2021擭03寧,戝嶃巗廧媑嬫挿嫃4挌栚偺戄憅屔亂62捸亃,,戝嶃晎戝嶃巗廧媑嬫挿嫃係挌栚6-30,,,4.00,2.00,,,,,205.62,62.2,8843,2026/02/12,"2026/02/05 15:10","2026/04/17 17:37",愭暔(拠夘),,姅幃夛幮僗儁乕僗丒儕乕僟乕,-,"=""06-6310-7510""",嬻桳,丒03崋幒,5580003
揦曑帠柋強(寶暔堦妵),R00175-015145,,,,,傾乕僇僀僽(惉栺),柍,396000,,1奒,2026擭03寧,暫屔導埳扥巗惣栰2挌栚偺戄揦曑丒帠柋強亂29捸亃,,暫屔導埳扥巗惣栰俀挌栚453,4000,,,1.00,6.00,,,483.98,99.00,29.94,13224,2026/04/17,"2025/11/13 14:07","2026/04/17 17:31",愭暔(拠夘),,價乕僋儖晄摦嶻婇夋乮姅乯,-,"=""072-774-4113""",嬻桳,丒応強丗惣栰2挌栚453乮惣栰抧憼偝傫乯杒懁,6640028
憅屔,R00175-015360,,,,,岞奐壜,柍,1650000,,奒,2024擭01寧,暫屔導擈嶈巗昹揷挰2挌栚偺戄憅屔亂138捸亃,,暫屔導擈嶈巗昹揷挰俀挌栚65-4,,,3.00,2.00,,,,345.25,458.39,138.66,11900,2026/06/23,"2026/02/26 11:19","2026/04/17 16:55",愭暔(拠夘),,乮姅乯僼儖僴僂僗,-,"=""06-6418-0321""",嬻桳,,6600062
揦曑帠柋強(寶暔堦妵),R00175-015030,,,,巊梡拞,岞奐壜,柍,550000,,奒,1991擭07寧,敧旜巗孲愳2挌栚偺戄揦曑丒帠柋強亂134捸亃,,戝嶃晎敧旜巗孲愳俀挌栚63,,,1.00,1.00,,,,466.18,445.56,134.78,4081,2026/07/24,"2025/09/24 13:46","2026/04/17 16:28",愭暔(拠夘),,乮桳乯僆儗儞僕儂乕儉,-,"=""06-6736-2277""",,捓椏DOWN俇俇枩佀俆俆枩丂2026.4.17,5810872
憅屔,R00175-013777,,,,嬻,岞奐壜,柍,2970000,,奒,1989擭10寧,嶄巗搶嬫愇尨挰1挌偺戄憅屔亂491捸亃,,戝嶃晎嶄巗搶嬫愇尨挰侾挌125-3,,,,3.00,3.00,,,2128.92,1623.60,491.13,6048,2026/07/23,"2024/02/13 14:02","2026/04/16 17:08",愭暔(拠夘),,乮姅乯娭惣僀儞儀儞僩,-,"=""06-6766-2016""",嬻桳,2026丏4.16丂楃嬥丗3.3偐寧仺3偐寧,5998102
憅屔,R00175-014944,,,,嬻,岞奐壜,柍,380000,,奒,1978擭02寧,嶄巗拞嬫暯堜偺戄憅屔亂17捸亃,,戝嶃晎嶄巗拞嬫暯堜503-1,,,1.00,2.00,,,,,56.27,17.02,22325,2026/07/13,"2025/08/08 11:18","2026/04/16 17:06",愭暔(拠夘),,乮姅乯榓彜晄摦嶻,-,"=""072-277-5155""",嬻桳,捓椏DOWN45枩佀38枩丂2026.3.23,5998251
憅屔,R00175-015166,,,,嬻,岞奐壜,柍,308000,,奒,1991擭07寧,戝嶃巗惣梽愳嬫暉挰3挌栚偺戄憅屔亂50捸亃,,戝嶃晎戝嶃巗惣梽愳嬫暉挰俁挌栚3-13,,,,,1680000,,,66.25,168.51,50.97,6043,2026/08/04,"2025/11/21 13:32","2026/04/16 16:57",愭暔(拠夘),,嶃恄搚抧寶暔,-,"=""06-6472-5239""",,"2026.4.16丂曐徹嬥丗1800000墌仺1680000墌

捓椏30.8枩墌儗僀儞僘妋擣嵪丂2026.04.07
捓椏DOWN33枩佀30.8枩丂2026.2.20
2026.1.20丂揾憰嬈NG",5550034
憅屔,R00175-015346,,,,嬻,傾乕僇僀僽(惉栺),柍,418000,,奒,1993擭08寧,暫屔導昉楬巗峀敤嬫姉揷1挌栚偺戄憅屔亂76捸亃,,暫屔導昉楬巗峀敤嬫姉揷侾挌栚65,,,1.00,1.00,,,,482.00,252.00,76.23,5484,2026/04/16,"2026/02/19 10:50","2026/04/16 14:58",愭暔(拠夘),,乮姅乯俷俵俷俼俬,-,"=""079-234-5485""",嬻桳,,6711102
揦曑(寶暔堦妵),R00175-015363,,,,巊梡拞,傾乕僇僀僽(惉栺),柍,1210000,,1奒,1992擭09寧,晉揷椦巗婌巙怴壠挰1挌栚偺戄揦曑亂100捸亃,,戝嶃晎晉揷椦巗婌巙怴壠挰侾挌栚4-15,,,7000000,,,,,1081.70,331.17,100.17,12079,2026/02/27,"2026/02/27 10:28","2026/04/16 14:54",愭暔(拠夘),,乮姅乯僀儅僗丂婇夋幒,-,"=""06-6209-7670""",嬻桳,,5840003
憅屔,R00175-014896,,,,抸屻枹擖嫃,岞奐壜,柍,380000,,奒,2025擭07寧,撧椙導杒妺忛孲忋杚挰戧愳戜2挌栚偺戄憅屔亂60捸亃,,撧椙導杒妺忛孲忋杚挰戧愳戜俀挌栚18-6,,,,500000,,,,,199.75,60.42,6289,2026/06/12,"2025/07/18 11:26","2026/04/16 12:14",愭暔(拠夘),,崌摨夛幮儔僀僼儔僀僼丂僗儌僢僥傿乕墹帥揦,-,"=""0745-44-3160""",嬻桳,"2025.12.16
丒捓椏丗50枩墌仺38枩墌",6390211
憅屔,R00175-013729,,,,,傾乕僇僀僽(惉栺),柍,250000,,奒,1974擭01寧,暫屔導嶰栘巗暿強挰崅栘偺戄憅屔亂89捸亃,,暫屔導嶰栘巗暿強挰崅栘669-12,,,,1.00,,,1.00,259.00,294.45,89.07,2807,2025/03/12,"2024/01/23 15:15","2026/04/14 14:56",愭暔(拠夘),,俉晄摦嶻乮姅乯,拞揷丗090-1960-9933,"=""078-939-8930""",嬻桳,"僆乕僫乕條傛傝
44枩仺25枩乮惻崬傒乯TEL偵偰2024.9.25
楃嬥丗1儠寧",6730435
揦曑帠柋強(寶暔堦妵),R00175-015471,,,,嬻,岞奐壜,柍,495000,,奒,1987擭10寧,暫屔導昉楬巗惵嶳惣1挌栚偺戄揦曑丒帠柋強亂118捸亃,,暫屔導昉楬巗惵嶳惣侾挌栚8-8,,,1485000,495000,,,,497.36,390.79,118.21,4188,2026/06/19,"2026/04/14 13:26","2026/04/14 14:14",愭暔(拠夘),,乮桳乯偍偐偺晄摦嶻,-,"=""079-229-9229""",嬻桳,丒攧攦偁傝丗B00175-000774,6712224
憅屔,R00175-015306,,,,嬻,岞奐壜,柍,495000,,奒,1971擭01寧,暫屔導昉楬巗敀昹挰塅嵅嶈杒1挌栚偺戄憅屔亂177捸亃,,暫屔導昉楬巗敀昹挰塅嵅嶈杒侾挌栚157,,,2.00,2.00,,,,819.47,588.26,177.94,2782,2026/06/15,"2026/02/03 13:12","2026/04/10 16:52",愭暔(拠夘),,乮姅乯俵俲晄摦嶻,-,"=""06-6439-7954""",嬻桳,,6728013
憅屔,R00175-014965,,,,嬻,傾乕僇僀僽(惉栺),柍,900000,,奒,1974擭09寧,搶戝嶃巗抮搰挰3挌栚偺戄憅屔亂313捸亃,,戝嶃晎搶戝嶃巗抮搰挰俁挌栚7-1,,,4.00,2.00,,,,2104.21,1037.52,313.84,2868,2026/04/09,"2025/08/28 13:51","2026/04/09 15:49",愭暔(拠夘),,姅幃夛幮僩僠僞僥價儖僨傿儞僌,-,"=""06-6975-7780""",,"2026.2.17
丒捓椏丗98枩墌仺90枩墌",5798064
憅屔,R00175-015373,,,,嬻,傾乕僇僀僽(惉栺),柍,660000,,奒,1999擭09寧,敧旜巗惵嶳挰1挌栚偺戄憅屔亂137捸亃,,戝嶃晎敧旜巗惵嶳挰侾挌栚6-7,,,4.00,2.00,,,,782.00,455.84,137.89,4787,2026/03/06,"2026/03/06 11:05","2026/04/09 14:25",愭暔(拠夘),,儅乕僔僢僋乮桳乯,-,"=""06-6776-2517""",,"2026.4.9丂懠幮偵偰宊栺梊掕偺偨傔惉栺

2026.3.6丂SB専摙拞偺偨傔曐棷",5810018
岺応,R00175-014665,,,,嬻,傾乕僇僀僽(惉栺),柍,650000,,奒,1991擭04寧,搶戝嶃巗娸揷摪惣2挌栚偺戄岺応亂127捸亃,,戝嶃晎搶戝嶃巗娸揷摪惣俀挌栚1-12,,,,2.00,2.00,,,233.94,419.92,127.02,5118,2026/02/27,"2025/04/23 13:33","2026/04/09 13:49",愭暔(拠夘),,乮姅乯儐乕丒僐乕億儗乕僔儑儞,-,"=""06-4790-5155""",嬻桳,"2025.10.24丂
丒捓椏丗60枩墌仺65枩墌",5770848
憅屔,R00175-015181,,,,嬻,傾乕僇僀僽(惉栺),柍,3300000,,奒,1983擭10寧,怮壆愳巗戝惉挰偺戄憅屔亂128捸亃,,戝嶃晎怮壆愳巗戝惉挰13,,,,1.10,,,,2170.97,424.70,128.47,25687,2026/02/27,"2025/12/01 11:56","2026/04/09 13:35",愭暔(拠夘),,乮姅乯倣倧倰倕倢倝倖倕,-,"=""06-6220-0010""",,丒攧攦丗B00175-000806,5720819
揦曑(寶暔堦妵),R00175-014681,,,,嬻,岞奐壜,柍,470000,,奒,1988擭06寧,嫗搒晎塅帯巗彫憅挰杧抮偺戄揦曑亂128捸亃,,嫗搒晎塅帯巗彫憅挰杧抮,,,,1.00,2.00,,,,425.00,128.56,3656,2026/05/19,"2025/05/07 12:57","2026/04/09 13:23",愭暔(拠夘),,娵旽寶愝乮姅乯嫗揷曈塩嬈強,-,"=""0774-66-4141""",嬻桳,"2026.4.9
1搹丄1奒晹暘偺傒偳偪傜偱傕壜

丒廧強丗彫憅挰杧抮7-58",6110042
憅屔,R00175-013980,,,,,傾乕僇僀僽(惉栺),柍,600000,,奒,-,戝嶃巗搶廧媑嬫搾棦5挌栚偺戄憅屔亂73捸亃,,戝嶃晎戝嶃巗搶廧媑嬫搾棦俆挌栚18-25,,,4.00,2.00,,,,317.33,241.92,73.18,8199,2026/04/09,"2024/05/21 14:25","2026/04/09 11:15",愭暔(拠夘),,姅幃夛幮僩僠僞僥價儖僨傿儞僌,搰揧丗080-3456-2497,"=""06-6975-7780""",,"2026.3.4丂惉栺仺暅妶
丒捓椏丗70枩墌仺60枩墌",5460013
憅屔,R00175-015427,,,,嬻,傾乕僇僀僽(惉栺),柍,440000,,1奒,1985擭01寧,戝嶃巗惗栰嬫扚拞2挌栚偺戄憅屔亂81捸亃,,戝嶃晎戝嶃巗惗栰嬫扚拞俀挌栚18-5,,,3.00,1.50,,,,453.02,268.78,81.3,5412,2026/03/27,"2026/03/27 10:12","2026/04/09 11:01",愭暔(拠夘),,姅幃夛幮僩僠僞僥價儖僨傿儞僌,-,"=""06-6975-7780""",嬻桳,丒A嬫夋,5440013
憅屔,R00175-015372,,,,巊梡拞,傾乕僇僀僽(惉栺),柍,330000,,奒,1990擭02寧,戝嶃巗暯栰嬫挿媑挿尨1挌栚偺戄憅屔亂71捸亃,,戝嶃晎戝嶃巗暯栰嬫挿媑挿尨侾挌栚1-20,,,1.00,1.50,,,,,237.00,71.69,4603,2026/03/05,"2026/03/05 13:19","2026/04/09 10:24",愭暔(拠夘),,僙儞僠儏儕乕俀侾丂僼儔僢僩晄摦嶻斕攧乮姅乯,-,"=""06-6797-9666""",嬻桳,,5470016
憅屔,R00175-014911,,,,嬻,岞奐壜,柍,220000,,奒,1974擭12寧,榓壧嶳導埳搒孲偐偮傜偓挰戝帤壴墍椑悾偺戄憅屔丒岺応亂130捸亃,,榓壧嶳導埳搒孲偐偮傜偓挰戝帤壴墍椑悾帤揷僲奯撪1632-1,,,2.00,1.00,,,,2578.00,432.60,130.86,1682,2026/06/26,"2025/07/24 14:08","2026/04/07 18:03",帺幮,堦斒攠夘,姅幃夛幮僙儞僠儏儕乕僟僀僜乕,曱嶳偝傫,"=""06-6136-0555""",嬻桳,丒捓椏曄峏丗22枩墌(徚旓惻崬傒),6430611
憅屔,R00175-015120,,,,,傾乕僇僀僽(惉栺),柍,550000,,奒,-,暫屔導擈嶈巗晲屔擵憫7挌栚偺戄憅屔亂77捸亃,,暫屔導擈嶈巗晲屔擵憫俈挌栚10-1,,,1650000,1650000,,,,,257.04,77.75,7074,2026/02/20,"2025/11/05 14:18","2026/04/07 17:13",愭暔(拠夘),,埉晄摦嶻,-,"=""06-6481-1939""",嬻桳,,6610035
憅屔,R00175-015358,,,,巊梡拞,傾乕僇僀僽(惉栺),柍,1430000,,1奒,1974擭11寧,栧恀巗嶰僣搰3挌栚偺戄憅屔亂295捸亃,,戝嶃晎栧恀巗嶰僣搰俁挌栚10-11,,,,,7150000,,,1544.89,976.18,295.29,4843,2026/02/25,"2026/02/25 11:19","2026/04/07 17:08",愭暔(拠夘),,榓揷嶻嬈姅幃夛幮,-,"=""072-654-0181""",,,5710015
揦曑帠柋強(寶暔堦晹),R00175-015119,,,,嬻,岞奐壜,柍,627000,,奒,1966擭06寧,戝嶃巗峘嬫堥楬2挌栚偺戄揦曑丒帠柋強亂83捸亃,,戝嶃晎戝嶃巗峘嬫堥楬俀挌栚1-6,,29700,1.00,1.00,,,,,277.31,83.88,7475,2026/06/23,"2025/11/05 14:05","2026/04/07 16:55",愭暔(拠夘),,俫俬俽俙俵俬倅倀丂媣悙乮姅乯,-,"=""06-7777-5776""",,"堦搹戄偟丄奺奒偛偲傕壜
丂丂丂丂丂仾
丒1奒堦晹偲2-3奒晹暘",5520003
揦曑(寶暔堦妵),R00175-014830,,,,嬻,傾乕僇僀僽(惉栺),柍,275000,,奒,1998擭08寧,暫屔導恄嶈孲暉嶈挰撿揷尨偺戄揦曑亂84捸亃,,暫屔導恄嶈孲暉嶈挰撿揷尨2728-1,,,2.00,2.00,,,,420.00,280.16,84.74,3245,2026/02/18,"2025/06/24 12:53","2026/04/07 16:46",愭暔(拠夘),,乮姅乯俹倝値倕丂俫倧倣倕,-,"=""0790-35-9884""",嬻桳,"2026.4.7丂
彜択拞丂僉儍儞僙儖偵側傟偽楢棈偄偨偩偗傑偡
2025.12.16
丒捓椏丗33枩墌仺27.5枩墌

2025.7.31丂

丒捓椏丗40枩墌仺33枩墌",6792203
戄抧,R00175-015238,,,,,岞奐壜,柍,440000,,奒,-,榓壧嶳導婭偺愳巗拞堜嶃偺戄抧亂1149捸亃,,榓壧嶳導婭偺愳巗拞堜嶃197-1,,,,440000,1200000,,,3800.00,,1149.5,383,2026/06/05,"2025/12/24 11:15","2026/04/07 16:44",愭暔(拠夘),,偁偐傑偮晄摦嶻(姅),-,"=""073-494-3658""",,,6496425
憅屔,R00175-015340,,,,嬻,傾乕僇僀僽(惉栺),柍,495000,,奒,1986擭04寧,暫屔導擈嶈巗庒墹帥3挌栚偺戄憅屔亂59捸亃,,暫屔導擈嶈巗庒墹帥俁挌栚30-17,,,,,1500000,,,198.10,197.28,59.67,8295,2026/02/18,"2026/02/18 13:58","2026/04/07 16:37",愭暔(拠夘),,倕儕傾儖僥傿崌摨夛幮,-,"=""06-6481-8188""",嬻桳,,6610974
憅屔,R00175-014688,,,,嬻,傾乕僇僀僽(惉栺),柍,297000,,奒,1984擭04寧,榓愹巗暁壆挰3挌栚偺戄憅屔亂50捸亃,,戝嶃晎榓愹巗暁壆挰俁挌栚12-4,,,2.00,2.00,,,,,166.34,50.31,5903,2026/02/24,"2025/05/08 13:06","2026/04/07 16:05",愭暔(拠夘),,桳尷夛幮埉寶戸晄摦嶻,-,"=""0725-57-3231""",嬻桳,"2025.10.2丂
丒捓椏丗33枩墌仺29.7枩墌

2025.6.16
丒捓椏丗38枩墌仺35枩墌",5940031
憅屔,R00175-013819,,,,嬻,傾乕僇僀僽(惉栺),柍,462000,,奒,1989擭05寧,戝嶃巗崯壴嬫搰壆3挌栚偺戄憅屔亂53捸亃,,戝嶃晎戝嶃巗崯壴嬫搰壆俁挌栚8-4,,,2.00,2.00,,,,,177.31,53.63,8614,2026/02/17,"2024/03/05 14:37","2026/04/07 15:41",愭暔(拠夘),,乮姅乯儔僀僼儔僀儞丂,-,"=""06-6656-0015""",嬻桳,"2025.12.5丂惉栺仺暅妶

丒1-2奒晹暘",5540024
憅屔,R00175-015176,,,,嬻,傾乕僇僀僽(惉栺),柍,1320000,,奒,1989擭12寧,悂揷巗庻挰2挌栚偺戄憅屔亂297捸亃,,戝嶃晎悂揷巗庻挰俀挌栚5-1,,,,,6000000,,,829.00,983.84,297.61,4436,2026/02/27,"2025/11/27 10:33","2026/04/07 10:34",愭暔(拠夘),,擔寶僴僂僕儞僌乮姅乯,-,"=""072-289-1199""",嬻桳,,5640036
憅屔,R00175-014982,,,,,傾乕僇僀僽(惉栺),柍,550000,,奒,1991擭05寧,暫屔導昉楬巗杒忦攡尨挰偺戄憅屔亂71捸亃,,暫屔導昉楬巗杒忦攡尨挰268,,,,1.00,6.00,,,502.58,237.90,71.96,7643,2026/02/26,"2025/09/05 11:31","2026/04/06 16:37",愭暔(拠夘),,乮姅乯傒偳傝晄摦嶻,-,"=""079-221-5225""",,"2026.4.2曱嶳屭媞偵偰惉栺嵪傒

2026.3.13 曱嶳屭媞偵偰怽崬拞

",6700945
岺応,R00175-015359,,,,嬻,傾乕僇僀僽(惉栺),柍,330000,,奒,2006擭08寧,戝嶃巗暯栰嬫壛旤搶1挌栚偺戄岺応亂79捸亃,,戝嶃晎戝嶃巗暯栰嬫壛旤搶侾挌栚1-4,,,,3.00,,,,,263.10,79.58,4147,2026/02/26,"2026/02/26 11:11","2026/04/06 15:21",愭暔(拠夘),,晉巑嫽嶻乮姅乯,-,"=""06-6793-2333""",柍,,5470002
憅屔,R00175-015262,,,,嬻,傾乕僇僀僽(惉栺),柍,1870000,,奒,1994擭11寧,搶戝嶃巗拞怴奐1挌栚偺戄憅屔亂410捸亃,,戝嶃晎搶戝嶃巗拞怴奐侾挌栚4-26,,,,,6800000,,,1095.23,1356.24,410.26,4559,2026/03/11,"2026/01/13 10:39","2026/04/06 10:22",愭暔(拠夘),,姅幃夛幮斅憅晄摦嶻,-,"=""072-965-0505""",嬻桳,2026.2.27丂怽崬偑1審擖傝偦偆側忬嫷乮2斣庤OK乯丂扴摉丗楅栘條,5780911
憅屔,R00175-014373,,,,嬻,傾乕僇僀僽(惉栺),柍,2748240,,奒,1977擭01寧,愛捗巗搶暿晎5挌栚偺戄憅屔亂555捸亃,,戝嶃晎愛捗巗搶暿晎俆挌栚1-18,,,,1.00,6.00,,,1360.38,1835.40,555.2,4950,2026/03/16,"2024/11/29 13:06","2026/04/06 10:12",愭暔(拠夘),,乮姅乯嫤榓晄摦,-,"=""072-881-8177""",嬻桳,"丒2026.2.4丂尦晅曄峏嶰婎寶愝佀嫤榓晄摦
丒専嵏嵪徹仺桳柍晄柧(仸嶰婎寶愝條傛傝挷嵏梊掕偲偺偙偲)
丒慜僥僫儞僩丗塣憲嬈丄忋壓悈摴岺帠摍偺巤岺夛幮

暔妋FAX憲怣嵪 2025.2.6摗尨
峀崘椏丗50枩丂乮嫤榓晄摦丗墊條傛傝乯2024.12.16
",5660042
揦曑帠柋強(寶暔堦妵),R00175-015353,,,,嬻,傾乕僇僀僽(惉栺),柍,522500,,1奒,1987擭10寧,怮壆愳巗愇捗尦挰偺戄揦曑丒帠柋強亂35捸亃,,戝嶃晎怮壆愳巗愇捗尦挰2-28,,,,,1050000,,,462.00,116.64,35.28,14809,2026/03/05,"2026/02/20 10:35","2026/04/06 09:11",愭暔(拠夘),,姅幃夛幮僇儉僥僀,-,"=""06-6225-9557""",嬻桳,僇儉僥僀SB暔審偺堊僇儉僥僀丂捓椏SB捓椏偵曄峏丄尦晅柧惎仺僇儉僥僀偵曄峏丂2026.3.5,5720025
戄抧,R00175-015322,,,,峏抧,岞奐壜,柍,355000,,奒,-,暫屔導昉楬巗敀昹挰偺戄抧亂294捸亃,,暫屔導昉楬巗敀昹挰564-32,,,3.00,,,,,974.00,,294.63,1205,2026/07/30,"2026/02/10 13:15","2026/04/06 09:08",愭暔(拠夘),,乮姅乯揤儅壆,-,"=""079-245-5711""",,,6728023
憅屔,R00175-015392,,,,,岞奐壜,柍,1100000,,奒,2027擭03寧,戝嶃巗廧擵峕嬫暯椦撿侾挌栚偺戄憅屔亂133捸亃,,戝嶃晎戝嶃巗廧擵峕嬫暯椦撿侾挌栚1-16,,,,,6.00,,,743.10,440.55,133.26,8255,2026/07/02,"2026/03/16 18:12","2026/04/03 15:50",帺幮,堦斒攠夘,姅幃夛幮僙儞僠儏儕乕僟僀僜乕,椡愇,"=""06-6136-0555""",嬻桳,扴摉丗椡愇偝傫,5590025
戄抧,R00175-015347,,,,峏抧,傾乕僇僀僽(惉栺),柍,1400000,,奒,-,暫屔導擈嶈巗惣岦搰挰偺戄抧亂500捸亃,,暫屔導擈嶈巗惣岦搰挰83,,,,,2.00,,,1652.90,,500,2800,2026/02/19,"2026/02/19 11:07","2026/04/02 15:59",愭暔(拠夘),,徆塱晄摦嶻姅幃夛幮,-,"=""06-6481-6211""",,,6600857
憅屔,R00175-015442,,,,巊梡拞,岞奐壜,柍,803000,,奒,1979擭06寧,撧椙導杒妺忛孲忋杚挰戝帤忋杚偺戄憅屔亂235捸亃,,撧椙導杒妺忛孲忋杚挰戝帤忋杚3439-20,,,3.00,1.00,,,,,779.84,235.9,3404,2026/06/12,"2026/04/02 12:01","2026/04/02 15:44",愭暔(拠夘),,姅幃夛幮僕乕僾儖,-,"=""06-4300-3494""",,,6390214
憅屔,R00175-014847,,,,嬻,傾乕僇僀僽(惉栺),柍,380000,,奒,1997擭07寧,暫屔導愳曈孲挅柤愳挰惣敤帤怺揷偺戄憅屔亂123捸亃," ",暫屔導愳曈孲挅柤愳挰惣敤帤怺揷1-1,,,6.00,,,,,778.67,408.45,123.55,3076,2026/03/05,"2025/06/27 17:53","2026/04/02 10:37",帺幮,堦斒攠夘,姅幃夛幮僙儞僠儏儕乕僟僀僜乕,搰杮,"=""06-6136-0555""",嬻桳,怽偟崬傒侾審偁傝丄俀斣庤埬撪壜丂2026.3.23丂NG嬈庬丗壒偺弌傞嬈庬丒嶻攑,6660203
憅屔,R00175-015436,,,,,岞奐壜,柍,,,奒,-,嶰廳導孠柤巗懡搙挰屼堖栰偺戄憅屔亂293捸亃,,嶰廳導孠柤巗懡搙挰屼堖栰2000,,,,,,,,36200.00,968.00,292.82,,2026/06/29,"2026/04/01 12:51","2026/04/01 16:13",愭暔(拠夘),,姅幃夛幮僙儞僠儏儕乕僟僀僜乕,搰杮,"=""06-6136-0555""",,"仭2026/4/1丂宖嵹埶棅暔審乥扴摉丗搰杮
丂仸晄柧売強偑懡偄偨傔撪梕傪偛妋擣偔偩偝偄",5110118
憅屔,R00175-015437,,,,,岞奐壜,柍,,,奒,-,壀嶳導壀嶳巗搶嬫搶暯搰偺戄憅屔亂545捸亃,,壀嶳導壀嶳巗搶嬫搶暯搰1360,,,,,,,,81000.00,1800.00,544.5,,2026/06/29,"2026/04/01 13:40","2026/04/01 16:01",愭暔(拠夘),,姅幃夛幮僙儞僠儏儕乕僟僀僜乕,搰杮,"=""06-6136-0555""",,"仭2026/4/1丂宖嵹埶棅暔審乥扴摉丗搰杮
丂仸徻嵶晄柧売強懡悢偺堊丄梫妋擣乮奒悢/峔憿/宊栺忦審摍乯",7090631
憅屔,R00175-015154,,,,巊梡拞,傾乕僇僀僽(惉栺),柍,0,,2奒,2017擭06寧,Landport崅捨亂2069捸亃," ",戝嶃晎崅捨巗幣惗挰侾挌栚52-1,,,,,,,,35276.27,6840.42,2069.22,,2025/11/18,"2025/11/17 17:51","2026/04/01 10:20",帺幮,堦斒攠夘,姅幃夛幮僙儞僠儏儕乕僟僀僜乕,怷,"=""06-6136-0555""",,,5690823
憅屔,R00175-015298,,,,巊梡拞,岞奐壜,柍,447040,,奒,1992擭01寧,撧椙導堥忛孲愳惣挰戝帤曐揷偺戄憅屔亂101捸亃,,撧椙導堥忛孲愳惣挰戝帤曐揷192-1,,,,,500000,,,,335.86,101.59,4401,2026/06/29,"2026/01/27 08:58","2026/04/01 10:20",帺幮,堦斒攠夘,姅幃夛幮僙儞僠儏儕乕僟僀僜乕,怷,"=""06-6136-0555""",嬻桳,2026.1.27怷偝傫傛傝丂搶懁嬫夋偺傒嵞曞廤,6360205
憅屔,R00175-015098,,,,巊梡拞,岞奐壜,柍,990000,,2奒,1968擭06寧,恄屗巗搶撳嬫嫑嶈惣挰侾挌栚偺戄憅屔亂292捸亃,,暫屔導恄屗巗搶撳嬫嫑嶈惣挰侾挌栚1-27,,,4.00,2.00,,,,1467.00,966.11,292.24,3388,2026/07/23,"2025/10/28 10:43","2026/04/01 09:25",帺幮,堦斒攠夘,姅幃夛幮僙儞僠儏儕乕僟僀僜乕,怷,"=""06-6136-0555""",柍,"仸捓椏DOWN181.5枩仺148.5枩

仸峘榩

怷偝傫擖椡埶棅暔審",6580026
憅屔,R00175-015328,,,,嬻,傾乕僇僀僽(惉栺),柍,528000,,奒,1993擭07寧,戝嶃巗惣梽愳嬫拞搰2挌栚偺戄憅屔亂89捸亃,,戝嶃晎戝嶃巗惣梽愳嬫拞搰俀挌栚1-111,,,,,2400000,,,,296.00,89.54,5897,2026/03/31,"2026/02/10 14:49","2026/03/31 15:50",愭暔(拠夘),,姅幃夛幮嶳憡晄摦嶻,-,"=""06-6472-3110""",柍,,5550041
憅屔,R00175-014808,,,,嬻,傾乕僇僀僽(惉栺),柍,319000,,奒,1965擭03寧,搶戝嶃巗旽壆搶3挌栚偺戄憅屔亂68捸亃,,戝嶃晎搶戝嶃巗旽壆搶俁挌栚1-24,,,319000,638000,,,,175.20,228.06,68.98,4624,2026/01/16,"2025/06/17 14:07","2026/03/31 15:40",愭暔(拠夘),,暯壀寶愝乮姅乯,-,"=""06-6782-8808""",嬻桳,"2026.1.16丂惉栺仺暅妶

2025.10.27
暔妋偱壗搙偐偗偰傕宷偑傜側偄偨傔惉栺",5780948
憅屔,R00175-014521,,,,巊梡拞,傾乕僇僀僽(惉栺),柍,1980000,,奒,2010擭08寧,枃曽巗杒拞怳3挌栚偺戄憅屔亂102捸亃,,戝嶃晎枃曽巗杒拞怳俁挌栚11-15,,,1800000,3600000,,,,,338.76,102.47,19322,2026/01/27,"2025/02/10 11:55","2026/03/31 15:40",愭暔(拠夘),,乮姅乯僼儕乕僨傿僆,拞懞丗080-6215-4139,"=""072-813-2218""",嬻桳,2025.10.30丂惉栺仺暅妶,5730064
憅屔,R00175-014409,,,,巊梡拞,傾乕僇僀僽(惉栺),柍,693000,,奒,-,戝搶巗懢巕揷3挌栚偺戄憅屔亂139捸亃,,戝嶃晎戝搶巗懢巕揷俁挌栚2-46,,,,,3780000,,,,462.22,139.82,4957,2025/04/22,"2024/12/12 13:05","2026/03/31 15:40",愭暔(拠夘),,戝搶嶻嬈姅幃夛幮,-,"=""072-871-0538""",柍,儅僢僠儞僌偺傒,5740045
戄抧,R00175-014389,,,,峏抧,傾乕僇僀僽(惉栺),柍,1134000,,奒,-,暫屔導壛惣巗搶妢尨挰偺戄抧亂2266捸亃,,暫屔導壛惣巗搶妢尨挰604,,,3.00,,,,,7493.20,,2266.69,501,2026/01/30,"2024/12/05 14:42","2026/03/31 15:39",愭暔(拠夘),,惤榓晄摦嶻乮姅乯,-,"=""0790-47-1141""",,"2025.7.30
丒捓椏丗124.7枩墌仺113.4枩墌",6752212
憅屔,R00175-015133,,,,嬻,傾乕僇僀僽(惉栺),柍,400000,,1奒,-,暫屔導昉楬巗峀敤嬫崅昹挰3挌栚偺戄憅屔亂102捸亃,,暫屔導昉楬巗峀敤嬫崅昹挰俁挌栚10-1,,,2.00,2.00,,,,593.91,338.35,102.35,3909,2026/01/06,"2025/11/10 10:54","2026/03/31 15:39",愭暔(拠夘),,揷徏儂乕儉,-,"=""079-289-0138""",嬻桳,,6711153
憅屔,R00175-014570,,,,嬻,傾乕僇僀僽(惉栺),柍,4199800,,奒,1989擭09寧,敧旜巗搒捤偺戄憅屔亂830捸亃,,戝嶃晎敧旜巗搒捤侾挌栚204-1,,,,,,,,4372.72,2743.80,829.99,5061,2026/03/30,"2025/03/06 15:05","2026/03/30 11:04",帺幮,堦斒攠夘,姅幃夛幮僙儞僠儏儕乕僟僀僜乕,媑揷夒,"=""06-6136-0555""",嬻桳,"扴摉丗媑揷夒
捓椏UP俁俇俆丏俀枩佀419.98枩墌丂2025.9.4",5810023
岺応,R00175-014810,,,,嬻,傾乕僇僀僽(惉栺),柍,495000,,奒,1993擭04寧,暫屔導恄屗巗挿揷嬫嬵働椦撿挰偺戄岺応亂134捸亃,,暫屔導恄屗巗挿揷嬫嬵働椦撿挰1-80,,,1.00,2.00,,,,248.00,446.25,134.99,3667,2026/02/26,"2025/06/17 14:35","2026/03/27 17:27",愭暔(拠夘),,僙儞僠儏儕乕俀侾丂僫儕僇儚柀愳揦,-,"=""078-511-8445""",嬻桳,,6530045
憅屔,R00175-014281,,,,抸屻枹擖嫃,岞奐壜,柍,32140000,,奒,2025擭07寧,嫗搒晎挿壀嫗巗攏応榋僲捸偺戄憅屔亂3075捸亃,,嫗搒晎挿壀嫗巗攏応榋僲捸25,,,6.00,,,,,5065.06,10167.30,3075.6,10450,2026/06/23,"2024/10/22 14:02","2026/03/27 16:16",愭暔(拠夘),,乮姅乯俼倧倧倣,-,"=""03-5946-2103""",嬻桳,"2025.10.3丂惉栺
仸曐棷惍棟

僀僨儔僉儍僺僞儖丗娾嶈條傛傝",6170828
憅屔,R00175-015088,,,,巊梡拞,傾乕僇僀僽(惉栺),柍,4180000,,奒,1971擭01寧,掃尒戞俆憅屔亂715捸亃,,戝嶃晎戝嶃巗掃尒嬫埨揷係挌栚3-1,,,4.00,2.00,,,,2629.52,2365.80,715.65,5841,2026/03/05,"2025/10/21 15:53","2026/03/26 17:55",帺幮,堦斒攠夘,姅幃夛幮僙儞僠儏儕乕僟僀僜乕,媑揷夒,"=""06-6136-0555""",嬻桳,捓椏DOWN係係侽枩乮惻崬傒乯佀係侾俉枩乮惻崬傒乯丂2026.1.15,5380032
憅屔,R00175-015270,,,,嬻,岞奐壜,柍,880000,,1奒,1987擭07寧,暫屔導昉楬巗屼崙栰挰屼拝偺戄憅屔亂106捸亃,,暫屔導昉楬巗屼崙栰挰屼拝702-1,,,8.00,1.00,,,,,351.60,106.35,8274,2026/06/08,"2026/01/14 13:43","2026/03/26 15:43",愭暔(拠夘),,嬍揷岺嬈乮姅乯昉楬墂慜揦,-,"=""079-225-0660""",嬻桳,,6710232
憅屔,R00175-014184,,,,,傾乕僇僀僽(惉栺),柍,0,,奒,2025擭04寧,戝嶃巗戝惓嬫嶰尙壠搶3挌栚偺戄憅屔亂3403捸亃,,戝嶃晎戝嶃巗戝惓嬫嶰尙壠搶俁挌栚11-48,,,6.00,,,,,11909.99,11250.48,3403.27,,2026/02/17,"2024/09/09 14:11","2026/03/26 10:42",愭暔(拠夘),,僕乕僄儖傾乕儖僀儞儀僗僩儊儞僩姅幃夛幮,-,"=""03-5797-7822""",嬻桳,"2025.6.4丂曄峏
帒椏偵捓椏偑側偄偨傔儗僀儞僘嶲徠偟搊榐偟偰偄傑偡丅
仸敿暘偼惉栺偟偰偄傞傛偆偱丄
曞廤柺愊偲帒椏婰嵹偺柺愊偑憡堘偟偰偄傑偡偑丄
惓偟偄曞廤柺愊偑晄柧偺偨傔帒椏捠傝偵擖椡偟偰偄傑偡丅
",5510002
憅屔,R00175-015405,,,,嬻,岞奐壜,柍,100000,,1奒,1993擭09寧,榓壧嶳導榓壧嶳巗拞擵搰偺戄憅屔亂39捸亃,,榓壧嶳導榓壧嶳巗拞擵搰787-3,,,,2.00,1.00,,,,132.23,39.99,2501,2026/06/26,"2026/03/19 10:49","2026/03/24 17:55",帺幮,堦斒攠夘,姅幃夛幮僙儞僠儏儕乕僟僀僜乕,曱嶳,"=""06-6136-0555""",,扴摉丗曱嶳偝傫,6408392
憅屔,R00175-014794,,,,嬻,岞奐壜,柍,385000,,1奒,1985擭10寧,戝嶃巗暯栰嬫壛旤杒1挌栚偺戄憅屔亂64捸亃,,戝嶃晎戝嶃巗暯栰嬫壛旤杒侾挌栚19-4,,,2.00,1.00,,,,,212.00,64.13,6004,2026/06/04,"2025/06/09 14:03","2026/03/23 11:41",愭暔(拠夘),,乮姅乯僔僥傿乕丒儔僀僼,-,"=""06-6709-3344""",柍,"2025.12.15丂
丒捓椏丗44枩墌仺38.5枩墌

2025.7.31
丒捓椏丗40枩墌仺44枩墌

丒1奒晹暘",5470001
憅屔,R00175-013830,,,,嫃廧拞,岞奐壜,柍,385000,,奒,1983擭01寧,嫗搒晎撿扥巗敧栘挰壆夑杒愳偺戄憅屔亂174捸亃,,嫗搒晎撿扥巗敧栘挰壆夑杒愳17-1,,,700000,350000,,,,988.00,577.21,174.6,2205,2026/07/29,"2024/03/08 15:28","2026/03/23 11:31",愭暔(拠夘),,乮姅乯傾乕儖僄僗僥乕僩,-,"=""0771-26-3586""",嬻桳,2025.6.24丂惉栺仺暅妶,6290132
憅屔,R00175-015277,,,,嬻,岞奐壜,柍,693000,,奒,1971擭03寧,搶戝嶃巗挿揷拞3挌栚偺戄憅屔亂104捸亃,,戝嶃晎搶戝嶃巗挿揷拞俁挌栚3-28,50000,,2.00,3.00,,,,,345.30,104.45,6635,2026/07/10,"2026/01/16 13:06","2026/03/23 10:35",愭暔(拠夘),,儗僀僂僢僪晄摦嶻乮姅乯,-,"=""06-6753-7439""",嬻桳,"丒嬈庬惂尷偁傝乮巻傗暥嬶偵娭偡傞嬈庬乯
丒攧攦偁傝丗B00175-000960",5770013
憅屔,R00175-014885,,,,,岞奐壜,柍,1430000,,奒,1994擭10寧,戝嶃巗暯栰嬫惣榚3挌栚偺戄憅屔亂255捸亃,,戝嶃晎戝嶃巗暯栰嬫惣榚俁挌栚1-7,,,2.00,1.00,,,,,843.95,255.29,5602,2026/07/17,"2025/07/15 11:57","2026/03/23 10:29",愭暔(拠夘),,傾僷儅儞僔儑僢僾扟榋揦丂乮姅乯戝嶃儂乕儉,-,"=""06-6191-3303""",嬻桳,"丒1-3奒晹暘
捓椏DOWN丂198枩傒偓143枩丂2026.3.23",5470035
岺応,R00175-015320,,,,巊梡拞,傾乕僇僀僽(惉栺),柍,1298000,,奒,1969擭10寧,戝嶃巗惣惉嬫撿捗庣6挌栚偺戄岺応亂262捸亃,,戝嶃晎戝嶃巗惣惉嬫撿捗庣俇挌栚8-30,,,,,5.00,,,495.86,867.48,262.41,4947,2026/03/23,"2026/02/09 10:46","2026/03/23 09:05",愭暔(拠夘),,廧擵峕晄摦嶻乮姅乯丂,媑揷,"=""06-6685-9919""",嬻桳,"2026.3.19丂彜択拞乮2斣庤晄壜乯
丒2搹僙僢僩戄偟乮廧強丗撿捗庣6挌栚8-30杮娰丄8-27暿娰乯",5570063
戄抧,R00175-014945,,,,峏抧,傾乕僇僀僽(惉栺),柍,600000,,奒,-,愹戝捗巗徍榓挰偺戄抧亂306捸亃,,戝嶃晎愹戝捗巗徍榓挰10-1,,,,1.00,6.00,,,1013.89,,306.7,1957,2026/01/07,"2025/08/08 11:32","2026/03/19 14:25",愭暔(拠夘),,桳尷夛幮僙僀儓乗,-,"=""0725-33-6050""",,"2026.1.7丂惉栺仺暅妶

丒応強丗僌乕僌儖儅僢僾偱偼丄徍榓挰4-17乮僒儞僨傿 愹戝捗埉揦乯偺搶懁
怽崬侾審偁傝乮俀斣庤埬撪晄壜乯2025.11.28",5950036
憅屔,R00175-014677,,,,嫃廧拞,傾乕僇僀僽(惉栺),柍,330000,,奒,1968擭07寧,暫屔導嶰揷巗巙庤尨偺戄憅屔亂214捸亃,,暫屔導嶰揷巗巙庤尨439-37,,,,600000,600000,,,,709.44,214.6,1538,2026/01/30,"2025/04/30 14:02","2026/03/19 13:42",愭暔(拠夘),,儅僋儘儂乕儉乮姅乯嶰揷巟揦,-,"=""079-501-0222""",嬻桳,,6691506
憅屔,R00175-015282,,,,嬻,傾乕僇僀僽(惉栺),柍,550000,,奒,2023擭09寧,戝嶃巗惣惉嬫撿捗庣1挌栚偺戄憅屔亂48捸亃,,戝嶃晎戝嶃巗惣惉嬫撿捗庣侾挌栚5-8,,,6.00,1.00,,,,773.21,160.00,48.4,11364,2026/01/20,"2026/01/20 15:26","2026/03/19 13:26",愭暔(拠夘),,乮姅乯俛倢倳倕俹倰倝値倲,椦丗080-4873-8388,"=""06-6786-8386""",嬻桳,"仸儅僢僠儞僌偺傒
丒A嬫夋",5570063
憅屔,R00175-015283,,,,嬻,傾乕僇僀僽(惉栺),柍,880000,,奒,2023擭09寧,戝嶃巗惣惉嬫撿捗庣1挌栚偺戄憅屔亂66捸亃,,戝嶃晎戝嶃巗惣惉嬫撿捗庣侾挌栚5-8,,,6.00,1.00,,,,773.21,220.00,66.55,13224,2026/01/20,"2026/01/20 15:35","2026/03/19 13:26",愭暔(拠夘),,乮姅乯俛倢倳倕俹倰倝値倲,椦丗080-4873-8388,"=""06-6786-8386""",嬻桳,"仸儅僢僠儞僌偺傒
丒B嬫夋",5570063
戄抧,R00175-015281,,,,,岞奐壜,柍,275000,,奒,-,愹撿巗怴壠偺戄抧亂454捸亃,,戝嶃晎愹撿巗怴壠3202,,,,1.00,,,,1502.72,,454.57,605,2026/06/11,"2026/01/20 15:03","2026/03/19 13:18",愭暔(拠夘),,乮姅乯俛倢倳倕俽倲倎倰倱,-,"=""072-425-8579""",,"2026.3.19
丒捓椏丗44枩墌仺27.5枩墌",5900503
揦曑(寶暔堦妵),R00175-014362,,,,嬻,傾乕僇僀僽(惉栺),柍,550000,,奒,2001擭04寧,嫗搒晎嫗搒巗惣嫗嬫嶳揷擫捤挰偺戄揦曑亂46捸亃,,嫗搒晎嫗搒巗惣嫗嬫嶳揷擫捤挰6-18,,,3.00,1.00,,,,198.49,153.89,46.55,11815,2026/01/27,"2024/11/27 13:12","2026/03/19 13:04",愭暔(拠夘),,乮姅乯僾儔僀僆儕僥傿,嶳壓椙暯,"=""090-6068-6177""",嬻桳,"丒攧攦偁傝丗B00175-000742
2025.6丏10丂捓椏仺55枩乮惻崬傒乯",6158251
戄抧,R00175-014451,,,,,傾乕僇僀僽(惉栺),柍,550000,,奒,-,枃曽巗戝帤曚扟偺戄抧亂999捸亃,,戝嶃晎枃曽巗戝帤曚扟,,,,1.00,3.00,,,3305.78,,999.99,551,2026/01/27,"2025/01/10 13:10","2026/03/19 11:57",愭暔(拠夘),,乮姅乯僾儔僗儚儞,-,"=""072-391-4704""",,丒2025.11.13丂岞奐傊,5730114
憅屔,R00175-015293,,,,巊梡拞,傾乕僇僀僽(惉栺),柍,484000,,奒,2003擭06寧,戝嶃巗暉搰嬫嬍愳1挌栚偺戄憅屔亂48捸亃,,戝嶃晎戝嶃巗暉搰嬫嬍愳侾挌栚4-20,,,440000,2.00,,,,,160.56,48.56,9966,2026/01/23,"2026/01/23 10:56","2026/03/19 11:39",愭暔(拠夘),,僸僫僞娗棟僒乕價僗,-,"=""06-6147-5388""",嬤桳,,5530004
憅屔,R00175-015292,,,,巊梡拞,傾乕僇僀僽(惉栺),柍,440000,,奒,2003擭06寧,戝嶃巗暉搰嬫嬍愳1挌栚偺戄憅屔亂42捸亃,,戝嶃晎戝嶃巗暉搰嬫嬍愳侾挌栚4-20,,,400000,2.00,,,,,140.56,42.51,10349,2026/01/23,"2026/01/23 10:52","2026/03/19 11:39",愭暔(拠夘),,僸僫僞娗棟僒乕價僗,-,"=""06-6147-5388""",嬤桳,丒堦晹乮栺20噓乯僆乕僫乕巊梡,5530004
憅屔,R00175-014408,,,,巊梡拞,傾乕僇僀僽(惉栺),柍,363000,,奒,1986擭07寧,搶戝嶃巗崅堜揷惣3挌栚偺戄憅屔亂79捸亃,,戝嶃晎搶戝嶃巗崅堜揷惣俁挌栚5-30,,,2.00,1.00,,,,,263.94,79.84,4547,2026/01/29,"2024/12/12 12:51","2026/03/19 11:39",愭暔(拠夘),,僺乕僗儂乕儉,嶳懞丗090-9545-1106,"=""06-6782-7608""",,"2026.1.29丂惉栺仺暅妶

栤崌偣偼実懷090-9545-1106(悈梛媥傒丒AM10帪埲崀乯
NET晄壜佀儅僢僠儞僌偺傒",5770067
揦曑帠柋強(寶暔堦妵),R00175-015156,,,,嬻,傾乕僇僀僽(惉栺),柍,352000,,奒,1992擭12寧,暫屔導埳扥巗壓壨尨1挌栚偺戄揦曑丒帠柋強亂61捸亃,,暫屔導埳扥巗壓壨尨侾挌栚2-49,,,,704000,320000,,,,202.44,61.23,5749,2026/01/27,"2025/11/18 11:59","2026/03/19 11:35",愭暔(拠夘),,姅幃夛幮僺乕傾僀僄乕,-,"=""06-6438-5511""",嬻桳,,6640832
憅屔,R00175-014973,,,,,傾乕僇僀僽(惉栺),柍,3300000,,奒,1970擭07寧,嶄巗嶄嬫杒攇巭挰偺戄憅屔亂680捸亃,,戝嶃晎嶄巗嶄嬫杒攇巭挰42-10,,,3.00,,,1.00,,5219.24,2250.00,680.62,4849,2026/01/27,"2025/09/01 11:30","2026/03/19 11:32",愭暔(拠夘),,乮姅乯俫俙俴俤,-,"=""078-954-6606""",,"2026.1.27丂儗僀儞僘偵偼宖嵹偟偰偄側偄偑曞廤拞丅
丒捓椏丗385枩墌仺330枩墌(惻崬傒)偱OK偲偺偙偲丅

宖嵹晄壜乮尦晅傛傝乯僱僢僩旕岞奐乿2025.12.10",5900986
揦曑帠柋強(寶暔堦妵),R00175-014637,,,,嬻,傾乕僇僀僽(惉栺),柍,550000,,奒,1999擭07寧,崅愇巗庢愇1挌栚偺戄揦曑丒帠柋強亂62捸亃,,戝嶃晎崅愇巗庢愇侾挌栚12-4,,,6.00,3.00,,,,432.38,206.25,62.39,8816,2026/01/27,"2025/04/11 11:12","2026/03/19 11:27",愭暔(拠夘),,乮姅乯僴僂僕儞僌僼傿僫儞僔僃,-,"=""072-267-1145""",嬻桳,,5920013
憅屔,R00175-015226,,,,嬻,傾乕僇僀僽(惉栺),柍,440000,,1奒,2018擭01寧,娸榓揷巗彫徏棦挰偺戄憅屔亂24捸亃,,戝嶃晎娸榓揷巗彫徏棦挰2465-3,,,,2.00,,,,208.75,82.62,24.99,17606,2026/01/09,"2025/12/22 10:34","2026/03/19 11:26",愭暔(拠夘),,崌摨夛幮偹偙傗,-,"=""090-8125-2568""",嬻桳,丒攧攦偁傝丗B00175-000915,5960821
憅屔,R00175-015325,,,,嬻,傾乕僇僀僽(惉栺),柍,300000,,1奒,1997擭08寧,嶄巗拞嬫摡婍杒偺戄憅屔亂45捸亃,,戝嶃晎嶄巗拞嬫摡婍杒69-7,,,2.00,1.00,,,,253.63,150.41,45.49,6594,2026/03/19,"2026/02/10 14:04","2026/03/19 11:21",愭暔(拠夘),,傾僢僩儂乕儉晄摦嶻乮姅乯,-,"=""072-233-2103""",嬻桳,2026.3.19丂暔妋仺曞廤掆巭拞乮慜柺摴楬偺強桳幰偑捠峴偟側偄偱傎偟偄偲潌傔偰偄傞偨傔乯,5998242
憅屔,R00175-014998,,,,巊梡拞,傾乕僇僀僽(惉栺),柍,0,,奒,1993擭11寧,戝嶃巗惣梽愳嬫抾搰2挌栚偺戄憅屔亂1700捸亃,,戝嶃晎戝嶃巗惣梽愳嬫抾搰俀挌栚2-39,,,,,,,,,5620.00,1700.05,,2025/09/11,"2025/09/11 13:48","2026/03/19 09:48",帺幮,堦斒攠夘,姅幃夛幮僙儞僠儏儕乕僟僀僜乕,媨杮,"=""06-6136-0555""",嬻桳,"扴摉丗媨杮
丒捸扨壙丗8,000墌",5550011
戄抧,R00175-015228,,,,偦偺懠,傾乕僇僀僽(惉栺),柍,0,,奒,-,嶄巗旤尨嬫彫帥偺戄抧亂450捸亃,,戝嶃晎嶄巗旤尨嬫彫帥75,,,,,,,,1490.00,,450.72,,2025/12/22,"2025/12/22 14:07","2026/03/19 09:48",愭暔(拠夘),,姅幃夛幮僙儞僠儏儕乕僟僀僜乕,杒懞,"=""06-6136-0555""",,扴摉丗杒懞,5870065
戄抧,R00175-015252,,,,峏抧,傾乕僇僀僽(惉栺),柍,400000,,奒,-,搶戝嶃巗挿悾挰1挌栚偺戄抧亂166捸亃,,戝嶃晎搶戝嶃巗挿悾挰侾挌栚3-20,,,,2.00,,,,551.20,,166.73,2399,2026/01/06,"2026/01/06 13:50","2026/03/18 16:47",愭暔(拠夘),,乮姅乯垽嶰憈,-,"=""06-6224-3760""",,"2026.3.3 媑揷偵偰怽崬偁傝",5770832
憅屔,R00175-014327,,,,嬻,傾乕僇僀僽(惉栺),柍,80000,,奒,1993擭01寧,暫屔導嶰揷巗忋憡栰偺戄憅屔亂20捸亃,,暫屔導嶰揷巗忋憡栰686,,,,1.00,1.00,,,,67.00,20.26,3948,2026/03/05,"2024/11/08 15:42","2026/03/18 15:54",帺幮,堦斒攠夘,姅幃夛幮僙儞僠儏儕乕僟僀僜乕,-,"=""06-6136-0555""",嬻桳,"2025.10.1丂扴摉丗柤壝崃仺

暿搹偱R00175-014326憅屔曞廤偁傝/僙僢僩戄偟偺応崌偼12枩墌捓戄壜擻
仺惉栺",6691346
憅屔,R00175-015267,,,,嬻,岞奐壜,柍,440000,,1奒,1994擭08寧,戝嶃巗搶惉嬫戝崱棦2挌栚偺戄憅屔亂32捸亃,,戝嶃晎戝嶃巗搶惉嬫戝崱棦俀挌栚7-14,,,1.00,3.00,,,,,109.00,32.97,13345,2026/06/22,"2026/01/14 12:58","2026/03/18 14:36",愭暔(拠夘),,怷擵媨晄摦嶻(姅),-,"=""06-6941-8221""",嬻桳,"2026.3.18
丒捓椏丗46.2枩墌仺44枩墌

丒楢搹幃憅屔乮搶搹乯",5370012
憅屔,R00175-015040,,,,嬻,傾乕僇僀僽(惉栺),柍,607200,,奒,1978擭01寧,悂揷巗撿悂揷5挌栚偺戄憅屔亂69捸亃,,戝嶃晎悂揷巗撿悂揷俆挌栚29-18,,,1.00,3.00,,,,,231.00,69.87,8690,2025/10/15,"2025/10/01 10:44","2026/03/18 10:21",愭暔(拠夘),,捓戄廧戭僒乕價僗丂俥俠峕嶁僊儍儔儕乕,崱堜條丗090-6115-1622,"=""06-6330-4146""",,"2026.2.20 曱嶳屭媞偱宊栺嵪傒丂堷偒搉偟姰椆
2025.12.9丂曱嶳屭媞偱宊栺梊掕
11.25丂1審彜択拞丂曱嶳屭媞

2025.10.1丂強嵼抧偵偮偄偰
帒椏偵偼巬斣乽29-8乿偲側偭偰偄傑偡偑丄
尦晅傊妋擣偟丄乽29-18乿偑惓偟偄偱偡丅
",5640043
憅屔,R00175-015299,,,,,傾乕僇僀僽(惉栺),柍,770000,,奒,1968擭01寧,嶄巗旤尨嬫戝曐偺戄憅屔亂307捸亃,,戝嶃晎嶄巗旤尨嬫戝曐214-1,,,2.00,2.00,,,,,1017.83,307.89,2501,2026/02/17,"2026/01/27 12:03","2026/03/17 17:31",愭暔(拠夘),,,愳忋,"=""090-1026-0782""",,,5870001
戄抧,R00175-015206,,,,峏抧,傾乕僇僀僽(惉栺),柍,1430000,,奒,-,嶄戞俀戄抧亂652捸亃,,戝嶃晎嶄巗旤尨嬫暯旜3303-1,,,4.00,2.00,,,,2157.28,,652.57,2192,2026/03/05,"2025/12/12 15:31","2026/03/16 16:41",愭暔(拠夘),,姅幃夛幮僙儞僠儏儕乕僟僀僜乕,媨杮,"=""06-6136-0555""",嬻桳,"2026.2.24丂媨杮晹挿傛傝彜択拞(暔審宖嵹宲懕巜帵桳)

扴摉丗媨杮偝傫",5870022
憅屔,R00175-015261,,,,嬻,傾乕僇僀僽(惉栺),柍,550000,,1奒,1998擭07寧," 嫗搒晎媣悽孲媣屼嶳挰栰懞懞搶偺戄憅屔亂87捸亃",,嫗搒晎媣悽孲媣屼嶳挰栰懞懞搶102-1,,,1.00,2.00,,,,2866.00,287.90,87.08,6316,2026/03/13,"2026/01/09 17:41","2026/03/13 15:11",帺幮,堦斒攠夘,姅幃夛幮僙儞僠儏儕乕僟僀僜乕,媑揷夒,"=""06-6136-0555""",嬻桳,2026.2.26丂媑揷偵偰怽崬偁傝,6130023
憅屔,R00175-015248,,,,嬻,傾乕僇僀僽(惉栺),柍,396000,,奒,1999擭10寧,搶戝嶃巗攼揷惣1挌栚偺戄憅屔亂84捸亃,,戝嶃晎搶戝嶃巗攼揷惣侾挌栚9-18,,,3.00,1.00,,,,225.46,278.04,84.1,4709,2026/01/06,"2026/01/06 11:57","2026/03/13 14:04",愭暔(拠夘),,搶梞儂乕儉乮姅乯,-,"=""06-6227-8230""",嬻桳,,5770835
揦曑帠柋強(寶暔堦妵),R00175-014372,,,,嬻,傾乕僇僀僽(惉栺),柍,1485000,,奒,1995擭12寧,朙拞巗擇梩挰2挌栚偺戄揦曑丒帠柋強亂213捸亃,,戝嶃晎朙拞巗擇梩挰俀挌栚2-31,55000,,5000000,2200000,,,,,705.29,213.35,6961,2026/01/26,"2024/11/28 12:10","2026/03/13 14:03",愭暔(拠夘),,乮姅乯捯晄摦嶻,-,"=""06-6343-3155""",,"2025.10.7丂
丒捓椏丗159.5枩墌仺148.5枩墌

2025.6.11捓椏UP丂1375000佀159.5枩

2025.5.7丂彜択拞

峀崘NG儅僢僠儞僌偺傒
暔妋FAX憲晅嵪丂2025.2.6摗尨",5610825
憅屔,R00175-014874,,,,嬻,岞奐壜,柍,495000,,奒,1979擭11寧,暫屔導恄屗巗挿揷嬫庒徏挰8挌栚偺戄憅屔亂139捸亃,,暫屔導恄屗巗挿揷嬫庒徏挰俉挌栚1-3,,,,3.30,,,,,460.50,139.3,3554,2026/06/08,"2025/07/08 11:33","2026/03/13 14:01",愭暔(拠夘),,捓戄廧戭僒乕價僗嶰媨僊儍儔儕乕乮姅乯暫廧,壨丗090-1148-1888,"=""078-391-4146""",嬻桳,,6530038
戄抧,R00175-014866,,,,峏抧,傾乕僇僀僽(惉栺),柍,450000,,奒,-,暫屔導惣榚巗崟揷彲挰惣郪偺戄抧亂998捸亃,,暫屔導惣榚巗崟揷彲挰惣郪204-13,,,2.00,,,,,3300.00,,998.25,451,2026/01/08,"2025/07/04 13:48","2026/03/13 13:46",愭暔(拠夘),,乮姅乯戝娵晄摦嶻丂彫栰巟揦,-,"=""0794-88-8758""",,,6790323
岺応,R00175-014736,,,,嬻,傾乕僇僀僽(惉栺),柍,1345000,,奒,1985擭01寧,戝嶃巗掃尒嬫崱捗杒1挌栚偺戄岺応亂237捸亃,,戝嶃晎戝嶃巗掃尒嬫崱捗杒侾挌栚1-21,,,2700000,2970000,,,,605.54,786.12,237.8,5656,2026/01/30,"2025/05/23 11:46","2026/03/13 13:38",愭暔(拠夘),,嶰婎寶愝乮姅乯,-,"=""06-6304-0999""",嬻桳,"捓椏DOWN侾係俉丏俆枩佀134.5枩 2025.7.17
俀乛俁暘妱偱怽偟崬傒侾審偁傝丄俀斣庤壜丂2025.7.17",5380041
岺応,R00175-015107,,,,嬻,傾乕僇僀僽(惉栺),柍,495000,,奒,1985擭01寧,戝嶃巗掃尒嬫崱捗杒1挌栚偺戄岺応亂87捸亃,,戝嶃晎戝嶃巗掃尒嬫崱捗杒侾挌栚1-21,,,990000,990000,,,,194.00,288.36,87.22,5675,2026/01/30,"2025/10/30 11:58","2026/03/13 13:37",愭暔(拠夘),,嶰婎寶愝乮姅乯,-,"=""06-6304-0999""",嬻桳,丒堦嬫夋戄偟乮搶懁乯,5380041
揦曑(寶暔堦妵),R00175-015116,,,,,傾乕僇僀僽(惉栺),柍,1650000,,1奒,1992擭04寧,暫屔導壛屆愳巗暯壀挰堦怓偺戄揦曑亂160捸亃,,暫屔導壛屆愳巗暯壀挰堦怓74,,,,,12.00,,,2318.10,530.10,160.35,10290,2026/01/20,"2025/11/04 13:23","2026/03/13 11:28",愭暔(拠夘),,姅幃夛幮僇儉僥僀,-,"=""06-6225-9557""",嬻桳,,6750115
岺応,R00175-014211,,,,嬻,岞奐壜,柍,495000,,奒,1986擭06寧,戝搶巗怴揷埉挰偺戄岺応亂101捸亃,,戝嶃晎戝搶巗怴揷埉挰5-17,,,,,6.00,,,190.89,333.98,101.02,4900,2026/07/24,"2024/09/20 13:07","2026/03/13 11:14",愭暔(拠夘),,嶰妝嫽嶻姅幃夛幮,-,"=""072-872-8131""",,,5740053
憅屔,R00175-014985,,,,嬻,傾乕僇僀僽(惉栺),柍,1100000,,奒,2010擭12寧,戝嶃巗惣梽愳嬫屼暭搰5挌栚偺戄憅屔亂97捸亃,,戝嶃晎戝嶃巗惣梽愳嬫屼暭搰俆挌栚6-12,,,2.00,2.00,,,,235.27,321.66,97.3,11305,2026/01/20,"2025/09/05 13:16","2026/03/13 10:58",愭暔(拠夘),,乮姅乯俙乕俷値倕,-,"=""06-4808-0992""",嬻桳,扴摉嵅摗條丗090-5126-8890,5550012
憅屔,R00175-015113,,,,嬻,傾乕僇僀僽(惉栺),柍,880000,,奒,1996擭01寧,暫屔導柧愇巗徏偺撪1挌栚偺戄憅屔亂96捸亃,,暫屔導柧愇巗徏偺撪侾挌栚7-8,,,1.00,1.00,,,,677.44,317.43,96.02,9165,2026/01/26,"2025/11/04 11:32","2026/03/13 10:55",愭暔(拠夘),,乮桳乯傾儞僫僐乕億儗乕僔儑儞,-,"=""078-919-6208""",嬻桳,,6730016
憅屔,R00175-014392,,,,,傾乕僇僀僽(惉栺),柍,550000,,奒,1988擭01寧,敧旜巗妝壒帥6挌栚偺戄憅屔亂127捸亃,,戝嶃晎敧旜巗妝壒帥俇挌栚135,,,,2.00,6.00,,,,420.38,127.16,4326,2026/01/20,"2024/12/06 11:57","2026/03/13 10:45",愭暔(拠夘),,姅幃夛幮僕乕僾儖,-,"=""06-4300-3494""",,"暔妋FAX憲怣嵪 2025.2.6摗尨
",5810853
岺応,R00175-015175,,,,嬻,傾乕僇僀僽(惉栺),柍,330000,,奒,1983擭11寧,搶戝嶃巗廰愳挰4挌栚偺戄岺応亂59捸亃,,戝嶃晎搶戝嶃巗廰愳挰係挌栚2-7,,,,,1800000,,,,197.00,59.59,5538,2026/01/09,"2025/11/26 15:09","2026/03/13 10:17",愭暔(拠夘),,嬤婨晄摦嶻,-,"=""06-6728-8278""",,,5770836
戄抧,R00175-015289,,,,峏抧,傾乕僇僀僽(惉栺),柍,1595000,,奒,-,堬栘巗怴摪2挌栚偺戄抧亂802捸亃,,戝嶃晎堬栘巗怴摪俀挌栚7-3,,,,,4.00,1.00,,2654.00,,802.83,1987,2026/01/22,"2026/01/22 11:54","2026/03/13 10:15",愭暔(拠夘),,姅幃夛幮庒憪僴僂僗,-,"=""072-678-6676""",,,5670835
憅屔,R00175-014744,,,,嬻,傾乕僇僀僽(惉栺),柍,1540000,,奒,1990擭03寧,搶戝嶃巗拞怴奐2挌栚偺戄憅屔亂323捸亃,,戝嶃晎搶戝嶃巗拞怴奐俀挌栚8-8,,,,1.00,3.00,,,1077.86,1067.90,323.03,4768,2026/01/20,"2025/05/27 14:16","2026/03/13 10:14",愭暔(拠夘),,姅幃夛幮搾愺晄摦嶻,-,"=""06-6748-3010""",嬻桳,"2026.1.20
丒捓椏丗176枩墌仺154枩墌
丒楃嬥丗柍偟仺1僇寧
丒峀崘椏丗柍偟仺100枩墌(惻崬傒)

2025.11.20
丒捓椏丗198枩墌仺176枩墌

2025.0707丂暔妋帪丂220枩仺198枩傊曄峏",5780911
憅屔,R00175-014135,,,,嬻,傾乕僇僀僽(惉栺),柍,198000,,奒,2007擭03寧,嶃撿巗捁庢偺戄憅屔亂29捸亃,,戝嶃晎嶃撿巗捁庢186,,,,2.00,,,,,97.53,29.5,6712,2026/01/16,"2024/08/05 11:12","2026/03/13 10:11",愭暔(拠夘),,姅幃夛幮嶰垽,-,"=""072-484-1355""",,"2025.11.17丂
丒捓椏丗22枩墌仺19.8枩墌

暔妋FAX憲怣嵪 2025.2.6摗尨
",5990204
帠柋強(寶暔堦妵),R00175-014806,,,,,傾乕僇僀僽(惉栺),柍,660000,,奒,1989擭03寧,搶戝嶃巗晍巗挰4挌栚偺戄帠柋強亂54捸亃,,戝嶃晎搶戝嶃巗晍巗挰係挌栚3-30,,,,,,,,594.00,181.42,54.87,12027,2026/01/05,"2025/06/16 11:44","2026/03/13 10:09",愭暔(拠夘),,姅幃夛幮僗儕乕僄僗,-,"=""06-6210-1100""",嬻桳,,5798004
戄抧,R00175-014016,,,,峏抧,傾乕僇僀僽(惉栺),柍,470000,,奒,-,塇塯栰巗惣塝偺戄抧亂474捸亃,,戝嶃晎塇塯栰巗惣塝1442,,,5.00,1.00,,,,1568.00,,474.32,991,2026/01/15,"2024/06/07 12:45","2026/03/13 10:06",愭暔(拠夘),,姅幃夛幮偐偨傗傑晄摦嶻帠柋強,-,"=""072-462-4888""",,"2026.1.15丂彜択拞(2斣庤庴晅壜)

2025.6.27丂惉栺仺暅妶
丒捓椏丗53枩墌仺47枩墌",5830861
憅屔,R00175-015290,,,,巊梡拞,傾乕僇僀僽(惉栺),柍,495000,,1奒,-,戝嶃巗掃尒嬫從栰2挌栚偺戄憅屔亂71捸亃,,戝嶃晎戝嶃巗掃尒嬫從栰俀挌栚6-12,,,1485000,990000,,,,,235.51,71.24,6949,2026/01/22,"2026/01/22 12:01","2026/03/13 09:34",愭暔(拠夘),,姅幃夛幮娵惣晄摦嶻,-,"=""06-6911-7597""",嬻桳,,5380037
岺応,R00175-015276,,,,嬻,傾乕僇僀僽(惉栺),柍,550000,,奒,1973擭01寧,戝嶃巗暯栰嬫塟攋撿2挌栚偺戄岺応亂243捸亃,,戝嶃晎戝嶃巗暯栰嬫塟攋撿俀挌栚4-124,,,,,6.00,,,993.14,804.94,243.49,2259,2026/01/16,"2026/01/16 11:47","2026/03/12 15:41",愭暔(拠夘),,壛摗寶愝姅幃夛幮,-,"=""072-949-1400""",,,5470023
價儖,R00175-014633,,,,嬻,傾乕僇僀僽(惉栺),柍,990000,,1奒,1977擭08寧,儐僫僀僥僢僪價儖僨傿儞僌儈僫儈僙儞僶/1F亂40捸亃,,戝嶃晎戝嶃巗拞墰嬫撿慏応係挌栚10-19,,,4.00,2.20,,,,,132.27,40.01,24743,2026/03/05,"2025/04/09 16:12","2026/03/12 13:16",帺幮,堦斒攠夘,姅幃夛幮僙儞僠儏儕乕僟僀僜乕,扴摉丗搰杮,"=""06-6136-0555""",柍,扴摉丗搰杮偝傫,5420081
憅屔,R00175-015269,,,,巊梡拞,傾乕僇僀僽(惉栺),柍,385000,,1奒,1993擭03寧,塇塯栰巗孲屗偺戄憅屔亂63捸亃,,戝嶃晎塇塯栰巗孲屗369,,,,,5.00,,,,209.67,63.42,6071,2026/01/14,"2026/01/14 13:30","2026/03/12 13:08",愭暔(拠夘),,嫤塰抧寶姅幃夛幮,-,"=""072-938-6677""",嬻桳,,5830874
戄抧,R00175-015350,,,,,岞奐壜,柍,680000,,奒,-,敧旜巗戝帤孻晹偺戄抧亂564捸亃,,戝嶃晎敧旜巗戝帤孻晹114-1,,,5.00,1.00,,,,1866.00,,564.46,1205,2026/08/06,"2026/02/19 13:34","2026/03/11 17:44",愭暔(拠夘),,姅幃夛幮僩僠僞僥價儖僨傿儞僌,-,"=""06-6975-7780""",,丒廧強丗戝帤孻晹114-1丄115-1,5810015
揦曑(寶暔堦妵),R00175-014198,,,,巊梡拞,岞奐壜,柍,346500,,奒,-,奓捤巗抧錟摪偺戄揦曑亂28捸亃,,戝嶃晎奓捤巗抧錟摪693-1,11000,,4.00,2.00,,,,965.00,93.07,28.15,12308,2026/07/06,"2024/09/12 14:14","2026/03/11 15:39",愭暔(拠夘),,姅幃夛幮捯晄摦嶻,-,"=""072-654-1740""",,"2026.3.11丂惉栺仺暅妶

2026.2.24丂彜択拞(2斣庤晄壜)",5970053
憅屔,R00175-014967,,,,,傾乕僇僀僽(惉栺),柍,550000,,奒,1980擭08寧,朙拞巗彑晹2挌栚偺戄憅屔亂122捸亃,,戝嶃晎朙拞巗彑晹俀挌栚6,,,,2500000,4000000,,,,403.95,122.19,4502,2026/03/11,"2025/08/29 11:38","2026/03/11 11:45",愭暔(拠夘),,乮姅乯儐僫僀僥僢僪儕傾儖僄僗僥乕僩,-,"=""06-6940-7707""",,,5610894
憅屔,R00175-014696,,,,嬻,傾乕僇僀僽(惉栺),柍,181500,,奒,2025擭02寧,塇塯栰巗埳夑俁挌栚偺戄憅屔亂14捸亃,,戝嶃晎塇塯栰巗埳夑俁挌栚16-28,,5500,,,5.00,,,,49.18,14.87,12201,2026/02/17,"2025/05/12 11:39","2026/03/10 11:21",愭暔(拠夘),,嫤塰抧寶姅幃夛幮,-,"=""072-938-6677""",,嬫夋2,5830876
憅屔,R00175-014207,,,,嬻,岞奐壜,柍,302500,,奒,2003擭01寧,暫屔導擈嶈巗晉徏挰1挌栚偺戄憅屔亂27捸亃,,暫屔導擈嶈巗晉徏挰侾挌栚21-8,,,,605000,550000,,,583.38,92.56,27.99,10804,2026/06/23,"2024/09/18 13:14","2026/03/09 13:14",愭暔(拠夘),,姅幃夛幮僺乕傾僀僄乕,-,"=""06-6438-5511""",嬻桳,"2026.3.9丂惉栺仺暅妶

2025.7.10丂惉栺仺暅妶",6610003
戄抧,R00175-015335,,,,,傾乕僇僀僽(惉栺),柍,456400,,奒,-,枃曽巗挿旜峳嶁2挌栚偺戄抧亂652捸亃,,戝嶃晎枃曽巗挿旜峳嶃俀挌栚3563-2,,,,1.00,3.00,,,2157.60,,652.67,700,2026/03/09,"2026/02/18 11:44","2026/03/09 09:29",愭暔(拠夘),,乮姅乯僾儔僗儚儞,-,"=""072-391-4704""",,"2026.3.5 媑揷偵偰怽崬",5730103
憅屔,R00175-015327,,,,嬻,岞奐壜,柍,302500,,奒,2026擭01寧,搶戝嶃巗崅堜揷拞4挌栚偺戄憅屔亂25捸亃,,戝嶃晎搶戝嶃巗崅堜揷拞係挌栚10-17,,,,1.00,2.00,,,,82.80,25.04,12078,2026/07/01,"2026/02/10 14:30","2026/03/09 09:19",愭暔(拠夘),,傾僀僕儍僷儞儂乕儉姅幃夛幮,-,"=""06-6977-6900""",嬻桳,丒102乣107,5770065
憅屔,R00175-015091,,,,嬻,傾乕僇僀僽(惉栺),柍,550000,,奒,1971擭04寧,戝嶃巗廧擵峕嬫暯椦撿1挌栚偺戄憅屔亂90捸亃,,戝嶃晎戝嶃巗廧擵峕嬫暯椦撿侾挌栚2-77,,,,,6.00,,,333.15,298.77,90.37,6086,2026/03/05,"2025/10/22 11:51","2026/03/05 11:51",愭暔(拠夘),,桳尷夛幮儂乕儉儔儞僪,-,"=""06-6682-3991""",,,5590025
憅屔,R00175-014697,,,,嬻,傾乕僇僀僽(惉栺),柍,660000,,奒,1988擭12寧,戝嶃巗暉搰嬫嶋廎4挌栚偺戄憅屔亂73捸亃,,戝嶃晎戝嶃巗暉搰嬫嶋廎係挌栚2-1,,,3.00,1.00,,,,148.06,244.08,73.83,8939,2026/01/26,"2025/05/12 11:52","2026/03/05 10:51",愭暔(拠夘),,愊悈僴僂僗晄摦嶻乮姅乯戝嶃撿戞擇塩嬈強,-,"=""06-4396-8674""",嬻桳,,5530002
憅屔,R00175-014567,,,,嬻,傾乕僇僀僽(惉栺),柍,935000,,奒,2025擭07寧,嫗搒晎嫗搒巗暁尒嬫墶戝楬惣奀摴偺戄憅屔亂122捸亃,,嫗搒晎嫗搒巗暁尒嬫墶戝楬惣奀摴5-4,,,,,5000000,,935000,,406.00,122.81,7614,2026/01/14,"2025/03/06 14:01","2026/03/05 10:26",愭暔(拠夘),,僨傿儔儞僪嶳嫗儕乕僗乮姅乯,-,"=""0774-20-5115""",嬻桳,"2026.1.14丂
丒捓椏丗110枩墌仺93.5枩墌",6128261
岺応,R00175-015086,,,,嬻,傾乕僇僀僽(惉栺),柍,319000,,奒,1986擭10寧,嫗搒晎塅帯巗悂慜偺戄岺応亂57捸亃,,嫗搒晎塅帯巗隊搰挰悂慜97-28,,11000,,,1900000,,319000,,190.00,57.47,5551,2026/01/06,"2025/10/21 14:22","2026/03/05 10:25",愭暔(拠夘),,僨傿儔儞僪嶳嫗儕乕僗乮姅乯,-,"=""0774-20-5115""",嬻桳,丒3丄5崋幒,6110041
憅屔,R00175-015074,,,,,傾乕僇僀僽(惉栺),柍,550000,,1奒,1949擭06寧,榓壧嶳導榓壧嶳巗暉挰偺戄憅屔亂61捸亃,,榓壧嶳導榓壧嶳巗暉挰20-1,,,1.00,1.00,,,,,203.51,61.56,8935,2026/01/15,"2025/10/16 11:01","2026/03/05 10:21",愭暔(拠夘),,偁偐傑偮晄摦嶻(姅),-,"=""073-494-3658""",嬻桳,"丒1奒晹暘
暔妋FAX憲怣嵪 2025.11.7",6408043
憅屔,R00175-014615,,,,嬻,傾乕僇僀僽(惉栺),柍,338800,,奒,2013擭10寧,戝嶃巗暯栰嬫暯栰杒1挌栚偺戄憅屔亂36捸亃,,戝嶃晎戝嶃巗暯栰嬫暯栰杒侾挌栚6-19,,,,,6.00,,,,121.20,36.66,9241,2026/01/15,"2025/04/03 15:16","2026/03/05 10:20",愭暔(拠夘),,乮姅乯價儖僶儞僋,-,"=""06-7637-6363""",,"
暔妋FAX憲怣嵪 2025.11.7",5470041
戄抧,R00175-015114,,,,偦偺懠,傾乕僇僀僽(惉栺),柍,3740000,,奒,-,愛捗巗搶暿晎3挌栚偺戄抧亂1617捸亃,,戝嶃晎愛捗巗搶暿晎俁挌栚8-32,,,,,22440000,,,5346.76,,1617.39,2313,2026/01/15,"2025/11/04 11:47","2026/03/05 10:20",愭暔(拠夘),,乮姅乯價儖僶儞僋,-,"=""06-7637-6363""",,,5660042
憅屔,R00175-015251,,,,嬻,傾乕僇僀僽(惉栺),柍,385000,,奒,1986擭09寧,晉揷椦巗庒徏挰搶2挌栚偺戄憅屔亂50捸亃,,戝嶃晎晉揷椦巗庒徏挰搶俀挌栚5-20,,,2.00,1.00,,,,,168.00,50.82,7576,2026/01/06,"2026/01/06 13:35","2026/03/05 10:17",愭暔(拠夘),,姅幃夛幮儂乕儉僫價,晲揷丗090-7098-6454,"=""072-957-7750""",,,5840023
憅屔,R00175-014002,,,,嬻,岞奐壜,柍,770000,,奒,1981擭05寧,枃曽巗彽採杒挰1挌栚偺戄憅屔亂152捸亃,,戝嶃晎枃曽巗彽採杒挰侾挌栚2245-1,,,3.00,2.00,,,,627.47,504.20,152.52,5049,2026/08/06,"2024/05/31 13:44","2026/03/03 14:57",愭暔(拠夘),,姅幃夛幮僩僠僞僥價儖僨傿儞僌,愇愳丗080-9438-2211,"=""06-6975-7780""",嬻桳,"2026.3.3丂惉栺仺暅妶
",5731138
揦曑(寶暔堦妵),R00175-014663,,,,嬻,傾乕僇僀僽(惉栺),柍,605000,,奒,2005擭12寧,榓壧嶳導榓壧嶳巗拞搰偺戄揦曑亂38捸亃,,榓壧嶳導榓壧嶳巗拞搰186-3,,,3.00,3.00,,,,366.13,127.50,38.56,15687,2026/02/17,"2025/04/23 12:57","2026/03/03 12:02",愭暔(拠夘),,乮姅乯塰嶻嬈,-,"=""073-428-1100""",嬻桳,,6410006
揦曑(寶暔堦妵),R00175-015288,,,,巊梡拞,岞奐壜,柍,770000,,1奒,2014擭11寧,戝嶃嫹嶳巗搶栰拞係挌栚偺戄揦曑亂60捸亃,,戝嶃晎戝嶃嫹嶳巗搶栰拞係挌栚656-1,,,4.00,2.00,,,,1140.20,199.53,60.35,12758,2026/07/31,"2026/01/22 11:51","2026/03/03 11:34",帺幮,堦斒攠夘,姅幃夛幮僙儞僠儏儕乕僟僀僜乕,搰杮,"=""06-6136-0555""",嬻桳,"扴摉丗搰杮偝傫
仸儘僕僐儘丄儗僀儞僘宖嵹晄壜丅儅僢僠儞僌搊榐嵪傒丅佀儘僕僐儘宖嵹OK丂乮儗僀儞僘偼晄壜乯岞奐嵪傒丂2026.2.13",5890002
揦曑(寶暔堦妵),R00175-015092,,,,嬻,岞奐壜,柍,495000,,1奒,1999擭07寧,暫屔導昉楬巗忺惣偺戄揦曑亂45捸亃,,暫屔導昉楬巗忺惣1-8,,,8.00,2.00,,,,956.52,151.72,45.89,10786,2026/06/04,"2025/10/23 10:45","2026/02/27 15:59",愭暔(拠夘),,乮姅乯擔杮傾僔僗僩娗棟,-,"=""06-6765-2886""",嬻桳,,6712216
戄抧,R00175-014914,,,,屆壠晅,傾乕僇僀僽(惉栺),柍,300000,,奒,-,榓壧嶳導榓壧嶳巗晍堷偺戄抧亂395捸亃,,榓壧嶳導榓壧嶳巗晍堷455-1,,,2.00,1.00,,,,1309.00,,395.97,758,2025/12/16,"2025/07/25 11:05","2026/02/27 15:05",愭暔(拠夘),,僴僂僗價儖僪,-,"=""073-432-2008""",,寶暔庢傝夡偟梊掕(庁傝庤偑寛傑傝師戞),6410015
戄抧,R00175-014767,,,,峏抧,傾乕僇僀僽(惉栺),柍,300000,,奒,-,崅捨巗椢偑媢1挌栚偺戄抧亂77捸亃,,戝嶃晎崅捨巗椢偑媢侾挌栚2-17,,,,1.00,1.00,,1.00,257.19,,77.79,3857,2025/12/16,"2025/06/02 13:09","2026/02/27 15:05",愭暔(拠夘),,乮姅乯晲巑寶抸愝寁,-,"=""072-629-7778""",,,5691026
揦曑帠柋強(寶暔堦妵),R00175-014682,,,,巊梡拞,傾乕僇僀僽(惉栺),柍,990000,,奒,1991擭03寧,朙拞巗孎栰挰3挌栚偺戄揦曑丒帠柋強亂120捸亃,,戝嶃晎朙拞巗孎栰挰俁挌栚18-28,,,2000000,600000,,,,,396.93,120.07,8246,2025/12/10,"2025/05/07 13:12","2026/02/27 15:05",愭暔(拠夘),,乮姅乯僙儞儕,-,"=""06-6871-4848""",嬻桳,,5600014
憅屔,R00175-014584,,,,嬻,傾乕僇僀僽(惉栺),柍,4880460,,5奒,2006擭12寧,暫屔導擈嶈巗惣岦搰挰偺戄憅屔亂773捸亃,,暫屔導擈嶈巗惣岦搰挰231-2,,,3.00,1.00,,,,,2557.05,773.5,6310,2025/12/16,"2025/03/13 13:58","2026/02/27 15:05",愭暔(拠夘),,晉巑儂乕儉僒乕價僗乮姅乯朙拞巟揦,-,"=""070-4106-5380""",,"2025.12.16
丒曄峏丗460.516墌仺488.046枩墌

丒5奒堦嬫夋戄偟",6600857
戄抧,R00175-014437,,,,峏抧,傾乕僇僀僽(惉栺),柍,550000,,奒,-,嫗搒晎塅帯巗隊搰挰孲偺戄抧亂625捸亃,,嫗搒晎塅帯巗隊搰挰孲42-1,,,,,3.00,,,2068.00,,625.57,880,2025/12/11,"2025/01/07 13:31","2026/02/27 15:05",愭暔(拠夘),,娵懢挰晄摦嶻乮姅乯,-,"=""075-746-3612""",,,6110041
憅屔,R00175-015003,,,,嬻,傾乕僇僀僽(惉栺),柍,3000000,,奒,1981擭06寧,嶄巗撿嬫娾幒偺戄憅屔亂180捸亃,,戝嶃晎嶄巗撿嬫娾幒136-1,,,,,6.00,,,3640.83,597.62,180.78,16595,2025/12/16,"2025/09/16 11:29","2026/02/27 13:54",愭暔(拠夘),,暉僴僂僕儞僌姅幃夛幮,-,"=""072-268-2929""",嬻桳,,5900112
戄抧,R00175-015179,,,,峏抧,傾乕僇僀僽(惉栺),柍,800000,,奒,-,撧椙導惗嬵巗撿揷尨挰偺戄抧亂998捸亃,,撧椙導惗嬵巗撿揷尨挰1228-9,,,,2.00,,,,3300.00,,998.25,802,2025/12/01,"2025/12/01 11:15","2026/02/27 11:51",愭暔(拠夘),,崌摨夛幮壚旤寶戭,栘壓抦旤,"=""080-6159-3646""",,,6300135
揦曑(寶暔堦妵),R00175-014563,,,,嬻,傾乕僇僀僽(惉栺),柍,352000,,奒,1971擭12寧,暫屔導昉楬巗巐嫿挰搶垻曐偺戄揦曑亂42捸亃,,暫屔導昉楬巗巐嫿挰搶垻曐1121-2,,,2.00,2.00,,,,846.88,141.59,42.83,8219,2025/12/16,"2025/03/06 12:55","2026/02/27 11:50",愭暔(拠夘),,乮桳乯桭恑,彫椦,"=""079-267-7777""",嬻桳,2026.2.27丂彜択拞(2斣庤晄壜),6710247
岺応,R00175-015183,,,,,傾乕僇僀僽(惉栺),柍,1430000,,奒,2005擭05寧,榓壧嶳導榓壧嶳巗桳杮偺攧岺応亂237捸亃,,榓壧嶳導榓壧嶳巗桳杮104-2,,,,,3.00,,,,785.57,237.63,6018,2025/12/02,"2025/12/02 13:58","2026/02/27 11:45",愭暔(拠夘),,俽俲僴僂僕儞僌乮姅乯,-,"=""073-494-5517""",嬻桳,,6408390
岺応,R00175-015203,,,,嬻,傾乕僇僀僽(惉栺),柍,1430000,,奒,1995擭10寧,暫屔導埳扥巗杒墍3挌栚偺戄岺応亂114捸亃,,暫屔導埳扥巗杒墍俁挌栚46,,,3900000,,,,,329.47,378.00,114.34,12507,2025/12/12,"2025/12/12 14:30","2026/02/27 10:48",愭暔(拠夘),,暫屔榋峛擾嬈嫤摨慻崌嶃恄帒嶻娗棟僙儞僞乕,-,"=""072-773-6180""",嬻桳,,6640891
揦曑帠柋強(寶暔堦妵),R00175-015146,,,,,傾乕僇僀僽(惉栺),柍,300000,,1奒,2026擭03寧,暫屔導曮捤巗埨憅撿3挌栚偺戄揦曑丒帠柋強亂29捸亃,,暫屔導曮捤巗埨憅撿俁挌栚8-15,4000,,,1.00,6.00,,,356.19,99.00,29.94,10018,2025/12/10,"2025/11/13 14:22","2026/02/27 10:45",愭暔(拠夘),,價乕僋儖晄摦嶻婇夋乮姅乯,-,"=""072-774-4113""",嬻桳,,6650823
揦曑(寶暔堦妵),R00175-013992,,,,嬻,傾乕僇僀僽(惉栺),柍,440000,,奒,1998擭11寧,戝嶃巗埉嬫怴怷6挌栚偺戄揦曑亂21捸亃,,戝嶃晎戝嶃巗埉嬫怴怷俇挌栚1-3,,,6.00,,,,,,69.75,21.09,20854,2025/12/04,"2024/05/28 11:39","2026/02/27 10:36",愭暔(拠夘),,搶媫儕僶僽儖姅幃夛幮,攡揷捓戄僙儞僞乕丗050-3628-00,"=""06-6345-8109""",嬻桳,,5350022
憅屔,R00175-014852,,,,巊梡拞,傾乕僇僀僽(惉栺),柍,352000,,奒,2002擭07寧,朙拞巗曚愊2挌栚偺戄憅屔亂40捸亃,,戝嶃晎朙拞巗曚愊俀挌栚10-1,,,,,1000000,,,,133.50,40.38,8717,2025/12/16,"2025/07/01 13:51","2026/02/27 10:33",愭暔(拠夘),,暈晹儔僀僼僒億乕僩乮姅乯,-,"=""06-6862-7000""",嬻桳,丒1嬫夋戄偟,5610856
憅屔,R00175-014626,,,,嬻,傾乕僇僀僽(惉栺),柍,385000,,奒,1981擭01寧,搶戝嶃巗栱惗挰偺戄憅屔亂86捸亃,,戝嶃晎搶戝嶃巗栱惗挰18-5,,,,,1050000,,,,287.36,86.92,4430,2025/12/16,"2025/04/08 13:18","2026/02/27 10:22",愭暔(拠夘),,崒晄摦嶻乮姅乯,巗懞丗070-1494-3010,"=""072-980-7610""",柍,"2026.2.27
曞廤嬫夋尭丄捓椏尭偺偨傔惉栺偵偟偰偄傑偡",5798026
憅屔,R00175-014277,,,,,傾乕僇僀僽(惉栺),柍,3025000,,奒,1987擭07寧,暫屔導恄屗巗挿揷嬫姟憯搰挰1挌栚偺戄憅屔亂693捸亃,,暫屔導恄屗巗挿揷嬫姟憯搰挰侾挌栚1-33,,,3.00,,,,,1145.23,2293.65,693.82,4360,2025/12/16,"2024/10/22 12:55","2026/02/27 10:19",愭暔(拠夘),,乮姅乯僥儞億僗丂嶰媨杮晹,-,"=""078-391-9088""",嬻桳,,6530033
揦曑(寶暔堦妵),R00175-015237,,,,嬻,傾乕僇僀僽(惉栺),柍,385000,,奒,-,戝嶃巗埉嬫戝媨1挌栚偺戄揦曑亂36捸亃,,戝嶃晎戝嶃巗埉嬫戝媨侾挌栚8-9,,,,350000,105000,,,68.09,119.20,36.05,10678,2025/12/24,"2025/12/24 11:02","2026/02/27 10:10",愭暔(拠夘),,婱寶愝乮姅乯,-,"=""06-6180-5454""",,,5350002
揦曑帠柋強(寶暔堦妵),R00175-015194,,,,嬻,傾乕僇僀僽(惉栺),柍,450000,,奒,1985擭04寧,怮壆愳巗抮揷杮挰偺戄揦曑丒帠柋強亂36捸亃,,戝嶃晎怮壆愳巗抮揷杮挰20-37,,,2.00,2.00,,,,257.14,121.06,36.62,12289,2025/12/09,"2025/12/09 11:14","2026/02/27 10:10",愭暔(拠夘),,乮姅乯僟僀働儞,-,"=""072-834-5111""",嬻桳,,5720030
憅屔,R00175-015341,,,,嬻,傾乕僇僀僽(惉栺),柍,385000,,1奒,1987擭05寧,暫屔導恄屗巗惣嬫忋怴抧3挌栚偺戄憅屔亂56捸亃,,暫屔導恄屗巗惣嬫忋怴抧俁挌栚8-5,,,3.00,1.00,,2.00,,297.19,186.67,56.46,6819,2026/02/24,"2026/02/18 14:18","2026/02/27 09:36",愭暔(拠夘),,娭惣晄摦嶻杮曑乮姅乯,-,"=""079-422-4006""",,2026.2.26丂彜択拞(2斣庤晄壜),6512411
揦曑(寶暔堦妵),R00175-014352,,,,嬻,傾乕僇僀僽(惉栺),柍,495000,,奒,2001擭01寧,愹撿孲孎庢挰栰揷2挌栚偺戄揦曑亂38捸亃,,戝嶃晎愹撿孲孎庢挰栰揷俀挌栚12-11,,,,900000,,,,555.10,126.00,38.11,12988,2026/02/27,"2024/11/19 14:34","2026/02/27 09:09",愭暔(拠夘),,乮姅乯儗儞僞儖僴僂僗撿戝嶃丂孎庢揦,-,"=""072-451-5678""",嬻桳,"丒2025.10.1惉栺嵪仺嬈幰曄峏偱岞奐傊
丒帒椏偺廧強丗栰揷2挌栚2433-1",5900451
憅屔,R00175-014353,,,,嬻,傾乕僇僀僽(惉栺),柍,682000,,奒,1973擭01寧,搶戝嶃巗挿揷3挌栚偺戄憅屔亂72捸亃,,戝嶃晎搶戝嶃巗挿揷俁挌栚4-34,,,3.00,2.00,,,,420.00,240.00,72.6,9394,2025/12/15,"2024/11/19 14:46","2026/02/26 15:39",愭暔(拠夘),,惗榓晄摦嶻乮姅乯挿揷揦,-,"=""06-6745-8100""",嬻桳,2025.5.12丂儗僀儞僘帒椏偵乽僱僢僩宖嵹晄壜乿偲峏怴忣曬偑偁偭偨偨傔旕岞奐偵偟偰偄傑偡丅,5770015
戄抧,R00175-015234,,,,峏抧,傾乕僇僀僽(惉栺),柍,500000,,奒,-,徏尨巗嶰戭惣7挌栚偺戄抧亂182捸亃,,戝嶃晎徏尨巗嶰戭惣俈挌栚952-1,,,3.00,3.00,,,,603.00,,182.4,2742,2025/12/23,"2025/12/23 12:01","2026/02/26 15:34",愭暔(拠夘),,乮姅乯僔乕僘丂戝嶃巟揦,-,"=""06-6311-1111""",,,5800045
戄抧,R00175-014396,,,,峏抧,傾乕僇僀僽(惉栺),柍,300000,,奒,-,岎栰巗巹晹8挌栚偺戄抧亂149捸亃,,戝嶃晎岎栰巗巹晹俉挌栚32-6,,,2.00,2.00,,,,495.00,,149.73,2004,2025/12/15,"2024/12/09 10:31","2026/02/26 15:33",愭暔(拠夘),,乮姅乯僒儞僐僗儌,-,"=""072-810-3033""",,"2025.6.17
丒捓椏丗40枩墌仺30枩墌",5760052
戄抧,R00175-014731,,,,峏抧,傾乕僇僀僽(惉栺),柍,350000,,奒,-,戝搶巗岾挰偺戄抧亂235捸亃,,戝嶃晎戝搶巗岾挰18,,,6.00,1.00,,,,780.00,,235.95,1484,2025/10/09,"2025/05/20 14:50","2026/02/26 10:27",愭暔(拠夘),,乮姅乯儔儞僪僺傾,-,"=""03-3661-5810""",,2025丅7.28丂怽偟崬傒2審偁傝,5740028
戄抧,R00175-014669,,,,峏抧,傾乕僇僀僽(惉栺),柍,800000,,奒,-,暫屔導擈嶈巗撿晲屔擵憫9挌栚偺戄抧亂361捸亃,,暫屔導擈嶈巗撿晲屔擵憫俋挌栚5,,,,1.00,6.00,,,1194.40,,361.3,2215,2025/12/01,"2025/04/24 11:12","2026/02/26 10:18",愭暔(拠夘),,姅幃夛幮儔儞僪僺傾,暔妋丗080-7639-1190,"=""03-3661-5633""",,2026.2.26丂曞廤嬫夋曄峏丄儘僕僐儘宖嵹僋儗乕儉偁傝偺偨傔旕宖嵹,6610033
揦曑帠柋強(寶暔堦妵),R00175-014942,,,,嬻,傾乕僇僀僽(惉栺),柍,300000,,奒,2003擭04寧,暫屔導壛屆孲堫旤挰栰帥偺戄揦曑丒帠柋強亂53捸亃,,暫屔導壛屆孲堫旤挰栰帥1045,,,,2.00,1.00,,,,177.50,53.69,5588,2025/12/15,"2025/08/08 10:47","2026/02/26 10:13",愭暔(拠夘),,姅幃夛幮僆僼傿僗僫僈僞,-,"=""078-995-3662""",嬻桳,,6751104
揦曑帠柋強(寶暔堦妵),R00175-014410,,,,嬻,傾乕僇僀僽(惉栺),柍,330000,,奒,2016擭01寧,愹嵅栰巗忋姠壆偺戄揦曑丒帠柋強亂29捸亃,,戝嶃晎愹嵅栰巗忋姠壆80-1,,,330000,,,,,,96.50,29.19,11305,2025/12/15,"2024/12/16 09:54","2026/02/26 09:58",愭暔(拠夘),,偁偝傂捓戄廧戭,-,"=""072-464-3566""",嬻桳,,5980001
揦曑帠柋強(寶暔堦妵),R00175-015210,,,,嬻,傾乕僇僀僽(惉栺),柍,880000,,奒,1988擭02寧,嫗搒晎嫗搒巗壓嫗嬫巐忦捠攼壆挰偺戄揦曑丒帠柋強亂111捸亃,,嫗搒晎嫗搒巗壓嫗嬫巐忦捠杧愳搶擖攼壆挰21,,,,,3000000,,0.50,,369.40,111.74,7876,2025/12/15,"2025/12/15 11:30","2026/02/26 09:55",愭暔(拠夘),,乮姅乯惵梩,-,"=""075-491-1111""",嬻桳,,6008498
揦曑(寶暔堦妵),R00175-013686,,,,嬻,岞奐壜,柍,220000,,奒,1990擭03寧,暫屔導昉楬巗崄帥挰拞恗栰偺戄揦曑亂47捸亃,,暫屔導昉楬巗崄帥挰拞恗栰126-3,,,1500000,1.00,,,,,157.99,47.79,4604,2026/06/05,"2024/01/12 13:24","2026/02/26 09:47",愭暔(拠夘),,僞僇僙晄摦嶻(姅)丂壛惣揦,-,"=""0790-43-7330""",嬻桳,"2026.2.26
丒捓椏丗30.8枩墌仺22枩墌",6792143
憅屔,R00175-015213,,,,,傾乕僇僀僽(惉栺),柍,300000,,1奒,1970擭12寧,暫屔導惣榚巗暯栰挰偺戄憅屔亂369捸亃,,暫屔導惣榚巗暯栰挰160,,,1000000,1000000,,,,,1220.00,369.05,813,2025/12/16,"2025/12/16 11:16","2026/02/26 09:44",愭暔(拠夘),,僞僇僙晄摦嶻(姅)丂壛惣揦,-,"=""0790-43-7330""",嬻桳,,6770063
憅屔,R00175-014959,,,,嬻,傾乕僇僀僽(惉栺),柍,385000,,奒,1969擭01寧,暫屔導昉楬巗栘応偺戄憅屔亂49捸亃,,暫屔導昉楬巗栘応623-1,,,1.00,2.00,,,,522.41,163.41,49.43,7789,2025/12/16,"2025/08/25 13:11","2026/02/25 14:11",愭暔(拠夘),,乮姅乯俵丒俼丒俤,-,"=""079-298-7896""",嬻桳,,6728016
揦曑(寶暔堦妵),R00175-014845,,,,嬻,傾乕僇僀僽(惉栺),柍,770000,,奒,2004擭12寧,帬夑導栰廎巗媑抧偺戄揦曑亂50捸亃,,帬夑導栰廎巗媑抧596-10,,,8.00,1.00,,,,1354.87,167.89,50.78,15162,2025/12/10,"2025/06/27 11:40","2026/02/25 14:10",愭暔(拠夘),,傾乕儖僀乕傾僀乮姅乯,-,"=""06-6353-2030""",嬻桳,,5202413
憅屔,R00175-015051,,,,嬻,傾乕僇僀僽(惉栺),柍,1100000,,奒,2004擭03寧,朙拞巗彲撪曮挰1挌栚偺戄憅屔亂159捸亃,,戝嶃晎朙拞巗彲撪曮挰侾挌栚7-1,,,,,6600000,2200000,,327.63,526.10,159.14,6912,2025/12/01,"2025/10/06 11:15","2026/02/25 14:09",愭暔(拠夘),,峕嶁儕傾儖僥傿姅幃夛幮,-,"=""06-6330-1000""",嬻桳,2025.12.1丂彜択拞(2斣庤壜),5610836
憅屔,R00175-014141,,,,巊梡拞,傾乕僇僀僽(惉栺),柍,539000,,奒,2012擭12寧,戝嶃巗峘嬫揷拞2挌栚偺戄憅屔亂67捸亃,,戝嶃晎戝嶃巗峘嬫揷拞俀挌栚11-5,,,,1.00,980000,,,113.89,222.69,67.36,8002,2025/12/10,"2024/08/07 11:55","2026/02/25 14:08",愭暔(拠夘),,姅幃夛幮搶榓儕乕僪,朙愳丗090-1158-3299,"=""06-4400-6168""",柍,"2025.8.26丂惉栺仺暅妶
丒尦晅丗姅幃夛幮僴僂僗晄摦嶻忣曬仺姅幃夛幮搶榓儕乕僪

怽崬傒1審偁傝佀宊栺擹岤丂2025.1.17 丒攧攦偁傝丗B00175-000746",5520005
揦曑帠柋強(寶暔堦晹),R00175-014173,,,,巊梡拞,傾乕僇僀僽(惉栺),柍,297000,,1奒,1979擭10寧,嶄巗撿嬫崅憅戜2挌偺戄揦曑丒帠柋強亂48捸亃,,戝嶃晎嶄巗撿嬫崅憅戜俀挌8-1,,,1.00,3.00,,,,,160.00,48.4,6137,2025/12/09,"2024/09/05 13:07","2026/02/25 14:05",愭暔(拠夘),,(姅)僄僗億儚乕儖,-,"=""072-240-1756""",嬻桳,"2025.12.9
丒捓椏丗37.4枩墌仺29.7枩墌
丒1奒晹暘偺傒徯夘壜擻
丒PK柍偟",5900117
憅屔,R00175-015005,,,,嬻,岞奐壜,柍,770000,,奒,-,敧旜巗婽堜挰1挌栚偺戄憅屔亂268捸亃,,戝嶃晎敧旜巗婽堜挰侾挌栚1-29,,,,2.00,,,,,887.90,268.58,2867,2026/06/26,"2025/09/17 13:16","2026/02/25 11:07",愭暔(拠夘),,嶰宐彜帠,-,"=""072-992-5678""",嬻桳,"2026.1.26丂1斣庤偁傝仸寶暔捵偡梊掕偺堊2斣庤晄壜
2026.2.25丂1斣庤偱傎傏寛傑傝乮2斣庤晄壜乯",5810065
憅屔,R00175-014976,,,,巊梡拞,傾乕僇僀僽(惉栺),柍,1424500,,奒,1970擭11寧,搶戝嶃巗搶崈抮挰5挌栚偺戄憅屔亂191捸亃,,戝嶃晎搶戝嶃巗搶崈抮挰俆挌栚2-16,,,3.00,1.00,,,,,631.96,191.16,7452,2025/12/09,"2025/09/02 13:00","2026/02/24 14:37",愭暔(拠夘),,姅幃夛幮搾愺晄摦嶻,-,"=""06-6748-3010""",嬻桳,,5780973
戄抧,R00175-014817,,,,峏抧,傾乕僇僀僽(惉栺),柍,500000,,奒,-,娸榓揷巗旜惗挰偺戄抧亂924捸亃,,戝嶃晎娸榓揷巗旜惗挰4012,,,2.00,2.00,,,,3056.00,,924.44,541,2026/01/28,"2025/06/19 11:31","2026/02/24 14:26",愭暔(拠夘),,乮姅乯傾乕僉丒僩儔僗僩,-,"=""072-439-8833""",,2026.2.24丂媑揷夒偝傫偵偰惉栺,5960816
憅屔,R00175-015075,,,,嬻,傾乕僇僀僽(惉栺),柍,550000,,奒,2006擭11寧,搶戝嶃巗峳杮怴挰偺戄憅屔亂99捸亃,,戝嶃晎搶戝嶃巗峳杮怴挰6-48,,,,550000,1500000,,,338.88,330.20,99.88,5507,2025/12/04,"2025/10/20 12:06","2026/02/24 14:16",愭暔(拠夘),,姅幃夛幮僋儗傾,-,"=""06-6781-2710""",嬻桳,,5770022
揦曑(寶暔堦妵),R00175-014337,,,,嬻,傾乕僇僀僽(惉栺),柍,330000,,奒,1977擭06寧,帬夑導搶嬤峕巗敧擔巗栰乆媨挰偺戄揦曑亂116捸亃,,帬夑導搶嬤峕巗敧擔巗栰乆媨挰2-29,,,,,3.00,,,,383.49,116,2845,2025/12/04,"2024/11/13 10:57","2026/02/24 14:12",愭暔(拠夘),,惎榓搒巗奐敪姅幃夛幮,-,"=""0748-23-7165""",嬻桳,,5270026
憅屔,R00175-014774,,,,嬻,傾乕僇僀僽(惉栺),柍,687500,,奒,-,戝嶃巗梽愳嬫揷愳杒3挌栚偺戄憅屔亂136捸亃,,戝嶃晎戝嶃巗梽愳嬫揷愳杒俁挌栚4-30,4400,,1.00,2.00,,,,,450.20,136.18,5049,2025/12/04,"2025/06/03 12:52","2026/02/24 14:11",愭暔(拠夘),,媑愳廧寶姅幃夛幮,-,"=""06-6308-8145""",,"2026.2.24 彜択拞(2斣庤晄壜)

2025.10.27丂惉栺仺暅妶
丒晛捠庁仺掕庁20擭

丒嬫夋3",5320021
揦曑(寶暔堦妵),R00175-014729,,,,抸屻枹擖嫃,傾乕僇僀僽(惉栺),柍,528000,,奒,2025擭01寧,戝嶃巗搶廧媑嬫徠働媢栴揷1挌栚偺戄揦曑亂43捸亃,,戝嶃晎戝嶃巗搶廧媑嬫徠働媢栴揷侾挌栚2-16,,,6.00,,,,,171.77,144.92,43.83,12045,2025/12/04,"2025/05/20 14:36","2026/02/24 14:10",愭暔(拠夘),,敧廏寶愝,-,"=""06-6699-9310""",嬻桳,,5460021
揦曑(寶暔堦妵),R00175-015208,,,,嬻,岞奐壜,柍,572000,,奒,1988擭10寧,嶄巗惣嬫昹帥慏旜挰搶2挌偺戄揦曑亂168捸亃,,戝嶃晎嶄巗惣嬫昹帥慏旜挰搶俀挌256,,,2.00,2.00,,,,366.04,557.55,168.65,3392,2026/06/05,"2025/12/15 10:56","2026/02/24 14:08",愭暔(拠夘),,僗僞乕晄摦嶻姅幃夛幮,-,"=""0725-45-5050""",嬻桳,"2026.2.24
丒捓椏丗99枩墌仺57.2枩墌",5928341
憅屔,R00175-014856,,,,嬻,傾乕僇僀僽(惉栺),柍,550000,,奒,-,暫屔導恄屗巗惣嬫敟扟挰暉扟偺戄憅屔亂123捸亃,,暫屔導恄屗巗惣嬫敟扟挰暉扟685,,,2.00,1.00,,,,,414.22,125.3,4390,2026/02/17,"2025/07/01 15:09","2026/02/24 12:11",愭暔(拠夘),,嶰婎寶愝姅幃夛幮,-,"=""06-6304-0999""",嬻桳,"2025.10.28
丒捓椏丗49.5枩墌仺38.5枩墌",6512233
憅屔,R00175-014951,,,,巊梡拞,傾乕僇僀僽(惉栺),柍,440000,,奒,1988擭01寧,暫屔導恄屗巗惣嬫拞栰1挌栚偺戄憅屔亂53捸亃,,暫屔導恄屗巗惣嬫拞栰侾挌栚20-3,,,1.00,1.00,,,,,178.45,53.98,8151,2025/12/02,"2025/08/20 11:33","2026/02/24 11:58",愭暔(拠夘),,僄僗儕儞僋乮姅乯,-,"=""078-926-1335""",嬻桳,"2026.2.24丂彜択拞(2斣庤晄壜)

2025.12.2丂惉栺仺暅妶",6512136
戄抧,R00175-015101,,,,峏抧,傾乕僇僀僽(惉栺),柍,400000,,奒,-,嫗搒晎敧敠巗敧敠悈噙偺戄抧亂365捸亃,,嫗搒晎敧敠巗敧敠悈噙53-1,,,,,3.00,,,1209.00,,365.72,1094,2025/12/02,"2025/10/28 13:12","2026/02/24 11:07",愭暔(拠夘),,娵旽寶愝乮姅乯嫗揷曈塩嬈強,-,"=""0774-66-4141""",,"怽崬偁傝丄俀斣庤埬撪晄壜
丒廧強丗悈噙53-1丄53-4丄54-1",6148053
戄抧,R00175-014764,,,,峏抧,岞奐壜,柍,500000,,奒,-,愹撿巗怣払杚栰偺戄抧亂606捸亃,,戝嶃晎愹撿巗怣払杚栰575,,,,1.00,3.00,,,2006.00,,606.81,824,2026/08/03,"2025/06/02 11:37","2026/02/19 17:02",愭暔(拠夘),,姅幃夛幮嶰垽,-,"=""072-484-1355""",,丒廧強丗怣払杚栰574丄573丄575,5900522
憅屔,R00175-015334,,,,巊梡拞,岞奐壜,柍,1020000,,1奒,1972擭05寧,暫屔導恄屗巗搶撳嬫屼塭杮挰5挌栚偺戄憅屔亂185捸亃,,暫屔導恄屗巗搶撳嬫屼塭杮挰俆挌栚1-22,,,6.00,3.00,,,,,613.41,185.55,5497,2026/08/03,"2026/02/18 11:21","2026/02/18 16:27",愭暔(拠夘),,乮姅乯僒僓儞儌乕儖榋峛,奓徖,"=""078-841-4146""",,丒1奒堦嬫夋,6580046
揦曑帠柋強(寶暔堦妵),R00175-015057,,,,嬻,岞奐壜,柍,880000,,奒,1989擭01寧,暫屔導恄屗巗挿揷嬫戝捤挰7挌栚偺戄揦曑丒帠柋強亂121捸亃,,暫屔導恄屗巗挿揷嬫戝捤挰俈挌栚1-5,,,1.00,2.00,,,,,400.00,121,7273,2026/06/01,"2025/10/07 14:55","2026/02/18 16:17",愭暔(拠夘),,乮姅乯偄偯傒彜夛,-,"=""078-646-8288""",嬻桳,捓椏DOWN110枩佀88枩丂2026.2.18,6530811
岺応,R00175-014815,,,,,傾乕僇僀僽(惉栺),柍,660000,,奒,-,戝嶃巗掃尒嬫崱捗杒4挌栚偺戄岺応亂130捸亃,,戝嶃晎戝嶃巗掃尒嬫崱捗杒係挌栚12-7,,,,2.00,6.00,,,228.37,432.05,130.69,5050,2025/12/09,"2025/06/19 11:04","2026/02/18 09:49",愭暔(拠夘),,姅幃夛幮僕乕僾儖,-,"=""06-4300-3494""",,仸抧恾偼惓妋偱偼偁傝傑偣傫丅妋擣偍婅偄偟傑偡丅佀尰丗娵幁嶻嬈噴偺岺応,5380041
憅屔,R00175-014813,,,,,傾乕僇僀僽(惉栺),柍,1177000,,奒,1972擭07寧,戝嶃巗暉搰嬫戝奐4挌栚偺戄憅屔亂140捸亃,,戝嶃晎戝嶃巗暉搰嬫戝奐係挌栚4-1,,,,,6.00,,,,465.03,140.67,8368,2026/02/17,"2025/06/19 10:35","2026/02/17 14:45",愭暔(拠夘),,姅幃夛幮僩僠僞僥價儖僨傿儞僌,-,"=""06-6975-7780""",,丒1奒晹暘,5530007
憅屔,R00175-015186,,,,巊梡拞,傾乕僇僀僽(惉栺),柍,770000,,奒,1966擭11寧,暫屔導恄屗巗挿揷嬫姟憯搰挰1挌栚偺戄憅屔亂156捸亃,,暫屔導恄屗巗挿揷嬫姟憯搰挰侾挌栚1-56,,,3.00,1.00,,,22000,,516.00,156.09,4934,2025/12/02,"2025/12/02 14:52","2026/02/17 11:51",愭暔(拠夘),,,-,"=""090-1576-5779""",,,6530033
憅屔,R00175-015047,,,,,傾乕僇僀僽(惉栺),柍,1650000,,奒,1987擭07寧,暫屔導恄屗巗挿揷嬫姟憯搰挰1挌栚偺戄憅屔亂412捸亃,,暫屔導恄屗巗挿揷嬫姟憯搰挰侾挌栚1-33,,,3.00,,,,,1145.23,1365.12,412.94,3996,2025/12/16,"2025/10/02 10:44","2026/02/17 11:47",愭暔(拠夘),,乮姅乯僥儞億僗丂嶰媨杮晹,-,"=""078-391-9088""",嬻桳,丒1-2奒晹暘,6530033
憅屔,R00175-015048,,,,,傾乕僇僀僽(惉栺),柍,1320000,,1奒,1987擭07寧,暫屔導恄屗巗挿揷嬫姟憯搰挰1挌栚偺戄憅屔亂206捸亃,,暫屔導恄屗巗挿揷嬫姟憯搰挰侾挌栚1-33,,,3.00,,,,,1145.23,682.56,206.47,6394,2025/12/16,"2025/10/02 11:04","2026/02/17 11:47",愭暔(拠夘),,乮姅乯僥儞億僗丂嶰媨杮晹,-,"=""078-391-9088""",嬻桳,丒1奒晹暘,6530033
岺応,R00175-014374,,,,嬻,傾乕僇僀僽(惉栺),柍,2090000,,奒,1985擭02寧,搶戝嶃巗擁崻2挌栚偺戄岺応亂461捸亃,,戝嶃晎搶戝嶃巗擁崻俀挌栚5-12,,,,,5000000,,,725.30,1525.18,461.36,4531,2025/12/10,"2024/11/29 13:20","2026/02/17 11:18",愭暔(拠夘),,姅幃夛幮斅憅晄摦嶻,-,"=""072-965-0505""",,"2025.6.23丂惉栺仺暅妶
丒捓椏丗275枩墌仺209枩墌
丒曐徹嬥丗600枩墌仺500枩墌",5770006
憅屔,R00175-014763,,,,嬻,傾乕僇僀僽(惉栺),柍,297000,,奒,1969擭06寧,暫屔導昉楬巗敀昹挰偺戄憅屔亂97捸亃,,暫屔導昉楬巗敀昹挰402-363,,,3.00,2.00,,,,,323.72,97.92,3033,2025/12/15,"2025/06/02 11:22","2026/02/17 11:16",愭暔(拠夘),,乮桳乯偍偐偺晄摦嶻,-,"=""079-229-9229""",嬻桳,"2025.10.15
丒捓椏丗36.3枩墌仺29.7枩墌",6728023
憅屔,R00175-015094,,,,嬻,傾乕僇僀僽(惉栺),柍,316800,,奒,2007擭10寧,搶戝嶃巗惣掔杮捠搶2挌栚偺戄憅屔亂35捸亃,,戝嶃晎搶戝嶃巗惣掔杮捠搶俀挌栚7-4,,,1.00,2.00,,,,,119.00,35.99,8801,2025/12/10,"2025/10/23 11:13","2026/02/17 11:05",愭暔(拠夘),,姅幃夛幮嫽塰彜帠,-,"=""06-6783-5136""",嬻桳,,5770045
憅屔,R00175-015104,,,,巊梡拞,傾乕僇僀僽(惉栺),柍,800000,,1奒,1983擭02寧,奓捤巗搶嶳2挌栚偺戄憅屔亂353捸亃,,戝嶃晎奓捤巗搶嶳俀挌栚11-2,,,,,5.00,,,1982.30,1167.39,353.13,2266,2025/12/15,"2025/10/30 11:17","2026/02/17 10:46",愭暔(拠夘),,姅幃夛幮僩僠僞僥價儖僨傿儞僌,-,"=""06-6975-7780""",嬻桳,"2025.12.15丂惉栺仺暅妶
丒尦晅丗嫤塰抧寶仺僩僠僞僥價儖僨傿儞僌",5970046
憅屔,R00175-015177,,,,,傾乕僇僀僽(惉栺),柍,330000,,奒,-,庣岥巗戝擔挰4挌栚偺戄憅屔亂56捸亃,,戝嶃晎庣岥巗戝擔挰係挌栚14-14,,,,,10.00,,,,187.31,56.66,5825,2025/12/01,"2025/12/01 10:38","2026/02/17 10:45",愭暔(拠夘),,姅幃夛幮僩僠僞僥價儖僨傿儞僌,-,"=""06-6975-7780""",,,5700003
憅屔,R00175-014917,,,,嬻,傾乕僇僀僽(惉栺),柍,792000,,奒,2002擭11寧,榓壧嶳導榓壧嶳巗崟揷偺戄憅屔亂120捸亃,,榓壧嶳導榓壧嶳巗崟揷174-3,,,4320000,1584000,,,,694.11,397.54,120.25,6586,2025/12/09,"2025/07/28 10:57","2026/02/17 10:39",愭暔(拠夘),,姅幃夛幮僀儅僗丂棳捠帠嬈晹,栰悾丗080-7577-8761,"=""06-6209-7373""",嬻桳,,6408341
岺応,R00175-014958,,,,嬻,傾乕僇僀僽(惉栺),柍,2310000,,奒,2002擭04寧,嫗搒晎塅帯巗隊搰挰愇嫶偺戄岺応亂538捸亃,,嫗搒晎塅帯巗隊搰挰愇嫶4-8,,,6.00,2.00,,,,826.00,1781.26,538.83,4288,2025/12/09,"2025/08/25 12:47","2026/02/17 10:39",愭暔(拠夘),,姅幃夛幮僀儅僗丂棳捠帠嬈晹,-,"=""06-6209-7373""",嬻桳,,6110041
憅屔,R00175-015187,,,,巊梡拞,傾乕僇僀僽(惉栺),柍,1210000,,奒,2003擭02寧,嫗搒晎嫗搒巗暁尒嬫壓捁塇忋嶰惒挰偺戄憅屔亂167捸亃,,嫗搒晎嫗搒巗暁尒嬫壓捁塇忋嶰惒挰109,,,6.00,2.00,,,,,553.16,167.33,7232,2025/12/02,"2025/12/02 15:02","2026/02/17 10:39",愭暔(拠夘),,姅幃夛幮僀儅僗丂棳捠帠嬈晹,-,"=""06-6209-7373""",嬻桳,丒B搹,6128248
憅屔,R00175-015195,,,,巊梡拞,傾乕僇僀僽(惉栺),柍,1980000,,1奒,1976擭09寧,暫屔導惣媨巗柭旜昹2挌栚偺戄憅屔亂300捸亃,,暫屔導惣媨巗柭旜昹俀挌栚14,,,10800000,3520000,,,,,994.80,300.92,6580,2025/12/09,"2025/12/09 11:28","2026/02/17 10:38",愭暔(拠夘),,姅幃夛幮僀儅僗丂棳捠帠嬈晹,-,"=""06-6209-7373""",嬻桳,,6638142
戄抧,R00175-015318,,,,峏抧,岞奐壜,柍,880000,,奒,-,奓捤巗嶰僣徏偺戄抧亂679捸亃,,戝嶃晎奓捤巗嶰僣徏1937-2,,,2.00,2.00,,,,2246.44,,679.54,1295,2026/07/24,"2026/02/06 13:23","2026/02/16 09:14",愭暔(拠夘),,傾僀儂乕儉,-,"=""072-451-5400""",,,5970105
憅屔,R00175-015332,,,,嬻,岞奐壜,柍,350000,,1奒,1969擭01寧,暫屔導恄屗巗惣嬫埳愳扟挰晍巤敤偺戄憅屔亂49捸亃,,暫屔導恄屗巗惣嬫埳愳扟挰晍巤敤987,,,2.00,2.00,,,,,164.00,49.61,7056,2026/06/05,"2026/02/13 14:18","2026/02/13 15:40",愭暔(拠夘),,桳尷夛幮戝岝僄僗僥乕僩,-,"=""0798-48-1107""",嬻桳,,6512101
憅屔,R00175-015095,,,,巊梡拞,岞奐壜,柍,1397000,,奒,1973擭12寧,嶄巗嶄嬫嵒摴挰3挌偺戄憅屔亂353捸亃,,戝嶃晎嶄巗嶄嬫嵒摴挰俁挌6-12,,,3.00,1.00,,,,,1167.36,353.12,3957,2026/07/22,"2025/10/24 11:02","2026/02/10 17:03",愭暔(拠夘),,姅幃夛幮僩僠僞僥價儖僨傿儞僌,-,"=""06-6975-7780""",,捓椏DOWN侾俉侽枩佀139.7枩丂2026.2.10,5900002
憅屔,R00175-014888,,,,嬻,岞奐壜,柍,2000000,,奒,2004擭10寧,戝嶃巗杒嬫惣揤枮4挌栚偺戄憅屔亂146捸亃,,戝嶃晎戝嶃巗杒嬫惣揤枮係挌栚12-16,,,,,2.00,,,152.55,484.29,146.49,13653,2026/07/14,"2025/07/17 13:41","2026/02/10 16:39",愭暔(拠夘),,傾僾僩晄摦嶻姅幃夛幮,-,"=""06-6252-0020""",,"2026.1.20
丒捓椏丗280枩墌仺200枩墌

俀侽俀俆丒俋丆侾侾仺300枩墌仺280枩墌",5300047
揦曑帠柋強(寶暔堦妵),R00175-015163,,,,嬻,傾乕僇僀僽(惉栺),柍,319000,,奒,2025擭03寧,戝嶃巗垻攞栰嬫旤復墍2挌栚偺戄揦曑丒帠柋強亂19捸亃,,戝嶃晎戝嶃巗垻攞栰嬫旤復墍俀挌栚12-6,,7700,3.00,2.00,,,,170.77,66.08,19.98,15959,2025/12/09,"2025/11/20 11:25","2026/02/09 18:02",愭暔(拠夘),,嬤揝晄摦嶻乮姅乯傾僙僢僩帠嬈杮晹,-,"=""06-6776-3040""",嬻桳,丒1崋幒,5450003
戄抧,R00175-015216,,,,峏抧,傾乕僇僀僽(惉栺),柍,300000,,奒,-,嫗搒晎嫗搒巗暁尒嬫媣変惣弌挰偺戄抧亂195捸亃,,嫗搒晎嫗搒巗暁尒嬫媣変惣弌挰13-124,,,1200000,,,,,647.38,,195.83,1532,2026/02/09,"2025/12/16 13:10","2026/02/09 17:22",愭暔(拠夘),,乮姅乯僩儔僗僩儂乕儉,-,"=""075-935-1400""",,"2026.1.14 怽偟崬傒1審偁傝乮徏杮尦晅偵妋擣乯",6128496
憅屔,R00175-015314,,,,嬻,岞奐壜,柍,308000,,奒,1972擭07寧,戝嶃巗杒嬫朙嶈6挌栚偺戄憅屔亂39捸亃,,戝嶃晎戝嶃巗杒嬫朙嶈俇挌栚8-22,,,,432000,200000,,,,129.00,39.02,7893,2026/07/21,"2026/02/05 15:03","2026/02/09 09:23",愭暔(拠夘),,乮姅乯儕僢僾儖,-,"=""06-6359-5590""",柍,丒1-2奒晹暘,5310072
揦曑帠柋強(寶暔堦妵),R00175-014412,,,,嬻,岞奐壜,柍,450000,,奒,1998擭07寧,嫗搒晎栘捗愳巗栘捗戝師偺戄揦曑丒帠柋強亂50捸亃,,嫗搒晎栘捗愳巗栘捗戝師44-1,,,2.00,1.00,,,,,167.44,50.65,8885,2026/08/03,"2024/12/17 13:20","2026/02/06 17:45",愭暔(拠夘),,傾僔僗僩儂乕儉乮姅乯杮揦,-,"=""0742-70-6868""",嬻桳,侾斣庤偼偁傞偑丄徯夘壜擻丂2026.2.6,6190214
岺応,R00175-015164,,,,嬻,岞奐壜,柍,1430000,,奒,1967擭05寧,戝嶃巗惣梽愳嬫栰棦3挌栚偺戄岺応亂189捸亃,,戝嶃晎戝嶃巗惣梽愳嬫栰棦俁挌栚6-6,,,3900000,,,,,662.41,628.08,189.99,7527,2026/07/10,"2025/11/21 12:01","2026/02/06 17:28",愭暔(拠夘),,乮姅乯擔寶廧戭僒乕價僗,-,"=""06-6477-7705""",柍,捓椏DOWN165枩佀143枩丂2026.2.6,5550024
憅屔,R00175-015219,,,,巊梡拞,傾乕僇僀僽(惉栺),柍,605000,,奒,-,搶戝嶃巗廰愳挰2挌栚偺戄憅屔亂132捸亃,,戝嶃晎搶戝嶃巗廰愳挰俀挌栚1-17,,,2.00,2.00,,,,,438.96,132.78,4557,2025/12/18,"2025/12/18 10:36","2026/02/06 12:07",愭暔(拠夘),,崌摨夛幮丂俴倝倎倣,-,"=""072-260-9605""",嬻桳,,5770836
憅屔,R00175-015128,,,,嬻,傾乕僇僀僽(惉栺),柍,330000,,1奒,1993擭04寧,暫屔導恄屗巗搶撳嬫屼塭2挌栚偺戄憅屔亂36捸亃,,暫屔導恄屗巗搶撳嬫屼塭俀挌栚10-20,,,2.00,2.00,,,,,120.00,36.3,9091,2025/11/07,"2025/11/07 12:58","2026/02/06 09:33",愭暔(拠夘),,乮姅乯恄屗杒栰嫽嶻,-,"=""078-331-3010""",嬻桳,"2025.11.14 彜択拞(2斣庤庴晅搒搙梫妋擣)",6580047
憅屔,R00175-015312,,,,嬻,岞奐壜,柍,390500,,1奒,1978擭03寧,撧椙導杒妺忛孲峀椝挰戝帤屆帥偺戄憅屔亂141捸亃,,撧椙導杒妺忛孲峀椝挰戝帤屆帥546,,,,,2.00,,,,469.42,141.99,2751,2026/06/12,"2026/02/05 14:20","2026/02/06 09:31",愭暔(拠夘),,價僆僄僗僩乮姅乯,嶳杮,"=""072-268-2039""",,丒応強丗僌乕僌儖儅僢僾偱偼屆帥570,6350815
憅屔,R00175-015076,,,,,傾乕僇僀僽(惉栺),柍,770000,,奒,1974擭12寧,撿壨撪孲懢巕挰戝帤懢巕偺戄憅屔亂420捸亃,,戝嶃晎撿壨撪孲懢巕挰戝帤懢巕222-1,,,3.00,1.00,,,,3850.57,1388.91,420.14,1833,2026/01/09,"2025/10/20 13:13","2026/02/04 09:54",愭暔(拠夘),,姅幃夛幮僩僠僞僥價儖僨傿儞僌,-,"=""06-6975-7780""",嬻桳,40ft僐儞僥僫壜偲偺偙偲乮尦晅傛傝乯,5830995
岺応,R00175-014450,,,,巊梡拞,傾乕僇僀僽(惉栺),柍,440000,,奒,1985擭01寧,戝嶃巗暯栰嬫壛旤惓妎帥4挌栚偺戄岺応亂120捸亃,,戝嶃晎戝嶃巗暯栰嬫壛旤惓妎帥係挌栚4-33,,,,,1500000,,,,399.60,120.87,3641,2025/05/22,"2025/01/10 12:11","2026/02/03 10:33",愭暔(拠夘),,僟僀僐乕廧戭斕攧,-,"=""072-877-2727""",,2025.4.11丂彜択拞,5470006
憅屔,R00175-015025,,,,,傾乕僇僀僽(惉栺),柍,715000,,奒,-,戝嶃巗搶梽愳嬫惣扺楬6挌栚偺戄憅屔亂100捸亃,,戝嶃晎戝嶃巗搶梽愳嬫惣扺楬俇挌栚4-111,,,,,,,,,330.58,100,7150,2025/11/10,"2025/09/24 11:37","2026/02/02 10:40",愭暔(拠夘),,乮姅乯價儖僶儞僋,椦丂捈恖,"=""06-7637-6363""",嬻桳,"丒杒1崋
仸抧恾偼惓妋偱偼偁傝傑偣傫丅妋擣偍婅偄偟傑偡丅
暔妋FAX憲怣嵪 2025.11.7",5330031
憅屔,R00175-015249,,,,嬻,岞奐壜,柍,660000,,1奒,1988擭01寧,栧恀巗杒憙杮挰偺戄憅屔亂54捸亃,,戝嶃晎栧恀巗杒憙杮挰21-6,,,,1.00,3.00,,,,179.70,54.35,12142,2026/07/24,"2026/01/06 13:05","2026/01/30 17:32",愭暔(拠夘),,乮姅乯嫤榓晄摦,-,"=""072-881-8177""",嬻桳,,5710073
憅屔,R00175-014662,,,,嬻,傾乕僇僀僽(惉栺),柍,0,,奒,1973擭07寧,搶戝嶃巗惣愇愗挰係挌栚偺戄憅屔亂1000捸亃,,戝嶃晎搶戝嶃巗惣愇愗挰係挌栚3-35,,,,,,,,4297.52,3305.78,999.99,,2026/01/26,"2025/04/23 11:25","2026/01/30 11:01",帺幮,堦斒攠夘,姅幃夛幮僙儞僠儏儕乕僟僀僜乕,搰杮,"=""06-6136-0555""",嬻桳,"捓椏丗捸4,300墌戄",5798013
揦曑帠柋強(寶暔堦妵),R00175-014795,,,,嬻,傾乕僇僀僽(惉栺),柍,440000,,奒,1990擭06寧,敧旜巗惵嶳挰2挌栚偺戄揦曑丒帠柋強亂84捸亃,,戝嶃晎敧旜巗惵嶳挰俀挌栚1-14,,,,1.00,3.00,,,152.06,279.33,84.49,5208,2025/11/26,"2025/06/10 11:07","2026/01/30 09:58",愭暔(拠夘),,屔杮彜帠乮姅乯,-,"=""070-9024-1603""",嬻桳,,5810018
憅屔,R00175-015079,,,,嬻,傾乕僇僀僽(惉栺),柍,2200000,,奒,1988擭01寧,戝嶃巗暯栰嬫挿媑挿尨搶3挌栚偺戄憅屔亂487捸亃,,戝嶃晎戝嶃巗暯栰嬫挿媑挿尨搶俁挌栚1-28,,,3.00,1.00,,,,1052.85,1611.83,487.57,4513,2025/11/13,"2025/10/20 14:12","2026/01/30 09:56",愭暔(拠夘),,嶰婎寶愝乮姅乯,-,"=""06-6304-0999""",嬻桳,2026.1.30丂彜択拞(俀斣庤晄壜),5470013
戄抧,R00175-015291,,,,,岞奐壜,柍,1070000,,奒,-,榓愹巗壀挰偺戄抧亂560捸亃,,戝嶃晎榓愹巗壀挰272-1,,,,3.00,2.00,,,1854.00,,560.83,1908,2026/07/17,"2026/01/22 13:20","2026/01/30 09:30",愭暔(拠夘),,乮姅乯儐乕儕乕僌,-,"=""0725-57-2010""",,,5941128
揦曑(寶暔堦妵),R00175-015273,,,,嬻,岞奐壜,柍,3278000,,1奒,2021擭11寧,榓壧嶳導婭偺愳巗暡壨偺戄揦曑亂427捸亃,,榓壧嶳導婭偺愳巗暡壨941,,,6.00,,,,,6840.79,1413.74,427.65,7666,2026/06/05,"2026/01/14 14:25","2026/01/30 09:27",愭暔(拠夘),,乮姅乯儔僀僽儕乕僩,-,"=""073-463-4838""",嬻桳,,6496531
戄抧,R00175-015232,,,,,岞奐壜,柍,357800,,奒,-,榓壧嶳導榓壧嶳巗惣揷堜偺戄抧亂357捸亃,,榓壧嶳導榓壧嶳巗惣揷堜355-1,,,716000,358000,,,,1183.00,,357.85,1000,2026/06/05,"2025/12/23 11:36","2026/01/30 09:15",愭暔(拠夘),,乮姅乯僄乕僪丒儔僀僼,-,"=""072-280-6681""",,,6496335
憅屔,R00175-015184,,,,巊梡拞,傾乕僇僀僽(惉栺),柍,1650000,,奒,1987擭04寧,敧旜巗拞揷1挌栚偺戄憅屔亂547捸亃,,戝嶃晎敧旜巗拞揷侾挌栚31,,,1.00,2.00,,,,907.78,1811.20,547.88,3012,2025/12/02,"2025/12/02 14:14","2026/01/28 17:03",愭暔(拠夘),,乮姅乯僄乕僗晄摦嶻斕攧,-,"=""06-6776-2608""",,,5810014
憅屔,R00175-015218,,,,巊梡拞,傾乕僇僀僽(惉栺),柍,1100000,,奒,-,嶄巗旤尨嬫懡帯堜偺戄憅屔亂317捸亃,,戝嶃晎嶄巗旤尨嬫懡帯堜323-2,,,2.00,2.00,,,,,1050.06,317.64,3464,2025/12/18,"2025/12/18 10:20","2026/01/28 13:23",愭暔(拠夘),,乮姅乯傾儔僀償丒僂僄儖,-,"=""06-6372-0050""",嬻桳,丒廧強丗懡帯堜323-2丄353丄354-1,5870012
憅屔,R00175-014640,,,,巊梡拞,傾乕僇僀僽(惉栺),柍,770000,,奒,2020擭08寧,暫屔導擈嶈巗撿晲屔擵憫1挌栚偺戄憅屔亂64捸亃,,暫屔導擈嶈巗撿晲屔擵憫侾挌栚23-8,,,4200000,,,,,,211.82,64.07,12018,2026/01/26,"2025/04/14 11:38","2026/01/27 17:55",愭暔(拠夘),,僽儔僀僩儂乕儉姅幃夛幮,-,"=""06-4962-6930""",嬻桳,"2026.1.26丂惉栺仺暅妶

2026.1.27 惉栺嵪傒乮徏杮妋擣乯",6610033
戄抧,R00175-015214,,,,峏抧,傾乕僇僀僽(惉栺),柍,1100000,,奒,-,戝嶃巗垻攞栰嬫嶃撿挰7挌栚偺戄抧亂288捸亃,,戝嶃晎戝嶃巗垻攞栰嬫嶃撿挰俈挌栚5,,,,,,,,955.37,,288.99,3807,2025/12/23,"2025/12/16 11:37","2026/01/27 15:29",愭暔(拠夘),,愊悈僴僂僗晄摦嶻娭惣乮姅乯僐儞僒儖僥傿儞僌戞擇塩嬈強,-,"=""06-6440-3793""",,"2025.12.23丂1幮専摙拞偺婇嬈偑偄傞傛偆偱偡(怽偟崬傒偼傑偩偺偨傔忬嫷搒搙梫妋擣)丅

丒応強丗僌乕僌儖儅僢僾偱偼丄嶃撿挰7挌栚5-16乮戝徠搒惢嶌強乯",5450021
戄抧,R00175-015019,,,,,傾乕僇僀僽(惉栺),柍,660000,,奒,-,戝嶃巗梽愳嬫怴崅4挌栚偺戄抧亂124捸亃,,戝嶃晎戝嶃巗梽愳嬫怴崅係挌栚1-45,,,1.00,2.00,,,,410.70,,124.23,5313,2025/11/17,"2025/09/19 14:16","2026/01/27 14:01",愭暔(拠夘),,僸僫僞娗棟僒乕價僗,媨杮丂徍峗,"=""090-6677-8872""",,,5320033
憅屔,R00175-015159,,,,嫃廧拞,傾乕僇僀僽(惉栺),柍,440000,,奒,1976擭04寧,戝嶃巗暯栰嬫壛旤惓妎帥1挌栚偺戄憅屔亂185捸亃,,戝嶃晎戝嶃巗暯栰嬫壛旤惓妎帥侾挌栚23-4,,,1.00,3.00,,,,,614.40,185.85,2368,2025/11/18,"2025/11/18 13:54","2026/01/27 13:42",愭暔(拠夘),,乮姅乯俶俤倃俿俽俿俙俧俤,-,"=""06-6227-8800""",嬻桳,,5470006
憅屔,R00175-014738,,,,嬻,傾乕僇僀僽(惉栺),柍,950000,,奒,1987擭01寧,戝嶃巗廧擵峕嬫杒壛夑壆4挌栚偺戄憅屔亂154捸亃,,戝嶃晎戝嶃巗廧擵峕嬫杒壛夑壆係挌栚7-12,,,1.00,1.00,,,,,510.11,154.3,6157,2026/01/27,"2025/05/26 11:12","2026/01/27 13:32",愭暔(拠夘),,姅幃夛幮搶榓僗僥乕僕,媨暉,"=""070-6683-9777""",嬻桳,"2025.12.19
丒捓椏丗115枩墌仺95枩墌
丒尦晅丗(姅)傾乕儖僀乕儔儃仺(姅)搶榓僗僥乕僕

2025.10.14丂曄峏
丒捓椏丗135枩墌仺115枩墌(惻崬傒)
丒宊栺宍懺丗掕庁仺晛捠庁",5590011
憅屔,R00175-015155,,,,嬻,傾乕僇僀僽(惉栺),柍,715000,,奒,1961擭01寧,戝嶃巗拞墰嬫徏壆挰偺戄憅屔亂195捸亃,,戝嶃晎戝嶃巗拞墰嬫徏壆挰7-16,,,2.00,2.00,,,,180.52,647.28,195.8,3652,2025/11/18,"2025/11/18 11:47","2026/01/27 13:14",愭暔(拠夘),,乮桳乯僴僂僗僩儔僗僩,媑揷,"=""090-8797-4907""",柍,,5420067
戄抧,R00175-015286,,,,峏抧,岞奐壜,柍,200000,,奒,-,暫屔導崅嵒巗垻栱懮挰撿抮偺戄抧亂597捸亃,,暫屔導崅嵒巗垻栱懮挰撿抮97,,,,1.00,,,,1976.00,,597.74,335,2026/06/23,"2026/01/21 18:02","2026/01/27 10:54",帺幮,堦斒攠夘,姅幃夛幮僙儞僠儏儕乕僟僀僜乕,媑揷夒,"=""06-6136-0555""",,,6760824
憅屔,R00175-015142,,,,,岞奐壜,柍,1650000,,奒,1984擭08寧,栧恀巗孠嵥怴挰偺戄憅屔亂367捸亃,,戝嶃晎栧恀巗孠嵥怴挰26-3,,,4.00,2.00,,,,1863.87,1215.10,367.56,4489,2026/06/19,"2025/11/13 13:02","2026/01/27 10:36",愭暔(拠夘),,乮姅乯儘僕僼傽僋僞乕,-,"=""06-7712-8090""",,"2026.1.27丂
丒捓椏丗198枩墌仺165枩墌",5710043
憅屔,R00175-014069,,,,嬻,岞奐壜,柍,1430000,,奒,1989擭04寧,搶戝嶃巗攼揷搶挰偺戄憅屔亂332捸亃,,戝嶃晎搶戝嶃巗攼揷搶挰3-24,,,,,7800000,,,834.90,1098.84,332.39,4303,2026/07/08,"2024/07/05 13:51","2026/01/27 10:29",愭暔(拠夘),,乮姅乯價儖僶儞僋,-,"=""06-7637-6363""",嬻桳,"2026.1.27丂惉栺仺暅妶
丒捓椏丗110枩墌仺143枩墌

2025.2.6彜択拞
2025.1.15彜択拞",5770833
揦曑帠柋強(寶暔堦妵),R00175-015287,,,,嬻,岞奐壜,柍,770000,,奒,1987擭07寧,嫗搒晎嫗搒巗塃嫗嬫懢恅怷働搶挰偺戄揦曑丒帠柋強亂130捸亃,,嫗搒晎嫗搒巗塃嫗嬫懢恅怷働搶挰21,,,,,6.00,,1.00,307.46,430.33,130.17,5916,2026/08/03,"2026/01/22 11:42","2026/01/27 09:09",愭暔(拠夘),,乮姅乯僴僂僘,-,"=""075-223-2700""",嬻桳,,6168102
憅屔,R00175-015239,,,,,岞奐壜,柍,957000,,奒,1973擭10寧,嫗搒晎嫗搒巗塃嫗嬫攡働敤婽愇挰偺戄憅屔亂113捸亃,,嫗搒晎嫗搒巗塃嫗嬫攡働敤婽愇挰4-1,,,3.00,1.00,,,,5719.49,375.00,113.43,8437,2026/06/23,"2025/12/24 11:30","2026/01/27 08:58",愭暔(拠夘),,乮姅乯儅僣僉,-,"=""072-675-3330""",,,6168297
戄抧,R00175-015255,,,,,岞奐壜,柍,338400,,奒,-,帬夑導憪捗巗巙撨拞挰偺戄抧亂564捸亃,,帬夑導憪捗巗巙撨拞挰,,,,,,,,1865.00,,564.16,600,2026/07/31,"2026/01/07 13:20","2026/01/27 08:54",愭暔(拠夘),,僟僀儚晄摦嶻乮姅乯杮幮,-,"=""077-524-8075""",,,5250006
岺応,R00175-015061,,,,巊梡拞,傾乕僇僀僽(惉栺),柍,275000,,奒,1986擭11寧,搶戝嶃巗曮挰偺戄岺応亂50捸亃,,戝嶃晎搶戝嶃巗曮挰15-10,,,4.00,2.00,,,,165.33,167.74,50.74,5420,2025/10/09,"2025/10/09 10:12","2026/01/26 17:27",帺幮,堦斒攠夘,姅幃夛幮僙儞僠儏儕乕僟僀僜乕,搰杮,"=""06-6136-0555""",嬻桳,扴摉丗搰杮偝傫,5798025
憅屔,R00175-014634,,,,嬻,傾乕僇僀僽(惉栺),柍,990000,,奒,2021擭03寧,搶戝嶃巗媑揷俀挌栚偺戄憅屔亂103捸亃,,戝嶃晎搶戝嶃巗媑揷俀挌栚5-25,,22000,2.00,2.00,,,,330.00,343.38,103.87,9531,2026/01/26,"2025/04/10 18:11","2026/01/26 17:25",帺幮,愱擟攠夘,姅幃夛幮僙儞僠儏儕乕僟僀僜乕,搰杮,"=""06-6136-0555""",,"2025.12.16丂嬈庬丗栰媴嫵幒OK

捓椏丗侾俁俀枩墌乮惻崬乯佀99枩乮惻崬傒乯捓椏DOWN丂2025.12.8

晘嬥丗係僇寧佀俀僇寧丂2026.1.15",5780924
揦曑(寶暔堦妵),R00175-014590,,,,嬻,傾乕僇僀僽(惉栺),柍,880000,,奒,2004擭03寧,嫗搒晎媣悽孲媣屼嶳挰栰懞懞搶偺戄揦曑亂177捸亃,,嫗搒晎媣悽孲媣屼嶳挰栰懞懞搶417-1,,,,,6.00,,,1094.64,586.85,177.52,4958,2025/11/26,"2025/03/21 13:49","2026/01/26 15:39",愭暔(拠夘),,姅幃夛幮戝搒僾儔儞僯儞僌,-,"=""075-321-6030""",嬻桳,"2025.9.10丂惉栺仺暅妶
丒捓椏丗110枩墌仺88枩墌
丒尦晅丗乮姅乯僯儏乕戝搒仺姅幃夛幮戝搒僾儔儞僯儞僌",6130023
憅屔,R00175-015115,,,,嬻,傾乕僇僀僽(惉栺),柍,550000,,奒,1991擭05寧,搶戝嶃巗怴壠拞挰偺戄憅屔亂110捸亃,,戝嶃晎搶戝嶃巗怴壠拞挰58-5,,,1.00,2.00,,,,,364.00,110.11,4996,2025/11/04,"2025/11/04 11:56","2026/01/26 15:26",愭暔(拠夘),,乮姅乯恄晲摪,-,"=""06-6766-4480""",,丒応強丗僌乕僌儖儅僢僾偱偼怴壠拞挰2-35,5770027
憅屔,R00175-013916,,,,巊梡拞,傾乕僇僀僽(惉栺),柍,300000,,奒,-,暫屔導愒曚巗壛棦壆偺戄憅屔亂59捸亃,,暫屔導愒曚巗壛棦壆1120-109,,,,1.00,,,,1009.25,198.00,59.89,5009,2025/11/10,"2024/04/11 15:02","2026/01/26 14:54",愭暔(拠夘),,塰寶抸乮姅乯,-,"=""0791-45-3898""",嬻桳,"2025.11.10丂惉栺仺暅妶

2025.8.5
丒捓椏丗33枩墌仺30枩墌(惻崬傒)仸尦晅妋擣嵪傒

2025.5.2丗惉栺仺暅妶
丒捓椏丗30枩墌仺33枩墌

俀侽俀俇丏俈丏俁
捓椏俁侽枩偵曄峏",6780239
憅屔,R00175-014895,,,,巊梡拞,傾乕僇僀僽(惉栺),柍,440000,,奒,1983擭02寧,榓愹巗枩挰偺戄憅屔亂109捸亃,,戝嶃晎榓愹巗枩挰433,,,,,1200000,440000,,935.98,361.00,109.2,4030,2025/11/27,"2025/07/17 15:37","2026/01/26 14:52",愭暔(拠夘),,乮姅乯僐僗儌晄摦嶻忣曬丂撿戝嶃巟揦,-,"=""072-433-2580""",嬻桳,2025.11.27丂彜択拞(2斣庤梫憡択),5941104
揦曑(寶暔堦妵),R00175-014653,,,,嬻,傾乕僇僀僽(惉栺),柍,396000,,奒,2000擭01寧,戝嶃巗杒嬫惣揤枮3挌栚偺戄揦曑亂45捸亃,,戝嶃晎戝嶃巗杒嬫惣揤枮俁挌栚8-6,,,2.00,,,,,45.26,149.66,45.27,8748,2025/11/26,"2025/04/22 13:34","2026/01/26 14:51",愭暔(拠夘),,僐僗儌僴僂僕儞僌乮姅乯,-,"=""06-6370-8100""",,"2025.11.26
丒捓椏丗40枩墌仺39.6枩墌

2025.7.10
丒捓椏丗44枩墌仺40枩墌

2025.6.3
丒捓椏丗45.1枩墌仺44枩墌
丒楃嬥丗2僇寧仺柍偟",5300047
戄抧,R00175-015272,,,,峏抧,岞奐壜,柍,559000,,奒,-,撧椙導妺忛巗錑偺戄抧亂1118捸亃,,撧椙導妺忛巗錑218-1,,,2.00,1.00,,,,3696.00,,1118.04,500,2026/07/13,"2026/01/14 14:10","2026/01/26 09:56",愭暔(拠夘),,乮姅乯偝偔傜儂乕儉僒乕價僗,-,"=""0744-26-6510""",,"丒応強丗僌乕僌儖儅僢僾偱偼丄錑280乮埨嫃暔棳 妺忛憅屔乯偺撿懁",6392122
戄抧,R00175-015243,,,,峏抧,傾乕僇僀僽(惉栺),柍,1320000,,奒,-,嶄巗惣嬫忋栰幣挰俀挌偺戄抧亂223捸亃,,戝嶃晎嶄巗惣嬫忋栰幣挰俀挌822-1,,,,1.00,,,,739.35,,223.65,5902,2025/12/25,"2025/12/25 10:36","2026/01/23 14:47",愭暔(拠夘),,姅幃夛幮僙儞僠儏儕乕僟僀僜乕,-,"=""06-6136-0555""",,2025.12.25丂杒懞梐偐傝暔審(尦晅丗僩僠僞僥價儖僨傿儞僌條),5938301
戄抧,R00175-014008,,,,,傾乕僇僀僽(惉栺),柍,700000,,奒,-,暫屔導恄屗巗惣嬫墴晹扟挰栘尒偺戄抧亂1120捸亃,,暫屔導恄屗巗惣嬫墴晹扟挰栘尒660-1,,,,2.00,,,,3703.00,,1120.15,625,2025/11/20,"2024/06/04 14:12","2026/01/22 15:43",愭暔(拠夘),,乮姅乯働儞僔儑僂,-,"=""0798-38-1270""",嬻桳,"2026.1.22丂彜択拞(2斣庤晄壜)

2025.3.12丂90枩仺70枩偵抣壓偘

2024.10.7丂100仺90枩偵抣壓偘

2025丅9丆18仺攧傝搚抧偵偰宖嵹
壙奿丗7000枩墌",6512223
憅屔,R00175-015125,,,,嬻,傾乕僇僀僽(惉栺),柍,330000,,1奒,1990擭03寧,暫屔導柧愇巗戝媣曐挰惣搰偺戄憅屔亂60捸亃,,暫屔導柧愇巗戝媣曐挰惣搰810-5,,,1.00,1.00,,,,393.00,199.80,60.43,5461,2025/11/06,"2025/11/06 10:58","2026/01/22 15:34",愭暔(拠夘),,"姅幃夛幮Gran Homes",-,"=""079-287-3030""",嬻桳,,6740065
憅屔,R00175-014865,,,,嬻,傾乕僇僀僽(惉栺),柍,374297,,奒,1992擭01寧,戝嶃巗戝惓嬫彫椦惣1挌栚偺戄憅屔亂48捸亃,,戝嶃晎戝嶃巗戝惓嬫彫椦惣侾挌栚10-15,,,,,,,,,160.71,48.61,7700,2025/11/18,"2025/07/04 13:36","2026/01/22 15:32",愭暔(拠夘),,乮姅乯僋僆乕儗僄僗僥乕僩,-,"=""06-6121-6140""",,丒2025.11.18丂壙奿曄峏,5510013
揦曑(寶暔堦妵),R00175-015189,,,,巊梡拞,傾乕僇僀僽(惉栺),柍,550000,,1奒,2003擭07寧,戝嶃嫹嶳巗洌湮栘1挌栚偺戄揦曑亂41捸亃,,戝嶃晎戝嶃嫹嶳巗洌湮栘侾挌栚155-1,,,3000000,1000000,,,,928.92,135.54,41,13415,2025/12/04,"2025/12/04 13:46","2026/01/21 17:10",愭暔(拠夘),,乮姅乯俿俤俶俹俷丂倐倕,-,"=""072-750-2500""",嬻桳,,5890013
戄抧,R00175-015123,,,,峏抧,傾乕僇僀僽(惉栺),柍,450000,,奒,-,敧旜巗惣媩嶍1挌栚偺戄抧亂299捸亃,,戝嶃晎敧旜巗惣媩嶍侾挌栚111,,,,2.00,2.00,,,991.00,,299.77,1502,2025/11/05,"2025/11/05 14:57","2026/01/20 15:53",愭暔(拠夘),,僆僆僒僇價儖僪乮姅乯,-,"=""072-943-4313""",,,5810035
憅屔,R00175-015117,,,,嫃廧拞,傾乕僇僀僽(惉栺),柍,1540000,,奒,-,戝嶃巗惣梽愳嬫暉挰3挌栚偺戄憅屔亂200捸亃,,戝嶃晎戝嶃巗惣梽愳嬫暉挰俁挌栚1-53,,,,,12.00,,,751.61,661.75,200.17,7694,2025/11/05,"2025/11/05 13:33","2026/01/20 15:50",愭暔(拠夘),,姅幃夛幮僇儉僥僀,-,"=""06-6225-9557""",嬻桳,,5550034
憅屔,R00175-015168,,,,巊梡拞,傾乕僇僀僽(惉栺),柍,495000,,1奒,1960擭01寧,戝嶃巗搶梽愳嬫惣扺楬6挌栚偺戄憅屔亂44捸亃,,戝嶃晎戝嶃巗搶梽愳嬫惣扺楬俇挌栚4-111,,,,,3.00,,,,148.50,44.92,11020,2025/11/26,"2025/11/26 13:16","2026/01/20 15:44",愭暔(拠夘),,僄僀儉丒僴僀乮姅乯,-,"=""072-768-8745""",嬻桳,丒NO29,5330031
憅屔,R00175-015169,,,,巊梡拞,傾乕僇僀僽(惉栺),柍,385000,,1奒,1960擭01寧,戝嶃巗搶梽愳嬫惣扺楬6挌栚偺戄憅屔亂34捸亃,,戝嶃晎戝嶃巗搶梽愳嬫惣扺楬俇挌栚4-111,,,,,3.00,,,,115.50,34.93,11020,2025/11/26,"2025/11/26 13:30","2026/01/20 15:44",愭暔(拠夘),,僄僀儉丒僴僀乮姅乯,-,"=""072-768-8745""",嬻桳,丒NO36乮17乯,5330031
戄抧,R00175-014921,,,,峏抧,傾乕僇僀僽(惉栺),柍,300000,,奒,-,暫屔導恄屗巗惣嬫墴晹扟挰榓揷偺戄抧亂879捸亃,,暫屔導恄屗巗惣嬫墴晹扟挰榓揷,,,3.00,3.00,,,,2906.00,,879.06,342,2025/12/15,"2025/07/29 13:33","2026/01/20 15:37",愭暔(拠夘),,乮姅乯嵅栰,-,"=""078-977-7015""",,"仸2026.1.20暔審宖嵹偵娭偟偰尦晅傛傝僋儗乕儉乮埲慜傕摨條偺偙偲偑偁傝丄崱屻擇搙偲暔審傪宖嵹偟側偄傛偆偵乯僆乕僫乕條傕戝曄偍搟傝偲偺偙偲丅佀儘僕僐儘嶍彍嵪

丒B崋抧",6512206
憅屔,R00175-015137,,,,嬻,傾乕僇僀僽(惉栺),柍,605000,,奒,2002擭12寧,暫屔導昉楬巗垻曐偺戄憅屔亂178捸亃,,暫屔導昉楬巗垻曐848,,,3.00,2.00,,,,500.00,590.00,178.47,3390,2025/11/11,"2025/11/11 13:45","2026/01/20 15:34",愭暔(拠夘),,堜揷嶻嬈乮姅乯昉楬惣揦,-,"=""079-272-2003""",嬻桳,2026.1.20丂攧攦傊愗傝懼偊梊掕偺偨傔捓戄惉栺傊,6700944
憅屔,R00175-015152,,,,嬻,岞奐壜,柍,660000,,奒,-,戝嶃巗掃尒嬫崱捗撿2挌栚偺戄憅屔亂118捸亃,,戝嶃晎戝嶃巗掃尒嬫崱捗撿俀挌栚7-15,,,1200000,1980000,,,,,392.62,118.76,5558,2026/07/17,"2025/11/17 10:54","2026/01/20 14:53",愭暔(拠夘),,姅幃夛幮斅憅晄摦嶻,-,"=""072-965-0505""",,"2026.1.20丂尦晅傛傝
憅屔偩偲拞乆寛傑傝偯傜偔嬯愴拞丅
寶傌偄僆乕僶乕偱専嵪傒傕柍偟偩偑丄
弲朄惈偺栤戣偼偁傞傕偺偺丄
僇僼僃偺傛偆側堸怘揦傕嬈庬憡択忔傝傑偡偲偺偙偲丅",5380043
揦曑(寶暔堦妵),R00175-015153,,,,嬻,傾乕僇僀僽(惉栺),柍,880000,,1奒,2015擭09寧,暫屔導壛屆愳巗旜忋挰埨揷偺戄揦曑亂84捸亃,,暫屔導壛屆愳巗旜忋挰埨揷449,,,,,,,,1313.69,280.80,84.94,10361,2025/11/17,"2025/11/17 11:10","2026/01/20 14:43",愭暔(拠夘),,傾乕僗晄摦嶻,-,"=""079-444-0140""",嬻桳,,6750021
岺応,R00175-015112,,,,嫃廧拞,傾乕僇僀僽(惉栺),柍,660000,,奒,1979擭06寧,搶戝嶃巗愳枔1挌栚偺戄岺応亂103捸亃,,戝嶃晎搶戝嶃巗愳枔侾挌栚9-35,,,3000000,1100000,,,,525.77,342.77,103.68,6366,2025/11/04,"2025/11/04 11:15","2026/01/20 14:39",愭暔(拠夘),,姅幃夛幮嫽塰彜帠,-,"=""06-6783-5136""",,丒尰僥僫儞僩丗2026擭2寧枛偺戅嫀丂擖嫃拞偺撪棗偼晄壜,5770063
戄抧,R00175-015024,,,,峏抧,傾乕僇僀僽(惉栺),柍,605000,,奒,-,搶戝嶃巗晍巗挰4挌栚偺戄抧亂241捸亃,,戝嶃晎搶戝嶃巗晍巗挰係挌栚3,,,3.00,2.00,,,,798.59,,241.57,2505,2025/11/26,"2025/09/22 10:51","2026/01/20 14:34",愭暔(拠夘),,姅幃夛幮僩僠僞僥價儖僨傿儞僌,悈忋丗090-8503-6217,"=""06-6975-7780""",,"2025.11.26丂惉栺仺暅妶

丒応強丗僌乕僌儖儅僢僾偱偼丄晍巗挰4挌栚3-2晅嬤",5798004
戄抧,R00175-015031,,,,,傾乕僇僀僽(惉栺),柍,1100000,,奒,-,嶄巗嶄嬫弌搰昹捠偺戄抧亂303捸亃,,戝嶃晎嶄巗嶄嬫弌搰昹捠7,,,3.00,3.00,,,,1002.43,,303.23,3628,2025/11/20,"2025/09/25 10:25","2026/01/20 14:32",愭暔(拠夘),,姅幃夛幮僩僠僞僥價儖僨傿儞僌,-,"=""06-6975-7780""",,2025.11.20丂彜択拞(2斣庤庴晅偵偮偄偰偼弴師扴摉傊梫妋擣),5900832
憅屔,R00175-014125,,,,嬻,傾乕僇僀僽(惉栺),柍,330000,,奒,1995擭01寧,暫屔導恄屗巗暫屔嬫悈栘捠4挌栚偺戄憅屔亂35捸亃,,暫屔導恄屗巗暫屔嬫悈栘捠係挌栚2-10,,,2.00,2.00,,,,153.34,117.78,35.62,9263,2025/11/07,"2024/08/01 13:07","2026/01/20 14:28",愭暔(拠夘),,姅幃夛幮丂徏杮搚抧,-,"=""078-575-2221""",嬻桳,2025.11.7丂惉栺仺暅妶,6520802
憅屔,R00175-014290,,,,嬻,傾乕僇僀僽(惉栺),柍,660000,,奒,1980擭10寧,戝嶃巗暉搰嬫暉搰8挌栚偺戄憅屔亂157捸亃,,戝嶃晎戝嶃巗暉搰嬫暉搰俉挌栚2-24,,,,1.00,2.00,,,,521.00,157.6,4188,2025/11/20,"2024/10/25 13:00","2026/01/20 14:24",愭暔(拠夘),,崅悾彜帠,-,"=""06-6461-2250""",,"2025.11.20丂彜択拞(2斣庤庴晅壜)

2025.9.18
丒捓椏丗44枩墌仺66枩墌
丒柺愊丗374噓仺521噓",5530003
岺応,R00175-014692,,,,嬻,傾乕僇僀僽(惉栺),柍,330000,,奒,1971擭08寧,戝嶃巗惣梽愳嬫戝栰1挌栚偺戄岺応亂36捸亃,,戝嶃晎戝嶃巗惣梽愳嬫戝栰侾挌栚8-14,,,2.00,2.00,,,,,120.36,36.4,9064,2026/01/20,"2025/05/09 13:17","2026/01/20 09:28",愭暔(拠夘),,僯僢僞僋嶻嬈姅幃夛幮,-,"=""06-6475-5311""",,,5550043
憅屔,R00175-014891,,,,,傾乕僇僀僽(惉栺),柍,1815000,,奒,1988擭02寧,愹戝捗巗斅尨挰4挌栚偺戄憅屔亂540捸亃,,戝嶃晎愹戝捗巗斅尨挰係挌栚10-14,,,,,6.00,3.00,,933.33,1786.02,540.27,3360,2025/12/09,"2025/07/17 14:32","2026/01/20 09:13",愭暔(拠夘),,姅幃夛幮僩僠僞僥價儖僨傿儞僌,摗杮丗080-3786-7735,"=""06-6975-7780""",嬻桳,"2026.1.19 曱嶳屭媞偵偰宊栺嵪傒
2026.1.6丂曱嶳屭媞偵偰彜択拞",5950033
揦曑帠柋強(寶暔堦妵),R00175-015240,,,,嬻,岞奐壜,柍,350000,,奒,1989擭04寧,嫗搒晎嫗搒巗拞嫗嬫嶰朧戝媨挰偺戄揦曑丒帠柋強亂34捸亃,,嫗搒晎嫗搒巗拞嫗嬫嶰朧戝媨挰116-3,,,,1.00,3.00,,1.00,73.18,113.09,34.2,10232,2026/07/13,"2025/12/24 11:46","2026/01/19 09:53",愭暔(拠夘),,乮姅乯傾僀丒僐儈儏僯僥傿乕僘,-,"=""075-821-7222""",嬻桳,,6048316
憅屔,R00175-015275,,,,嬻,岞奐壜,柍,951500,,奒,1960擭06寧,戝嶃巗杒嬫拞捗3挌栚偺戄憅屔亂103捸亃,,戝嶃晎戝嶃巗杒嬫拞捗俁挌栚3-27,,,3.00,2.00,,,,279.08,340.86,103.11,9228,2026/08/06,"2026/01/15 11:28","2026/01/19 09:44",愭暔(拠夘),,姅幃夛幮僩僠僞僥價儖僨傿儞僌,戝惣丗090-9680-7005,"=""06-6975-7780""",,,5310071
憅屔,R00175-014999,,,,嬻,傾乕僇僀僽(惉栺),柍,300000,,奒,1986擭08寧,晉揷椦巗愳柺挰2挌栚偺戄憅屔亂66捸亃,,戝嶃晎晉揷椦巗愳柺挰俀挌栚3-27,,,,,5.00,,,,219.60,66.42,4517,2025/11/18,"2025/09/11 13:54","2026/01/16 11:46",愭暔(拠夘),,嫤塰抧寶姅幃夛幮,-,"=""072-938-6677""",嬻桳,"2026.1.16丂彜択拞(2斣庤晄壜)

丒搶懁",5840014
憅屔,R00175-014114,,,,嬻,傾乕僇僀僽(惉栺),柍,330000,,奒,1992擭03寧,嫗搒晎嫗搒巗暁尒嬫怺憪拞僲嫿嶳挰偺戄憅屔亂128捸亃,,嫗搒晎嫗搒巗暁尒嬫怺憪拞僲嫿嶳挰115-2,,,900000,660000,,450000,,,424.25,128.33,2572,2025/11/26,"2024/07/25 13:55","2026/01/16 11:44",愭暔(拠夘),,傾僼僞乕儂乕儉乮捓戄乯,-,"=""075-874-1704""",嬻桳,"2025.11.26
丒捓椏丗38.5枩墌仺33枩墌

捓戄暔審偍栤偄崌傢偣
075亅874亅1704",6120818
憅屔,R00175-014672,,,,嬻,傾乕僇僀僽(惉栺),柍,1980000,,奒,1996擭03寧,戝嶃巗搒搰嬫栄攏挰5挌栚偺戄憅屔亂343捸亃,,戝嶃晎戝嶃巗搒搰嬫栄攏挰俆挌栚8-9,,,1800000,,,,,,1134.52,343.19,5770,2025/11/20,"2025/04/28 13:28","2026/01/16 11:43",愭暔(拠夘),,廧桭晄摦嶻僗僥僢僾姅幃夛幮丂?嶃杮挰捓戄僙儞僞乕,-,"=""050-3112-8260""",嬻桳,2026.1.16丂彜択拞(2斣庤晄壜),5340001
憅屔,R00175-014643,,,,嬻,傾乕僇僀僽(惉栺),柍,2640000,,奒,1970擭01寧,戝嶃巗惣梽愳嬫拞搰2挌栚偺戄憅屔亂210捸亃,,戝嶃晎戝嶃巗惣梽愳嬫拞搰俀挌栚11-95,,,,,3.00,,,1648.00,696.00,210.54,12540,2025/11/07,"2025/04/15 15:03","2026/01/16 11:35",愭暔(拠夘),,乮姅乯僗僥乕僕,拞懞丗080-4341-4657,"=""06-6356-4555""",嬻桳,仸暔妋丒徻嵶偼扴摉幰実懷傊乮拞懞丗080-4341-4657乯,5550041
戄抧,R00175-014939,,,,,傾乕僇僀僽(惉栺),柍,478000,,奒,-,敧旜巗悈墇4挌栚偺戄抧亂265捸亃,,戝嶃晎敧旜巗悈墇係挌栚31,,,,500000,,,,878.00,,265.59,1800,2025/11/07,"2025/08/07 13:21","2026/01/16 11:34",愭暔(拠夘),,乮姅乯僗僥乕僕,嶁杮丗070-1301-5822,"=""06-6356-4555""",,仸暔妋丒徻嵶偼扴摉幰実懷傊乮嶁杮乯070-1301-5822,5810856
揦曑帠柋強(寶暔堦妵),R00175-014889,,,,嬻,傾乕僇僀僽(惉栺),柍,770000,,奒,1992擭04寧,徏尨巗嶰戭惣3挌栚偺戄揦曑丒帠柋強亂141捸亃,,戝嶃晎徏尨巗嶰戭惣俁挌栚257,,,1000000,1000000,,,,,469.02,141.87,5428,2025/11/26,"2025/07/17 13:56","2026/01/16 11:23",愭暔(拠夘),,揷拞嶻嬈姅幃夛幮,-,"=""06-6696-6207""",嬻桳,"2025.11.26丂惉栺仺暅妶
丒捓椏丗66枩墌仺77枩墌

尦晅扴摉揷拞條丗090-1449-2732
佀壗搙傕偐偗偰偔偩偝偄丄偮側偑傜側偄偙偲偑懡偄偺偱偲偺偙偲丅",5800045
岺応,R00175-014449,,,,嬻,傾乕僇僀僽(惉栺),柍,770000,,奒,1979擭01寧,戝嶃巗梽愳嬫揷愳杒3挌栚偺戄岺応亂143捸亃,,戝嶃晎戝嶃巗梽愳嬫揷愳杒俁挌栚4-36,,,,,4.00,,,476.03,475.18,143.74,5357,2025/11/12,"2025/01/10 11:56","2026/01/16 11:22",愭暔(拠夘),,棳捠婇嬈姅幃夛幮,-,"=""06-6209-4138""",嬻桳,,5320021
憅屔,R00175-015036,,,,巊梡拞,傾乕僇僀僽(惉栺),柍,550000,,奒,1992擭06寧,暫屔導昉楬巗愇憅偺戄憅屔亂96捸亃,,暫屔導昉楬巗愇憅157-1,,,1.00,1.00,,,,3462.48,317.99,96.19,5718,2025/11/18,"2025/09/30 10:40","2026/01/16 11:16",愭暔(拠夘),,姅幃夛幮擔擳弌彜夛,-,"=""06-6453-3232""",,"2025.11.18
丒捓椏丗88枩墌仺55枩墌(惻崬傒)

2025.12.10
怽偟崬傒1審偁傝丄2斣庤壜",6712231
戄抧,R00175-015016,,,,峏抧,傾乕僇僀僽(惉栺),柍,300000,,奒,-,搶戝嶃巗壴墍杮挰2挌栚偺戄抧亂145捸亃,,戝嶃晎搶戝嶃巗壴墍杮挰俀挌栚10-23,,,,2.00,6.00,,,481.56,,145.67,2060,2025/11/17,"2025/09/19 13:24","2026/01/16 11:15",愭暔(拠夘),,姅幃夛幮儅僓乕僄僗僥乕僩,-,"=""06-6991-8646""",,,5780937
憅屔,R00175-015105,,,,,傾乕僇僀僽(惉栺),柍,1320000,,奒,1970擭09寧,悂揷巗悅悈挰3挌栚偺戄憅屔亂149捸亃,,戝嶃晎悂揷巗悅悈挰俁挌栚6-17,,,,,6.00,,,469.00,495.85,149.99,8801,2025/11/05,"2025/10/30 11:29","2026/01/16 11:14",愭暔(拠夘),,姅幃夛幮僱僋僗僩僗僥乕僕,-,"=""06-6190-6533""",嬻桳,2026.1.16丂彜択拞(2斣庤晄壜),5640062
憅屔,R00175-015178,,,,,傾乕僇僀僽(惉栺),柍,440000,,1奒,2006擭04寧,暫屔導昉楬巗忺搶挰朙崙偺戄憅屔亂174捸亃,,暫屔導昉楬巗忺搶挰朙崙783-1,,,,2.00,3.00,,,,578.20,174.9,2516,2025/12/01,"2025/12/01 10:56","2026/01/16 10:32",愭暔(拠夘),,乮桳乯僄僗僥乕僩僾儔儞丂,-,"=""079-253-8686""",,"2025.12,10
捓椏曄峏丗38.5仺係係枩墌",6710219
戄抧,R00175-014876,,,,,岞奐壜,柍,261000,,奒,-,嶄巗搶嬫擔抲憫揷拞挰偺戄抧亂261捸亃,,戝嶃晎嶄巗搶嬫擔抲憫揷拞挰,,,,,3.00,,,863.00,,261.05,1000,2026/07/10,"2025/07/08 12:56","2026/01/15 15:28",愭暔(拠夘),,僴僂僕儞僌僫僯儚,-,"=""072-336-4000""",,"2026.1.15
丒捓椏丗313260墌仺261000墌

丒応強丗僌乕僌儖儅僢僾偱偼丄擔抲憫揷拞挰70偺惣懁",5998113
憅屔,R00175-015021,,,,嬻,傾乕僇僀僽(惉栺),柍,440000,,奒,1996擭06寧,朙擻孲擻惃挰廻栰偺戄憅屔亂173捸亃,,戝嶃晎朙擻孲擻惃挰廻栰434-18,,,1200000,,,,,5820.00,573.00,173.33,2539,2025/11/07,"2025/09/22 10:07","2026/01/15 14:50",愭暔(拠夘),,姅幃夛幮俲倂俽,忋揷,"=""072-439-8011""",嬻桳,丒D搹,5630341
憅屔,R00175-015129,,,,嬻,傾乕僇僀僽(惉栺),柍,308000,,1奒,1974擭01寧,戝嶃巗搶廧媑嬫崱愳1挌栚偺戄憅屔亂42捸亃,,戝嶃晎戝嶃巗搶廧媑嬫崱愳侾挌栚4-3,,,300000,500000,,,,204.29,142.00,42.95,7171,2025/11/07,"2025/11/07 13:14","2026/01/15 14:47",愭暔(拠夘),,桳尷夛幮儂乕儉儊僀僪,-,"=""06-6357-7776""",嬻桳,,5460003
憅屔,R00175-014330,,,,嬻,傾乕僇僀僽(惉栺),柍,440000,,2奒,1986擭02寧,徏尨巗嶰戭拞俈挌栚偺戄憅屔亂127捸亃,,戝嶃晎徏尨巗嶰戭拞俈挌栚7-14,,,2.00,1.00,,,,421.87,421.87,127.61,3448,2025/11/26,"2024/11/11 11:35","2026/01/15 14:23",愭暔(拠夘),,嶰婎寶愝姅幃夛幮,摽惌丗080-6108-5988,"=""06-6304-0999""",柍,"
栤崌偣斣崋侾侽侾侾俉俈俉
暔妋FAX憲怣嵪 2025.2.6摗尨",5800046
憅屔,R00175-014705,,,,嬻,傾乕僇僀僽(惉栺),柍,320000,,奒,1977擭01寧,搶戝嶃巗戝楡搶2挌栚偺戄憅屔亂88捸亃,,戝嶃晎搶戝嶃巗戝楡搶俀挌栚15-2,,,700000,350000,,,,185.23,293.89,88.9,3600,2025/11/17,"2025/05/14 14:11","2026/01/15 14:22",愭暔(拠夘),,嶰婎寶愝姅幃夛幮,"暔審斣崋: 1012091","=""06-6304-0999""",嬻桳,"2025.12.1
侾審彜択拞丄俀斣庤偼壜擻

怽崬侾審偁傝仺俀斣庤壜丂2025.11.17

2025.10.31丂曄峏
丒捓椏丗35枩墌仺32枩墌(惻崬傒)
丒尦晅丗桳嶳晄摦嶻仺嶰婎寶愝",5770824
憅屔,R00175-015060,,,,巊梡拞,傾乕僇僀僽(惉栺),柍,385000,,奒,1982擭11寧,嶄巗杒嬫怴嬥壀挰5挌偺戄憅屔亂69捸亃,,戝嶃晎嶄巗杒嬫怴嬥壀挰俆挌7-408,,,2.00,2.00,,,,339.41,229.42,69.39,5548,2025/11/17,"2025/10/08 14:54","2026/01/15 14:14",愭暔(拠夘),,僗儈儗晄摦嶻姅幃夛幮,-,"=""072-255-3535""",嬻桳,"2026.1.15丂彜択拞(2斣庤晄壜)

2025.11.18
丒捓椏丗40.7枩墌仺38.5枩墌",5918021
憅屔,R00175-014988,,,,嬻,傾乕僇僀僽(惉栺),柍,792000,,奒,1991擭01寧,嶄巗惣嬫朠搶挰7挌偺戄憅屔亂77捸亃,,戝嶃晎嶄巗惣嬫朠搶挰俈挌808-1,,,,,6.00,,,340.84,257.00,77.74,10188,2025/11/07,"2025/09/08 11:09","2026/01/15 14:12",愭暔(拠夘),,僗僞乕晄摦嶻姅幃夛幮,-,"=""0725-45-5050""",嬻桳,"
",5938324
憅屔,R00175-015007,,,,嬻,傾乕僇僀僽(惉栺),柍,462000,,奒,2019擭04寧,娸榓揷巗杸搾挰偺戄憅屔亂41捸亃,,戝嶃晎娸榓揷巗杸搾挰1054,,,5.00,1.00,,,,606.00,136.00,41.14,11230,2025/11/07,"2025/09/17 13:44","2026/01/15 14:12",愭暔(拠夘),,僗僞乕晄摦嶻姅幃夛幮,-,"=""0725-45-5050""",嬻桳,"
",5960806
憅屔,R00175-014176,,,,嬻,傾乕僇僀僽(惉栺),柍,864000,,1奒,1980擭09寧,戝嶃巗楺懍嬫栘捗愳1挌栚偺戄憅屔亂72捸亃,,戝嶃晎戝嶃巗楺懍嬫栘捗愳侾挌栚3-5,,12000,,,2828000,,,,239.40,72.41,11931,2025/11/17,"2024/09/05 13:54","2026/01/15 14:11",愭暔(拠夘),,僒儞僄僀晄摦嶻姅幃夛幮,-,"=""06-6567-7767""",,"2025.11.17丂惉栺仺暅妶

僱僢僩晄壜儘僕僐儘旕宖嵹儅僢僠儞僌偺傒",5560027
憅屔,R00175-015026,,,,,傾乕僇僀僽(惉栺),柍,1072500,,奒,-,戝嶃巗搶梽愳嬫惣扺楬6挌栚偺戄憅屔亂150捸亃,,戝嶃晎戝嶃巗搶梽愳嬫惣扺楬俇挌栚4-111,,,,,,,,,495.87,150,7150,2025/11/10,"2025/09/24 11:52","2026/01/15 13:55",愭暔(拠夘),,乮姅乯價儖僶儞僋,椦丂捈恖,"=""06-7637-6363""",嬻桳,"丒12崋
仸抧恾偼惓妋偱偼偁傝傑偣傫丅妋擣偍婅偄偟傑偡丅
暔妋FAX憲怣嵪 2025.11.7",5330031
憅屔,R00175-015032,,,,嬻,傾乕僇僀僽(惉栺),柍,465300,,奒,-,枼柺巗彫栰尨搶4挌栚偺戄憅屔亂77捸亃,,戝嶃晎枼柺巗彫栰尨搶係挌栚22-3,,,1850000,1400000,,,,,256.59,77.61,5995,2025/11/10,"2025/09/25 10:36","2026/01/15 13:48",愭暔(拠夘),,乮姅乯僐儉僴僂僗,-,"=""072-724-7041""",嬻桳,丒拞嬫夋,5620031
戄抧,R00175-013988,,,,,傾乕僇僀僽(惉栺),柍,385000,,奒,-,暫屔導恄屗巗暫屔嬫嶰愳岥挰1挌栚偺戄抧亂70捸亃,,暫屔導恄屗巗暫屔嬫嶰愳岥挰侾挌栚1-15,,,1.00,2.00,,,,233.60,,70.66,5449,2025/11/11,"2024/05/27 13:14","2026/01/15 13:47",愭暔(拠夘),,(姅)ReYZ,嵿揷(僞僇儔僟)丗080-2488-0888,"=""078-261-2668""",嬻桳,2025.8.4丂惉栺仺暅妶,6520815
戄抧,R00175-014857,,,,峏抧,岞奐壜,柍,500000,,奒,-,奓捤巗怷偺戄抧亂500捸亃,,戝嶃晎奓捤巗怷380-1,,,2.00,2.00,,,,1652.93,,500.01,1000,2026/07/06,"2025/07/01 15:20","2026/01/15 13:44",愭暔(拠夘),,(姅)傾乕僩儂乕儉,-,"=""072-428-2000""",,"2026.1.15丂
丒捓椏丗60枩墌仺50枩墌
仸HP宖嵹晄壜",5970044
戄抧,R00175-015227,,,,,傾乕僇僀僽(惉栺),柍,330000,,奒,-,朙拞巗棙憅2挌栚偺戄抧亂90捸亃,,戝嶃晎朙拞巗棙憅俀挌栚7,,,,1.00,2.00,,,299.00,,90.44,3649,2026/01/15,"2025/12/22 10:51","2026/01/15 10:56",愭暔(拠夘),,乮姅乯俠倰倕倎倲倕,-,"=""06-6836-9188""",,"丒応強丗僌乕僌儖儅僢僾偱偼丄棙憅2挌栚7-3乮暷戲朙拞塩嬈強乯偺撿懁
丒抧斣丗棙憅2挌栚70-1

2026.1.15丂
暔妋帪偵侾審怽崬偁傝丄怰嵏捠偭偰惉栺偵側傝偦偆偱偡偲丅
俀斣庤偼擄偟偄偲嬄偣丅",5610845
憅屔,R00175-015271,,,,巊梡拞,岞奐壜,柍,1056000,,1奒,1992擭01寧,彫栰巗暉廧挰偺戄憅屔亂298捸亃,,暫屔導彫栰巗暉廧挰586-102,,,3000000,2200000,,,,,988.00,298.87,3534,2026/07/03,"2026/01/14 13:56","2026/01/14 17:57",愭暔(拠夘),,崌摨夛幮偐偲偆晄摦嶻,-,"=""0795-48-5296""",,,6751309
憅屔,R00175-015268,,,,嬻,岞奐壜,柍,780200,,3奒,2021擭05寧,堬栘巗媨搰1挌栚偺戄憅屔亂82捸亃,,戝嶃晎堬栘巗媨搰侾挌栚2-1,,92180,,,6.00,,,,271.37,82.08,9505,2026/07/06,"2026/01/14 13:07","2026/01/14 14:43",愭暔(拠夘),,儀僗僩僆僼傿僗乮姅乯,-,"=""06-6121-6888""",嬻桳,丒A搹304,5670853
憅屔,R00175-015139,,,,嬻,岞奐壜,柍,300000,,奒,1980擭03寧,嶄巗惣嬫嶳揷3挌偺戄憅屔亂87捸亃,,戝嶃晎嶄巗惣嬫嶳揷俁挌987,,,,1.00,,,,404.00,290.16,87.77,3418,2026/06/29,"2025/11/11 14:16","2026/01/14 11:58",愭暔(拠夘),,桳尷夛幮僙僀儓乗,-,"=""0725-33-6050""",嬻桳,"2026.1.14丂
丒捓椏丗38.5枩墌仺30枩墌",5938316
戄抧,R00175-015204,,,,峏抧,傾乕僇僀僽(惉栺),柍,396000,,奒,-,嫗搒晎忛梲巗帥揷偺戄抧亂305捸亃,,嫗搒晎忛梲巗帥揷広屻66,,,792000,396000,,,,1010.00,,305.52,1297,2025/12/12,"2025/12/12 14:44","2026/01/13 14:59",愭暔(拠夘),,桳尷夛幮揷拞彜帠,-,"=""075-694-1133""",,"2026.1.13 彜択拞(2斣庤晄壜)",6100121
憅屔,R00175-015160,,,,嬻,傾乕僇僀僽(惉栺),柍,935000,,奒,1984擭06寧,暫屔導恄屗巗搶撳嬫嫑嶈撿挰6挌栚偺戄憅屔亂121捸亃,,暫屔導恄屗巗搶撳嬫嫑嶈撿挰俇挌栚10-4,,,5000000,2200000,,,,,400.00,121,7728,2026/01/13,"2025/11/19 12:33","2026/01/13 13:21",愭暔(拠夘),,姅幃夛幮僾儔僀儉僐僱僋僔儑儞,-,"=""078-822-1248""",,,6580025
岺応,R00175-015244,,,,,岞奐壜,桳,1210000,,1奒,1999擭01寧,嶄巗惣嬫旽栘4挌偺戄岺応亂264捸亃,,戝嶃晎嶄巗惣嬫旽栘係挌2790-1,,,2.00,1.10,,,,,875.37,264.79,4570,2026/07/17,"2026/01/05 11:15","2026/01/09 10:13",愭暔(拠夘),,乮姅乯傾僀丒僠傾,-,"=""06-6193-0222""",嬻桳,,5938315
憅屔,R00175-015241,,,,,岞奐壜,柍,605000,,奒,1985擭11寧,戝嶃巗惗栰嬫扚杒4挌栚偺戄憅屔亂156捸亃,,戝嶃晎戝嶃巗惗栰嬫扚杒係挌栚12-16,,,2.00,2.00,,,,198.35,517.30,156.48,3867,2026/07/24,"2025/12/25 10:18","2026/01/09 09:44",愭暔(拠夘),,姅幃夛幮僩僠僞僥價儖僨傿儞僌,埨搶,"=""06-6975-7780""",,,5440004
憅屔,R00175-015055,,,,嬻,傾乕僇僀僽(惉栺),柍,330000,,奒,2005擭01寧,撿壨撪孲懢巕挰戝帤懢巕偺戄憅屔亂84捸亃,,戝嶃晎撿壨撪孲懢巕挰戝帤懢巕2388-1,,,,,1500000,,,952.06,280.00,84.7,3897,2025/11/18,"2025/10/07 14:14","2026/01/07 18:05",愭暔(拠夘),,乮桳乯嬤婨僄僗僥乕僩,-,"=""072-958-2828""",嬻桳,"2025.11.18丂惉栺仺暅妶

2025.1.7 丂惉栺嵪傒丂乮徏杮妋擣乯",5830995
戄抧,R00175-014535,,,,峏抧,岞奐壜,柍,363000,,奒,-,嫗搒晎忛梲巗撧搰僼働偺戄抧亂228捸亃,,嫗搒晎忛梲巗撧搰僼働10-2,,,660000,726000,,,,757.00,,228.99,1586,2026/08/03,"2025/02/18 12:01","2026/01/07 10:53",愭暔(拠夘),,傕傝傗偡廧戭,-,"=""075-255-8550""",,"2026.1.7丂惉栺仺暅妶

2025.5.30丂婥偵擖傟偽忋壓悈摴丄抣抜岎徛桳",6100116
揦曑帠柋強(寶暔堦妵),R00175-014816,,,,嬻,岞奐壜,柍,880000,,奒,1984擭12寧,嶄巗惣嬫昹帥撿挰3挌偺戄揦曑丒帠柋強亂272捸亃,,戝嶃晎嶄巗惣嬫昹帥撿挰俁挌3-6,,,,2.00,2.00,,,762.00,901.39,272.67,3228,2026/06/11,"2025/06/19 11:18","2026/01/07 10:43",愭暔(拠夘),,乮姅乯倀俶俬俻倀俤,-,"=""0725-23-2150""",嬻桳,2026.1.7丂惉栺仺暅妶,5928344
戄抧,R00175-015149,,,,峏抧,傾乕僇僀僽(惉栺),柍,495000,,奒,-,塇塯栰巗塐堜3挌栚偺戄抧亂471捸亃,,戝嶃晎塇塯栰巗塐堜俁挌栚467-1,,,,,3.00,,,1558.00,,471.29,1051,2026/01/06,"2025/11/14 11:44","2026/01/06 17:51",愭暔(拠夘),,嫤塰抧寶姅幃夛幮,-,"=""072-938-6677""",,,5830851
揦曑帠柋強(寶暔堦妵),R00175-014695,,,,嬻,岞奐壜,柍,1980000,,奒,1998擭06寧,嫗搒晎嫗搒巗壓嫗嬫?徆挰偺戄揦曑丒帠柋強亂168捸亃,,嫗搒晎嫗搒巗壓嫗嬫崅捯捠幒挰惣擖斏徆挰295-5,,,,,6.00,,,283.83,558.17,168.84,11727,2026/06/08,"2025/05/09 14:09","2025/12/25 11:04",愭暔(拠夘),,捯晄摦嶻乮姅乯,-,"=""075-585-2540""",嬻桳,"2025.12.25丂惉栺仺暅妶

2025.10.30丂惉栺仺暅妶",6008433
戄抧,R00175-015193,,,,峏抧,傾乕僇僀僽(惉栺),柍,660000,,奒,-,戝嶃巗峘嬫攇彍1挌栚偺戄抧亂167捸亃,,戝嶃晎戝嶃巗峘嬫攇彍侾挌栚1-27,,,,,1500000,,,552.81,,167.22,3947,2025/12/05,"2025/12/05 13:12","2025/12/24 09:11",愭暔(拠夘),,懢梲廧戭乮姅乯,-,"=""06-6584-8931""",,"2025.12.24 怽偟崬傒偁傝乮2斣庤晄壜乯",5520001
憅屔,R00175-015173,,,,巊梡拞,傾乕僇僀僽(惉栺),柍,330000,,1奒,1985擭08寧,暫屔導壛惣巗闓栰挰偺戄憅屔亂101捸亃,,暫屔導壛惣巗闓栰挰122,,,3.00,1.00,,,,2092.25,336.42,101.76,3243,2025/11/26,"2025/11/26 14:34","2025/12/23 17:02",愭暔(拠夘),,僋儗僔傾僄僗僥乕僩乮姅乯,-,"=""0790-33-9860""",,,6752103
揦曑帠柋強(寶暔堦妵),R00175-015205,,,,巊梡拞,岞奐壜,柍,880000,,奒,1999擭09寧,嫗搒晎嫗搒巗杒嬫忋夑栁屼墥岥挰偺戄揦曑丒帠柋強亂76捸亃,,嫗搒晎嫗搒巗杒嬫忋夑栁屼墥岥挰56,,,10.00,2.00,,,1.00,287.05,254.39,76.95,11436,2026/07/14,"2025/12/12 14:57","2025/12/23 09:34",愭暔(拠夘),,姅幃夛幮丂夒,-,"=""06-6536-8100""",嬻桳,,6038065
憅屔,R00175-014908,,,,巊梡拞,傾乕僇僀僽(惉栺),柍,1650000,,奒,1989擭04寧,愹戝捗巗斅尨挰4挌栚偺戄憅屔亂381捸亃,,戝嶃晎愹戝捗巗斅尨挰係挌栚10-14,,,,,9900000,4950000,,933.33,1261.26,381.53,4325,2025/11/27,"2025/07/23 14:46","2025/12/22 17:37",愭暔(拠夘),,乮姅乯僐僗儌晄摦嶻忣曬丂撿戝嶃巟揦,-,"=""072-433-2580""",,,5950033
岺応,R00175-015196,,,,嬻,傾乕僇僀僽(惉栺),柍,330000,,1奒,1969擭10寧,奓捤巗彫悾偺戄岺応亂115捸亃,,戝嶃晎奓捤巗彫悾13-300,,,2.00,2.00,,,,577.84,380.67,115.15,2866,2025/12/09,"2025/12/09 11:52","2025/12/22 10:30",愭暔(拠夘),,惣扟彜帠乮姅乯,-,"=""072-427-0088""",嬻桳,"2025.12.22 丂彜択拞(2斣庤晄壜)

丒応強丗僌乕僌儖儅僢僾偱偼丄奓捤巗彫悾3挌栚13-300
乮帒椏廧強丗奓捤巗敿揷3挌栚13-4乯",5970021
憅屔,R00175-014940,,,,巊梡拞,傾乕僇僀僽(惉栺),柍,1980000,,奒,2002擭08寧,嫗搒晎嫗搒巗暁尒嬫杒抂挰偺戄憅屔亂374捸亃,,嫗搒晎嫗搒巗暁尒嬫杒抂挰53,,,10800000,3960000,,,,1101.88,1238.78,374.73,5284,2025/09/03,"2025/08/07 13:34","2025/12/19 10:17",愭暔(拠夘),,姅幃夛幮僀儅僗丂棳捠帠嬈晹,-,"=""06-6209-7373""",嬻桳,"2025.12.19丂曱嶳屭媞偱惉栺

2025.10.9 曱嶳彜択拞",6128372
憅屔,R00175-014899,,,,嬻,傾乕僇僀僽(惉栺),柍,286000,,奒,-,搶戝嶃巗旽峕2挌栚偺戄憅屔亂47捸亃,,戝嶃晎搶戝嶃巗旽峕俀挌栚17-22,,,,,6.00,,,,157.50,47.64,6003,2025/12/04,"2025/07/23 11:36","2025/12/18 10:01",愭暔(拠夘),,懢峿栘壓寶愝姅幃夛幮,娭壀丗070-8681-0487,"=""06-4309-1111""",,"2025.10.2丂曄峏
丒捓椏丗33枩墌仺28.6枩墌(惻崬傒)

2025.12.18
惉栺嵪傒丂扴摉幰偵妋擣乮徏杮乯",5780984
憅屔,R00175-014948,,,,嬻,傾乕僇僀僽(惉栺),柍,340000,,奒,1972擭08寧,榓壧嶳導婭偺愳巗壓堜嶃偺攧憅屔亂123捸亃,,榓壧嶳導婭偺愳巗壓堜嶃517,,,,2.00,2.00,,,1149.30,408.67,123.62,2751,2025/10/24,"2025/08/19 16:12","2025/12/16 14:52",愭暔(拠夘),,倄俷俿俽倀俛俙丂崌摨夛幮,-,"=""079-666-8528""",嬻桳,,6496426
憅屔,R00175-014332,,,,嬻,傾乕僇僀僽(惉栺),柍,715000,,奒,-,榓壧嶳導榓壧嶳巗墫壆侾挌栚偺戄揦曑忣曬亂55捸亃,,榓壧嶳導榓壧嶳巗墫壆侾挌栚105-7,,,,,,,,1255.48,184.99,55.95,12778,2025/10/23,"2024/11/11 15:05","2025/12/16 14:52",愭暔(拠夘),,姅幃夛幮怷寬,-,"=""073-472-6974""",嬻桳,扴摉奜弌偺偨傔梉曽埲崀偱側偄偲妋擣偱偒側偄,6410054
憅屔,R00175-014932,,,,嬻,傾乕僇僀僽(惉栺),柍,300000,,奒,1986擭10寧,榓壧嶳導嫶杮巗崅栰岥挰墳懘偺戄憅屔亂220捸亃,,榓壧嶳導嫶杮巗崅栰岥挰墳懘100-26,,,,1.00,1.00,,,418.00,727.82,220.16,1363,2025/10/23,"2025/08/05 13:46","2025/12/16 14:52",愭暔(拠夘),,乮姅乯傒偢傕,-,"=""0736-26-4185""",,,6497201
戄抧,R00175-014099,,,,峏抧,傾乕僇僀僽(惉栺),柍,395000,,奒,-,榓壧嶳導娾弌巗惣栰偺戄抧亂119捸亃,,榓壧嶳導娾弌巗惣栰124-1,,,,,,,,395.73,,119.7,3300,2025/10/24,"2024/07/18 11:38","2025/12/16 14:51",愭暔(拠夘),,儔儞僪僔僗僥儉乮姅乯,-,"=""073-475-0770""",,丒廧強丗惣栰124-1丄127-1丄124-5,6496235
戄抧,R00175-015046,,,,峏抧,傾乕僇僀僽(惉栺),柍,330000,,奒,-,嫗搒晎嫗搒巗暁尒嬫戠岉棊曐挰偺戄抧亂157捸亃,,嫗搒晎嫗搒巗暁尒嬫戠岉棊曐挰7,,,,1.00,2.00,,,522.15,,157.95,2090,2025/10/02,"2025/10/02 10:33","2025/12/16 14:49",愭暔(拠夘),,乮姅乯俴倕倫倳倱丂俤倱倲倎倲倕,-,"=""075-778-0631""",,,6011338
憅屔,R00175-014251,,,,嬻,傾乕僇僀僽(惉栺),柍,440000,,奒,1976擭08寧,撧椙導媑栰孲戝梽挰戝帤斾慮偺戄憅屔亂213捸亃,,撧椙導媑栰孲戝梽挰戝帤斾慮1587-1,,55000,,2.00,,,,1319.00,706.00,213.56,2061,2025/10/20,"2024/10/08 14:19","2025/12/16 14:30",愭暔(拠夘),,乮姅乯僼傽僀僩,-,"=""06-4300-3124""",,2025.6丏10丂彜択拞,6393128
揦曑帠柋強(寶暔堦妵),R00175-013846,,,,巊梡拞,傾乕僇僀僽(惉栺),柍,495000,,奒,2006擭01寧,戝嶃巗暯栰嬫塟攋1挌栚偺戄揦曑丒帠柋強亂63捸亃,,戝嶃晎戝嶃巗暯栰嬫塟攋侾挌栚7-18,,,1.00,3.00,,,,,210.73,63.74,7766,2025/10/24,"2024/03/18 11:56","2025/12/16 14:19",愭暔(拠夘),,乮姅乯働儞僩僐乕億儗乕僔儑儞丂儕儘偺捓戄丂抧壓揝暯栰揦,-,"=""06-6760-6200""",嬻桳,2025.10.24丂惉栺仺暅妶,5470024
戄抧,R00175-014100,,,,峏抧,傾乕僇僀僽(惉栺),柍,360000,,奒,-,堬栘巗廻愳尨挰偺戄抧亂179捸亃,,戝嶃晎堬栘巗廻愳尨挰20-13,,,1.00,2.00,,,,594.05,,179.7,2004,2025/10/20,"2024/07/18 11:47","2025/12/16 14:18",愭暔(拠夘),,乮姅乯僾儔僗儚儞,塱郪丂棽巙,"=""072-697-9996""",,,5670055
戄抧,R00175-014286,,,,峏抧,傾乕僇僀僽(惉栺),柍,300000,,奒,-,崅捨巗恵夑挰偺戄抧亂98捸亃,,戝嶃晎崅捨巗恵夑挰21,,,1.00,1.00,,,,324.00,,98.01,3061,2025/10/20,"2024/10/24 13:20","2025/12/16 14:17",愭暔(拠夘),,旙岥婎慴乮桳乯,-,"=""072-803-6127""",,丒廧強丗崅捨巗恵夑挰21斣奨嬫乮1044斣抧乯,5690022
揦曑(寶暔堦妵),R00175-014063,,,,嬻,傾乕僇僀僽(惉栺),柍,1485000,,奒,1976擭01寧,塇塯栰巗栰偺戄揦曑亂242捸亃,,戝嶃晎塇塯栰巗栰24,30000,,1.00,3.00,,,,494.00,803.12,242.94,6113,2025/10/20,"2024/07/04 13:31","2025/12/16 14:12",愭暔(拠夘),,"姅幃夛幮Home Quest 壨撪徏尨揦",-,"=""072-289-6324""",嬻桳,,5830884
憅屔,R00175-014827,,,,,傾乕僇僀僽(惉栺),柍,548598,,1奒,2017擭03寧,戝嶃巗掃尒嬫墶掔4挌栚偺戄憅屔亂71捸亃,,戝嶃晎戝嶃巗掃尒嬫墶掔係挌栚2-12,,,4.00,2.20,,,,,235.56,71.25,7699,2025/10/24,"2025/06/24 11:28","2025/12/16 14:11",愭暔(拠夘),,乮姅乯儘僕僼傽僋僞乕,-,"=""06-7712-8090""",嬻桳,,5380052
憅屔,R00175-015008,,,,嬻,傾乕僇僀僽(惉栺),柍,610500,,奒,-,戝嶃巗惣惉嬫揤壓拑壆搶2挌栚偺戄憅屔亂185捸亃,,戝嶃晎戝嶃巗惣惉嬫揤壓拑壆搶俀挌栚15-1,,,4.00,2.00,,,,1311.71,611.58,185,3300,2025/10/20,"2025/09/18 10:06","2025/12/16 14:11",愭暔(拠夘),,乮姅乯儘僕僼傽僋僞乕,-,"=""06-7712-8090""",,,5570011
岺応,R00175-015027,,,,嫃廧拞,傾乕僇僀僽(惉栺),柍,600000,,奒,1984擭04寧,晉揷椦巗拞栰挰搶1挌栚偺戄岺応亂66捸亃,,戝嶃晎晉揷椦巗拞栰挰搶侾挌栚7-43,,,,,5.00,,,,221.00,66.85,8975,2025/10/07,"2025/09/24 13:04","2025/12/16 14:10",愭暔(拠夘),,儔僥丒僄僗僥乕僩乮姅乯娭栚揦,-,"=""06-6955-5833""",,,5840022
憅屔,R00175-015053,,,,巊梡拞,傾乕僇僀僽(惉栺),柍,350000,,奒,1980擭12寧,搶戝嶃巗攼揷惣3挌栚偺戄憅屔亂77捸亃,,戝嶃晎搶戝嶃巗攼揷惣俁挌栚9-23,,,,,1500000,500000,,,255.60,77.31,4527,2025/10/07,"2025/10/07 13:39","2025/12/16 14:00",愭暔(拠夘),,(姅)憗愳彜揦,-,"=""06-6271-2571""",柍,,5770835
岺応,R00175-014800,,,,嬻,傾乕僇僀僽(惉栺),柍,880000,,奒,-,戝嶃巗廧媑嬫悪杮1挌栚偺戄岺応亂231捸亃,,戝嶃晎戝嶃巗廧媑嬫悪杮侾挌栚7-25,,,5000000,,,,,383.47,765.47,231.55,3801,2025/10/20,"2025/06/13 13:17","2025/12/16 13:58",愭暔(拠夘),,擔寶僴僂僕儞僌乮姅乯,-,"=""072-289-1199""",柍,,5580022
憅屔,R00175-014979,,,,,傾乕僇僀僽(惉栺),柍,550000,,奒,-,戝嶃巗搶廧媑嬫崱愳6挌栚偺戄憅屔,,戝嶃晎戝嶃巗搶廧媑嬫崱愳俇挌栚4-4,,,1000000,1100000,,,,,,,,2025/09/03,"2025/09/03 11:33","2025/12/16 13:58",愭暔(拠夘),,偨偗堜,-,"=""06-6312-2025""",嬻桳,仸寶暔柺愊側偳晄柧丅妋擣偍婅偄偟傑偡丅,5460003
揦曑帠柋強(寶暔堦妵),R00175-014351,,,,嬻,傾乕僇僀僽(惉栺),柍,440000,,奒,2000擭09寧,暫屔導昉楬巗忺杹嬫栰揷挰偺戄揦曑丒帠柋強亂42捸亃,,暫屔導昉楬巗忺杹嬫栰揷挰28-1,,,400000,880000,,,,,139.91,42.32,10397,2025/10/24,"2024/11/19 14:23","2025/12/16 13:52",愭暔(拠夘),,撉攧晄摦嶻乮姅乯,-,"=""06-7732-0054""",嬻桳,,6728040
揦曑(寶暔堦妵),R00175-013857,,,,巊梡拞,傾乕僇僀僽(惉栺),柍,330000,,奒,1990擭11寧,暫屔導桲曐孲懢巕挰攏応偺戄揦曑亂146捸亃,,暫屔導桲曐孲懢巕挰攏応90-1,,,2000000,,,1000000,,1096.24,483.33,146.2,2258,2025/10/23,"2024/03/22 13:29","2025/12/16 13:50",愭暔(拠夘),,旤徏儂乕儉乮姅乯,-,"=""079-277-3366""",嬻桳,"2025.3.31丂捓椏曄峏 35.2枩仺33枩",6711551
憅屔,R00175-015063,,,,嬻,傾乕僇僀僽(惉栺),柍,800000,,奒,2000擭09寧,暫屔導恄屗巗搶撳嬫廧媑媨挰5挌栚偺戄憅屔亂93捸亃,,暫屔導恄屗巗搶撳嬫廧媑媨挰俆挌栚4-15,,,,1.00,3.00,,,383.77,308.70,93.38,8567,2025/10/20,"2025/10/10 11:15","2025/12/16 13:41",愭暔(拠夘),,乮姅乯俴倎倫倢倳倱,-,"=""06-4400-0142""",嬤桳,,6580053
憅屔,R00175-014752,,,,嬻,傾乕僇僀僽(惉栺),柍,1430000,,奒,1978擭02寧,暫屔導昉楬巗拞抧撿挰偺戄憅屔亂497捸亃,,暫屔導昉楬巗拞抧撿挰146,,,,,3900000,,,2581.37,1643.34,497.11,2877,2025/10/10,"2025/05/29 14:32","2025/12/16 13:37",愭暔(拠夘),,乮姅乯傒偳傝晄摦嶻,-,"=""079-221-5225""",嬻桳,"2025.9.17
丒捓椏丗165枩墌仺143枩墌",6700975
憅屔,R00175-014308,,,,寶抸拞,傾乕僇僀僽(惉栺),柍,5500000,,奒,-,暫屔導幊埦巗嶳嶈挰屼柤偺戄憅屔亂914捸亃,,暫屔導幊埦巗嶳嶈挰屼柤,,,,,,,,6753.00,3024.00,914.76,6013,2025/10/20,"2024/11/07 13:09","2025/12/16 13:22",愭暔(拠夘),,乮姅乯僼傽乕僗僩彜帠,-,"=""0790-62-0001""",,"暔妋FAX憲晅嵪 2025.2.6摗尨
072-268-2039
丒応強丗僌乕僌儖儅僢僾偱偼丄屼柤3415乮僇儔僢僩嶳嶈揦乯偺摴楬嫴傫偱惣懁偁偨傝",6712554
揦曑(寶暔堦妵),R00175-014984,,,,巊梡拞,傾乕僇僀僽(惉栺),柍,1045000,,奒,2023擭12寧,嫗搒晎嫗搒巗惣嫗嬫戝巬孊妡挰偺戄揦曑亂67捸亃,,嫗搒晎嫗搒巗惣嫗嬫戝巬孊妡挰10-2,,,,,,,,,223.59,67.63,15451,2025/10/02,"2025/09/05 13:01","2025/12/16 10:43",愭暔(拠夘),,乮姅乯僥儞億僗僼傿僫儞僔儍儖僩儔僗僩,-,"=""03-3525-4070""",嬻桳,,6101106
揦曑(寶暔堦妵),R00175-014226,,,,嫃廧拞,傾乕僇僀僽(惉栺),柍,495000,,奒,2000擭01寧,暫屔導桲曐孲懢巕挰懢揷偺戄揦曑亂160捸亃,,暫屔導桲曐孲懢巕挰懢揷2220,,,800000,800000,,,,859.27,530.35,160.43,3086,2025/10/20,"2024/09/30 11:34","2025/12/16 10:40",愭暔(拠夘),,乮姅乯拞搱晄摦嶻,-,"=""079-240-5058""",嬻桳,"2025.8.4丂
丒捓椏丗62.7枩墌仺49.5枩墌
丒晘嬥丗107枩墌仺80枩墌
丒楃嬥丗150枩墌仺80枩墌

1奒丄2奒丄3奒丄暿乆偱攧傞偙偲傕専摙拞丅",6711511
揦曑(寶暔堦晹),R00175-014693,,,,,傾乕僇僀僽(惉栺),柍,506000,,奒,2025擭10寧,嶄巗杒嬫拞懞挰偺戄揦曑亂35捸亃,,戝嶃晎嶄巗杒嬫拞懞挰465-1,,,8.00,,,,,4880.31,116.20,35.15,14396,2025/10/20,"2025/05/09 13:31","2025/12/16 10:33",愭暔(拠夘),,僥儞億僗僞僀儖乮姅乯,-,"=""072-726-5201""",嬻桳,,5918012
揦曑帠柋強(寶暔堦妵),R00175-013847,,,,嬻,傾乕僇僀僽(惉栺),柍,400000,,奒,1973擭01寧,枼柺巗惣彫楬4挌栚偺戄揦曑丒帠柋強亂133捸亃,,戝嶃晎枼柺巗惣彫楬係挌栚3-3,,,6.00,400000,,,,330.00,440.00,133.1,3006,2025/10/20,"2024/03/18 13:05","2025/12/16 10:29",愭暔(拠夘),,乮姅乯僥儞丒僐乕億儗乕僔儑儞,-,"=""072-734-7242""",嬻桳,"2025.10.20丂儗僀儞僘偼旕宖嵹偵偟偰偍傝丄
愱擟偼奜傟偰偄傞偑僆乕僫乕條傊偍榖偼壜擻偲偺偙偲丅
仺尰帪揰丄儗僀儞僘偵偰懠幮宖嵹柍偟丅",5620003
揦曑(寶暔堦妵),R00175-014773,,,,嬻,傾乕僇僀僽(惉栺),柍,0,,奒,-,嫗搒晎晳掃巗帤嫗揷偺戄揦曑亂122捸亃,,嫗搒晎晳掃巗帤嫗揷337-1,,,,,,,,1170.26,404.72,122.42,,2025/10/15,"2025/06/02 14:38","2025/12/16 10:28",愭暔(拠夘),,姅幃夛幮僇儉僥僀,-,"=""06-6225-9557""",,,6240823
揦曑(寶暔堦妵),R00175-014771,,,,嬻,傾乕僇僀僽(惉栺),柍,0,,奒,-,帬夑導挿昹巗暯曽挰偺戄揦曑,,帬夑導挿昹巗暯曽挰360-6,,,,,,,,161.83,,,,2025/10/15,"2025/06/02 14:15","2025/12/16 10:28",愭暔(拠夘),,姅幃夛幮僇儉僥僀,-,"=""06-6225-9557""",,,5260033
揦曑(寶暔堦妵),R00175-014770,,,,嬻,傾乕僇僀僽(惉栺),柍,0,,奒,-,榓壧嶳導榓壧嶳巗攡尨偺戄揦曑亂59捸亃,,榓壧嶳導榓壧嶳巗攡尨93-3,,,,,,,,1857.49,195.29,59.07,,2025/10/15,"2025/06/02 14:00","2025/12/16 10:28",愭暔(拠夘),,姅幃夛幮僇儉僥僀,-,"=""06-6225-9557""",,,6408452
揦曑(寶暔堦妵),R00175-014719,,,,嬻,傾乕僇僀僽(惉栺),柍,0,,奒,1992擭11寧,暫屔導恄屗巗撳嬫悈摴嬝係挌栚偺戄揦曑亂173捸亃,,暫屔導恄屗巗撳嬫悈摴嬝係挌栚1-16,,,,,12.00,,,,574.65,173.83,,2025/10/15,"2025/05/16 13:51","2025/12/16 10:28",愭暔(拠夘),,姅幃夛幮僇儉僥僀,揾栁偝傫丗090-2119-2538,"=""06-6225-9557""",,,6570831
揦曑(寶暔堦妵),R00175-014711,,,,嬻,傾乕僇僀僽(惉栺),柍,,,奒,1990擭03寧,抮揷巗敨捤侾挌栚偺戄揦曑亂127捸亃,,戝嶃晎抮揷巗敨捤侾挌栚10-1,,,,,12.00,,,613.65,420.64,127.24,,2025/10/15,"2025/05/15 12:04","2025/12/16 10:28",愭暔(拠夘),,姅幃夛幮僇儉僥僀,揾栁偝傫:090-2119-2538,"=""06-6225-9557""",嬻桳,,5630024
揦曑(寶暔堦妵),R00175-013925,,,,嬻,岞奐壜,柍,255000,,奒,1999擭04寧,暫屔導桲曐孲懢巕挰闎偺戄揦曑亂32捸亃,,暫屔導桲曐孲懢巕挰闎1157-1,,,2.00,2.00,,,,627.85,109.09,32.99,7728,2026/06/23,"2024/04/15 14:20","2025/12/16 10:27",愭暔(拠夘),,乮姅乯棾栰岺柋揦,-,"=""0791-62-1483""",嬻桳,"2025.12.15丂
丒捓椏丗29.8枩墌仺25.5枩墌
仸暔妋帪妋擣偟傑偟偨偑丄儗僀儞僘帒椏曄峏側偄偨傔偦偺傑傑偱偡丅

2025.10.20丂
丒捓椏丗33枩墌仺29.8枩墌",6711561
揦曑帠柋強(寶暔堦妵),R00175-013754,,,,嬻,傾乕僇僀僽(惉栺),柍,360000,,奒,1992擭09寧,暫屔導廎杮巗壓壛栁1挌栚偺戄揦曑丒帠柋強亂82捸亃,,暫屔導廎杮巗壓壛栁侾挌栚1-25,,,440000,440000,,,,1123.90,272.75,82.5,4364,2025/10/17,"2024/02/05 11:55","2025/12/16 10:09",愭暔(拠夘),,廎杮惢巻乮桳乯,-,"=""0799-22-2612""",嬻桳,2025.3.31丂捓椏曄峏44枩仺36枩,6560013
憅屔,R00175-014685,,,,嬻,傾乕僇僀僽(惉栺),柍,375000,,奒,-,暫屔導恄屗巗惣嬫巬媑4挌栚偺戄憅屔亂84捸亃,,暫屔導恄屗巗惣嬫巬媑係挌栚120,,,1.00,2.00,,,,,279.00,84.39,4444,2025/10/17,"2025/05/07 14:00","2025/12/15 14:56",愭暔(拠夘),,僙儞僠儏儕乕俀侾丂僫儕僇儚柀愳揦,-,"=""078-511-8445""",嬻桳,"2025.8.20丂
丒曄峏丗44枩墌仺37.5枩墌
丒峀崘椏丗1僇寧偁傝

丒A丄C嬫夋",6512133
憅屔,R00175-014674,,,,嬻,傾乕僇僀僽(惉栺),柍,500000,,奒,1986擭11寧,嶄巗拞嬫暁旜偺戄憅屔亂79捸亃,,戝嶃晎嶄巗拞嬫暁旜381,,,2.00,2.00,,,,363.60,263.50,79.7,6273,2025/10/17,"2025/04/30 13:17","2025/12/15 14:54",愭暔(拠夘),,僙儞僠儏儕乕俀侾丂偊傃偡晄摦嶻,-,"=""072-437-1521""",嬻桳,,5998254
揦曑(寶暔堦妵),R00175-014947,,,,嬻,傾乕僇僀僽(惉栺),柍,450000,,奒,2005擭01寧,愹戝捗巗埉挰偺戄揦曑亂39捸亃,,戝嶃晎愹戝捗巗埉挰23-52,,,5.00,1.00,,,,108.16,130.69,39.53,11383,2025/10/02,"2025/08/18 11:38","2025/12/15 14:54",愭暔(拠夘),,僙儞僠儏儕乕俀侾丂偊傃偡晄摦嶻,-,"=""072-437-1521""",嬻桳,"2025.10.2丂曄峏
丒捓椏丗50枩墌仺45枩墌",5950025
憅屔,R00175-014582,,,,嬻,傾乕僇僀僽(惉栺),柍,330000,,奒,1967擭09寧,抮揷巗搶嶳挰偺戄憅屔亂67捸亃,,戝嶃晎抮揷巗搶嶳挰993-2,,,5.00,3.00,,,,,222.75,67.38,4898,2025/10/17,"2025/03/12 14:18","2025/12/15 14:46",愭暔(拠夘),,乮姅乯僘乕儉,-,"=""072-736-9800""",嬻桳,,5630012
憅屔,R00175-015045,,,,嬻,傾乕僇僀僽(惉栺),柍,1296900,,奒,2025擭06寧,戝嶃巗搶惉嬫戝崱棦撿2挌栚偺戄憅屔亂117捸亃,,戝嶃晎戝嶃巗搶惉嬫戝崱棦撿俀挌栚9,,,8.00,,,2.00,,,389.97,117.96,10994,2025/10/02,"2025/10/02 10:14","2025/12/15 14:24",愭暔(拠夘),,僔乕價乕傾乕儖僀乕乮姅乯娭惣巟幮,-,"=""06-6292-1740""",嬻桳,"丒A嬫夋
",5370013
岺応,R00175-014648,,,,,傾乕僇僀僽(惉栺),柍,308000,,奒,1974擭03寧,戝嶃巗暯栰嬫挿媑弌屗7挌栚偺戄岺応亂37捸亃,,戝嶃晎戝嶃巗暯栰嬫挿媑弌屗俈挌栚3-4,,,1.00,1.00,,,,,122.52,37.06,8311,2025/10/17,"2025/04/17 13:11","2025/12/15 14:14",愭暔(拠夘),,乮桳乯嶰塰,-,"=""072-953-7427""",嬤桳,丒S-7嬫夋,5470011
揦曑帠柋強(寶暔堦妵),R00175-014972,,,,嬻,傾乕僇僀僽(惉栺),柍,352000,,奒,1996擭08寧,暫屔導昉楬巗撿忦2挌栚偺戄揦曑丒帠柋強亂69捸亃,,暫屔導昉楬巗撿忦俀挌栚145,,,2.00,2.00,,,,193.00,231.00,69.87,5038,2025/10/01,"2025/08/29 13:39","2025/12/15 13:59",愭暔(拠夘),,"姅幃夛幮Gran Homes",-,"=""079-287-3030""",嬻桳,,6700952
憅屔,R00175-014829,,,,嬻,傾乕僇僀僽(惉栺),柍,440000,,奒,-,暫屔導惣媨巗嶳岥挰壓嶳岥2挌栚偺戄憅屔亂54捸亃,,暫屔導惣媨巗嶳岥挰壓嶳岥俀挌栚6-97,,,,440000,,,,643.06,180.00,54.45,8081,2025/10/30,"2025/06/24 11:59","2025/12/15 13:53",愭暔(拠夘),,乮姅乯僉儏乕僐乕億儗乕僔儑儞,-,"=""0797-73-0041""",嬻桳,"2025.10.30
栭娫嶌嬈丄偐側傝偺壒偼NG",6511412
揦曑帠柋強(寶暔堦妵),R00175-014971,,,,嬻,傾乕僇僀僽(惉栺),柍,330000,,奒,1998擭04寧,暫屔導壛屆愳巗暿晎挰暿晎偺戄揦曑丒帠柋強亂21捸亃,,暫屔導壛屆愳巗暿晎挰暿晎532-1,,,,2.00,1.00,,,188.09,70.31,21.26,15516,2025/10/01,"2025/08/29 13:25","2025/12/15 13:21",愭暔(拠夘),,姅幃夛幮僆僼傿僗僫僈僞,-,"=""078-995-3662""",嬻桳,,6750122
戄抧,R00175-015049,,,,,傾乕僇僀僽(惉栺),柍,396000,,奒,-,怮壆愳巗揰栰5挌栚偺戄抧亂210捸亃,,戝嶃晎怮壆愳巗揰栰俆挌栚4-3,,,,,,,,695.54,,210.4,1883,2025/10/02,"2025/10/02 11:19","2025/12/15 11:47",愭暔(拠夘),,乮姅乯僆僼傿僗丒傾僪僶儞僗,-,"=""072-635-5310""",,,5720077
憅屔,R00175-014981,,,,,傾乕僇僀僽(惉栺),柍,385000,,奒,1977擭05寧,戝嶃巗梽愳嬫揷愳杒3挌栚偺戄憅屔亂42捸亃,,戝嶃晎戝嶃巗梽愳嬫揷愳杒俁挌栚5-40,,,3.00,1.00,,,,151.88,139.77,42.28,9106,2025/12/09,"2025/09/05 11:17","2025/12/15 11:38",愭暔(拠夘),,姅幃夛幮僩僠僞僥價儖僨傿儞僌,-,"=""06-6975-7780""",,,5320021
憅屔,R00175-014867,,,,嬻,傾乕僇僀僽(惉栺),柍,495000,,奒,1980擭12寧,暫屔導壛屆愳巗旜忋挰梴揷偺戄憅屔亂172捸亃,,暫屔導壛屆愳巗旜忋挰梴揷1508-2,,,3.00,2.00,,,,461.38,569.25,172.19,2875,2025/10/15,"2025/07/04 14:04","2025/12/15 11:35",愭暔(拠夘),,戝郪嫽嶻乮姅乯,-,"=""078-335-6445""",,丒攧攦偁傝丗B00175-000398,6750025
憅屔,R00175-014824,,,,,傾乕僇僀僽(惉栺),柍,330000,,奒,-,敧旜巗暉塰挰1挌栚偺戄憅屔亂73捸亃,,戝嶃晎敧旜巗暉塰挰侾挌栚2-2,,,2.00,2.00,,,,388.56,244.12,73.84,4469,2025/10/15,"2025/06/23 11:56","2025/12/15 10:53",愭暔(拠夘),,僆僆僒僇價儖僪乮姅乯,-,"=""072-943-4313""",,,5810844
憅屔,R00175-014871,,,,嬻,傾乕僇僀僽(惉栺),柍,968000,,奒,1993擭11寧,榓愹巗旍巕挰2挌栚偺戄憅屔亂122捸亃,,戝嶃晎榓愹巗旍巕挰俀挌栚9-53,,,1760000,1936000,,,,1716.18,403.47,122.04,7932,2025/10/07,"2025/07/07 11:40","2025/12/15 10:44",愭暔(拠夘),,俙俠俼俤乮姅乯怱嵵嫶巟幮,儎儅僆僇條丗090-3610-9100,"=""06-6543-6722""",嬻桳,"2025.10.7丂惉栺仺暅妶

仸R00175-014713乮2025.7.7彜択拞乯
扴摉丗儎儅僆僇條/090-3610-9100",5940076
揦曑帠柋強(寶暔堦妵),R00175-014775,,,,嬻,傾乕僇僀僽(惉栺),柍,1320000,,奒,1986擭12寧,嫗搒晎嫗搒巗拞嫗嬫栶峴幰挰偺戄揦曑丒帠柋強亂121捸亃,,嫗搒晎嫗搒巗拞嫗嬫幒挰捠嶰忦忋傞栶峴幰挰372,,,,1.00,3.00,,,,402.90,121.87,10831,2025/10/16,"2025/06/03 13:14","2025/12/15 10:41",愭暔(拠夘),,乮姅乯償傿僈乕僐乕億儗乕僔儑儞,-,"=""047-401-0100""",嬻桳,,6048174
憅屔,R00175-014825,,,,嬻,傾乕僇僀僽(惉栺),柍,396000,,奒,2011擭01寧,悂揷巗娸晹杒2挌栚偺戄憅屔亂52捸亃,,戝嶃晎悂揷巗娸晹杒俀挌栚1-20,,,,1.00,7.00,,1.00,136.97,173.06,52.35,7565,2025/10/10,"2025/06/23 12:59","2025/12/15 10:40",愭暔(拠夘),,乮姅乯傾儘儔儞僪,-,"=""03-5809-1222""",嬻桳,2025.10.10丂1斣庤怽偟崬傒偁傝(2斣庤庴晅壜),5640001
憅屔,R00175-015062,,,,嬻,傾乕僇僀僽(惉栺),柍,715000,,1奒,2016擭04寧,怮壆愳巗嶿椙惣挰偺戄憅屔亂139捸亃,,戝嶃晎怮壆愳巗嶿椙惣挰6-23,,,3.00,2.00,,,,,429.75,129.99,5501,2025/10/09,"2025/10/09 14:05","2025/12/12 17:43",帺幮,堦斒攠夘,姅幃夛幮僙儞僠儏儕乕僟僀僜乕,曱嶳,"=""06-6136-0555""",嬻桳,"2025.12.12 懠晄摦嶻夛幮偱宊栺

曱嶳偝傫扴摉暔審
仸R00175-014861丒R00175-013453偱傕曞廤偁傝",5720818
戄抧,R00175-015108,,,,峏抧,傾乕僇僀僽(惉栺),柍,420000,,奒,-,暫屔導恄屗巗搶撳嬫嫑嶈撿挰3挌栚偺戄抧亂90捸亃,,暫屔導恄屗巗搶撳嬫嫑嶈撿挰俁挌栚2-31,,,2000000,500000,,,,297.90,,90.11,4661,2025/10/30,"2025/10/30 13:13","2025/12/12 13:11",愭暔(拠夘),,乮姅乯壀杮岺柋揦,-,"=""078-200-5703""",,,6580025
憅屔,R00175-014610,,,,,岞奐壜,柍,440000,,奒,1975擭11寧,榓壧嶳導榓壧嶳巗杒搰偺戄憅屔亂100捸亃,,榓壧嶳導榓壧嶳巗杒搰53,3300,,3.00,2.00,,,,,332.55,100.59,4374,2026/07/29,"2025/04/03 13:41","2025/12/12 12:08",愭暔(拠夘),,偁偐傑偮晄摦嶻(姅),-,"=""073-494-3658""",嬻桳,"2025.10.16丂仸拲堄仸
幨恀栧斷偺偝傜偵墱懁偑奩摉暔審丅慜柺晘抧偼嫟桳丅
暔妋FAX憲怣嵪 2025.11.7",6408403
憅屔,R00175-014573,,,,巊梡拞,傾乕僇僀僽(惉栺),柍,363000,,奒,2016擭12寧,搶戝嶃巗戝楡杒1挌栚偺戄憅屔亂32捸亃,,戝嶃晎搶戝嶃巗戝楡杒侾挌栚11-2,,,2.00,1.00,,,,,105.85,32.01,11337,2025/11/14,"2025/03/07 14:10","2025/12/12 11:33",愭暔(拠夘),,姅幃夛幮僙儞僠儏儕乕僟僀僜乕,媑揷夒,"=""06-6136-0555""",嬻桳,"2025.7.28丂
丒捓椏丗39.6枩墌仺36.3枩墌

扴摉丗媑揷MGR(仸僗僥乕僕傕3寧偐傜曞廤偁傝)
",5770826
憅屔,R00175-015148,,,,嬻,傾乕僇僀僽(惉栺),柍,1100000,,奒,1992擭01寧,搶戝嶃巗庒峕惣怴挰5挌栚偺戄憅屔亂221捸亃,,戝嶃晎搶戝嶃巗庒峕惣怴挰俆挌栚1-2,,,,,3.00,,,753.71,731.29,221.21,4973,2025/11/14,"2025/11/14 11:11","2025/12/12 10:11",愭暔(拠夘),,乮姅乯儐僫僀僥僢僪儂乕儉,-,"=""06-6726-1188""",嬻桳,,5780944
岺応,R00175-015126,,,,嬻,傾乕僇僀僽(惉栺),柍,770000,,1奒,1974擭10寧,朙拞巗柤恄岥1挌栚偺戄岺応亂98捸亃,,戝嶃晎朙拞巗柤恄岥侾挌栚5-18,,,,,3500000,,,,324.00,98.01,7857,2025/11/07,"2025/11/07 11:34","2025/12/11 17:50",愭暔(拠夘),,,殸岝,"=""080-9456-3682""",嬻桳,,5610841
憅屔,R00175-015106,,,,嬻,傾乕僇僀僽(惉栺),柍,550000,,奒,1983擭01寧,戝嶃巗惣梽愳嬫屼暭搰1挌栚偺戄憅屔亂122捸亃,,戝嶃晎戝嶃巗惣梽愳嬫屼暭搰侾挌栚9-23,,,,,3.00,,,,403.44,122.04,4507,2025/10/30,"2025/10/30 11:51","2025/12/11 10:39",愭暔(拠夘),,嶰榓彜帠,-,"=""06-6474-2000""",嬻桳,,5550012
憅屔,R00175-015069,,,,巊梡拞,傾乕僇僀僽(惉栺),柍,550000,,奒,1991擭02寧,搶戝嶃巗怴挰偺戄憅屔亂99捸亃,,戝嶃晎搶戝嶃巗怴挰9-8,,,,,1500000,,,473.42,329.34,99.62,5521,2025/10/28,"2025/10/15 13:07","2025/12/10 14:25",愭暔(拠夘),,姅幃夛幮斅憅晄摦嶻,-,"=""072-965-0505""",嬻桳,,5798037
岺応,R00175-015020,,,,巊梡拞,傾乕僇僀僽(惉栺),柍,440000,,奒,-,搶戝嶃巗崅堜揷杮捠2挌栚偺戄岺応亂57捸亃,,戝嶃晎搶戝嶃巗崅堜揷杮捠俀挌栚1-24,,,1.00,2.00,,,,196.13,189.22,57.23,7688,2025/10/01,"2025/09/22 09:39","2025/12/10 14:02",愭暔(拠夘),,姅幃夛幮惣擔杮儕價儞僌丒僒億乕僩,-,"=""06-4307-4225""",嬻桳,,5770066
憅屔,R00175-015109,,,,嬻,傾乕僇僀僽(惉栺),柍,715000,,1奒,1973擭09寧,朙拞巗彲撪塰挰5挌栚偺戄憅屔亂100捸亃,,戝嶃晎朙拞巗彲撪塰挰俆挌栚11-10,,,2600000,1430000,,,,,330.58,100,7150,2025/10/30,"2025/10/30 13:27","2025/12/10 13:58",愭暔(拠夘),,姅幃夛幮僗儁乕僗丒儕乕僟乕,-,"=""06-6310-7510""",嬻桳,,5610834
憅屔,R00175-014861,,,,嬻,傾乕僇僀僽(惉栺),柍,1280000,,1奒,2016擭04寧,怮壆愳巗嶿椙惣挰偺戄憅屔亂139捸亃,,戝嶃晎怮壆愳巗嶿椙惣挰6-23,,,3.00,2.00,,,,877.65,459.75,139.07,9204,2025/11/14,"2025/07/03 10:24","2025/12/10 11:31",帺幮,堦斒攠夘,姅幃夛幮僙儞僠儏儕乕僟僀僜乕,曱嶳,"=""06-6136-0555""",嬻桳,"2025.12.9丂暿晄摦嶻夛幮偱宊栺
仸暔審帒椏偼丄揧晅偟偰偄傞倠.傪巊梡偟偰偔偩偝偄丅
曱嶳偝傫扴摉暔審",5720818
戄抧,R00175-015103,,,,偦偺懠,岞奐壜,柍,400000,,奒,-,嫗搒晎捲婌孲塅帯揷尨挰戝帤崅旜彫帤塝嶳偺戄抧亂309捸亃,,嫗搒晎捲婌孲塅帯揷尨挰戝帤崅旜彫帤塝嶳1-3,,,,1.00,,,,1022.56,,309.32,1294,2026/06/23,"2025/10/30 11:01","2025/12/10 10:36",愭暔(拠夘),,乮姅乯晄摦嶻儔儃,-,"=""0774-20-2021""",,丒廧強丗彫帤塝嶳1-3丄彫帤壓戝尨1-7,6100251
揦曑帠柋強(寶暔堦妵),R00175-015174,,,,嬻,岞奐壜,柍,2530000,,奒,2019擭04寧,嫗搒晎嫗搒巗暁尒嬫拞搰奜嶳挰偺戄揦曑丒帠柋強亂211捸亃,,嫗搒晎嫗搒巗暁尒嬫拞搰奜嶳挰30,,,,,10.00,,,1094.02,700.00,211.75,11949,2026/07/22,"2025/11/26 14:51","2025/12/10 10:26",愭暔(拠夘),,捯晄摦嶻乮姅乯,-,"=""075-585-2540""",嬻桳,,6128455
憅屔,R00175-014918,,,,嬻,傾乕僇僀僽(惉栺),柍,440000,,奒,1973擭01寧,暫屔導恄屗巗惣嬫敟扟挰暉扟偺戄憅屔亂137捸亃,,暫屔導恄屗巗惣嬫敟扟挰暉扟684,,,2.00,,,1.00,,,454.00,137.33,3204,2025/10/06,"2025/07/29 12:49","2025/12/09 13:43",愭暔(拠夘),,嶃揷晄摦嶻姅幃夛幮,-,"=""078-928-2626""",嬻桳,"2025.10.28
丒捓椏丗55枩墌仺44枩墌",6512233
戄抧,R00175-014928,,,,峏抧,岞奐壜,柍,400000,,奒,-,撧椙導妧尨巗妺杮挰偺戄抧亂680捸亃,,撧椙導妧尨巗妺杮挰350-1,,,,3.00,,,,2250.00,,680.62,588,2026/06/12,"2025/08/04 12:51","2025/12/09 13:40",愭暔(拠夘),,嵶嶳彜帠姅幃夛幮,-,"=""0744-22-0055""",,"2025.12.9
丒捓椏丗50枩墌仺40枩墌

仸応強晄柧丄抧恾枹巜掕偱偡丅妋擣偍婅偄偟傑偡丅",6340007
戄抧,R00175-014475,,,,峏抧,岞奐壜,柍,399500,,奒,-,嶄巗旤尨嬫暯旜偺戄抧亂469捸亃,,戝嶃晎嶄巗旤尨嬫暯旜146-1,,,,,2000000,,,1553.71,,469.99,851,2026/06/15,"2025/01/20 11:57","2025/12/09 13:29",愭暔(拠夘),,嫤塰抧寶姅幃夛幮,-,"=""072-938-6677""",,"2025.12.9
儊儌丗宊栺屻偵擾揮(戄庡晧扴)丄摴楬偐傜1m壓偑偭偰偄傞偑憿惉偼戄庡晧扴

暔妋FAX憲怣嵪 2025.2.6摗尨
丒応強丗僌乕僌儖儅僢僾偱偼丄旤尨嬫彫暯旜247-1乮姅乯愹旜彜夛偺撿懁",5870022
揦曑(寶暔堦妵),R00175-014571,,,,嬻,傾乕僇僀僽(惉栺),柍,660000,,奒,-,塇塯栰巗惣塝偺戄揦曑亂99捸亃,,戝嶃晎塇塯栰巗惣塝1127-3,,,,,5.00,,,1737.00,328.50,99.37,6642,2025/10/02,"2025/03/07 13:41","2025/12/09 13:28",愭暔(拠夘),,嫤塰抧寶姅幃夛幮,徏堜,"=""072-938-6677""",嬻桳,"2025.10.2丂暔妋帪妋擣帠崁
丒挷惍嬫堟偺偨傔丄嬈庬妋擣傪峴惌傊偡傞偲NG丅
仺嫤塰抧寶條傛傝塇塯栰巗傊妋擣偝傟丄妋擣偝傟傞偲偳偆偟偰傕NG夞摎偵側傞偑丄
栚棫偭偨嬈庬偱側偗傟偽壗傜偐偺捠曬偑偝傟側偄尷傝塇塯栰巗偼栚傪偮傇傞偲偄偆夞摎偩偭偨傛偆偱偡丅

2025.7.10
丒捓椏丗99枩墌仺66枩墌
丒尦晅丗僇儉僥僀仺嫤塰抧寶",5830861
岺応,R00175-014955,,,,嬻,傾乕僇僀僽(惉栺),柍,495000,,奒,1978擭03寧,攼尨巗墌柧挰偺戄岺応亂99捸亃,,戝嶃晎攼尨巗墌柧挰1000-107,,,,,5.00,,,,328.59,99.39,4980,2025/10/01,"2025/08/21 11:00","2025/12/09 13:27",愭暔(拠夘),,嫤塰抧寶姅幃夛幮,-,"=""072-938-6677""",嬻桳,,5820027
憅屔,R00175-013997,,,,巊梡拞,傾乕僇僀僽(惉栺),柍,1540000,,奒,1992擭01寧,搶戝嶃巗怴彲惣偺戄憅屔亂207捸亃,,戝嶃晎搶戝嶃巗怴彲惣10-35,,,,,6.00,,,728.18,684.30,207,7440,2025/10/28,"2024/05/30 09:33","2025/12/09 11:59",愭暔(拠夘),,朙揷嶻嬈乮姅乯,慜揷丗090-7117-4384,"=""06-6385-3818""",,"2025.11.21丂彜択拞(2斣庤庴晅偼搒搙梫妋擣)

2025.10.7丂惉栺仺暅妶
丒捓椏丗148.5枩墌仺154枩墌
丒尦晅丗2win仺朙揷嶻嬈
仸栤崌偣偼扴摉慜揷條傊丗090-7117-4384

尦晅丗桳尷夛幮僀乕僗僩丒僄乕僕僃儞僔乕乥TEL:06-6773-1500
摌偝傫傛傝2win偐傜偺埬撪偲偺偙偲偱丄尦晅偼2win偵偟偰偄傑偡丅
儘僕僐儘旕宖嵹乮儅僢僠儞僌偺傒乯",5780964
憅屔,R00175-014964,,,,,傾乕僇僀僽(惉栺),柍,935000,,奒,1976擭01寧,戝嶃巗搶廧媑嬫岞墍撿栴揷3挌栚偺戄憅屔亂234捸亃,,戝嶃晎戝嶃巗搶廧媑嬫岞墍撿栴揷俁挌栚23-9,,,3.00,2.00,,,,,775.70,234.64,3985,2025/10/30,"2025/08/28 13:35","2025/12/09 11:51",愭暔(拠夘),,姅幃夛幮僕乕僾儖,-,"=""06-4300-3494""",嬻桳,,5460024
憅屔,R00175-014155,,,,嬻,傾乕僇僀僽(惉栺),柍,290000,,奒,1971擭07寧,愛捗巗堦捗壆2挌栚偺戄憅屔亂71捸亃,,戝嶃晎愛捗巗堦捗壆俀挌栚28-11,,,4.00,2.00,,,,129.13,235.05,71.1,4079,2025/10/10,"2024/08/26 10:54","2025/12/09 11:15",愭暔(拠夘),,姅幃夛幮僩僠僞僥價儖僨傿儞僌,-,"=""06-6975-7780""",,"2025.4.28丂捓椏曄峏
35枩仺29枩

2025丅6.30丂捓戄偐傜攧攦傊乮2500枩惻崬乯",5660043
憅屔,R00175-014718,,,,,傾乕僇僀僽(惉栺),柍,580000,,奒,1973擭04寧,奓捤巗墹巕偺戄憅屔亂203捸亃,,戝嶃晎奓捤巗墹巕1014-1,,,4.00,2.00,,,,383.33,672.81,203.52,2850,2025/10/10,"2025/05/16 11:32","2025/12/09 11:13",愭暔(拠夘),,姅幃夛幮僩僠僞僥價儖僨傿儞僌,-,"=""06-6975-7780""",嬻桳,,5970051
憅屔,R00175-014892,,,,,傾乕僇僀僽(惉栺),柍,440000,,奒,1988擭11寧,愹戝捗巗斅尨挰4挌栚偺戄憅屔亂116捸亃,,戝嶃晎愹戝捗巗斅尨挰係挌栚16-16,,,,,3.00,1.00,,264.47,386.52,116.92,3764,2025/10/10,"2025/07/17 14:41","2025/12/09 11:12",愭暔(拠夘),,姅幃夛幮僩僠僞僥價儖僨傿儞僌,摗杮丗080-3786-7735,"=""06-6975-7780""",嬻桳,,5950033
岺応,R00175-014859,,,,嬻,傾乕僇僀僽(惉栺),柍,550000,,奒,1972擭12寧,嫗搒晎嫗搒巗撿嬫忋捁塇撧恵栰挰偺戄岺応亂136捸亃,,嫗搒晎嫗搒巗撿嬫忋捁塇撧恵栰挰34-1,,,2.00,1.00,,,,329.70,451.31,136.52,4029,2025/10/10,"2025/07/02 12:52","2025/12/05 11:55",愭暔(拠夘),,姅幃夛幮僩僠僞僥價儖僨傿儞僌,-,"=""06-6975-7780""",嬻桳,"2025.12.4 惉栺",6018146
憅屔,R00175-015093,,,,嬻,傾乕僇僀僽(惉栺),柍,660000,,奒,1989擭07寧,嫗搒晎嫗搒巗撿嬫忋捁塇悰揷挰偺戄憅屔亂139捸亃,,嫗搒晎嫗搒巗撿嬫忋捁塇悰揷挰50,,,2000000,1200000,,,,456.95,462.35,139.86,4719,2025/12/04,"2025/10/23 10:59","2025/12/05 11:52",愭暔(拠夘),,乮姅乯僆僼傿僗儀儕乕,-,"=""075-573-2221""",,2025.12.2丂彜択拞乮3斣庤傑偱偁傝乯,6018102
岺応,R00175-014977,,,,嬻,傾乕僇僀僽(惉栺),柍,300000,,奒,1984擭08寧,暫屔導昉楬巗暿強挰暿強2挌栚偺戄岺応亂110捸亃,,暫屔導昉楬巗暿強挰暿強俀挌栚55,,,3.00,3.00,,,,1082.65,366.83,110.96,2704,2025/10/20,"2025/09/02 13:31","2025/12/05 11:02",愭暔(拠夘),,乮桳乯僷僽儕僢僋晄摦嶻,-,"=""079-286-8660""",嬻桳,"2025.9.18
丒捓椏丗35枩墌仺30枩墌",6710221
戄抧,R00175-014694,,,,,傾乕僇僀僽(惉栺),柍,1100000,,奒,-,愹撿巗怣払壀拞偺戄抧亂1974捸亃,,戝嶃晎愹撿巗怣払壀拞1020-2,,,3.00,1.00,,,,6527.00,,1974.41,558,2025/10/06,"2025/05/09 13:48","2025/12/04 11:25",愭暔(拠夘),,曅栘斀栄乮姅乯,-,"=""072-482-3308""",,丒廧強丗敠戙500-1丄怣払壀拞1020-2,5900523
憅屔,R00175-014777,,,,嬻,傾乕僇僀僽(惉栺),柍,1650000,,奒,1997擭11寧,愹撿巗拞彫楬2挌栚偺戄憅屔亂355捸亃,,戝嶃晎愹撿巗拞彫楬俀挌栚780-1,,,3.00,1.00,,,,1662.58,1173.84,355.08,4647,2025/10/06,"2025/06/03 13:40","2025/12/04 11:25",愭暔(拠夘),,曅栘斀栄乮姅乯,-,"=""072-482-3308""",嬻桳,"2025.6.16
丒TEL妋擣仺専嵏嵪徹側偟
仸扴摉丗僇僞僊條丂090-5369-5158",5900533
戄抧,R00175-015099,,,,峏抧,傾乕僇僀僽(惉栺),柍,450000,,奒,-,堬栘巗栚奯3挌栚偺戄抧亂229捸亃,,戝嶃晎堬栘巗栚奯俁挌栚317-1,,,,,3.00,1.00,,758.00,,229.29,1963,2025/10/28,"2025/10/28 11:52","2025/12/04 11:19",愭暔(拠夘),,姅幃夛幮庒憪僴僂僗,-,"=""072-678-6676""",,,5670836
憅屔,R00175-014636,,,,,傾乕僇僀僽(惉栺),柍,1430000,,奒,2025擭09寧,嫗搒晎嫗搒巗撿嬫忋捁塇杧巕挰偺戄憅屔亂154捸亃,,嫗搒晎嫗搒巗撿嬫忋捁塇杧巕挰104,,,5.00,3.00,,,,746.27,509.99,154.27,9270,2025/10/30,"2025/04/11 10:56","2025/12/04 11:13",愭暔(拠夘),,姅幃夛幮僱僋僗僩僗僥乕僕,-,"=""06-6190-6533""",嬻桳,"2025.10.31
丒捓椏丗165枩墌仺143枩墌(惻崬傒)",6018181
憅屔,R00175-014425,,,,嬻,傾乕僇僀僽(惉栺),柍,4400000,,奒,-,戝嶃巗惣梽愳嬫拞搰2挌栚偺戄憅屔亂630捸亃,,戝嶃晎戝嶃巗惣梽愳嬫拞搰俀挌栚2-20,,,,,20000000,,,,2083.50,630.25,6982,2025/10/01,"2024/12/25 11:12","2025/12/04 10:22",愭暔(拠夘),,僯僢僞僋嶻嬈姅幃夛幮,-,"=""06-6475-5311""",嬻桳,,5550041
戄抧,R00175-015161,,,,,岞奐壜,桳,660000,,奒,-,暫屔導埳扥巗壓壨尨2挌栚偺戄抧亂132捸亃,,暫屔導埳扥巗壓壨尨俀挌栚5,,,6.00,2.00,,,,437.00,,132.19,4993,2026/07/08,"2025/11/20 10:55","2025/12/04 09:47",愭暔(拠夘),,嶰婎寶愝乮姅乯,-,"=""06-6304-0999""",,,6640832
憅屔,R00175-014547,,,,嬻,傾乕僇僀僽(惉栺),柍,4620000,,奒,1968擭10寧,戝嶃巗忛搶嬫崱暉撿4挌栚偺戄憅屔亂1124捸亃,,戝嶃晎戝嶃巗忛搶嬫崱暉撿係挌栚1-13,,,33600000,9240000,,,,3738.04,3716.86,1124.35,4110,2025/10/02,"2025/02/25 11:52","2025/12/04 09:30",愭暔(拠夘),,姅幃夛幮僀儅僗奐敪帠嬈晹,-,"=""06-6233-8282""",嬻桳,"2025.12.3丂彜択拞(宊栺娫嬤偺偨傔惉栺傊)

2025.10.2丂曄峏
丒捓椏丗517枩墌仺462枩墌
丒晘嬥丗3,760枩墌仺3,360枩墌
丒楃嬥丗1,034枩墌924枩墌

2025.6.4丂曄峏
丒捓椏丗572枩墌仺517枩墌
丒晘嬥丗4,160枩墌仺3,760枩墌
丒楃嬥丗1,144枩墌仺1,034枩墌

丒2搹堦妵",5360003
憅屔,R00175-013954,,,,嬻,傾乕僇僀僽(惉栺),柍,396000,,奒,1972擭06寧,嶄巗旤尨嬫懡帯堜偺戄憅屔亂91捸亃,,戝嶃晎嶄巗旤尨嬫懡帯堜(96-1),,,3.00,1.00,,,,389.00,302.34,91.45,4330,2024/04/26,"2024/04/26 13:37","2025/12/03 11:52",愭暔(拠夘),,嶰婎寶愝乮姅乯,-,"=""06-6304-0999""",嬻桳,,5870012
戄抧,R00175-014670,,,,峏抧,傾乕僇僀僽(惉栺),柍,1141100,,奒,-,榓壧嶳導娾弌巗崻棃偺戄抧亂1630捸亃,,榓壧嶳導娾弌巗崻棃1505-1,,,,,6.00,,,5389.00,,1630.17,700,2025/10/03,"2025/04/24 11:24","2025/12/02 14:29",愭暔(拠夘),,(姅)僼僕僔儅晄摦嶻,-,"=""073-499-8000""",,"2025.10.3丂惉栺仺暅妶

2025.7.20
丒捓椏丗157.46枩墌仺114.11枩墌
丒柺愊丗7,436.00噓仺5,389.00噓",6496202
揦曑帠柋強(寶暔堦妵),R00175-014927,,,,巊梡拞,傾乕僇僀僽(惉栺),柍,440000,,奒,1984擭03寧,嶄巗拞嬫怺堜杒挰偺戄揦曑丒帠柋強亂92捸亃,,戝嶃晎嶄巗拞嬫怺堜杒挰3407,,,800000,1320000,,,,,305.25,92.33,4766,2025/10/01,"2025/08/04 11:56","2025/12/02 14:22",愭暔(拠夘),,,巙揷,"=""090-4767-7599""",嬻桳,,5998271
憅屔,R00175-014477,,,,嬻,岞奐壜,柍,1210000,,3奒,1986擭08寧,暫屔導惣媨巗惣媨昹1挌栚偺戄憅屔亂386捸亃,,暫屔導惣媨巗惣媨昹侾挌栚38,,,3.00,,,,,,1279.12,386.93,3128,2026/06/19,"2025/01/21 13:27","2025/12/02 09:20",愭暔(拠夘),,崌摨夛幮俙俿僄僗僥乕僩,-,"=""078-767-7887""",,"2025.12.1 1審彜択拞丂2斣庤埬撪晄壜
2025.1.24仺懳徾嬫夋偼3奒丂僗働儖僩儞搉偟梊掕丂儕僼僩
2025.5.29丂尦晅傛傝
榩娸慄偺崅懍摴楬偺寶愝偺寁夋偑偁傞偐傕偟傟偢乮徻嵶偼枹掕乯
偦偺応崌偼寶暔堦晹夝懱偵側傞壜擻惈傕偁傝丄偦偺応崌偼棫偪戅偒傪埶棅偡傞偙偲傕偁傞偲偺偙偲丅
仸帪婜摍偵偮偄偰傕徻嵶偼枹掕偩偑丄嵟抁偱俆擭掱搙偲偺偙偲丅",6620934
憅屔,R00175-015150,,,,嬻,岞奐壜,柍,770000,,奒,1990擭05寧,戝嶃巗惣梽愳嬫屼暭搰2挌栚偺戄憅屔亂104捸亃,,戝嶃晎戝嶃巗惣梽愳嬫屼暭搰俀挌栚2-24,,,3.00,3.00,,,,159.10,347.09,104.99,7334,2026/06/05,"2025/11/17 10:23","2025/12/02 09:07",愭暔(拠夘),,乮姅乯擔寶廧戭僒乕價僗,-,"=""06-6477-7705""",嬻桳,,5550012
憅屔,R00175-015082,,,,巊梡拞,傾乕僇僀僽(惉栺),柍,800000,,奒,-,暫屔導擈嶈巗摴堄挰5挌栚偺戄憅屔亂103捸亃,,暫屔導擈嶈巗摴堄挰俆挌栚41-1,,,,800000,1000000,,,835.72,341.00,103.15,7756,2025/10/21,"2025/10/21 13:50","2025/12/01 11:34",愭暔(拠夘),,乮摨乯娭惣晄摦彜帠,-,"=""06-6411-0413""",,,6600083
憅屔,R00175-015167,,,,嬻,傾乕僇僀僽(惉栺),柍,330000,,奒,1960擭01寧,戝嶃巗戝惓嬫杒懞2挌栚偺戄憅屔亂82捸亃,,戝嶃晎戝嶃巗戝惓嬫杒懞俀挌栚1-22,,,,2.00,,,,313.82,274.05,82.9,3981,2025/11/26,"2025/11/26 11:58","2025/12/01 10:42",愭暔(拠夘),,嶰堜儂乕儉嶻嬈,-,"=""06-6555-1000""",,"2025.11.27,怽偟崬傒偁傝乮妏搙偼崅偄偲偺偙偲乯",5510032
岺応,R00175-014107,,,,嬻,岞奐壜,柍,380000,,奒,1970擭01寧,嶃撿巗壓弌偺戄岺応亂36捸亃,,戝嶃晎嶃撿巗壓弌397-3,,,,2.00,,,,1091.65,120.34,36.4,10439,2026/06/12,"2024/07/22 11:57","2025/11/27 13:26",愭暔(拠夘),,晄摦嶻嶈嶳乮桳乯,-,"=""072-472-6662""",,"2025.11.27丂
丒捓椏丗40枩墌仺38枩墌(惻崬傒)
仸帒椏柍偟偲偺偙偲

仭攧攦丗B00175-000849
",5990202
揦曑(寶暔堦妵),R00175-014654,,,,巊梡拞,傾乕僇僀僽(惉栺),柍,385000,,奒,1993擭04寧,娸榓揷巗峳栘挰2挌栚偺戄揦曑亂18捸亃,,戝嶃晎娸榓揷巗峳栘挰俀挌栚21-12,,,,,2100000,,,292.00,61.53,18.61,20685,2025/09/22,"2025/04/22 13:50","2025/11/27 11:22",愭暔(拠夘),,乮姅乯儖儔僔僆儞僘,-,"=""072-234-1880""",嬻桳,,5960004
揦曑(寶暔堦妵),R00175-014199,,,,嬻,傾乕僇僀僽(惉栺),柍,1320000,,奒,1990擭05寧,暫屔導昉楬巗屼棫杒2挌栚偺戄揦曑亂239捸亃,,暫屔導昉楬巗屼棫杒俀挌栚14-13,,,1.00,1.00,,,,1779.44,791.57,239.44,5513,2025/09/11,"2024/09/12 14:33","2025/11/27 11:21",愭暔(拠夘),,乮姅乯俴俬俙倃,-,"=""06-4256-0440""",嬻桳,,6700071
揦曑(寶暔堦妵),R00175-014365,,,,嬻,傾乕僇僀僽(惉栺),柍,495000,,奒,1990擭01寧,塇塯栰巗塇塯偑媢4挌栚偺戄揦曑亂68捸亃,,戝嶃晎塇塯栰巗塇塯偑媢係挌栚2-4,,,300000,300000,,,,,225.12,68.09,7269,2025/09/09,"2024/11/27 13:57","2025/11/27 11:17",愭暔(拠夘),,乮姅乯俵俙倄倀俵俬,-,"=""075-983-5662""",嬻桳,2025丄7.28丂怽偟崬傒1審偁傝怰嵏拞,5830864
憅屔,R00175-014799,,,,嬻,傾乕僇僀僽(惉栺),柍,385000,,奒,1969擭01寧,嫗搒晎嫗搒巗嶳壢嬫杒壴嶳帥撪挰偺戄憅屔亂61捸亃,,嫗搒晎嫗搒巗嶳壢嬫杒壴嶳帥撪挰45,,,,500000,1000000,,,334.31,201.97,61.09,6302,2025/09/16,"2025/06/11 11:30","2025/11/27 11:08",愭暔(拠夘),,乮桳乯僴僂僕儞僌儕傿價傿,-,"=""075-646-4600""",嬻桳,,6078474
岺応,R00175-015028,,,,嬻,傾乕僇僀僽(惉栺),柍,660000,,奒,2005擭01寧,暫屔導壛屆孲堫旤挰壓憪扟偺戄岺応亂183捸亃,,暫屔導壛屆孲堫旤挰壓憪扟441-264,,,3.00,1.00,,,,991.74,605.19,183.06,3606,2025/09/24,"2025/09/24 13:19","2025/11/27 11:06",愭暔(拠夘),,乮姅乯俹倝値倕丂俫倧倣倕,-,"=""0790-35-9884""",嬻桳,,6751101
岺応,R00175-014930,,,,嬻,傾乕僇僀僽(惉栺),柍,814000,,奒,1992擭11寧,怮壆愳巗揰栰3挌栚偺戄岺応亂124捸亃,,戝嶃晎怮壆愳巗揰栰俁挌栚38-21,,,3.00,2.00,,,,,412.00,124.63,6532,2025/09/11,"2025/08/05 13:12","2025/11/27 11:05",愭暔(拠夘),,乮姅乯僱僋僗僩儔僀僼,-,"=""06-6125-5300""",,,5720077
揦曑(寶暔堦妵),R00175-014604,,,,巊梡拞,傾乕僇僀僽(惉栺),柍,350000,,奒,2017擭08寧,暫屔導壛搶巗幮偺戄揦曑亂58捸亃,,暫屔導壛搶巗幮1504-1,,,1000000,1000000,,,,973.98,192.46,58.21,6012,2025/09/17,"2025/03/28 10:46","2025/11/27 11:04",愭暔(拠夘),,桳尷夛幮僫僈僀僄僗僥乕僩,-,"=""0795-43-0011""",嬻桳,"2025.6.4丂曄峏
丒晘嬥丗70枩墌仺100枩墌
丒尦晅丗姅幃夛幮ReYZ仺桳尷夛幮僫僈僀僄僗僥乕僩

峀崘晄壜佀儅僢僠儞僌偺傒",6731431
憅屔,R00175-014504,,,,巊梡拞,傾乕僇僀僽(惉栺),柍,400000,,奒,1979擭12寧,愹嵅栰巗拞彲偺戄憅屔亂142捸亃,,戝嶃晎愹嵅栰巗拞彲869-1,,,2.00,1.00,,,,331.55,472.17,142.83,2801,2025/09/25,"2025/02/03 13:51","2025/11/27 11:00",愭暔(拠夘),,僙儞僠儏儕乕俀侾丂偊傃偡晄摦嶻,-,"=""072-437-1521""",,"2025.9.25丂惉栺仺暅妶
丒捓椏丗33枩墌仺40枩墌",5980002
揦曑帠柋強(寶暔堦晹),R00175-015015,,,,嬻,傾乕僇僀僽(惉栺),柍,327800,,奒,2025擭03寧,戝嶃巗掃尒嬫崱捗拞1挌栚偺戄揦曑丒帠柋強亂32捸亃,,戝嶃晎戝嶃巗掃尒嬫崱捗拞侾挌栚3-19,10000,,,2.00,,,,,106.78,32.3,10149,2025/09/19,"2025/09/19 12:57","2025/11/27 10:58",愭暔(拠夘),,彫昹栘嵽岺嬈乮姅乯晄摦嶻帠嬈晹,-,"=""06-4400-7341""",嬻桳,丒3崋幒,5380042
岺応,R00175-014907,,,,巊梡拞,傾乕僇僀僽(惉栺),柍,550000,,奒,1991擭01寧,娸榓揷巗撪敤挰偺戄岺応亂241捸亃,,戝嶃晎娸榓揷巗撪敤挰2017,,,,,3000000,550000,,2148.77,797.24,241.16,2281,2025/09/02,"2025/07/23 14:26","2025/11/27 10:57",愭暔(拠夘),,乮姅乯僐僗儌晄摦嶻忣曬丂撿戝嶃巟揦,-,"=""072-433-2580""",嬻桳,"2025.9.2丂怽偟崬傒1審偁傝(2斣庤庴晅壜偱偡偑丄扴摉幰傊忬嫷梫妋擣両)
丒僐僗儌晄摦嶻丗媨忛條(090-9250-4187)

2025.7.28帪揰丂尦晅妋擣忣曬
丒10倲僩儔僢僋丄僩儗乕儔乕晄壜(2倲寉僩儔偼戝忎晇偩偑尰抧梫妋擣)
丒僋儗乕儞寁3婎偁傝(2.8倲亊2丄偁偲1偮偼彫偝傔偱懴壸晄柧)
丒奜娐偐傜僩儞僱儖傪夘偡摦慄偱丄棫抧忋奜娐偐傜弌擖傝晄壜偺偨傔拲堄",5960105
戄抧,R00175-015134,,,,峏抧,岞奐壜,柍,800000,,奒,-,徏尨巗幠奯2挌栚偺戄抧亂393捸亃,,戝嶃晎徏尨巗幠奯俀挌栚2-24,,,,,5.00,,,1300.00,,393.25,2035,2026/07/10,"2025/11/10 11:17","2025/11/27 09:40",愭暔(拠夘),,僴僂僕儞僌僫僯儚,-,"=""072-336-4000""",,,5800017
憅屔,R00175-014527,,,,巊梡拞,傾乕僇僀僽(惉栺),柍,495000,,奒,-,嶄巗拞嬫暁旜偺戄憅屔亂143捸亃," ",戝嶃晎嶄巗拞嬫暁旜70,,,1.00,3.00,,,,476.03,475.70,143.89,3440,2025/09/18,"2025/02/13 10:47","2025/11/26 11:16",愭暔(拠夘),,乮姅乯俛倕丂倰倝倗倛倲,-,"=""06-6195-4117""",嬻桳,"2025.9.18
丒捓椏丗55枩墌(惻敳偒)仺45枩墌(惻敳偒)",5998254
憅屔,R00175-014518,,,,嬻,傾乕僇僀僽(惉栺),柍,1540000,,奒,1972擭03寧,枼柺巗惣廻2挌栚偺戄憅屔亂325捸亃,,戝嶃晎枼柺巗惣廻俀挌栚21-15,,110000,4200000,,,,,742.40,1076.16,325.53,4731,2025/09/12,"2025/02/06 14:42","2025/11/26 11:10",愭暔(拠夘),,嶃媫嶃恄晄摦嶻乮姅乯,-,"=""06-6376-4747""",嬻桳,"NET晄壜
2025.5.30丂彜択拞

2025丅7丆7丂彜択拞

2025丆9丆12丂彜択拞",5620034
憅屔,R00175-014740,,,,嬻,傾乕僇僀僽(惉栺),柍,957000,,奒,2023擭02寧,嶄巗惣嬫憪晹偺戄憅屔亂168捸亃,,戝嶃晎嶄巗惣嬫憪晹691-4,,,1.00,2.00,,,,1189.00,556.50,168.34,5685,2025/09/12,"2025/05/27 13:23","2025/11/26 11:06",愭暔(拠夘),,僴僂僗僱僢僩乮姅乯,-,"=""072-260-5788""",嬻桳,2025.9.12丂1斣庤怽崬偁傝丄2斣庤晄壜,5938312
戄抧,R00175-014632,,,,峏抧,傾乕僇僀僽(惉栺),柍,330000,,奒,-,愹嵅栰巗撿拞妦堜偺戄抧亂470捸亃,,戝嶃晎愹嵅栰巗撿拞妦堜675-1,,,,1.00,1.00,,,1554.54,,470.24,702,2025/09/19,"2025/04/09 11:32","2025/11/26 11:03",愭暔(拠夘),,乮姅乯僯儏乕儘僥僢僋,-,"=""072-447-8995""",,丒廧強丗撿拞妦堜675-1丄716-6懠,5980035
憅屔,R00175-014673,,,,嬻,傾乕僇僀僽(惉栺),柍,330000,,奒,2006擭12寧,暫屔導昉楬巗忺杹嬫崱嵼壠6挌栚偺戄憅屔亂50捸亃,,暫屔導昉楬巗忺杹嬫崱嵼壠俇挌栚158-2,,,3.00,2.00,,,,397.02,168.00,50.82,6494,2025/09/26,"2025/04/30 13:04","2025/11/26 10:52",愭暔(拠夘),,乮姅乯懽岹搚抧,-,"=""079-292-3600""",嬻桳,捓椏仺俁俉枩墌,6728079
岺応,R00175-014559,,,,嬻,傾乕僇僀僽(惉栺),柍,440000,,1奒,1969擭08寧,壨撪挿栰巗栘屗惣挰侾挌栚偺戄岺応亂94捸亃,,戝嶃晎壨撪挿栰巗栘屗惣挰侾挌栚5-7,,,3.00,1.00,,,,465.14,311.13,94.11,4676,2025/10/17,"2025/03/05 17:25","2025/11/25 17:29",帺幮,堦斒攠夘,姅幃夛幮僙儞僠儏儕乕僟僀僜乕,媑揷夒,"=""06-6136-0555""",,,5860009
岺応,R00175-014560,,,,嬻,岞奐壜,柍,660000,,奒,1969擭08寧,壨撪挿栰巗栘屗惣挰侾挌栚偺戄岺応亂198捸亃,,戝嶃晎壨撪挿栰巗栘屗惣挰侾挌栚5-7,,,3.00,1.00,,,,465.14,657.00,198.74,3321,2026/06/26,"2025/03/05 17:54","2025/11/25 17:27",帺幮,堦斒攠夘,姅幃夛幮僙儞僠儏儕乕僟僀僜乕,媑揷夒,"=""06-6136-0555""",,,5860009
憅屔,R00175-014741,,,,嬻,傾乕僇僀僽(惉栺),柍,594000,,奒,1970擭01寧,摗堜帥巗惣屆幒1挌栚偺戄憅屔亂141捸亃,,戝嶃晎摗堜帥巗惣屆幒侾挌栚19-18,,,,594000,1080000,,,,469.01,141.87,4187,2025/09/18,"2025/05/27 13:37","2025/11/20 14:41",愭暔(拠夘),,僗僥儔儂乕儉乮姅乯,-,"=""072-267-4500""",嬻桳,仸峀崘娭學慡偰晄壜,5830018
憅屔,R00175-014757,,,,嫃廧拞,傾乕僇僀僽(惉栺),柍,440000,,1奒,1999擭03寧,暫屔導昉楬巗忺杹嬫塸夑偺戄憅屔亂29捸亃,,暫屔導昉楬巗忺杹嬫塸夑1959-15,,,3.00,2.00,,,,,96.91,29.31,15010,2025/09/26,"2025/05/30 10:19","2025/11/20 14:41",愭暔(拠夘),,乮姅乯俽倠倷丂俫倧倣倕倱,-,"=""079-226-8522""",嬻桳,"丒1奒晹暘
丒俀侽俀俆擭俋寧俀俇擔丂庤棧傟
娗棟夛幮曄傢偭偰偄傞丅",6728078
憅屔,R00175-015000,,,,嬻,傾乕僇僀僽(惉栺),柍,330000,,奒,2025擭09寧,戝惓嬫愹旜6挌栚偺戄憅屔亂38捸亃,,戝嶃晎戝嶃巗戝惓嬫愹旜俇挌栚6-19,,,,330000,330000,,,,126.18,38.16,8646,2025/09/11,"2025/09/11 14:02","2025/11/20 14:39",愭暔(拠夘),,徍榓嶳晄摦嶻乮姅乯,擁尨丗080-3844-0158,"=""06-6964-8837""",嬻桳,,5510031
憅屔,R00175-014383,,,,巊梡拞,傾乕僇僀僽(惉栺),柍,1100000,,奒,1996擭05寧,暫屔導壛搶巗摗揷偺戄憅屔亂281捸亃,,暫屔導壛搶巗摗揷944-214,,,3300000,2200000,,,,3894.00,929.00,281.02,3915,2025/09/19,"2024/12/05 12:51","2025/11/20 14:27",愭暔(拠夘),,崌摨夛幮偐偲偆晄摦嶻,-,"=""0795-48-5296""",嬻桳,"2025.6.5丂惉栺仺暅妶
丒尦晅丗姅幃夛幮僑僐乕廧寶仺崌摨夛幮偐偲偆晄摦嶻",6731462
戄抧,R00175-014013,,,,偦偺懠,傾乕僇僀僽(惉栺),柍,600000,,奒,-,塇塯栰巗嬵働扟偺戄抧亂860捸亃,,戝嶃晎塇塯栰巗嬵働扟96-1,,,,,4.00,2.00,,2843.00,,860,698,2025/09/26,"2024/06/05 13:16","2025/11/20 14:21",愭暔(拠夘),,乮桳乯嬤婨僄僗僥乕僩,-,"=""072-958-2828""",,"暔妋丗090-3160-5283

丒応強丗嬵儢扟106-1乮偼傃偒偺墍乯偺撿懁丄偼偽偨偒傾僱僢僋僗偺撿懁",5830841
憅屔,R00175-014798,,,,,傾乕僇僀僽(惉栺),柍,1980000,,奒,1992擭03寧,搶戝嶃巗媑揷杮挰3挌栚偺戄憅屔亂450捸亃,,戝嶃晎搶戝嶃巗媑揷杮挰俁挌栚4-8,,,,,6000000,,,,1487.61,450,4400,2025/09/26,"2025/06/11 11:08","2025/11/20 14:18",愭暔(拠夘),,媏悈廧戭乮姅乯,-,"=""072-965-1110""",嬻桳,,5780982
憅屔,R00175-014987,,,,嬻,傾乕僇僀僽(惉栺),柍,825000,,奒,1983擭08寧,悂揷巗撿悂揷1挌栚偺戄憅屔亂121捸亃,,戝嶃晎悂揷巗撿悂揷侾挌栚22-21,,,3.00,2.00,,,,,403.00,121.9,6768,2025/09/08,"2025/09/08 10:52","2025/11/20 14:16",愭暔(拠夘),,乮姅乯僇僔儅僄僗僥乕僩,-,"=""06-6854-3170""",嬻桳,,5640043
憅屔,R00175-014487,,,,嫃廧拞,岞奐壜,柍,508750,,奒,2001擭05寧,戝嶃巗峘嬫揷拞1挌栚偺戄憅屔亂71捸亃,,戝嶃晎戝嶃巗峘嬫揷拞侾挌栚8-9,,,,,1526250,,,168.98,236.89,71.65,7100,2026/06/01,"2025/01/24 12:58","2025/11/20 14:14",愭暔(拠夘),,戝嶃寶愝乮姅乯,-,"=""06-6585-7989""",嬻桳,,5520005
憅屔,R00175-014873,,,,嬻,岞奐壜,柍,748000,,奒,1989擭01寧,戝嶃巗楺懍嬫岾挰3挌栚偺戄憅屔亂60捸亃,,戝嶃晎戝嶃巗楺懍嬫岾挰俁挌栚7-6,,,6.00,,,3.00,,,200.88,60.76,12310,2026/07/24,"2025/07/08 11:13","2025/11/20 14:12",愭暔(拠夘),,乮姅乯俉R晄摦嶻,-,"=""06-6543-4989""",,"2025.11.20
丒捓椏丗93.5枩墌仺74.8枩墌",5560021
岺応,R00175-014946,,,,嬻,傾乕僇僀僽(惉栺),柍,484000,,奒,1988擭06寧,搶戝嶃巗晍巗挰1挌栚偺戄岺応亂80捸亃,,戝嶃晎搶戝嶃巗晍巗挰侾挌栚3-24,,,,,1760000,,,,266.71,80.67,6000,2025/09/24,"2025/08/18 11:22","2025/11/20 14:02",愭暔(拠夘),,姅幃夛幮斅憅晄摦嶻,-,"=""072-965-0505""",嬻桳,丒撿搹,5798004
戄抧,R00175-014835,,,,偦偺懠,傾乕僇僀僽(惉栺),柍,450000,,奒,-,暫屔導恄屗巗杒嬫摴応挰擔壓晹偺戄抧亂456捸亃,,暫屔導恄屗巗杒嬫摴応挰擔壓晹279-1,,,,,3000000,,,1509.00,,456.47,986,2025/09/19,"2025/06/24 14:06","2025/11/20 14:00",愭暔(拠夘),,乮姅乯傾儞僩儂乕儉,-,"=""0725-54-1144""",,2025.7.16丂慜僥僫儞僩8寧枛戅嫀梊掕丂僾儗僴僽帠柋強(帠柋強撪僩僀儗偁傝)丒埻偄(椢怓偺僼僃儞僗晹暘偺傒)巆偡梊掕,6511505
憅屔,R00175-014929,,,,嫃廧拞,傾乕僇僀僽(惉栺),柍,495000,,奒,1991擭04寧,嫗搒晎嫗揷曈巗揷曈栁働扟偺戄憅屔亂59捸亃,,嫗搒晎嫗揷曈巗揷曈栁働扟142-1,,,3.00,1.00,,,,794.00,197.74,59.81,8276,2025/09/05,"2025/08/04 13:07","2025/11/20 13:58",愭暔(拠夘),,姅幃夛幮僩僠僞僥價儖僨傿儞僌,-,"=""06-6975-7780""",嬻桳,"2025.11.20丂僆乕僫乕條搒崌偱曞廤STOP

尦夝懱嬈丒幵壆偝傫乮拞偵僆乕僫乕條偺巊梡偟偰偄偨傕偺偑偨偔偝傫偁傞偺偱丄巊梡偟側偄偺偱偁傟偽宊栺掲寢屻1-2僇寧揚嫀偵昁梫乯
扴摉丗嵅乆栘條乮080-9741-9625乯",6100331
憅屔,R00175-015011,,,,,傾乕僇僀僽(惉栺),柍,440000,,奒,1989擭03寧,愹戝捗巗埢堜偺戄憅屔亂164捸亃,,戝嶃晎愹戝捗巗埢堜20-1,,,6.00,,,,,,545.23,164.93,2668,2025/09/19,"2025/09/19 11:15","2025/11/20 13:44",愭暔(拠夘),,乮姅乯儕乕僘儚儞丂,-,"=""072-242-8928""",嬻桳,,5950001
岺応,R00175-015068,,,,嬻,傾乕僇僀僽(惉栺),柍,330000,,奒,-,搶戝嶃巗曮挰偺戄岺応亂58捸亃,,戝嶃晎搶戝嶃巗曮挰11-21,,,,,1980000,,,571.00,192.00,58.08,5682,2025/10/15,"2025/10/15 11:56","2025/11/20 09:07",愭暔(拠夘),,姅幃夛幮斅憅晄摦嶻,-,"=""072-965-0505""",嬻桳,,5798025
戄抧,R00175-014956,,,,,傾乕僇僀僽(惉栺),柍,330000,,奒,-,戝嶃巗梽愳嬫壛搰4挌栚偺戄抧亂75捸亃,,戝嶃晎戝嶃巗梽愳嬫壛搰係挌栚,,,,,1800000,,,251.23,,75.99,4343,2025/10/09,"2025/08/22 10:40","2025/11/19 17:22",愭暔(拠夘),,乮姅乯拞堜憤慻,-,"=""06-6481-5461""",,"2025.11.19 丄徏杮妋擣丂惉栺嵪傒

丒応強丗僌乕僌儖儅僢僾偱偼丄壛搰4挌栚16-10乮崟郪嫽嬈乯偺搶懁
丒抧斣丗壛搰4挌栚1087-1",5320031
憅屔,R00175-015141,,,,,岞奐壜,柍,1430000,,1奒,-,朙拞巗曚愊1挌栚偺戄憅屔亂130捸亃,,戝嶃晎朙拞巗曚愊侾挌栚6,,,,,,,,859.49,432.00,130.68,10943,2026/07/29,"2025/11/13 12:02","2025/11/19 09:41",愭暔(拠夘),,嶰婎寶愝乮姅乯,-,"=""06-6304-0999""",嬻桳,"丒応強丗僌乕僌儖儅僢僾偱偼丄曚愊1挌栚6-28乮姅乯壛摗寶愝 惣擔杮巟揦偺惣懁
丒廧強丗曚愊1挌栚488-3丄484-3",5610856
揦曑(寶暔堦妵),R00175-015132,,,,嬻,岞奐壜,柍,,,奒,-,暫屔導惣榚巗忋栰偺戄揦曑亂208捸亃,,暫屔導惣榚巗忋栰185-1,,,,,,,,936.66,688.90,208.39,,2026/07/10,"2025/11/10 10:28","2025/11/19 09:38",愭暔(拠夘),,(姅)儐僫僀僩僐乕億儗乕僔儑儞,-,"=""06-6947-6671""",嬻桳,,6770044
憅屔,R00175-015131,,,,嫃廧拞,傾乕僇僀僽(惉栺),柍,1650000,,奒,1995擭01寧,暫屔導擈嶈巗媣乆抦惣挰1挌栚偺戄憅屔亂363捸亃,,暫屔導擈嶈巗媣乆抦惣挰侾挌栚11-1,,,,3300000,9000000,,,1334.00,1202.38,363.71,4537,2025/11/14,"2025/11/10 10:12","2025/11/18 14:11",愭暔(拠夘),,擔杮傾儔僀傾儞僗乮姅乯,-,"=""06-6941-8885""",嬻桳,"2025.11.18丂彜択拞(2斣庤晄壜偺偨傔惉栺偵偟偰偄傑偡)

抸擭悢丗帒椏偵偼R7.1偲婰嵹偁傝仺惓偟偔偼H7.1偱偡(尦晅妋擣嵪傒)丅",6610978
揦曑帠柋強(寶暔堦妵),R00175-014842,,,,巊梡拞,傾乕僇僀僽(惉栺),柍,495000,,奒,1979擭10寧,嶄巗撿嬫崅憅戜2挌偺戄揦曑丒帠柋強亂110捸亃,,戝嶃晎嶄巗撿嬫崅憅戜俀挌8-1,,,1.00,3.00,,,,,366.48,110.86,4466,2025/09/26,"2025/06/26 13:05","2025/11/18 14:07",愭暔(拠夘),,(姅)僄僗億儚乕儖,-,"=""072-240-1756""",嬻桳,"俀侽俀俆丆俋丆俀俇仺俀奒捓戄拞
侾夞晹暘偺傒戄弌丅",5900117
憅屔,R00175-014558,,,,嬻,傾乕僇僀僽(惉栺),柍,300000,,奒,1984擭07寧,摗堜帥巗愳杒2挌栚偺戄憅屔亂116捸亃,,戝嶃晎摗堜帥巗愳杒俀挌栚1-25,,,,,5.00,,,,385.33,116.56,2574,2025/09/16,"2025/03/04 15:14","2025/11/18 14:03",愭暔(拠夘),,嫤塰抧寶姅幃夛幮,-,"=""072-938-6677""",,"2025.7.24
丒捓椏丗38.5枩墌仺30枩墌

2025丆9丆12
丒捓椏丗30枩墌仺25枩墌",5830001
憅屔,R00175-014872,,,,巊梡拞,傾乕僇僀僽(惉栺),柍,1100000,,奒,1989擭06寧,晉揷椦巗拞栰挰搶1挌栚偺戄憅屔亂74捸亃,,戝嶃晎晉揷椦巗拞栰挰搶侾挌栚3-11,,,,,5.00,,,,245.32,74.2,14823,2025/09/12,"2025/07/08 10:55","2025/11/18 14:03",愭暔(拠夘),,嫤塰抧寶姅幃夛幮,-,"=""072-938-6677""",嬻桳,"2025.7.14丂2斣庤傑偱怽偟崬傒偁傝(仸3斣庤庴晅壜)

2025丒俋丏侾俀
崱偼嬫夋偺抣抜偱偼側偔丄堦搹戄偟偺抣抜偱偩偟偰偄傞
堦搹戄偟仺71,5枩墌乮晹暘抣抜乯仺侾侾侽枩墌乮堦搹戄偟抣抜乯",5840022
憅屔,R00175-014969,,,,,傾乕僇僀僽(惉栺),柍,528000,,奒,2007擭04寧,愛捗巗捁帞柫栘挰偺戄憅屔亂110捸亃,,戝嶃晎愛捗巗捁帞柫栘挰10-25,,,3.00,3.30,,,,,365.20,110.47,4780,2025/09/11,"2025/08/29 12:57","2025/11/18 13:39",愭暔(拠夘),,憡屳晄摦嶻姅幃夛幮,-,"=""072-622-6072""",嬻桳,,5660063
戄抧,R00175-015140,,,,峏抧,岞奐壜,柍,495000,,奒,-,嫗搒晎暉抦嶳巗帤杧偺戄抧亂639捸亃,,嫗搒晎暉抦嶳巗帤杧2335-1,,,,,,,,2115.08,,639.81,774,2026/07/24,"2025/11/12 16:50","2025/11/17 17:16",帺幮,堦斒攠夘,姅幃夛幮僙儞僠儏儕乕僟僀僜乕,媑揷夒,"=""06-6136-0555""",,,6200000
岺応,R00175-015090,,,,嬻,傾乕僇僀僽(惉栺),柍,748000,,1奒,1985擭10寧,暫屔導擈嶈巗撿弶搰挰偺戄岺応亂90捸亃,,暫屔導擈嶈巗撿弶搰挰15-12,,,4000000,1870000,,,1.10,,299.73,90.66,8250,2025/10/30,"2025/10/22 11:28","2025/11/17 17:05",愭暔(拠夘),,姅幃夛幮丂僴僀僾儗,-,"=""06-6423-7158""",柍,2025.11.13丂曱嶳丂宊栺娫嬤,6600833
憅屔,R00175-015006,,,,,傾乕僇僀僽(惉栺),柍,990000,,奒,2007擭01寧,枼柺巗彫栰尨搶1挌栚偺戄憅屔亂111捸亃,,戝嶃晎枼柺巗彫栰尨搶侾挌栚3-21,,,,,6.00,,,947.06,368.69,111.52,8877,2025/09/17,"2025/09/17 13:29","2025/11/17 15:05",愭暔(拠夘),,姅幃夛幮僱僋僗僩僗僥乕僕,-,"=""06-6190-6533""",嬻桳,,5620031
戄抧,R00175-013815,,,,峏抧,傾乕僇僀僽(惉栺),柍,300000,,奒,-,暫屔導壛屆愳巗恄栰挰惣忦偺戄抧亂649捸亃,,暫屔導壛屆愳巗恄栰挰惣忦,19500,,975000,,,487500,,2147.00,,649.46,462,2025/09/19,"2024/03/04 12:56","2025/11/17 14:49",愭暔(拠夘),,姅幃夛幮僐乕億儗乕僔儑儞僫僈儎儅,-,"=""079-495-3221""",,"偐傫偺偪傚偆
捓椏DOWN32.5枩佀30枩 2025.7.2",6750009
憅屔,R00175-014913,,,,嬻,傾乕僇僀僽(惉栺),柍,1782000,,奒,1989擭09寧,搶戝嶃巗悈憱5挌栚偺戄憅屔亂359捸亃,,戝嶃晎搶戝嶃巗悈憱俆挌栚8-13,,,,1782000,4860000,,,991.58,1188.00,359.37,4959,2025/09/12,"2025/07/25 10:50","2025/11/17 14:48",愭暔(拠夘),,姅幃夛幮僋儗傾,-,"=""06-6781-2710""",嬻桳,,5780921
憅屔,R00175-013828,,,,抸屻枹擖嫃,傾乕僇僀僽(惉栺),柍,762000,,奒,2024擭05寧,戝嶃巗廧擵峕嬫幠扟2挌栚偺戄憅屔亂75捸亃,,戝嶃晎戝嶃巗廧擵峕嬫幠扟俀挌栚5,,,,,4800000,,,,250.36,75.73,10062,2025/11/17,"2024/03/07 14:01","2025/11/17 09:50",愭暔(拠夘),,僱僢僩儚乕僋僕儍僷儞姅幃夛幮,-,"=""06-6655-1722""",嬻桳,丒1-2奒晹暘,5590021
憅屔,R00175-015012,,,,嬻,岞奐壜,柍,40775900,,奒,2026擭01寧,暫屔導恄屗巗搶撳嬫岦梞挰惣俀挌栚偺戄憅屔亂3902捸亃,,暫屔導恄屗巗搶撳嬫岦梞挰惣俀挌栚2-2,,,6.00,,,,,6334.98,12900.00,3902.25,10450,2026/07/24,"2025/09/19 11:25","2025/11/17 09:08",帺幮,堦斒攠夘,姅幃夛幮僙儞僠儏儕乕僟僀僜乕,媑揷夒,"=""06-6136-0555""",嬻桳,"扴摉丗媑揷夒
丒捸扨壙丗9,500墌(徚旓惻暿)",6580033
揦曑(寶暔堦妵),R00175-014553,,,,嬻,岞奐壜,柍,550000,,奒,1990擭01寧,暫屔導崅嵒巗垻栱懮1挌栚偺戄揦曑亂90捸亃,,暫屔導崅嵒巗垻栱懮侾挌栚4-1,,,2.00,2.00,,,,,300.00,90.75,6061,2026/06/22,"2025/02/27 11:48","2025/11/13 13:57",愭暔(拠夘),,乮姅乯俼俷俷,-,"=""079-233-7677""",嬻桳,,6760815
戄抧,R00175-014533,,,,峏抧,傾乕僇僀僽(惉栺),柍,850000,,奒,-,嫗搒晎挿壀嫗巗挷巕俁挌栚偺戄抧亂737捸亃,,嫗搒晎挿壀嫗巗挷巕俁挌栚40,,,3.00,1.00,,,,2439.66,,737.99,1152,2025/09/12,"2025/02/17 14:51","2025/11/13 13:34",愭暔(拠夘),,姅幃夛幮僆儗儞僕儂乕儉,摗悾,"=""06-6827-2051""",,"捓椏DOWN121枩佀95枩丂2025.2.26
俀侽俀俆丏俈丏10丂捓椏曄峏仺俉俆枩",6170844
憅屔,R00175-014501,,,,嬻,傾乕僇僀僽(惉栺),柍,803000,,奒,1983擭01寧,戝嶃巗廧擵峕嬫暯椦撿1挌栚偺戄憅屔亂133捸亃,,戝嶃晎戝嶃巗廧擵峕嬫暯椦撿侾挌栚4-2,,,,,4380000,,,,440.88,133.36,6022,2025/09/18,"2025/01/30 10:30","2025/11/13 13:29",愭暔(拠夘),,桳尷夛幮儂乕儉儔儞僪,惣,"=""06-6682-3991""",嬻桳,"暔妋FAX憲怣嵪 2025.2.6摗尨
丒寶暔杒懁晹暘",5590025
憅屔,R00175-014990,,,,嬻,傾乕僇僀僽(惉栺),柍,2200000,,奒,1988擭03寧,撧椙導嶗堜巗埨攞栘嵽抍抧2挌栚偺戄憅屔亂3017捸亃,,撧椙導嶗堜巗埨攞栘嵽抍抧俀挌栚1-5,,,,4400000,6600000,,,5297.99,9974.62,3017.32,730,2025/09/09,"2025/09/09 13:25","2025/11/13 10:36",愭暔(拠夘),,乮姅乯搶怴僴僂僕儞僌,-,"=""0743-62-3922""",嬻桳,2025.11.13丂僋儗乕儉懳墳拞仺旕宖嵹偱張棟乮懞杮乯,6330055
憅屔,R00175-015002,,,,,傾乕僇僀僽(惉栺),柍,781000,,奒,1988擭04寧,暫屔導埳扥巗峳杚5挌栚偺戄憅屔亂203捸亃,,暫屔導埳扥巗峳杚俆挌栚12-13,,,,2.00,3.00,,,972.66,672.35,203.38,3840,2025/11/12,"2025/09/16 11:16","2025/11/12 11:37",愭暔(拠夘),,乮姅乯僀僯僔僆丒儔僀僼僒乕價僗,-,"=""0797-89-8441""",,,6640001
憅屔,R00175-015052,,,,巊梡拞,岞奐壜,柍,6600000,,奒,1968擭08寧,嫗搒晎嫗搒巗撿嬫忋捁塇杒搰揷挰偺戄憅屔亂1066捸亃,,嫗搒晎嫗搒巗撿嬫忋捁塇杒搰揷挰103,,,,,36000000,,,3750.71,3526.71,1066.82,6187,2026/07/14,"2025/10/07 13:22","2025/11/11 09:38",愭暔(拠夘),,姅幃夛幮桘拤抧強,-,"=""075-621-2791""",,,6018182
憅屔,R00175-013879,,,,嬻,傾乕僇僀僽(惉栺),柍,8164650,,4奒,2023擭04寧,"LF撧椙亂2,067捸亃",,撧椙導惗嬵孲埨揼挰戝帤壀嶈367-10,,,3.00,1.00,,,,,6833.05,2066.99,3951,2025/10/17,"2024/03/29 17:45","2025/11/10 15:48",帺幮,堦斒攠夘,姅幃夛幮僙儞僠儏儕乕僟僀僜乕,媑揷夒偝傫,"=""06-6136-0555""",嬻桳,捓椏DOWN捸扨壙4500墌乮惻敳偒乯仺3950墌乮惻敳乯2024.5.27,6391062
憅屔,R00175-013863,,,,嬻,傾乕僇僀僽(惉栺),柍,5626775,,4奒,2023擭04寧,"LF撧椙亂1,295捸亃",,撧椙導惗嬵孲埨揼挰戝帤壀嶈367-10,,,3.00,1.00,,,,,4280.99,1294.99,4346,2025/10/17,"2024/03/25 10:32","2025/11/10 15:48",帺幮,堦斒攠夘,姅幃夛幮僙儞僠儏儕乕僟僀僜乕,媑揷夒偝傫,"=""06-6136-0555""",嬻桳,捓椏DOWN捸扨壙4500墌乮惻敳偒乯仺3950墌乮惻敳乯2024.5.27,6391062
揦曑帠柋強(寶暔堦妵),R00175-014398,,,,嬻,傾乕僇僀僽(惉栺),柍,495000,,3奒,1994擭10寧,撿奀愹嵅栰價儖乥3-D,,戝嶃晎愹嵅栰巗忋挰俁挌栚11-25,,,4.00,,,,,,210.53,63.68,7773,2025/10/17,"2024/12/10 10:51","2025/11/10 15:47",帺幮,堦斒攠夘,姅幃夛幮僙儞僠儏儕乕僟僀僜乕,媑揷夒,"=""06-6136-0555""",,,5980007
揦曑帠柋強(寶暔堦妵),R00175-014402,,,,嬻,傾乕僇僀僽(惉栺),柍,206250,,2奒,1993擭09寧,僂僄僗僩僾儔僓崅愇201C崋,,戝嶃晎崅愇巗愮戙揷侾挌栚11-11,,37500,4.00,,,,,,82.68,25.01,8247,2025/10/17,"2024/12/10 16:45","2025/11/10 15:47",帺幮,堦斒攠夘,姅幃夛幮僙儞僠儏儕乕僟僀僜乕,媑揷夒,"=""06-6136-0555""",柍,,5920005
戄抧,R00175-014282,,,,偦偺懠,傾乕僇僀僽(惉栺),柍,0,,奒,-,枃曽巗彽採揷嬤俀挌栚偺戄搚抧亂2054捸亃,,戝嶃晎枃曽巗彽採揷嬤俀挌栚5,,,,,,,,6790.25,,2054.05,,2025/10/17,"2024/10/22 14:33","2025/11/10 12:38",愭暔(拠夘),,姅幃夛幮僙儞僠儏儕乕僟僀僜乕,媨杮,"=""06-6136-0555""",,"儘僕僐儘宖嵹晄壜儅僢僠儞僌偺傒
尦晅丟
姅幃夛幮僋儗僙儖
扴摉丗摗杮條乮080-1474-4481)",5731132
憅屔,R00175-014968,,,,寶抸拞,傾乕僇僀僽(惉栺),柍,1320000,,奒,2025擭11寧,戝嶃巗惣梽愳嬫屼暭搰1挌栚偺戄憅屔亂144捸亃,,戝嶃晎戝嶃巗惣梽愳嬫屼暭搰侾挌栚6,,,4800000,,,2640000,,409.73,477.90,144.56,9131,2025/09/16,"2025/08/29 11:53","2025/11/10 10:46",愭暔(拠夘),,(姅)徏旜彜揦,-,"=""06-6533-1015""",嬻桳,,5550012
岺応,R00175-014843,,,,嬻,傾乕僇僀僽(惉栺),柍,1650000,,奒,1976擭01寧,戝嶃巗崯壴嬫忢媑2挌栚偺戄岺応亂209捸亃,,戝嶃晎戝嶃巗崯壴嬫忢媑俀挌栚5-48,,,,,4500000,,,645.11,692.00,209.33,7883,2025/09/18,"2025/06/27 10:54","2025/11/10 10:45",愭暔(拠夘),,乮姅乯擔寶廧戭僒乕價僗,-,"=""06-6477-7705""",嬻桳,,5540052
憅屔,R00175-015013,,,,,傾乕僇僀僽(惉栺),柍,440000,,1奒,1980擭06寧,戝嶃巗楺懍嬫墫憪2挌栚偺戄憅屔亂40捸亃,,戝嶃晎戝嶃巗楺懍嬫墫憪俀挌栚3-13,,,,,2400000,,,,135.41,40.96,10742,2025/09/19,"2025/09/19 11:40","2025/11/10 10:42",愭暔(拠夘),,乮姅乯價儖僶儞僋,-,"=""06-7637-6363""",,"仸応強丗僌乕僌儖儅僢僾偱偼丄墫憪2挌栚3-15
丒憅屔丗揝崪憿2奒寶偰偺1奒晹暘
丒帠柋強丗栘憿3奒寶偰偺1奒晹暘
暔妋FAX憲怣嵪 2025.11.7",5560024
戄抧,R00175-013989,,,,峏抧,傾乕僇僀僽(惉栺),柍,1070000,,奒,-,崅捨巗堜怟2挌栚偺戄抧亂428捸亃,,戝嶃晎崅捨巗堜怟俀挌栚7-23,,,6.00,2.00,,,,1415.89,,428.3,2499,2025/09/09,"2024/05/27 13:34","2025/11/07 17:01",愭暔(拠夘),,嶰婎寶愝乮姅乯,-,"=""06-6304-0999""",,"丒応強丗僌乕僌儖儅僢僾偱偼丄堜怟2挌栚7-23乮姅乯嶳揷塣桝揦 戝嶃塩嬈強偺摴楬嫴傫偱撿懁

2025丄9丆5仺怽偟崬傒1審偁傝丄2斣庤晄壜",5690015
憅屔,R00175-015022,,,,巊梡拞,傾乕僇僀僽(惉栺),柍,1012000,,奒,1996擭06寧,朙擻孲擻惃挰廻栰偺戄憅屔亂335捸亃,,戝嶃晎朙擻孲擻惃挰廻栰434-18,,,2760000,,,,,5820.00,1108.60,335.35,3018,2025/09/22,"2025/09/22 10:18","2025/11/07 15:44",愭暔(拠夘),,姅幃夛幮俲倂俽,忋揷,"=""072-439-8011""",嬻桳,丒C搹,5630341
岺応,R00175-014839,,,,嬻,傾乕僇僀僽(惉栺),柍,550000,,奒,1986擭09寧,敧旜巗榁尨9挌栚偺戄岺応亂79捸亃,,戝嶃晎敧旜巗榁尨俋挌栚126-4,,,2000000,1100000,,,,,262.60,79.43,6924,2025/09/17,"2025/06/26 11:30","2025/11/07 14:22",愭暔(拠夘),,姅幃夛幮僀儅僗丂棳捠帠嬈晹,悾娫丗090-1587-1775,"=""06-6209-7373""",,,5810092
憅屔,R00175-015029,,,,嬻,傾乕僇僀僽(惉栺),柍,550000,,奒,1983擭06寧,戝嶃巗楺懍嬫嶗愳2挌栚偺戄憅屔亂121捸亃,,戝嶃晎戝嶃巗楺懍嬫嶗愳俀挌栚9-5,,,,,3000000,,,113.91,401.23,121.37,4532,2025/09/24,"2025/09/24 13:41","2025/11/07 13:45",愭暔(拠夘),,僗僞乕晄摦嶻姅幃夛幮,-,"=""0725-45-5050""",嬻桳,"暔妋FAX憲怣嵪 2025.11.7
",5560022
岺応,R00175-014809,,,,巊梡拞,傾乕僇僀僽(惉栺),柍,770000,,奒,1970擭10寧,暫屔導埳扥巗摗僲栘3挌栚偺戄岺応亂139捸亃,,暫屔導埳扥巗摗僲栘俁挌栚6-6,,,,1.00,,,,,461.98,139.74,5510,2025/09/02,"2025/06/17 14:25","2025/11/07 13:38",愭暔(拠夘),,儕儘偺晄摦嶻乮姅乯働儞僩僐乕億儗乕僔儑儞,-,"=""06-6344-3000""",,,6640847
憅屔,R00175-013941,,,,嬻,岞奐壜,柍,1320000,,奒,1992擭06寧,暫屔導彫栰巗挿旜挰偺憅屔亂340捸亃,,暫屔導彫栰巗挿旜挰858,,10000,4000000,1200000,,,,5445.00,1125.00,340.31,3879,2026/07/06,"2024/04/18 16:25","2025/11/07 13:29",愭暔(拠夘),,姅幃夛幮僑僐乕廧寶,-,"=""079-488-8497""",嬻桳,"2025.2.6彜択拞
2024.10.29丂彜択拞

[惉栺擔]2018-11-15
[暔審擖庤愭]儗僀儞僘
[峀崘(僀儞僞乕僱僢僩)]壜",6751314
憅屔,R00175-014837,,,,嬻,岞奐壜,柍,1210000,,奒,1992擭06寧,暫屔導彫栰巗挿旜挰偺戄憅屔亂306捸亃,,暫屔導彫栰巗挿旜挰858,,10000,3500000,1100000,,,,5445.00,1014.50,306.88,3943,2026/07/06,"2025/06/24 14:30","2025/11/07 13:29",愭暔(拠夘),,姅幃夛幮僑僐乕廧寶,-,"=""079-488-8497""",嬻桳,丒A搹,6751314
憅屔,R00175-015054,,,,,岞奐壜,柍,440000,,奒,-,榓壧嶳導榓壧嶳巗柭恄偺戄憅屔亂72捸亃,,榓壧嶳導榓壧嶳巗柭恄521-1,,,1.00,1.00,,,,,238.08,72.01,6110,2026/07/10,"2025/10/07 14:03","2025/11/07 11:21",愭暔(拠夘),,偁偐傑偮晄摦嶻(姅),-,"=""073-494-3658""",嬻桳,"
暔妋FAX憲怣嵪 2025.11.7",6408303
憅屔,R00175-014676,,,,,岞奐壜,柍,1100000,,1奒,1989擭01寧,榓壧嶳導榓壧嶳巗晎拞偺戄憅屔亂189捸亃,,榓壧嶳導榓壧嶳巗晎拞604-1,,,6.00,2.00,,,,4464.74,625.05,189.07,5818,2026/07/10,"2025/04/30 13:44","2025/11/07 11:21",愭暔(拠夘),,偁偐傑偮晄摦嶻(姅),-,"=""073-494-3658""",嬻桳,"丒1奒晹暘
暔妋FAX憲怣嵪 2025.11.7",6496338
岺応,R00175-014387,,,,嬻,岞奐壜,柍,770000,,奒,1972擭09寧,朙擻孲擻惃挰憅奯偺戄岺応亂527捸亃,,戝嶃晎朙擻孲擻惃挰憅奯41,,,,,6.00,,,1721.06,1743.91,527.53,1460,2026/07/21,"2024/12/05 13:54","2025/11/07 11:15",愭暔(拠夘),,乮姅乯價儖僶儞僋,-,"=""06-7637-6363""",嬻桳,"2025.8.20
丒捓椏丗99枩墌仺77枩墌

2025.6.9
丒捓椏丗132枩墌仺99枩墌

暔妋FAX憲怣嵪丂2025.2.6摗尨
-
暔妋FAX憲怣嵪 2025.11.7",5630113
揦曑帠柋強(寶暔堦妵),R00175-014161,,,,嬻,岞奐壜,柍,300000,,奒,1994擭12寧,暫屔導昉楬巗搶柌慜戜1挌栚偺戄揦曑丒帠柋強亂71捸亃,,暫屔導昉楬巗搶柌慜戜俀挌栚1,,,1.00,1.00,,,,,237.14,71.73,4183,2026/07/23,"2024/08/27 15:03","2025/11/05 11:27",愭暔(拠夘),,乮姅乯僋儕僄僀僩儂乕儉僘丂昉楬揦,-,"=""079-283-7400""",嬻桳,"2025.11.5丂惉栺仺暅妶
丒捓椏丗35枩墌仺30枩墌",6700064
憅屔,R00175-014249,,,,,岞奐壜,柍,807100,,3奒,1977擭05寧,枼柺巗慏応惣1挌栚偺戄憅屔亂151捸亃,,戝嶃晎枼柺巗慏応惣侾挌栚5-12,,66000,,880000,,,,,500.85,151.5,5328,2026/07/17,"2024/10/08 13:49","2025/11/05 11:10",愭暔(拠夘),,姅幃夛幮椢抧晄摦嶻,-,"=""06-6380-2912""",嬻桳,"2025.11.5丂惉栺仺暅妶

丒3奒晹暘
峀崘晄壜儅僢僠儞僌偺傒",5620036
憅屔,R00175-015077,,,,,岞奐壜,柍,605000,,奒,-,撧椙導惗嬵巗杒揷尨挰偺戄憅屔亂141捸亃,,撧椙導惗嬵巗杒揷尨挰1589-9,,,3.00,1.00,,,,326.00,467.27,141.34,4281,2026/06/12,"2025/10/20 13:25","2025/11/05 09:19",愭暔(拠夘),,姅幃夛幮僩僠僞僥價儖僨傿儞僌,-,"=""06-6975-7780""",,,6300142
憅屔,R00175-014943,,,,嬻,傾乕僇僀僽(惉栺),柍,660000,,奒,1973擭09寧,嫗搒晎嫗搒巗撿嬫忋捁塇杒夲岝挰偺戄憅屔亂103捸亃,,嫗搒晎嫗搒巗撿嬫忋捁塇杒夲岝挰7-1,,,1200000,660000,,,,636.06,341.28,103.23,6394,2025/11/04,"2025/08/08 11:04","2025/11/04 09:14",愭暔(拠夘),,姅幃夛幮僀儅僗丂棳捠帠嬈晹,-,"=""06-6209-7373""",嬻桳,,6018186
憅屔,R00175-015084,,,,巊梡拞,傾乕僇僀僽(惉栺),柍,330000,,奒,1992擭03寧,暫屔導柧愇巗戝媣曐挰敧栘偺戄憅屔亂102捸亃,,暫屔導柧愇巗戝媣曐挰敧栘395-1,,,600000,330000,,,,,340.00,102.85,3209,2025/10/27,"2025/10/21 14:07","2025/10/31 18:21",愭暔(拠夘),,嶃揷晄摦嶻姅幃夛幮,-,"=""078-928-2626""",嬻桳,"2025.10.31
僆乕僫乕偝傫偑抦傝崌偄偵摉暔審傪戄偟偨堊丄曞廤傪庢傝壓偘偨偲偺偙偲丅",6740063
憅屔,R00175-014531,,,,巊梡拞,岞奐壜,柍,4950000,,奒,1986擭06寧,暫屔導恄屗巗惣嬫忋怴抧3挌栚偺戄憅屔亂1130捸亃,,暫屔導恄屗巗惣嬫忋怴抧俁挌栚6-3,,,,,10.00,,,3400.11,3736.62,1130.32,4380,2026/06/19,"2025/02/17 13:20","2025/10/30 10:41",愭暔(拠夘),,姅幃夛幮僕乕僾儖,媣揷丗080-3802-0463,"=""06-4300-3494""",,"2025.10.30
丒捓椏丗456.5枩墌仺495枩墌(惻崬傒)

2025.6.16丂暔妋丂抣壓偘4,950,000墌佀4,565,000墌(惻崬)",6512411
揦曑(寶暔堦妵),R00175-015071,,,,巊梡拞,岞奐壜,柍,330000,,奒,-,榓壧嶳導榓壧嶳巗惣昹3挌栚偺戄揦曑亂45捸亃,,榓壧嶳導榓壧嶳巗惣昹俁挌栚981-4,,,,,1000000,,,666.59,151.05,45.69,7223,2026/06/05,"2025/10/15 13:36","2025/10/29 09:39",愭暔(拠夘),,乮姅乯塰嶻嬈,-,"=""073-428-1100""",嬻桳,丒廧強丗僌乕僌儖儅僢僾偱偼丄惣昹3挌栚9-72,6410036
揦曑(寶暔堦妵),R00175-015087,,,,嬻,岞奐壜,柍,1045000,,3奒,1985擭11寧,栧恀巗枛峀挰偺戄揦曑亂95捸亃,,戝嶃晎栧恀巗枛峀挰7-8,,,4750000,4750000,,,,,315.53,95.44,10949,2026/07/24,"2025/10/21 15:07","2025/10/28 10:25",帺幮,堦斒攠夘,姅幃夛幮僙儞僠儏儕乕僟僀僜乕,媨杮,"=""06-6136-0555""",,"扴摉丗媨杮
丒3奒丗10,000墌/捸",5710030
揦曑(寶暔堦妵),R00175-015085,,,,嬻,岞奐壜,柍,216310,,4奒,1985擭11寧,栧恀巗枛峀挰偺戄揦曑亂21捸亃/B嬫夋,,戝嶃晎栧恀巗枛峀挰7-8,,,1180200,1180200,,,,,72.25,21.85,9898,2026/07/24,"2025/10/21 14:16","2025/10/28 10:25",帺幮,堦斒攠夘,姅幃夛幮僙儞僠儏儕乕僟僀僜乕,媨杮,"=""06-6136-0555""",,"扴摉丗媨杮
丒A嬫夋丗9,000墌/捸",5710030
揦曑(寶暔堦妵),R00175-015083,,,,嬻,岞奐壜,柍,261250,,4奒,1985擭11寧,栧恀巗枛峀挰偺戄揦曑亂26捸亃/A嬫夋,,戝嶃晎栧恀巗枛峀挰7-8,,,1425000,1425000,,,,,87.24,26.39,9900,2026/07/24,"2025/10/21 14:03","2025/10/28 10:25",帺幮,堦斒攠夘,姅幃夛幮僙儞僠儏儕乕僟僀僜乕,媨杮,"=""06-6136-0555""",,"扴摉丗媨杮
丒A嬫夋丗9,000墌/捸",5710030
岺応,R00175-014532,,,,巊梡拞,傾乕僇僀僽(惉栺),柍,330000,,1奒,1972擭10寧,榓壧嶳導榓壧嶳巗惣彫擇棦2挌栚偺戄岺応亂185捸亃,,榓壧嶳導榓壧嶳巗惣彫擇棦俀挌栚4-83,,,,,6.00,,,,614.48,185.88,1776,2025/09/10,"2025/02/17 13:36","2025/10/27 09:51",愭暔(拠夘),,價僆僄僗僩乮姅乯,-,"=""072-268-2039""",嬻桳,"丒寶暔撪偵僋儗乕儞晅偄偰偄傑偡偑屘忈拞偱巊梡晄壜(巆抲丄尰忬搉偟)

丒揝岺強丒帺摦幵惍旛岺応偼NG乮僆乕僫乕條偛堄岦偵傛傝乯

丒1奒晹暘",6410031
岺応,R00175-015081,,,,嬻,岞奐壜,柍,2200000,,1奒,1992擭11寧,暫屔導柧愇巗戝媣曐挰敧栘偺戄岺応亂158捸亃,,暫屔導柧愇巗戝媣曐挰敧栘646-3,,,3.00,1.00,,,,869.00,524.00,158.51,13880,2026/07/27,"2025/10/21 13:35","2025/10/27 09:34",愭暔(拠夘),,乮姅乯嶰庽,-,"=""078-754-7505""",嬻桳,,6740063
憅屔,R00175-015059,,,,,岞奐壜,柍,495000,,1奒,1982擭01寧,戝嶃巗搶惉嬫恄楬4挌栚偺戄憅屔亂58捸亃,,戝嶃晎戝嶃巗搶惉嬫恄楬係挌栚6-3,,,,2.00,,,,,191.90,58.04,8528,2026/06/26,"2025/10/08 14:27","2025/10/27 09:29",愭暔(拠夘),,乮姅乯僆乕僋儔僴儞僘,-,"=""06-6974-1700""",,丒1奒1嬫夋戄偟,5370003
岺応,R00175-015073,,,,嬻,岞奐壜,柍,1320000,,奒,1968擭01寧,戝嶃巗楺懍嬫媣曐媑1挌栚偺戄岺応亂140捸亃,,戝嶃晎戝嶃巗楺懍嬫媣曐媑侾挌栚5-21,,,,1320000,2640000,,,463.31,463.31,140.15,9419,2026/08/06,"2025/10/15 14:14","2025/10/27 09:26",愭暔(拠夘),,嶰婎寶愝乮姅乯,-,"=""06-6304-0999""",,,5560028
憅屔,R00175-013976,,,,嬻,傾乕僇僀僽(惉栺),柍,308000,,奒,1991擭02寧,搶戝嶃巗崅堜揷杮捠6挌栚偺戄憅屔亂41捸亃,,戝嶃晎搶戝嶃巗崅堜揷杮捠俇挌栚2-42,,,,3.00,,,,,138.22,41.81,7367,2025/06/11,"2024/05/16 14:35","2025/10/24 11:42",愭暔(拠夘),,乮姅乯儔僀僼晄摦嶻,-,"=""06-6722-0099""",,"僱僢僩宖嵹晄壜偺堊儅僢僠儞僌偺傒丂摗尨

2026.6丏10丂彜択拞",5770066
憅屔,R00175-014823,,,,嬻,傾乕僇僀僽(惉栺),柍,440000,,奒,2023擭11寧,暫屔導恄屗巗暫屔嬫峳揷挰4挌栚偺戄憅屔亂49捸亃,,暫屔導恄屗巗暫屔嬫峳揷挰係挌栚1-23,,,1.00,2.00,,,,,164.71,49.82,8831,2025/08/22,"2025/06/23 11:41","2025/10/24 11:28",愭暔(拠夘),,乮姅乯俴俬俥俤,-,"=""090-2285-1146""",嬻桳,仸峀崘尩嬛,6520032
憅屔,R00175-014598,,,,嬻,傾乕僇僀僽(惉栺),柍,440000,,奒,-,戝嶃巗惗栰嬫扚拞1挌栚偺戄憅屔亂93捸亃,,戝嶃晎戝嶃巗惗栰嬫扚拞侾挌栚2-1,,,500000,880000,,,,,308.54,93.33,4715,2025/06/12,"2025/03/25 13:12","2025/10/24 11:00",愭暔(拠夘),,姅幃夛幮儈儎價僌儖乕僾,戝愇丗080-4740-8929,"=""06-6541-3073""",嬻桳,"2025.6.12丂
丒捓椏丗33枩墌仺44枩墌
丒晘嬥丗3僇寧仺50枩墌
丒楃嬥丗1僇寧仺88枩墌
丒尦晅丗僩僠僞僥價儖僨傿儞僌仺乮姅乯儈儎價僌儖乕僾",5440013
戄抧,R00175-014240,,,,屆壠晅,傾乕僇僀僽(惉栺),柍,129900,,奒,-,嫗搒晎嫗揷曈巗懪揷媨搶偺戄抧亂129捸亃,,嫗搒晎嫗揷曈巗懪揷媨搶36-3,,,,,600000,,,429.61,,129.95,1000,2025/10/17,"2024/10/07 16:50","2025/10/24 09:50",帺幮,堦斒攠夘,姅幃夛幮僙儞僠儏儕乕僟僀僜乕,曱嶳,"=""06-6136-0555""",柍,"扴摉丗曱嶳
R7擭丂搚抧1,000傊憹壛梊掕",6100324
憅屔,R00175-014606,,,,嬻,傾乕僇僀僽(惉栺),柍,2200000,,奒,1993擭10寧,暫屔導壛屆孲堫旤挰拞懞偺戄憅屔亂1364捸亃,,暫屔導壛屆孲堫旤挰拞懞1178-1,,,3.00,1.00,,,,4072.00,4511.11,1364.61,1613,2025/09/09,"2025/04/01 14:05","2025/10/24 09:39",愭暔(拠夘),,廧戭忣曬乮姅乯杮揦,-,"=""078-924-1010""",嬻桳,,6751122
憅屔,R00175-014617,,,,嬻,傾乕僇僀僽(惉栺),柍,990000,,奒,1984擭11寧,栧恀巗巐媨6挌栚偺戄憅屔亂149捸亃,,戝嶃晎栧恀巗巐媨俇挌栚5-12,,,6.00,1.10,,,,724.99,494.40,149.55,6620,2025/06/03,"2025/04/03 15:46","2025/10/23 14:26",愭暔(拠夘),,幠揷嫽嶻乮桳乯幠揷僄僗僥乕僩丏俴倎倐,-,"=""090-9860-4466""",嬻桳,2025.6.3彜択拞,5710017
揦曑帠柋強(寶暔堦妵),R00175-014679,,,,嬻,傾乕僇僀僽(惉栺),柍,880000,,奒,2002擭09寧,暫屔導惣媨巗挿揷挰偺戄揦曑丒帠柋強亂57捸亃,,暫屔導惣媨巗挿揷挰1-27,11000,,,1760000,880000,,,167.00,189.90,57.44,15320,2025/07/23,"2025/05/01 11:00","2025/10/23 13:25",愭暔(拠夘),,乮姅乯僥僋僲僔僗僥儉,-,"=""072-744-6616""",嬻桳,,6638034
憅屔,R00175-014820,,,,,傾乕僇僀僽(惉栺),柍,1980000,,奒,2004擭06寧,悂揷巗撿悂揷1挌栚偺戄憅屔亂223捸亃,,戝嶃晎悂揷巗撿悂揷侾挌栚13-1,,,,,10800000,,,1687.47,738.73,223.46,8861,2025/09/16,"2025/06/20 11:13","2025/10/23 09:32",愭暔(拠夘),,乮姅乯價儖僶儞僋,-,"=""06-7637-6363""",,2025.10.23丂宊栺娫嬤(2斣庤庴晅晄壜偺偨傔惉栺),5640043
憅屔,R00175-014537,,,,嬻,岞奐壜,柍,495000,,奒,1991擭11寧,搶戝嶃巗壛擺7挌栚偺戄憅屔亂63捸亃,,戝嶃晎搶戝嶃巗壛擺俈挌栚9-20,,,,,5.00,,,232.00,209.70,63.43,7804,2026/08/03,"2025/02/18 13:08","2025/10/22 10:44",愭暔(拠夘),,乮姅乯僉儞僌儂乕儉,-,"=""06-6783-7776""",,2025.10.22丂惉栺仺暅妶,5780901
揦曑(寶暔堦妵),R00175-014993,,,,嬻,傾乕僇僀僽(惉栺),柍,1760000,,奒,2000擭09寧,榓愹巗榓婥挰1挌栚偺戄揦曑亂230捸亃,,戝嶃晎榓愹巗榓婥挰侾挌栚30-41,,,6.00,,,,,,760.78,230.13,7648,2025/09/11,"2025/09/11 12:33","2025/10/22 10:26",愭暔(拠夘),,暯堜晄摦嶻,-,"=""0725-58-8110""",嬻桳,,5940073
憅屔,R00175-015056,,,,嬻,傾乕僇僀僽(惉栺),柍,495000,,奒,2007擭03寧,攼尨巗曅嶳挰偺戄憅屔亂67捸亃,,戝嶃晎攼尨巗曅嶳挰13-40,,,,2.00,,,,414.16,224.46,67.89,7291,2025/10/07,"2025/10/07 14:38","2025/10/22 09:20",愭暔(拠夘),,乮姅乯僔僢僾僼傿乕儖僪,-,"=""06-6975-7373""",,2025.10.20丂彜択拞(2斣庤庴晅晄壜偺偨傔惉栺),5820020
憅屔,R00175-014698,,,,,傾乕僇僀僽(惉栺),柍,3300000,,奒,1983擭07寧,悂揷巗朙捗挰偺戄憅屔亂280捸亃,,戝嶃晎悂揷巗朙捗挰13-11,,,,1.00,6000000,,,641.28,928.56,280.88,11749,2025/06/16,"2025/05/12 12:10","2025/10/21 17:13",愭暔(拠夘),,乮姅乯懢梲價儖儅僱乕僕儊儞僩丂晄摦嶻晹,栰嶈丗080-9173-7298,"=""06-6392-9000""",嬻桳,,5640051
揦曑(寶暔堦妵),R00175-014652,,,,嬻,傾乕僇僀僽(惉栺),柍,1320000,,奒,1977擭02寧,嫗搒晎敧敠巗撪棦杒僲岥偺戄揦曑亂125捸亃,,嫗搒晎敧敠巗撪棦杒僲岥24,,,3.00,3.00,,,,1320.80,414.56,125.4,10526,2025/06/26,"2025/04/21 11:03","2025/10/20 15:01",愭暔(拠夘),,乮姅乯嶰搰僐乕億儗乕僔儑儞丂嬈柋奐敪晹嫗嶃巟揦,-,"=""072-861-1000""",嬻桳,,6148229
憅屔,R00175-014881,,,,嬻,傾乕僇僀僽(惉栺),柍,770000,,奒,1992擭11寧,暫屔導柧愇巗戝媣曐挰敧栘偺戄憅屔亂116捸亃,,暫屔導柧愇巗戝媣曐挰敧栘661-1,,,,1.00,3.00,,,,385.00,116.46,6612,2025/08/27,"2025/07/11 10:31","2025/10/20 15:00",愭暔(拠夘),,乮姅乯嶰庽,杒栰丗090-3718-8160,"=""078-754-7505""",嬻桳,,6740063
揦曑(寶暔堦妵),R00175-014655,,,,嬻,傾乕僇僀僽(惉栺),柍,3300000,,奒,1992擭11寧,戝嶃巗廧媑嬫挿嫃搶1挌栚偺戄揦曑亂235捸亃,,戝嶃晎戝嶃巗廧媑嬫挿嫃搶侾挌栚7-32,,,30000000,3300000,,,,1097.00,778.53,235.5,14013,2025/07/07,"2025/04/22 14:08","2025/10/20 14:50",愭暔(拠夘),,乮姅乯儅僀儖僪丂偁傃偙揦,-,"=""06-6696-4146""",嬻桳,,5580004
憅屔,R00175-014479,,,,嬻,傾乕僇僀僽(惉栺),柍,770000,,1奒,1979擭03寧,暫屔導恄屗巗挿揷嬫恄妝挰2挌栚偺戄憅屔亂79捸亃,,暫屔導恄屗巗挿揷嬫恄妝挰俀挌栚3-4,,,3.00,2.00,,,,,264.46,79.99,9626,2025/07/08,"2025/01/21 14:03","2025/10/20 14:47",愭暔(拠夘),,儂乕儊僗僩晄摦嶻娭惣乮姅乯,-,"=""078-321-6071""",嬻桳,丒応強丗僌乕僌儖儅僢僾偱偼丄恄妝挰2挌栚3-34乮撿僴僀僣乯,6530836
憅屔,R00175-014707,,,,嬻,傾乕僇僀僽(惉栺),柍,440000,,1奒,2001擭06寧,暫屔導恄屗巗挿揷嬫屼壆晘捠1挌栚偺戄憅屔亂32捸亃,,暫屔導恄屗巗挿揷嬫屼壆晘捠侾挌栚4-2,,,3.00,2.00,,,,,107.00,32.36,13594,2025/07/08,"2025/05/14 14:37","2025/10/20 14:47",愭暔(拠夘),,儂乕儊僗僩晄摦嶻娭惣乮姅乯,-,"=""078-321-6071""",嬤桳,丒1奒晹暘,6530843
憅屔,R00175-014511,,,,嬻,傾乕僇僀僽(惉栺),柍,418000,,奒,1972擭02寧,戝嶃巗惗栰嬫拞愳5挌栚偺戄憅屔亂44捸亃,,戝嶃晎戝嶃巗惗栰嬫拞愳俆挌栚1-10,,,380000,418000,,,,279.86,145.50,44.01,9498,2025/06/12,"2025/02/04 14:20","2025/10/20 14:42",愭暔(拠夘),,乮姅乯儀僗僩僴僂僗,-,"=""06-6756-6555""",嬻桳,2025.10.20丂戄偟巭傔,5440005
岺応,R00175-014540,,,,嬻,傾乕僇僀僽(惉栺),柍,440000,,奒,2014擭04寧,暫屔導嶰栘巗嵶愳挰惣偺戄岺応亂79捸亃,,暫屔導嶰栘巗嵶愳挰惣799,,,3.00,1.00,,1.00,,,263.51,79.71,5520,2025/07/23,"2025/02/20 13:21","2025/10/20 14:37",愭暔(拠夘),,乮姅乯儀僗僩憂旤丂壛惣帠柋強,-,"=""0790-42-6608""",,丒嘇,6730715
岺応,R00175-014541,,,,嬻,傾乕僇僀僽(惉栺),柍,330000,,奒,2014擭04寧,暫屔導嶰栘巗嵶愳挰惣偺戄岺応亂60捸亃,,暫屔導嶰栘巗嵶愳挰惣799,,,3.00,1.00,,1.00,,,198.46,60.03,5497,2025/07/23,"2025/02/20 13:28","2025/10/20 14:37",愭暔(拠夘),,乮姅乯儀僗僩憂旤丂壛惣帠柋強,-,"=""0790-42-6608""",,丒嘊,6730715
岺応,R00175-014846,,,,嬻,傾乕僇僀僽(惉栺),柍,1100000,,奒,1979擭12寧,暫屔導昉楬巗彂幨偺戄岺応亂222捸亃,,暫屔導昉楬巗彂幨2216,,22000,3.00,1.00,,1.00,,,734.49,222.18,4951,2025/06/27,"2025/06/27 11:46","2025/10/20 14:37",愭暔(拠夘),,乮姅乯儀僗僩憂旤丂壛惣帠柋強,-,"=""0790-42-6608""",嬻桳,仸抧恾偼惓妋偱偼偁傝傑偣傫丅妋擣偍婅偄偟傑偡丅,6712201
岺応,R00175-014699,,,,,傾乕僇僀僽(惉栺),柍,4400000,,奒,2005擭06寧,暫屔導彫栰巗彔戜偺戄岺応亂1238捸亃,,暫屔導彫栰巗彔戜55,,,6.00,1.00,,,,7601.55,4092.84,1238.08,3554,2025/07/14,"2025/05/12 13:21","2025/10/20 14:20",愭暔(拠夘),,晉枻晄摦嶻乮姅乯,-,"=""075-541-1808""",,,6751322
憅屔,R00175-014765,,,,嬻,傾乕僇僀僽(惉栺),柍,385000,,奒,1988擭06寧,愛捗巗捁帞惣1挌栚偺戄憅屔亂54捸亃,,戝嶃晎愛捗巗捁帞惣侾挌栚11-16,,,,1.00,5.00,,,349.79,179.82,54.39,7078,2025/06/02,"2025/06/02 11:52","2025/10/20 14:19",愭暔(拠夘),,乮姅乯晄摦嶻傾僔僗僩,-,"=""072-697-8855""",嬻桳,,5660072
戄抧,R00175-014367,,,,峏抧,傾乕僇僀僽(惉栺),柍,330000,,奒,-,塇塯栰巗広搙偺戄抧亂253捸亃,,戝嶃晎塇塯栰巗広搙,,,,,6.00,,,838.00,,253.49,1302,2025/06/27,"2024/11/27 14:29","2025/10/20 14:07",愭暔(拠夘),,價僆僄僗僩乮姅乯,-,"=""072-268-2039""",,"丒応強丗広搙24-2乮惵搰岺嬈乯偺惣懁
2025丅俇丏27丂彜択拞",5830862
岺応,R00175-014455,,,,嬻,傾乕僇僀僽(惉栺),柍,2288000,,奒,-,愹戝捗巗惣峘挰偺戄岺応亂787捸亃,,戝嶃晎愹戝捗巗惣峘挰7-2,,,,6.00,6.00,,,3052.85,2603.50,787.55,2906,2025/07/07,"2025/01/14 12:57","2025/10/20 14:05",愭暔(拠夘),,價乕僄僗僥乕僩乮姅乯,-,"=""06-6568-9193""",,2025.6丏6丂丂1幮専摙拞丅怽偟崬傒偼傑偩,5950052
憅屔,R00175-014960,,,,嬻,傾乕僇僀僽(惉栺),柍,350000,,奒,-,戝嶃巗梽愳嬫壛搰1挌栚偺戄憅屔亂82捸亃,,戝嶃晎戝嶃巗梽愳嬫壛搰侾挌栚56-29,,,2.00,2.00,,,,,273.00,82.58,4239,2025/08/26,"2025/08/26 12:40","2025/10/20 14:04",愭暔(拠夘),,乮姅乯俛俙俼俼俤俴,-,"=""06-6306-6061""",,,5320031
憅屔,R00175-014070,,,,嬻,傾乕僇僀僽(惉栺),柍,350000,,奒,1968擭01寧,嫗搒晎撿扥巗敧栘挰撿峀悾嵒巕偺戄憅屔亂212捸亃,,嫗搒晎撿扥巗敧栘挰撿峀悾嵒巕35,,,1.00,1.00,,,,1281.51,701.36,212.16,1650,2025/06/25,"2024/07/05 14:05","2025/10/20 14:00",愭暔(拠夘),,乮姅乯僴僂僗僾儘僕僃僋僩,-,"=""075-602-1023""",嬻桳,"2025.6.25丂惉栺仺暅妶
丒捓椏丗38.5枩墌仺35枩墌",6290151
岺応,R00175-014656,,,,巊梡拞,傾乕僇僀僽(惉栺),柍,550000,,奒,1980擭09寧,暫屔導恄屗巗搶撳嬫嫑嶈撿挰3挌栚偺戄岺応亂111捸亃,,暫屔導恄屗巗搶撳嬫嫑嶈撿挰俁挌栚2-3,,,500000,1100000,,,,,367.08,111.04,4954,2025/08/07,"2025/04/22 14:26","2025/10/20 13:59",愭暔(拠夘),,乮姅乯僴僂僗僾儔儞僯儞僌丂屼塭揦,-,"=""078-822-2251""",柍,仸峀崘堦愗晄壜,6580025
揦曑(寶暔堦妵),R00175-014376,,,,嬻,傾乕僇僀僽(惉栺),柍,495000,,奒,1999擭07寧,暫屔導昉楬巗忺惣偺戄揦曑亂45捸亃,,暫屔導昉楬巗忺惣1-8,,,8.00,2.00,,,,956.52,151.72,45.89,10786,2025/06/05,"2024/12/02 11:16","2025/10/20 13:54",愭暔(拠夘),,乮姅乯擔杮傾僔僗僩娗棟,-,"=""06-6765-2886""",嬻桳,,6712216
揦曑帠柋強(寶暔堦妵),R00175-014440,,,,嬻,傾乕僇僀僽(惉栺),柍,450000,,奒,1998擭12寧,榓愹巗暁壆挰3挌栚偺戄揦曑丒帠柋強亂45捸亃,,戝嶃晎榓愹巗暁壆挰俁挌栚22-63,,,6.00,2.00,,,,,150.68,45.58,9873,2025/07/17,"2025/01/07 14:14","2025/10/20 13:54",愭暔(拠夘),,乮姅乯擔杮傾僔僗僩娗棟,-,"=""06-6765-2886""",嬻桳,2025.03.11丂憭媀壆NG,5940031
揦曑帠柋強(寶暔堦妵),R00175-014792,,,,嫃廧拞,傾乕僇僀僽(惉栺),柍,440000,,奒,1983擭10寧,嶄巗拞嬫怺堜惔悈挰偺戄揦曑丒帠柋強亂56捸亃,,戝嶃晎嶄巗拞嬫怺堜惔悈挰3848,,,2000000,550000,,,,,187.20,56.62,7771,2025/07/07,"2025/06/09 13:23","2025/10/20 13:54",愭暔(拠夘),,擔寶僴僂僕儞僌乮姅乯,-,"=""072-289-1199""",嬻桳,,5998273
憅屔,R00175-014275,,,,嬻,岞奐壜,柍,330000,,奒,1967擭09寧,暫屔導彫栰巗曅嶳挰偺戄憅屔亂68捸亃,,暫屔導彫栰巗曅嶳挰1111-74-1,,,,2.00,,,,,224.83,68.01,4853,2026/06/11,"2024/10/21 11:29","2025/10/20 13:47",愭暔(拠夘),,乮姅乯儀僗僩憂旤丂壛惣帠柋強,-,"=""0790-42-6608""",,丒2025.10.20丂惉栺嵪仺岞奐傊,6751335
憅屔,R00175-014354,,,,嬻,傾乕僇僀僽(惉栺),柍,957000,,奒,1997擭02寧,暫屔導昉楬巗敀昹挰偺戄憅屔亂144捸亃,,暫屔導昉楬巗敀昹挰739-1,,,2610000,1.00,,,,804.15,478.10,144.62,6618,2025/07/17,"2024/11/19 15:01","2025/10/20 13:45",愭暔(拠夘),,乮姅乯揤儅壆,-,"=""079-245-5711""",,丒廧強丗敀昹挰壋739-1,6728023
憅屔,R00175-014683,,,,嬻,傾乕僇僀僽(惉栺),柍,2970000,,奒,1982擭10寧,愛捗巗捁帞惣2挌栚偺戄憅屔亂602捸亃,,戝嶃晎愛捗巗捁帞惣俀挌栚37-6,,,,,17820000,,,3317.26,1992.69,602.78,4928,2025/07/24,"2025/05/07 13:29","2025/10/20 13:37",愭暔(拠夘),,乮桳乯捗揷嶻嬈,-,"=""072-654-4138""",嬻桳,,5660072
岺応,R00175-013678,,,,嬻,傾乕僇僀僽(惉栺),柍,660000,,奒,1992擭01寧,嶄巗嶄嬫杒惔悈挰3挌偺戄岺応亂146捸亃,,戝嶃晎嶄巗嶄嬫杒惔悈挰俁挌4-19,,,,,4200000,,,,484.89,146.67,4500,2025/07/17,"2024/01/10 13:13","2025/10/20 13:35",愭暔(拠夘),,捓戄廧戭僒乕價僗丂俶倕倲倂倧倰倠晍巤揦,郷揷丗090-7368-0075,"=""06-6789-4146""",嬻桳,,5900004
揦曑(寶暔堦妵),R00175-014462,,,,嬻,傾乕僇僀僽(惉栺),柍,440000,,奒,1996擭01寧,暫屔導昉楬巗忺杹嬫峔2挌栚偺戄揦曑亂62捸亃,,暫屔導昉楬巗忺杹嬫峔俀挌栚120,,,500000,1100000,,,,,205.84,62.26,7067,2025/06/25,"2025/01/15 15:12","2025/10/20 13:34",愭暔(拠夘),,嬍揷岺嬈乮姅乯昉楬墂慜揦,-,"=""079-225-0660""",嬻桳,2025.6.25丂惉栺仺暅妶,6728071
憅屔,R00175-014427,,,,嬻,傾乕僇僀僽(惉栺),柍,330000,,奒,1983擭01寧,暫屔導恄屗巗惣嬫杒暿晎3挌栚偺戄憅屔亂118捸亃,,暫屔導恄屗巗惣嬫杒暿晎俁挌栚1501-1,,,2.00,2.00,,,,,390.45,118.11,2794,2025/07/10,"2024/12/25 11:44","2025/10/20 13:24",愭暔(拠夘),,姅幃夛幮僞僋儈廧寶,-,"=""079-457-3355""",嬻桳,乿撪棗偼2025.6~,6512117
戄抧,R00175-013782,,,,峏抧,傾乕僇僀僽(惉栺),柍,550000,,奒,-,敧旜巗戝抾1挌栚偺戄抧亂477捸亃,,戝嶃晎敧旜巗戝抾侾挌栚80,,,,1000000,1000000,,,1578.00,,477.34,1153,2025/06/23,"2024/02/14 14:40","2025/10/20 13:15",愭暔(拠夘),,愮棦戭抧寶暔,-,"=""06-4307-0009""",,"2025.6.23丂
丒捓椏丗48枩墌仺55枩墌
丒楃嬥丗55枩墌仺100枩墌

亂拲堄亃搚抧偺杒懁偵惛恄幘姵偺曽偺巤愝偑偁傝丄
丂僆乕僫乕條偺偛堄岦偱壒偺弌傞嶌嬈偼晄壜丄
丂帒嵽傪抲偔偺傒摍偱壒偑弌側偗傟偽OK

丒堦扷曞廤STOP佀4寧偛傠偵傑偨忬嫷曄傢傞偐傕偲偺偙偲丂丂2024.3.1摗尨",5810854
岺応,R00175-015065,,,,嫃廧拞,傾乕僇僀僽(惉栺),柍,825000,,奒,1986擭07寧,敧旜巗懢揷怴挰3挌栚偺戄岺応亂133捸亃,,戝嶃晎敧旜巗懢揷怴挰俁挌栚46,,,,1650000,1650000,,,,442.43,133.83,6165,2025/10/14,"2025/10/14 11:50","2025/10/20 10:12",愭暔(拠夘),,媑懞彜帠姅幃夛幮,-,"=""072-949-4641""",嬻桳,2025.10.20丂彜択拞(2斣庤庴晅晄壜偺偨傔惉栺),5810039
憅屔,R00175-014171,,,,嬻,傾乕僇僀僽(惉栺),柍,396000,,奒,1977擭04寧,戝嶃巗廧擵峕嬫暯椦撿2挌栚偺戄憅屔亂118捸亃,,戝嶃晎戝嶃巗廧擵峕嬫暯椦撿俀挌栚4-57,,,3.00,2.00,,,,280.07,391.16,118.32,3347,2025/06/10,"2024/09/05 11:59","2025/10/17 14:42",愭暔(拠夘),,廧擵峕晄摦嶻乮姅乯丂,媑揷,"=""06-6685-9919""",嬻桳,"2025.6.10
丒捓椏丗49.5枩墌仺39.6枩墌

捓椏DOWN66枩仺59.4枩2024.12.5佀49.5枩2025.1.21
僱僢僩晄壜偺堊儘僕僐儘旕宖嵹",5590025
戄抧,R00175-014934,,,,峏抧,傾乕僇僀僽(惉栺),柍,1200000,,奒,-,戝嶃嫹嶳巗抮擵尨4挌栚偺戄抧亂1404捸亃,,戝嶃晎戝嶃嫹嶳巗抮擵尨係挌栚81,,,,3.00,6.00,,,4642.71,,1404.41,855,2025/08/05,"2025/08/05 14:15","2025/10/17 14:18",愭暔(拠夘),,姅幃夛幮僗僇僀儂乕儉,-,"=""072-369-5888""",,仸僱僢僩娭學晄壜,5890031
憅屔,R00175-014862,,,,,傾乕僇僀僽(惉栺),柍,550000,,奒,1972擭05寧,暫屔導惣榚巗巗尨挰偺戄憅屔亂405捸亃,,暫屔導惣榚巗巗尨挰269,,,1000000,1000000,,,,,1341.69,405.86,1356,2025/08/18,"2025/07/04 11:55","2025/10/17 14:04",愭暔(拠夘),,乮桳乯廧尋儂乕儉,-,"=""078-943-6454""",嬻桳,,6770004
憅屔,R00175-014464,,,,嬻,傾乕僇僀僽(惉栺),柍,440000,,奒,-,戝嶃巗廧擵峕嬫撿壛夑壆3挌栚偺戄憅屔亂45捸亃,,戝嶃晎戝嶃巗廧擵峕嬫撿壛夑壆俁挌栚4-1,,55000,,,,,,,150.71,45.58,9652,2025/07/10,"2025/01/15 15:40","2025/10/17 13:56",愭暔(拠夘),,俠俽乮姅乯,-,"=""06-6567-9663""",,,5590015
憅屔,R00175-014635,,,,嬻,傾乕僇僀僽(惉栺),柍,550000,,奒,1984擭12寧,愹撿巗柭戧2挌栚偺戄憅屔亂124捸亃,,戝嶃晎愹撿巗柭戧俀挌栚9-7,,,2.00,2.00,,,,,410.00,124.02,4435,2025/06/11,"2025/04/11 10:43","2025/10/17 13:46",愭暔(拠夘),,乮姅乯僒僕僞儕傾僗,懛,"=""080-3036-4196""",,2025丄6.11丂彜択拞,5900534
岺応,R00175-014544,,,,嬻,傾乕僇僀僽(惉栺),柍,880000,,奒,1970擭05寧,暫屔導恄屗巗挿揷嬫杮彲挰2挌栚偺戄岺応亂247捸亃,,暫屔導恄屗巗挿揷嬫杮彲挰俀挌栚2-5,,,,500000,800000,,,326.15,818.70,247.65,3554,2025/06/03,"2025/02/21 11:17","2025/10/17 13:31",愭暔(拠夘),,乮桳乯媑挍嫽嶻,-,"=""078-643-0001""",嬻桳,,6530053
揦曑(寶暔堦妵),R00175-014592,,,,嬻,傾乕僇僀僽(惉栺),柍,693000,,奒,1978擭10寧,戝嶃巗杒嬫搶揤枮1挌栚偺戄揦曑亂109捸亃,,戝嶃晎戝嶃巗杒嬫搶揤枮侾挌栚2-8,,,,2.00,,,,,363.00,109.8,6312,2025/07/17,"2025/03/21 14:22","2025/10/17 13:05",愭暔(拠夘),,乮姅乯倖倰倎値們,-,"=""078-855-7936""",嬻桳,捓椏DOWN88枩仺69.3枩乮惻崬傒乯丂2025.4.25,5300044
岺応,R00175-014378,,,,嬻,傾乕僇僀僽(惉栺),柍,365200,,6奒,1978擭04寧,暫屔導恄屗巗挿揷嬫悰尨捠7挌栚偺戄岺応亂59捸亃,,暫屔導恄屗巗挿揷嬫悰尨捠俈挌栚41-3,27500,,,365200,,,,,196.22,59.35,6153,2025/06/06,"2024/12/03 13:36","2025/10/16 11:29",愭暔(拠夘),,僄儖僗僀僢僠乮姅乯恄屗巟揦,淎尒丗080-7592-8018,"=""078-511-1117""",,"丒602崋幒

2025.6丏6丂捓椏仺29枩400墌",6530015
揦曑(寶暔堦妵),R00175-014079,,,,嬻,傾乕僇僀僽(惉栺),柍,326700,,奒,2020擭03寧,帬夑導嬤峕敧敠巗戦帞挰偺戄揦曑亂28捸亃,,帬夑導嬤峕敧敠巗戦帞挰1634-10,19800,,,1.10,5.00,,,,94.13,28.47,11474,2025/06/20,"2024/07/11 13:06","2025/10/16 11:28",愭暔(拠夘),,僄儖丒僄僀晄摦嶻乮姅乯,-,"=""077-569-5580""",嬻桳,,5230891
揦曑(寶暔堦晹),R00175-014772,,,,巊梡拞,傾乕僇僀僽(惉栺),柍,,,1奒,-,戝嶃巗峘嬫峘惏2挌栚偺戄揦曑亂34捸亃,,戝嶃晎戝嶃巗峘嬫峘惏俀挌栚9-26,,,,,,,,,114.42,34.61,,2025/06/02,"2025/06/02 14:27","2025/10/15 14:08",愭暔(拠夘),,姅幃夛幮僇儉僥僀,-,"=""06-6225-9557""",,,5520023
揦曑(寶暔堦妵),R00175-014769,,,,巊梡拞,傾乕僇僀僽(惉栺),柍,,,奒,2005擭01寧,暫屔導愳惣巗栴栤2挌栚偺戄揦曑亂51捸亃,,暫屔導愳惣巗栴栤俀挌栚17-52,,,,,,,,911.22,170.53,51.58,,2025/06/02,"2025/06/02 13:43","2025/10/15 14:08",愭暔(拠夘),,姅幃夛幮僇儉僥僀,-,"=""06-6225-9557""",嬻桳,,6660131
揦曑(寶暔堦晹),R00175-014768,,,,巊梡拞,傾乕僇僀僽(惉栺),柍,,,1奒,-,暫屔導埌壆巗戝尨挰偺戄揦曑亂42捸亃,,暫屔導埌壆巗戝尨挰5-21,,,,,,,,234.11,141.70,42.86,,2025/06/02,"2025/06/02 13:22","2025/10/15 14:08",愭暔(拠夘),,姅幃夛幮僇儉僥僀,-,"=""06-6225-9557""",,丒1奒晹暘,6590092
揦曑(寶暔堦妵),R00175-014723,,,,嬻,傾乕僇僀僽(惉栺),柍,0,,1奒,2016擭07寧,搶戝嶃巗堖悹俀挌栚偺戄揦曑亂59捸亃,,戝嶃晎搶戝嶃巗堖悹俀挌栚3-4,,,,,12.00,,,760.74,198.25,59.97,,2025/07/14,"2025/05/20 10:15","2025/10/15 14:08",愭暔(拠夘),,姅幃夛幮僇儉僥僀,揾栁偝傫:090-2119-2538,"=""06-6225-9557""",嬻桳,,5770827
揦曑(寶暔堦妵),R00175-014716,,,,,傾乕僇僀僽(惉栺),柍,0,,奒,2014擭05寧,嫗搒晎嫗搒巗嵍嫗嬫嶳抂愳娸挰偺戄揦曑亂59捸亃,,嫗搒晎嫗搒巗嵍嫗嬫嶳抂愳娸挰43,,,,,,,,1120.74,198.00,59.89,,2025/07/24,"2025/05/16 10:30","2025/10/15 14:08",愭暔(拠夘),,姅幃夛幮僇儉僥僀,揾栁偝傫丗090-2119-2538,"=""06-6225-9557""",,,6068005
揦曑(寶暔堦妵),R00175-014710,,,,,傾乕僇僀僽(惉栺),柍,0,,奒,1999擭12寧,暫屔導愳惣巗搶宭栰俀挌栚偺戄揦曑亂167捸亃,,暫屔導愳惣巗搶宭栰俀挌栚1-12,,,,,12.00,,,2169.50,552.88,167.24,,2025/07/14,"2025/05/15 11:29","2025/10/15 14:08",愭暔(拠夘),,姅幃夛幮僇儉僥僀,揾栁偝傫丗090-2119-2538,"=""06-6225-9557""",嬻桳,,6660117
揦曑(寶暔堦妵),R00175-014704,,,,嬻,傾乕僇僀僽(惉栺),柍,1265000,,1奒,2008擭09寧,戝嶃巗杒嬫抮揷挰偺戄揦曑亂42捸亃,,戝嶃晎戝嶃巗杒嬫抮揷挰16-6,,,,,12.00,,,,140.09,42.37,29851,2025/07/14,"2025/05/14 13:59","2025/10/15 14:08",愭暔(拠夘),,姅幃夛幮僇儉僥僀,揾栁丗090-2119-2538,"=""06-6225-9557""",嬻桳,,5300033
揦曑(寶暔堦妵),R00175-014701,,,,巊梡拞,傾乕僇僀僽(惉栺),柍,0,,奒,1991擭02寧,戝嶃巗暯栰嬫挿媑挿尨惣係挌栚偺戄揦曑亂209捸亃,,戝嶃晎戝嶃巗暯栰嬫挿媑挿尨惣係挌栚19-12,,,,,12.00,,,1230.15,693.77,209.86,,2025/07/14,"2025/05/14 11:35","2025/10/15 14:07",愭暔(拠夘),,姅幃夛幮僇儉僥僀,揾栁:090-2119-2538,"=""06-6225-9557""",嬻桳,,5470015
揦曑(寶暔堦妵),R00175-014059,,,,嬻,傾乕僇僀僽(惉栺),柍,440000,,奒,2014擭04寧,暫屔導憡惗巗岦梲戜偺戄揦曑亂61捸亃,,暫屔導憡惗巗岦梲戜2-2,,,6.00,2.00,,,,786.00,201.86,61.06,7206,2025/07/10,"2024/07/02 13:50","2025/10/15 11:06",愭暔(拠夘),,姅幃夛幮僆僼傿僗僫僈僞,塱揷,"=""078-995-3662""",嬻桳,捓椏DOWN83枩仺77枩仺55枩仺44枩,6780023
憅屔,R00175-014841,,,,嬻,傾乕僇僀僽(惉栺),柍,660000,,奒,1969擭04寧,怮壆愳巗揰栰4挌栚偺戄憅屔亂344捸亃,,戝嶃晎怮壆愳巗揰栰係挌栚1-12,,,,1.00,,,,830.98,1137.46,344.08,1919,2025/08/22,"2025/06/26 12:46","2025/10/15 10:25",愭暔(拠夘),,僄僀僠僄僗僴僂僕儞僌,-,"=""072-814-8016""",,,5720077
戄抧,R00175-014510,,,,峏抧,傾乕僇僀僽(惉栺),柍,1000000,,奒,-,暫屔導嶰栘巗媑愳挰戄挭偺戄抧亂2364捸亃,,暫屔導嶰栘巗媑愳挰戄挭,,,,1.00,,,,7815.00,,2364.03,424,2025/06/16,"2025/02/04 14:00","2025/10/15 10:19",愭暔(拠夘),,傾僘儔僀僩乮姅乯,-,"=""079-558-7932""",,"2025.10.15丂攧媝偺傒偱曞廤拞偺偨傔惉栺

2025.4.11丂彜択拞
丒応強丗僌乕僌儖儅僢僾偱偼丄嫽榓奐敪(姅)仸戄挭336乮晉揷嫽嬈(姅) 媑愳岺応乯偺撿懁偁偨傝",6731118
憅屔,R00175-014883,,,,,傾乕僇僀僽(惉栺),柍,462000,,奒,1972擭08寧,戝嶃巗惣惉嬫捗庣1挌栚偺戄憅屔亂55捸亃,,戝嶃晎戝嶃巗惣惉嬫捗庣侾挌栚6-11,,,,3.00,6.00,,,,183.17,55.4,8339,2025/07/15,"2025/07/15 11:27","2025/10/15 10:17",愭暔(拠夘),,姅幃夛幮僕乕僾儖,嶳杮,"=""06-4300-3494""",,,5570062
岺応,R00175-014379,,,,,傾乕僇僀僽(惉栺),柍,660000,,奒,1988擭06寧,暫屔導恄屗巗暫屔嬫崅徏挰偺戄岺応亂150捸亃,,暫屔導恄屗巗暫屔嬫崅徏挰2-5,,,3.00,2.00,,,,419.76,496.00,150.04,4399,2025/09/03,"2024/12/03 13:51","2025/10/15 09:40",帺幮,堦斒攠夘,姅幃夛幮僙儞僠儏儕乕僟僀僜乕,搰杮,"=""06-6136-0555""",嬻桳,"僆乕僫乕傛傝捈愙擖椡埶棅 2025.7.23仼仸仸仸拲堄両両両仸仸仸僋儗乕儉偵傛傝丄暔審擖椡晄壜丂愨懳岞奐偟側偄両

丒応強丗僌乕僌儖儅僢僾偱偼丄崅徏挰2-3乮杧撪愼岺乯
",6520874
戄抧,R00175-015010,,,,峏抧,傾乕僇僀僽(惉栺),柍,150000,,奒,-,娸榓揷巗搚惗戧挰偺戄抧亂245捸亃,,戝嶃晎娸榓揷巗搚惗戧挰1050-1,,,4.00,2.00,,,,810.13,,245.06,613,2025/09/25,"2025/09/19 10:20","2025/10/15 09:16",帺幮,堦斒攠夘,姅幃夛幮僙儞僠儏儕乕僟僀僜乕,搰杮,"=""06-6136-0555""",嬻桳,扴摉丗搰杮,5960844
憅屔,R00175-014910,,,,嬻,傾乕僇僀僽(惉栺),柍,797500,,奒,2001擭06寧,戝嶃巗惣嬫嫗挰杧2挌栚偺戄憅屔亂89捸亃,,戝嶃晎戝嶃巗惣嬫嫗挰杧俀挌栚8-25,,,4.00,2.20,,,,,295.00,89.23,8937,2025/09/11,"2025/07/24 10:55","2025/10/14 12:00",愭暔(拠夘),,儀僗僩丒儕傾儖僥傿乕乮姅乯,-,"=""06-6131-8900""",嬻桳,"2025.10.14丂宊栺娫嬤(2斣庤晄壜)

俀侽俀俆丏俋丏11仺怽偟崬傒侾審丄慜岦偒偵専摙偟偰偄傞",5500003
揦曑帠柋強(寶暔堦妵),R00175-015034,,,,嬻,岞奐壜,柍,385000,,奒,1968擭10寧,暫屔導恄屗巗拞墰嬫孎撪挰1挌栚偺戄揦曑丒帠柋強亂59捸亃,,暫屔導恄屗巗拞墰嬫孎撪挰侾挌栚1-7,,,2100000,,,,,,197.91,59.86,6431,2026/07/10,"2025/09/29 10:06","2025/10/14 09:52",愭暔(拠夘),,偍偆偪壠晄摦嶻怴恄屗乮姅乯,-,"=""078-862-1520""",嬻桳,,6510056
揦曑帠柋強(寶暔堦妵),R00175-014109,,,,嬻,傾乕僇僀僽(惉栺),柍,990000,,奒,2007擭07寧,嫗搒晎嫗搒巗暁尒嬫戠岉崌応挰偺戄揦曑丒帠柋強亂56捸亃,,嫗搒晎嫗搒巗暁尒嬫戠岉崌応挰4-6,,,5400000,1980000,,,,1017.78,186.39,56.38,17559,2025/06/26,"2024/07/22 12:50","2025/10/10 10:43",愭暔(拠夘),,姅幃夛幮僀儅僗丂棳捠帠嬈晹,拠栰丗070-1358-3772,"=""06-6209-7373""",嬻桳,-,6011347
揦曑帠柋強(寶暔堦妵),R00175-014137,,,,嬻,傾乕僇僀僽(惉栺),柍,1045000,,奒,2004擭05寧,嫗搒晎媣悽孲媣屼嶳挰嵅嶳搶戙偺戄揦曑丒帠柋強亂48捸亃,,嫗搒晎媣悽孲媣屼嶳挰嵅嶳搶戙1-3,,,5700000,2090000,,,,735.00,159.09,48.12,21715,2025/06/26,"2024/08/05 11:38","2025/10/10 10:43",愭暔(拠夘),,姅幃夛幮僀儅僗丂棳捠帠嬈晹,-,"=""06-6209-7373""",嬻桳,-,6130034
憅屔,R00175-014568,,,,嬻,傾乕僇僀僽(惉栺),柍,550000,,奒,1989擭08寧,嫗搒晎嫗搒巗暁尒嬫壓捁塇撿桍挿挰偺戄憅屔亂73捸亃,,嫗搒晎嫗搒巗暁尒嬫壓捁塇撿桍挿挰75,,,3000000,1100000,,,,,243.42,73.63,7470,2025/07/28,"2025/03/06 14:09","2025/10/10 10:42",愭暔(拠夘),,姅幃夛幮僀儅僗丂棳捠帠嬈晹,-,"=""06-6209-7373""",嬻桳,,6128490
憅屔,R00175-014796,,,,巊梡拞,傾乕僇僀僽(惉栺),柍,770000,,奒,1985擭07寧,嫗搒晎嫗搒巗撿嬫忋捁塇嶳僲杮挰偺戄憅屔亂128捸亃,,嫗搒晎嫗搒巗撿嬫忋捁塇嶳僲杮挰253,,,6.00,2.00,,,,364.01,426.30,128.95,5972,2025/08/21,"2025/06/10 11:23","2025/10/10 10:42",愭暔(拠夘),,姅幃夛幮僀儅僗丂棳捠帠嬈晹,-,"=""06-6209-7373""",嬻桳,2025.8.21丂彜択拞,6018176
憅屔,R00175-014666,,,,嬻,傾乕僇僀僽(惉栺),柍,880000,,奒,-,暫屔導惣媨巗惵栘挰偺戄憅屔亂24捸亃,,暫屔導惣媨巗惵栘挰2-34,,,,3.30,,,,330.57,82.50,24.95,35262,2025/06/26,"2025/04/23 13:41","2025/10/10 10:28",愭暔(拠夘),,乮姅乯傾僉僣,-,"=""06-6422-2500""",嬻桳,2025.10.10丂捓戄拞巭偺偨傔惉栺,6620862
揦曑(寶暔堦妵),R00175-014534,,,,嬻,傾乕僇僀僽(惉栺),柍,440000,,奒,2004擭05寧,暫屔導壛屆愳巗暯壀挰怴嵼壠偺戄揦曑亂49捸亃,,暫屔導壛屆愳巗暯壀挰怴嵼壠892-1,,,1000000,1100000,,,,611.85,162.50,49.15,8952,2025/06/17,"2025/02/18 09:49","2025/10/10 10:26",愭暔(拠夘),,姅幃夛幮傾僆僴儖晄摦嶻斕攧,-,"=""079-451-9949""",嬻桳,"2025.6.17丂怽偟崬傒1審偁傝(2斣庤庴晅壜)
仸偨偩偟丄撪棗慜偺怽偟崬傒偺偨傔尦晅偲偟偰傕棳傟傞壜擻惈偑崅偄偲偺偙偲丅

2025.6.17丂惉栺仺暅妶丂
尦晅丗僞僇僙晄摦嶻仺傾僆僴儖晄摦嶻斕攧",6750101
岺応,R00175-014875,,,,,傾乕僇僀僽(惉栺),柍,357500,,奒,1971擭11寧,戝嶃巗暯栰嬫壛旤搶1挌栚偺戄岺応亂61捸亃,,戝嶃晎戝嶃巗暯栰嬫壛旤搶侾挌栚13-51,,,,650000,,,,168.14,202.80,61.34,5828,2025/08/19,"2025/07/08 11:52","2025/10/10 10:24",愭暔(拠夘),,乮姅乯傾乕僗丒儂乕儉,-,"=""06-6701-3737""",,2025.8.19丂怽崬1審偁傝(2斣庤壜),5470002
揦曑(寶暔堦晹),R00175-014370,,,,嬻,傾乕僇僀僽(惉栺),柍,5445000,,奒,2008擭06寧,暫屔導壛屆愳巗旜忋挰埨揷偺戄揦曑亂903捸亃,,暫屔導壛屆愳巗旜忋挰埨揷350-1,,110000,,,3.00,,,,2987.00,903.56,6027,2025/06/10,"2024/11/28 11:37","2025/10/10 10:22",愭暔(拠夘),,俙俠俼俤乮姅乯恄屗巟幮,-,"=""078-333-6711""",嬻桳,"2025.10.10丂1搹曞廤拞巭丅嬫夋曞廤偵偰惉栺

丒1奒偲2奒堦晹
22025.6丏10丂嬫夋偵暘偗偰斕攧丄1審彜択拞丅",6750021
岺応,R00175-013742,,,,嬻,傾乕僇僀僽(惉栺),柍,660000,,奒,1968擭08寧,暫屔導昉楬巗忺杹嬫峔偺戄岺応亂111捸亃,,暫屔導昉楬巗忺杹嬫峔1050-4,,,2.00,2.00,,,,626.16,369.97,111.91,5898,2025/06/25,"2024/01/30 11:22","2025/10/10 10:12",愭暔(拠夘),,姅幃夛幮僯僢僔儑乕丒僄僗僥乕僩,-,"=""079-230-3838""",嬻桳,"2025.6.25丂惉栺仺暅妶
丒捓椏丗44枩墌仺66枩墌
丒晘嬥丗側偟仺3僇寧
丒楃嬥丗4僇寧仺3僇寧
丒挀幵応丗10戜仺3戜埲忋
丒尦晅丗僗僥傾乕僘晄摦嶻姅幃夛幮仺姅幃夛幮僯僢僔儑乕丒僄僗僥乕僩",6728071
憅屔,R00175-014645,,,,,傾乕僇僀僽(惉栺),柍,335000,,奒,1996擭02寧,晉揷椦巗婌巙挰3挌栚偺戄憅屔亂62捸亃,,戝嶃晎晉揷椦巗婌巙挰俁挌栚14-33,,,4.00,2.00,,,,418.88,205.90,62.28,5379,2025/06/03,"2025/04/15 15:33","2025/10/10 10:08",愭暔(拠夘),,姅幃夛幮僩僠僞僥價儖僨傿儞僌,摗杮丗080-3786-7735,"=""06-6975-7780""",嬻桳,,5840005
憅屔,R00175-014146,,,,巊梡拞,傾乕僇僀僽(惉栺),柍,1480000,,奒,1977擭11寧,搶戝嶃巗堫揷怴挰2挌栚偺戄憅屔亂508捸亃,,戝嶃晎搶戝嶃巗堫揷怴挰俀挌栚6-13,,,6.00,2.00,,,,974.99,1679.47,508.03,2914,2025/06/06,"2024/08/19 11:29","2025/10/10 10:08",愭暔(拠夘),,姅幃夛幮僩僠僞僥價儖僨傿儞僌,悈忋丗090-8503-6217,"=""06-6975-7780""",嬻桳,"2025.6.6
丒捓椏丗166枩墌仺148枩墌

捓椏DOWN190枩仺176枩乮惻崬傒乯 2024.12.5",5770004
憅屔,R00175-014299,,,,嬻,傾乕僇僀僽(惉栺),柍,319000,,奒,1979擭12寧,搶戝嶃巗旽峕3挌栚偺戄憅屔亂123捸亃,,戝嶃晎搶戝嶃巗旽峕俁挌栚16-23,,,3.00,1.00,,,,211.25,407.38,123.23,2589,2025/07/07,"2024/11/01 13:07","2025/10/10 10:07",愭暔(拠夘),,姅幃夛幮僩僠僞僥價儖僨傿儞僌,-,"=""06-6975-7780""",嬻桳,-,5780984
憅屔,R00175-014436,,,,嬻,傾乕僇僀僽(惉栺),柍,770000,,奒,1976擭04寧,搶戝嶃巗崅堜揷拞5挌栚偺戄憅屔亂162捸亃,,戝嶃晎搶戝嶃巗崅堜揷拞俆挌栚8-8,,,3.00,2.00,,,,291.63,536.61,162.32,4744,2025/06/09,"2025/01/07 13:14","2025/10/10 10:07",愭暔(拠夘),,姅幃夛幮僩僠僞僥價儖僨傿儞僌,-,"=""06-6975-7780""",嬻桳,"2025.6.9
丒捓椏丗80枩墌仺77枩墌",5770065
憅屔,R00175-014500,,,,,傾乕僇僀僽(惉栺),柍,600000,,奒,-,敧旜巗廰愳挰5挌栚偺戄憅屔亂188捸亃,,戝嶃晎敧旜巗廰愳挰俆挌栚7-15,,,2.00,1.00,,,,231.82,623.68,188.66,3181,2025/06/30,"2025/01/30 10:10","2025/10/10 10:03",愭暔(拠夘),,姅幃夛幮僩僠僞僥價儖僨傿儞僌,-,"=""06-6975-7780""",,,5810075
憅屔,R00175-014905,,,,,傾乕僇僀僽(惉栺),柍,330000,,奒,1991擭05寧,戝嶃巗暯栰嬫壛旤杒5挌栚偺戄憅屔亂51捸亃,,戝嶃晎戝嶃巗暯栰嬫壛旤杒俆挌栚11-14,,,4.00,2.00,,,,,168.60,51,6471,2025/08/18,"2025/07/23 14:03","2025/10/10 10:02",愭暔(拠夘),,姅幃夛幮僩僠僞僥價儖僨傿儞僌,嵅乆栘丗080-9741-9625,"=""06-6975-7780""",,丒嬻偒妋擣丒徻嵶偼扴摉幰実懷傊丗嵅乆栘080-9741-9625,5470001
戄抧,R00175-014266,,,,峏抧,傾乕僇僀僽(惉栺),柍,300000,,奒,-,暫屔導昉楬巗暿強挰暿強偺戄抧亂421捸亃,,暫屔導昉楬巗暿強挰暿強913-1,,,,1.00,5.00,,,1394.00,,421.68,712,2025/06/30,"2024/10/17 15:25","2025/10/10 09:53",愭暔(拠夘),,桳尷夛幮丂塰榓價儖,-,"=""079-284-3238""",,"2025.4.22丂捓椏曄峏
30枩仺33.7枩
",6710221
憅屔,R00175-013886,,,,嬻,傾乕僇僀僽(惉栺),柍,250000,,奒,1998擭08寧,暫屔導崅嵒巗垻栱懮挰嫑嫶偺戄憅屔亂57捸亃,,暫屔導崅嵒巗垻栱懮挰嫑嫶183-2,,,350000,700000,,,,1459.70,191.20,57.83,4323,2025/07/14,"2024/04/02 15:11","2025/10/09 10:15",愭暔(拠夘),,傆偨偽僴僂僕儞僌乮姅乯,-,"=""079-451-1500""",嬻桳,"2025.3.12捓椏曄峏
35枩仺25枩",6760822
岺応,R00175-014350,,,,嬻,傾乕僇僀僽(惉栺),柍,440000,,奒,1975擭01寧,撧椙導惗嬵巗杒揷尨挰偺戄岺応亂133捸亃,,撧椙導惗嬵巗杒揷尨挰1518,,,,,2400000,,,,442.79,133.94,3285,2025/07/07,"2024/11/19 14:10","2025/10/09 10:02",愭暔(拠夘),,崈撿嶻嬈姅幃夛幮,-,"=""06-6745-7536""",,,6300142
岺応,R00175-014858,,,,嫃廧拞,傾乕僇僀僽(惉栺),柍,385000,,奒,1984擭09寧,敧旜巗撿婽堜挰1挌栚偺戄岺応亂137捸亃,,戝嶃晎敧旜巗撿婽堜挰侾挌栚41-4,,,,2.00,,,,330.59,456.16,137.98,2791,2025/10/07,"2025/07/02 11:49","2025/10/07 15:24",愭暔(拠夘),,嶰宐彜帠,-,"=""072-992-5678""",嬻桳,"2025.10.7攧攦偱惉栺嵪傒
仸応強丗撿婽堜挰1挌栚3-26乮尋挻僒乕價僗敧旜岺応乯丠",5810054
憅屔,R00175-014638,,,,巊梡拞,曐棷,柍,0,,奒,1985擭02寧,搶戝嶃巗惣掔杮捠惣俀挌栚偺戄憅屔亂117捸亃,,戝嶃晎搶戝嶃巗惣掔杮捠惣俀挌栚32-1,,,4.00,2.00,,,,,390.08,117.99,,2025/04/14,"2025/04/11 18:09","2025/10/06 15:54",帺幮,堦斒攠夘,姅幃夛幮僙儞僠儏儕乕僟僀僜乕,怷,"=""06-6136-0555""",,2025.10.6丂僒僽岓曗偲偟偰彜択拞(怷庡擟傛傝),5770046
揦曑(寶暔堦妵),R00175-013801,,,,嬻,傾乕僇僀僽(惉栺),柍,385000,,奒,1983擭12寧,愹撿孲孎庢挰栰揷1挌栚偺戄揦曑亂245捸亃,,戝嶃晎愹撿孲孎庢挰栰揷侾挌栚3,,,,,1350000,,,,812.91,245.9,1566,2025/06/04,"2024/02/26 11:56","2025/10/06 13:34",愭暔(拠夘),,姅幃夛幮嶰垽,-,"=""072-484-1355""",嬻桳,"暔妋FAX憲怣嵪 2025.2.6摗尨
捓椏DOWN丂45枩仺38.5枩",5900451
憅屔,R00175-014430,,,,,傾乕僇僀僽(惉栺),柍,1100000,,奒,2025擭04寧,悂揷巗撿悂揷2挌栚偺戄憅屔亂99捸亃,,戝嶃晎悂揷巗撿悂揷俀挌栚4-16,,,4.00,2.00,,,,294.84,330.00,99.82,11020,2025/06/30,"2024/12/26 12:05","2025/10/06 13:29",愭暔(拠夘),,姅幃夛幮僱僋僗僩僗僥乕僕,-,"=""06-6190-6533""",嬻桳,丒105,5640043
憅屔,R00175-014591,,,,,傾乕僇僀僽(惉栺),柍,1430000,,奒,1990擭12寧,戝嶃巗楺懍嬫嶗愳4挌栚偺戄憅屔亂136捸亃,,戝嶃晎戝嶃巗楺懍嬫嶗愳係挌栚14-26,,,4.00,2.00,,,,,452.84,136.98,10440,2025/07/14,"2025/03/21 14:06","2025/10/06 13:29",愭暔(拠夘),,姅幃夛幮僱僋僗僩僗僥乕僕,-,"=""06-6190-6533""",嬻桳,,5560022
揦曑(寶暔堦妵),R00175-014246,,,,嬻,傾乕僇僀僽(惉栺),柍,330000,,奒,1990擭12寧,暫屔導昉楬巗曐忛偺戄揦曑亂98捸亃,,暫屔導昉楬巗曐忛577-5,,,600000,330000,,,,,326.75,98.84,3339,2025/06/12,"2024/10/08 13:00","2025/10/06 13:28",愭暔(拠夘),,姅幃夛幮偨偐壆,-,"=""079-293-8921""",嬻桳,捓椏曄峏仺198000墌,6700804
憅屔,R00175-014576,,,,嬻,傾乕僇僀僽(惉栺),柍,352000,,奒,1992擭10寧,搶戝嶃巗戝楡撿2挌栚偺戄憅屔亂73捸亃,,戝嶃晎搶戝嶃巗戝楡撿俀挌栚1-23,,,2.00,2.00,,,,111.80,243.00,73.5,4789,2025/07/14,"2025/03/10 11:30","2025/10/06 13:25",愭暔(拠夘),,姅幃夛幮僗乕僷乕儂乕儉,-,"=""06-6624-0909""",嬻桳,,5770825
憅屔,R00175-014120,,,,巊梡拞,傾乕僇僀僽(惉栺),柍,3080000,,奒,-,搶戝嶃巗撿忋彫嶃偺戄憅屔亂237捸亃,,戝嶃晎搶戝嶃巗撿忋彫嶃12-42,,,3.00,1.00,,,,,785.32,237.55,12966,2025/06/11,"2024/07/29 12:33","2025/10/06 13:24",愭暔(拠夘),,"姅幃夛幮僔乕傾乕儖僀乕 戝嶃塩嬈強",-,"=""06-6225-3161""",,丒1-2奒晹暘,5770814
憅屔,R00175-014675,,,,嬻,傾乕僇僀僽(惉栺),柍,1732500,,2奒,1972擭05寧,暫屔導恄屗巗搶撳嬫屼塭杮挰5挌栚偺戄憅屔亂349捸亃,,暫屔導恄屗巗搶撳嬫屼塭杮挰俆挌栚1-22,,,6.00,3.00,,,,,1157.02,349.99,4951,2025/07/17,"2025/04/30 13:26","2025/10/06 13:24",愭暔(拠夘),,"姅幃夛幮僔乕傾乕儖僀乕 戝嶃塩嬈強",奓徖,"=""06-6225-3161""",嬻桳,丒2奒晹暘,6580046
憅屔,R00175-014703,,,,,傾乕僇僀僽(惉栺),柍,2750000,,奒,-,搶戝嶃巗撿忋彫嶃偺戄憅屔亂574捸亃,,戝嶃晎搶戝嶃巗撿忋彫嶃12-42,,,3.00,1.00,,,,,1898.67,574.34,4789,2025/06/17,"2025/05/14 13:43","2025/10/06 13:24",愭暔(拠夘),,"姅幃夛幮僔乕傾乕儖僀乕 戝嶃塩嬈強",-,"=""06-6225-3161""",,,5770814
憅屔,R00175-014826,,,,,傾乕僇僀僽(惉栺),柍,429000,,奒,1985擭03寧,搶戝嶃巗栱惗挰偺戄憅屔亂78捸亃,,戝嶃晎搶戝嶃巗栱惗挰19-17,,,,,2000000,,,,257.86,78,5500,2025/06/26,"2025/06/24 11:07","2025/10/06 13:14",愭暔(拠夘),,姅幃夛幮僐僗儌晄摦嶻忣曬丂搶戝嶃巟揦,妢尨丗090-6311-0233,"=""06-6748-7110""",嬻桳,"2025.10.6丂彜択拞(2斣庤庴晅晄壜偺偨傔惉栺)

丒1嬫夋戄偟",5798026
揦曑(寶暔堦妵),R00175-015050,,,,巊梡拞,傾乕僇僀僽(惉栺),柍,440000,,奒,1993擭03寧,嫗搒晎嫗搒巗塃嫗嬫嵉夈峀戲屼強僲撪挰偺戄揦曑亂39捸亃,,嫗搒晎嫗搒巗塃嫗嬫嵉夈峀戲屼強僲撪挰32-3,,,,,1000000,,,341.76,130.72,39.54,11128,2025/10/06,"2025/10/06 10:58","2025/10/06 13:07",愭暔(拠夘),,乮姅乯嶰岝廧戭,-,"=""075-882-1171""",嬻桳,2025.10.6丂暔妋帪丄彜択拞(2斣庤庴晅晄壜偺偨傔惉栺),6168305
揦曑(寶暔堦妵),R00175-013796,,,,嬻,傾乕僇僀僽(惉栺),柍,385000,,奒,2002擭01寧,暫屔導昉楬巗屼崙栰挰屼拝偺戄揦曑亂48捸亃,,暫屔導昉楬巗屼崙栰挰屼拝699-1,,,2100000,660000,,,,734.37,160.22,48.46,7944,2025/06/26,"2024/02/22 13:59","2025/10/06 12:27",愭暔(拠夘),,桳尷夛幮傾儖僼傽僩儔僗僩,-,"=""06-6363-2115""",嬻桳,"俀侽俀俆丏俇丏俀俇丂彜択拞偱偼偁傞偑傑偩宊栺枹掕丅
2025.10.6僆乕僫乕條傛傝TEL偁傝丄嶍彍埶棅佀懳墳嵪丂摗尨",6710232
戄抧,R00175-014995,,,,峏抧,岞奐壜,柍,350000,,奒,-,岎栰巗巹晹撿1挌栚偺戄抧亂436捸亃,,戝嶃晎岎栰巗巹晹撿侾挌栚509,,,3.00,3.00,,,,1442.00,,436.2,803,2026/06/23,"2025/09/11 13:06","2025/10/06 09:12",愭暔(拠夘),,乮姅乯嶰搰僐乕億儗乕僔儑儞丂嬈柋奐敪晹嫗嶃巟揦,彫愳,"=""072-861-1000""",,,5760035
戄抧,R00175-015033,,,,峏抧,岞奐壜,柍,300000,,奒,-,嫗搒晎嫗揷曈巗戝廧娵嶳偺戄抧亂375捸亃,,嫗搒晎嫗揷曈巗戝廧娵嶳30-1,,,3.00,1.00,,,,1240.00,,375.1,800,2026/07/24,"2025/09/26 10:31","2025/10/06 09:07",愭暔(拠夘),,乮桳乯搶榓,慜揷丗090-6904-8006,"=""0743-79-9821""",,,6100343
憅屔,R00175-014780,,,,,傾乕僇僀僽(惉栺),柍,2029000,,奒,2025擭06寧,戝嶃巗搶惉嬫戝崱棦撿2挌栚偺戄憅屔亂194捸亃,,戝嶃晎戝嶃巗搶惉嬫戝崱棦撿俀挌栚9-6,,,8.00,,,2.00,,649.39,642.45,194.34,10441,2025/08/04,"2025/06/05 11:33","2025/10/03 11:01",愭暔(拠夘),,僔乕價乕傾乕儖僀乕乮姅乯娭惣巟幮丂僀儞僟僗僩儕傾儖塩嬈晹,-,"=""06-6292-1730""",嬻桳,"2025.8.4尰嵼
丒B嬫夋丗怽偟崬傒偁傝丄彜択拞
丒A嬫夋丗曞廤拞

仸怴抸偺堊丄抧恾偼惓妋偱偼偁傝傑偣傫丅
丒廧強丗戝崱棦撿2挌栚28-2丄24-3乮抧斣乯",5370013
戄抧,R00175-014124,,,,峏抧,傾乕僇僀僽(惉栺),柍,1648800,,奒,-,嫗搒晎嫗揷曈巗徏堜捥扟偺戄搚抧亂916捸亃,,嫗搒晎嫗揷曈巗徏堜捥扟61,,,,,,,,3028.09,,915.99,1801,2024/08/01,"2024/08/01 11:38","2025/10/03 10:16",愭暔(拠夘),,乮姅乯俰俹俢,揷暁丗070-1276-3334,"=""075-951-3333""",,"2025.10.3丂惉栺
仸曐棷惍棟

曱嶳偝傫傛傝嬈幰梐偐傝暔審",6100342
憅屔,R00175-013978,,,,嬻,傾乕僇僀僽(惉栺),柍,0,,奒,2023擭09寧,DPL崅捨亂10022捸亃,,戝嶃晎崅捨巗妬尨係挌栚1-5,,,3.00,,,,,16566.94,33132.98,10022.72,,2024/05/16,"2024/05/16 16:35","2025/10/03 09:44",帺幮,堦斒攠夘,姅幃夛幮僙儞僠儏儕乕僟僀僜乕,曱嶳,"=""06-6136-0555""",嬻桳,"2025.10.3丂惉栺
仸曐棷惍棟

捸扨壙\4,700亄300乮嫟塿旓乯
嬈幰埬撪仺憡択乮栤偄崌傢偣偁傟偽扴摉傊乯",5690091
帠柋強(寶暔堦妵),R00175-014491,,,,巊梡拞,傾乕僇僀僽(惉栺),柍,660000,,奒,1987擭01寧,暫屔導惣媨巗峛巕墍岥2挌栚偺戄帠柋強亂86捸亃,,暫屔導惣媨巗峛巕墍岥俀挌栚16-21,23650,,,1.00,2.00,,,158.37,284.55,86.07,7668,2025/03/27,"2025/01/24 17:10","2025/10/03 09:43",帺幮,堦斒攠夘,姅幃夛幮僙儞僠儏儕乕僟僀僜乕,曱嶳,"=""06-6136-0555""",,"2025.10.3丂惉栺
仸曐棷惍棟",6638113
戄抧,R00175-013717,,,,,傾乕僇僀僽(惉栺),柍,0,,奒,-,暫屔導擈嶈巗搶擄攇挰俁挌栚偺搚抧妶梡埬審亂835捸亃,,暫屔導擈嶈巗搶擄攇挰俁挌栚659懠6昅,,,,,,,,2760.34,,835,,2024/01/19,"2024/01/19 11:51","2025/10/03 09:35",愭暔(拠夘),,姅幃夛幮僙儞僠儏儕乕僟僀僜乕,摌晹挿,"=""06-6136-0555""",,"2025.10.3丂曞廤STOP偺偨傔惉栺

扴摉丗摌晹挿",6600892
戄抧,R00175-013708,,,,峏抧,傾乕僇僀僽(惉栺),柍,1800000,,奒,-,撧椙導惗嬵巗昒岥挰偺戄抧亂1885捸亃,,"撧椙導惗嬵巗昒岥挰1906-2,1911,1912,1914,1915,1918",,,,,,,,6232.00,,1885.18,955,2024/01/18,"2024/01/18 09:44","2025/10/03 09:29",帺幮,堦斒攠夘,姅幃夛幮僙儞僠儏儕乕僟僀僜乕,婽搰偝傫,"=""06-6136-0555""",,2025.10.3丂惗嬵1僆乕僫乕條傛傝梐偐傝暔審丄摦偒側偟偺偨傔堦扷惉栺傊,6300243
憅屔,R00175-013759,,,,巊梡拞,岞奐壜,柍,2640000,,奒,1999擭05寧,庣岥巗嬥揷挰2挌栚偺戄憅屔亂530捸亃,,戝嶃晎庣岥巗嬥揷挰俀挌栚55-32,,,19200000,5280000,,,,1880.26,1753.01,530.28,4979,2026/06/18,"2024/02/06 13:53","2025/10/02 15:25",愭暔(拠夘),,姅幃夛幮僀儅僗奐敪帠嬈晹,-,"=""06-6233-8282""",嬻桳,捓椏DOWN286枩仺264枩丂2024.7.1,5700011
揦曑(寶暔堦妵),R00175-014624,,,,嬻,傾乕僇僀僽(惉栺),柍,550000,,奒,2019擭11寧,撧椙導揤棟巗暿強挰偺戄揦曑亂74捸亃,,撧椙導揤棟巗暿強挰137-1,,,1100000,550000,,,,909.32,245.29,74.2,7413,2025/09/05,"2025/04/07 11:38","2025/10/02 14:37",愭暔(拠夘),,乮姅乯僄乕僪丒儔僀僼,-,"=""072-280-6681""",嬻桳,2025.10.2丂惉栺,6320018
憅屔,R00175-014734,,,,嬻,傾乕僇僀僽(惉栺),柍,660000,,奒,1988擭04寧,戝嶃巗暯栰嬫挿媑弌屗3挌栚偺戄憅屔亂80捸亃,,戝嶃晎戝嶃巗暯栰嬫挿媑弌屗俁挌栚736-1,,,,,5.00,,,,264.60,80.04,8246,2025/10/02,"2025/05/22 14:10","2025/10/02 14:23",愭暔(拠夘),,嫤塰抧寶姅幃夛幮,-,"=""072-938-6677""",嬻桳,丒廧強丗挿媑弌屗3挌栚3-41,5470011
揦曑(寶暔堦妵),R00175-014761,,,,嬻,岞奐壜,柍,308000,,奒,1999擭01寧,暫屔導昉楬巗柌慜挰慜擵彲偺戄揦曑亂48捸亃,,暫屔導昉楬巗柌慜挰慜擵彲790-1,,,2.00,1.00,,,,933.89,159.90,48.36,6368,2026/06/22,"2025/05/30 11:48","2025/10/02 14:17",愭暔(拠夘),,杒嶳嶻嬈乮姅乯,杒嶳丗080-6085-4103,"=""0790-23-1310""",嬻桳,"2025.6.25
丒捓椏丗33枩墌仺30.8枩墌",6712103
戄抧,R00175-014870,,,,峏抧,傾乕僇僀僽(惉栺),柍,352000,,奒,-,娸榓揷巗怴峘挰偺戄抧亂301捸亃,,戝嶃晎娸榓揷巗怴峘挰17-6,,,,1.00,500000,,,997.68,,301.79,1167,2025/08/25,"2025/07/07 11:30","2025/10/02 13:50",愭暔(拠夘),,姅幃夛幮傾僋僥傿僽丒僄僗僥乕僩,-,"=""06-6263-2244""",,怽崬侾審偁傝乮俀斣庤壜丄扐偟怽偟崬傒偼偐偨偦偆乯2025.8.25,5960012
戄抧,R00175-014481,,,,峏抧,傾乕僇僀僽(惉栺),柍,480000,,奒,-,榓愹巗撪揷挰2挌栚偺戄抧亂607捸亃,,戝嶃晎榓愹巗撪揷挰俀挌栚1024-3,,,3.00,1.00,,,,2006.63,,607,791,2025/06/03,"2025/01/21 14:41","2025/10/02 13:43",愭暔(拠夘),,桳尷夛幮埉寶戸晄摦嶻,-,"=""0725-57-3231""",,"仸斣抧丄応強晄柧丄妋擣偍婅偄偟傑偡丅
2025.6,3 怽偟崬傒偁傝",5941156
憅屔,R00175-014607,,,,嬻,傾乕僇僀僽(惉栺),柍,770000,,奒,1992擭05寧,朙拞巗憱堜2挌栚偺戄憅屔亂87捸亃,,戝嶃晎朙拞巗憱堜俀挌栚8-17,,,,,3000000,,,,289.00,87.42,8808,2025/06/11,"2025/04/01 14:19","2025/10/02 13:39",愭暔(拠夘),,暈晹儔僀僼僒億乕僩乮姅乯,-,"=""06-6862-7000""",嬻桳,"2025.5.7丂彜択拞

丒惣懁

2026.6.10丂彜択拞",5610891
岺応,R00175-014490,,,,嬻,傾乕僇僀僽(惉栺),柍,462000,,奒,1975擭02寧,暫屔導擈嶈巗惣挿廎挰3挌栚偺戄岺応亂60捸亃,,暫屔導擈嶈巗惣挿廎挰俁挌栚1-58,,,1260000,924000,,,,,198.72,60.11,7686,2025/07/17,"2025/01/24 13:44","2025/10/02 13:35",愭暔(拠夘),,桳尷夛幮傾儖僼傽僩儔僗僩,-,"=""06-6363-2115""",,"2025.10.2丂彜択拞(2斣庤晄壜偺偨傔惉栺)

2025.5.7丂彜択拞

2025.4.22丂彜択拞
",6600805
岺応,R00175-014524,,,,嬻,傾乕僇僀僽(惉栺),柍,495000,,奒,1986擭04寧,娸榓揷巗杸搾挰偺戄岺応亂149捸亃,,戝嶃晎娸榓揷巗杸搾挰601,,,1.00,1.00,,,,,495.00,149.73,3306,2025/06/06,"2025/02/12 12:59","2025/10/02 13:25",愭暔(拠夘),,僗僞乕晄摦嶻姅幃夛幮,-,"=""0725-45-5050""",嬻桳,2025.10.2丂彜択拞(2斣庤晄壜偺偨傔惉栺),5960806
憅屔,R00175-014680,,,,嬻,傾乕僇僀僽(惉栺),柍,300000,,奒,1964擭12寧,戝嶃巗梽愳嬫壛搰1挌栚偺戄憅屔亂50捸亃,,戝嶃晎戝嶃巗梽愳嬫壛搰侾挌栚23-15,,,1.00,1.00,,,,,167.29,50.6,5929,2025/06/27,"2025/05/01 11:13","2025/10/02 13:22",愭暔(拠夘),,柧岝晄摦嶻,-,"=""06-6309-6841""",,"2025.6.27丂
丒捓椏丗34.1枩墌仺30枩墌",5320031
岺応,R00175-014154,,,,巊梡拞,傾乕僇僀僽(惉栺),柍,1980000,,奒,1971擭01寧,戝嶃嫹嶳巗搶栰惣4挌栚偺戄岺応亂931捸亃,,戝嶃晎戝嶃嫹嶳巗搶栰惣係挌栚661-1,,,,,6000000,,,4406.49,3079.47,931.53,2126,2025/07/14,"2024/08/22 14:18","2025/10/02 13:20",愭暔(拠夘),,撿奀廧斕桳尷夛幮,-,"=""06-6694-9666""",,"2025.5.30丂惉栺仺暅妶
丒曐徹嬥丗500枩墌仺600枩墌
丒夝栺堷偒丗柍偟仺300枩墌

2025.1.23丂彜択拞
2024.10.2 捓椏曄峏165枩(惻崬)仺198枩(惻崬)

2024.9.20 侾審怽偟崬傒偁傝丂俀斣庤壜
堷偒搉偟偼5寧偔傜偄",5890001
揦曑(寶暔堦妵),R00175-014208,,,,嬻,傾乕僇僀僽(惉栺),柍,550000,,奒,2000擭04寧,嶄巗拞嬫怴壠挰偺戄揦曑亂51捸亃,,戝嶃晎嶄巗拞嬫怴壠挰17-8,,,500000,550000,,,,876.39,170.32,51.52,10676,2025/09/05,"2024/09/18 13:26","2025/10/01 16:45",愭暔(拠夘),,揷拞嶻嬈姅幃夛幮,揷拞丗090-3165-2190,"=""06-6696-6207""",嬻桳,"2025.6.17
丒捓椏丗71.5枩墌仺55枩墌
丒楃嬥丗110枩墌仺55枩墌

2025丄9丆5仺怽偟崬傒1審偁傝",5998232
憅屔,R00175-013684,,,,嬻,傾乕僇僀僽(惉栺),柍,330000,,奒,2016擭05寧,戝嶃巗暯栰嬫塟攋撿2挌栚偺戄憅屔亂50捸亃,,戝嶃晎戝嶃巗暯栰嬫塟攋撿俀挌栚2-52,,,,,6.00,,,,168.00,50.82,6494,2025/09/22,"2024/01/11 14:24","2025/10/01 11:16",愭暔(拠夘),,嫤塰抧寶姅幃夛幮,-,"=""072-938-6677""",,"彜択拞乮俀斣庤埬撪壜乯2025.9.22


暔妋FAX憲怣嵪 2025.2.6摗尨
2025.1.15丗暔審妋擣FAX憲晅嵪傒丂柤壝崃
嫲傜偔擭撪偼尰僥僫儞僩擖嫃拞乮戅嫀師婜枹妋掕丄暿暔審偵堏揮専摙拞偩偑丄妋掕偟側偄偲偺偙偲乯撪棗偼帠慜挷惍偵偰壜擻 2024.10.15
丂
2025.6丏6丂捓椏丂30.8枩仺33枩",5470023
憅屔,R00175-014749,,,,巊梡拞,傾乕僇僀僽(惉栺),柍,330000,,奒,1992擭07寧,搶戝嶃巗悈憱3挌栚偺戄憅屔亂46捸亃,,戝嶃晎搶戝嶃巗悈憱俁挌栚12-8,,,,,1980000,,,,152.77,46.21,7141,2025/09/10,"2025/05/29 13:42","2025/10/01 11:12",愭暔(拠夘),,乮姅乯僜僪僂,-,"=""06-6136-3530""",嬻桳,2025丄10丆1仺2斣庤晄壜偺偨傔惉栺嵪偵愝掕,5780921
憅屔,R00175-014803,,,,嬻,傾乕僇僀僽(惉栺),柍,385000,,奒,1968擭01寧,戝嶃巗戝惓嬫愹旜2挌栚偺戄憅屔亂48捸亃,,戝嶃晎戝嶃巗戝惓嬫愹旜俀挌栚19-10,,,,577500,770000,,,,161.90,48.97,7862,2025/06/13,"2025/06/13 14:12","2025/10/01 11:10",愭暔(拠夘),,僒儞僄僀晄摦嶻姅幃夛幮,-,"=""06-6567-7767""",,,5510031
岺応,R00175-014733,,,,,傾乕僇僀僽(惉栺),柍,330000,,奒,1984擭06寧,搶戝嶃巗攼揷杮挰偺戄岺応亂52捸亃,,戝嶃晎搶戝嶃巗攼揷杮挰19-13,,,,2.00,,,,,172.24,52.1,6334,2025/08/19,"2025/05/22 13:54","2025/10/01 11:03",愭暔(拠夘),,乮姅乯暁廳晄摦嶻,-,"=""072-964-2226""",嬻桳,2025.8.19丂怽崬1審偁傝乮2斣庤晄壜乯,5770834
憅屔,R00175-014235,,,,嬻,傾乕僇僀僽(惉栺),柍,18700000,,奒,2014擭09寧,戝嶃巗戝惓嬫彫椦搶1挌栚偺戄憅屔亂4206捸亃,,戝嶃晎戝嶃巗戝惓嬫彫椦搶侾挌栚2-36,,,,,102000000,,,12425.38,13906.68,4206.77,4446,2025/06/06,"2024/10/03 11:15","2025/10/01 11:01",愭暔(拠夘),,乮姅乯價儖僶儞僋,-,"=""06-7637-6363""",嬻桳,"暔妋FAX憲怣嵪丂2025.2.6摗尨
仸峀崘堦愗尩嬛",5510011
憅屔,R00175-014432,,,,嬻,傾乕僇僀僽(惉栺),柍,330000,,奒,1998擭07寧,搶戝嶃巗挿揷惣5挌栚偺戄憅屔亂35捸亃,,戝嶃晎搶戝嶃巗挿揷惣俆挌栚1-20,,,,,1800000,,,200.90,116.86,35.35,9336,2025/06/26,"2024/12/26 13:15","2025/10/01 11:01",愭暔(拠夘),,乮姅乯價儖僶儞僋,-,"=""06-7637-6363""",嬻桳,"-
-
丒妏懁",5770016
憅屔,R00175-014616,,,,,傾乕僇僀僽(惉栺),柍,550000,,奒,1990擭04寧,搶戝嶃巗怴彲撿偺戄憅屔亂99捸亃,,戝嶃晎搶戝嶃巗怴彲撿7-21,,,,,6.00,,,273.24,327.46,99.05,5553,2025/06/23,"2025/04/03 15:29","2025/10/01 10:57",愭暔(拠夘),,乮姅乯僉儞僌儂乕儉,-,"=""06-6783-7776""",,2025.5.12丂幵惍旛嬈庬NG(暔妋帪妋擣),5780958
揦曑(寶暔堦妵),R00175-014671,,,,,傾乕僇僀僽(惉栺),柍,330000,,奒,1998擭05寧,帬夑導憪捗巗搶栴憅4挌栚偺戄揦曑亂36捸亃,,帬夑導憪捗巗搶栴憅係挌栚8-60,,,,,3.00,,,,120.01,36.3,9091,2025/06/30,"2025/04/28 11:53","2025/10/01 10:56",愭暔(拠夘),,乮姅乯僇僀儞僪僒乕價僗,悪峕,"=""077-565-9020""",嬻桳,,5250054
憅屔,R00175-014938,,,,,傾乕僇僀僽(惉栺),柍,660000,,奒,1999擭04寧,悂揷巗曚攇挰偺戄憅屔亂68捸亃,,戝嶃晎悂揷巗曚攇挰9-1,,,4.00,2.00,,,,196.00,225.00,68.06,9697,2025/08/07,"2025/08/07 13:04","2025/10/01 10:37",愭暔(拠夘),,姅幃夛幮僱僋僗僩僗僥乕僕,-,"=""06-6190-6533""",嬻桳,2025.10.1丂惉栺,5640042
憅屔,R00175-014953,,,,,傾乕僇僀僽(惉栺),柍,468600,,奒,-,朙拞巗棙憅2挌栚偺戄憅屔亂71捸亃,,戝嶃晎朙拞巗棙憅俀挌栚7-3,,,,,2500000,,,,234.72,71,6600,2025/08/26,"2025/08/21 10:32","2025/10/01 10:29",愭暔(拠夘),,乮姅乯娵棙晄摦嶻,-,"=""06-6335-1255""",,2025.10.1丂惉栺,5610845
憅屔,R00175-014970,,,,嬻,傾乕僇僀僽(惉栺),柍,330000,,奒,1972擭01寧,敧旜巗懢揷8挌栚偺戄憅屔亂101捸亃,,戝嶃晎敧旜巗懢揷俉挌栚86,,,,660000,660000,,,,335.62,101.52,3251,2025/10/01,"2025/08/29 13:07","2025/10/01 10:28",愭暔(拠夘),,媑懞彜帠姅幃夛幮,-,"=""072-949-4641""",嬻桳,2025.10.1丂徏杮偝傫傛傝彜択拞,5810037
憅屔,R00175-014952,,,,,傾乕僇僀僽(惉栺),柍,600000,,奒,-,朙拞巗棙憅3挌栚偺戄憅屔亂100捸亃,,戝嶃晎朙拞巗棙憅俁挌栚5-21,,,,,4000000,,,,330.58,100,6000,2025/08/21,"2025/08/21 10:21","2025/10/01 10:27",愭暔(拠夘),,乮姅乯娵棙晄摦嶻,-,"=""06-6335-1255""",,2025.10.1丂惉栺,5610845
岺応,R00175-014961,,,,,傾乕僇僀僽(惉栺),柍,495000,,奒,1964擭08寧,怮壆愳巗揰栰5挌栚偺戄岺応亂163捸亃,,戝嶃晎怮壆愳巗揰栰俆挌栚4-3,,,,,1500000,,,,540.60,163.53,3027,2025/08/26,"2025/08/26 12:55","2025/10/01 10:20",愭暔(拠夘),,乮姅乯僆僼傿僗丒傾僪僶儞僗,-,"=""072-635-5310""",嬻桳,"2025.10.1丂暔審偺忬懺偑壆崻晅偒挀幵応梡搑偵側傞偨傔丄捓椏偲曞廤宍懺傪曄峏偟偨偲偺偙偲丅
仺儗僀儞僘偵傕旕岞奐偲偺帠偱戄偟搚抧帒椏惪媮拞丅杮暔審偼惉栺偵偟戄偟搚抧偱搊榐梊掕丅",5720077
岺応,R00175-014966,,,,嫃廧拞,傾乕僇僀僽(惉栺),柍,1650000,,奒,1975擭06寧,戝嶃巗崯壴嬫惣嬨忦1挌栚偺戄憅屔亂192捸亃,,戝嶃晎戝嶃巗崯壴嬫惣嬨忦侾挌栚36-14,,,5000000,2500000,,,,,635.71,192.3,8581,2025/08/28,"2025/08/28 14:06","2025/10/01 10:09",愭暔(拠夘),,乮姅乯扟岥岺柋揦,-,"=""06-6453-1450""",,"2025.10.1丂僆乕僫乕條搒崌偱戄偟巭傔仺惉栺偵偟偰偄傑偡

峀崘彸戻埶棅彂憲晅丂2025.8.25丂曉怣懸偪佀愜傝曉偟偵偰丄僆乕僫乕條傛傝尰僥僫儞僩巊梡拞偺偨傔丄WEB宖嵹偼峊偊偰傎偟偄丄乮捈愙埬撪偼壜乯偲偺偙偲側偺偱丄堦扷僱僢僩宖嵹偼旕岞奐丄儅僢僠儞僌偺傒偱搊榐丅
仸傑偨宖嵹壜擻側僞僀儈儞僌偱偛楢棈偄偨偩偗傞偲偺偙偲偱偡丅
",5540012
憅屔,R00175-013856,,,,巊梡拞,傾乕僇僀僽(惉栺),柍,0,,奒,2012擭09寧,嶰廳導柤挘巗惣揷尨偺揦曑晅偒戄憅屔亂263捸亃,,嶰廳導柤挘巗惣揷尨帤悈墇459-1,,,,,,,,1661.12,872.31,263.87,,2024/03/22,"2024/03/22 10:06","2025/10/01 09:55",帺幮,堦斒攠夘,姅幃夛幮僙儞僠儏儕乕僟僀僜乕,媑揷夒偝傫,"=""06-6136-0555""",嬻桳,"2025.10.1丂惉栺
仸曐棷惍棟",5180609
憅屔,R00175-014986,,,,嬻,岞奐壜,柍,330000,,奒,1973擭01寧,榓壧嶳導榓壧嶳巗拞擵搰偺戄憅屔亂391捸亃,,榓壧嶳導榓壧嶳巗拞擵搰932,,,1.00,1.00,,,,548.76,1294.54,391.59,843,2026/07/31,"2025/09/05 13:33","2025/10/01 09:25",愭暔(拠夘),,乮姅乯俿俫俤丂俶俬俠俤,-,"=""073-488-9732""",嬻桳,丒2-3奒晹暘,6408392
憅屔,R00175-015037,,,,嬻,傾乕僇僀僽(惉栺),柍,330000,,奒,1982擭01寧,暫屔導嶰揷巗挿嶁偺戄憅屔亂115捸亃,,暫屔導嶰揷巗挿嶁168-1,,,1000000,500000,,,,651.00,382.50,115.7,2853,2025/09/30,"2025/09/30 10:55","2025/09/30 13:08",愭暔(拠夘),,乮姅乯俲俲俵,-,"=""079-590-5888""",嬻桳,,6691355
揦曑帠柋強(寶暔堦妵),R00175-015038,,,,巊梡拞,傾乕僇僀僽(惉栺),柍,385000,,奒,2004擭01寧,嫗搒晎嫗搒巗暁尒嬫拞搰奜嶳挰偺戄揦曑丒帠柋強亂30捸亃,,嫗搒晎嫗搒巗暁尒嬫拞搰奜嶳挰86,,,,,1000000,,385000,,100.21,30.31,12701,2025/09/30,"2025/09/30 11:07","2025/09/30 13:08",愭暔(拠夘),,僨傿儔儞僪嶳嫗儕乕僗乮姅乯,-,"=""0774-20-5115""",嬻桳,2029.9.30丂彜択拞(2斣庤庴晅晄壜偺偨傔惉栺),6128455
憅屔,R00175-014178,,,,巊梡拞,傾乕僇僀僽(惉栺),柍,220000,,奒,-,撧椙導揤棟巗埩帯挰偺戄憅屔亂200捸亃,,撧椙導揤棟巗埩帯挰97,,,,,3.00,,,352.11,661.15,199.99,1101,2024/09/09,"2024/09/09 10:02","2025/09/30 10:56",帺幮,堦斒攠夘,姅幃夛幮僙儞僠儏儕乕僟僀僜乕,柤壝崃,"=""06-6136-0555""",,"2029.9.30丂僆乕僫乕條搒崌偱曞廤掆巭偺偨傔惉栺偵偟偰偄傑偡
仸曐棷惍棟",6320086
揦曑帠柋強(寶暔堦妵),R00175-014162,,,,嬻,傾乕僇僀僽(惉栺),柍,1100000,,奒,1988擭01寧,嫗搒晎婽壀巗惣偮偮偠働媢屲寧戜1挌栚偺戄揦曑丒帠柋強亂384捸亃,,嫗搒晎婽壀巗惣偮偮偠働媢屲寧戜侾挌栚49-2,,,6.00,,,,,1198.11,1270.86,384.43,2862,2024/08/29,"2024/08/29 12:15","2025/09/30 10:54",愭暔(拠夘),,乮姅乯僼儔僢僩僄乕僕僃儞僔乕,-,"=""075-721-0499""",嬻桳,"2029.9.30丂惉栺
仸曐棷惍棟",6210841
戄抧,R00175-014164,,,,偦偺懠,傾乕僇僀僽(惉栺),柍,440000,,奒,-,嫗搒晎嫗搒巗撿嬫媣悽揳忛挰偺戄抧亂199捸亃,,嫗搒晎嫗搒巗撿嬫媣悽揳忛挰330-3,,,,,800000,,,660.00,,199.65,2204,2025/01/06,"2024/08/29 13:05","2025/09/30 10:53",愭暔(拠夘),,乮桳乯俿俬俽俵,-,"=""075-382-3355""",,"2029.9.30丂惉栺
仸曐棷惍棟",6018205
戄抧,R00175-014153,,,,峏抧,傾乕僇僀僽(惉栺),柍,418000,,奒,-,嫗搒晎忛梲巗帥揷捤杮偺戄抧亂298捸亃,,嫗搒晎忛梲巗帥揷捤杮35-1,,,,,2500000,,418000,985.59,,298.14,1403,2025/09/01,"2024/08/22 14:02","2025/09/30 08:57",愭暔(拠夘),,僨傿儔儞僪嶳嫗儕乕僗乮姅乯,-,"=""0774-20-5115""",,2025.7.10丂惉栺仺暅妶,6100121
揦曑(寶暔堦妵),R00175-014954,,,,巊梡拞,傾乕僇僀僽(惉栺),柍,825000,,奒,2007擭09寧,枼柺巗埦惗怴壠2挌栚偺戄揦曑亂41捸亃,,戝嶃晎枼柺巗埦惗怴壠俀挌栚6-3,,,6.00,,,,,500.00,137.05,41.45,19900,2025/08/21,"2025/08/21 10:51","2025/09/29 15:38",愭暔(拠夘),,乮姅乯僆僼傿僗丒傾僪僶儞僗,-,"=""072-635-5310""",嬻桳,"2029.9.19丂惉栺

2025.8.21丂埲壓尦晅傛傝埶棅偁傝
尰僥僫儞僩偺戅嫀帪婜偑傑偩枹妋掕偺偨傔丄
廬嬈堳傊偺崘抦慜偵側傝堦扷曞廤STOP偵側偭偨偲偺偙偲丅
傑偨曞廤奐巒偵側傟偽偛楢棈偄偨偩偗傞傛偆偱偡丅",5620024
憅屔,R00175-014529,,,,,傾乕僇僀僽(惉栺),柍,422400,,奒,1994擭02寧,戝嶃巗惣嬫埨帯愳1挌栚偺戄憅屔亂64捸亃,,戝嶃晎戝嶃巗惣嬫埨帯愳侾挌栚2-9,,,,2.20,2.00,,,,211.86,64.08,6591,2025/09/26,"2025/02/14 14:02","2025/09/26 16:28",愭暔(拠夘),,姅幃夛幮僄僗僄僗僔乕,-,"=""06-6534-0062""",,峀崘晄壜佀儅僢僠儞僌搊榐,5500026
憅屔,R00175-014759,,,,嬻,傾乕僇僀僽(惉栺),柍,300000,,奒,1986擭07寧,戝嶃巗惗栰嬫彑嶳杒2挌栚偺戄憅屔亂55捸亃,,戝嶃晎戝嶃巗惗栰嬫彑嶳杒俀挌栚17-10,,,,,4.00,,,118.61,184.97,55.95,5362,2025/09/26,"2025/05/30 11:06","2025/09/26 16:25",愭暔(拠夘),,姅幃夛幮僩僠僞僥價儖僨傿儞僌,-,"=""06-6975-7780""",,,5440033
憅屔,R00175-014805,,,,,傾乕僇僀僽(惉栺),柍,330000,,奒,1984擭02寧,戝搶巗嶰売4挌栚偺戄憅屔亂20捸亃,,戝嶃晎戝搶巗嶰売係挌栚7-7,,,,,1800000,,,498.00,66.66,20.16,16366,2025/09/26,"2025/06/16 11:31","2025/09/26 16:21",愭暔(拠夘),,儚乕儖僪僾儔儞僯儞僌姅幃夛幮,-,"=""072-966-2770""",,2025.6.17丂彜択拞(2斣庤庴晅壜),5740077
憅屔,R00175-014745,,,,嬻,傾乕僇僀僽(惉栺),柍,2750000,,奒,1998擭07寧," 嫗搒晎媣悽孲媣屼嶳挰栰懞懞搶偺戄憅屔亂423捸亃",,嫗搒晎媣悽孲媣屼嶳挰栰懞懞搶102-1,,,3.00,1.00,,,,2866.00,1400.00,423.5,6494,2025/08/07,"2025/05/29 10:51","2025/09/24 11:47",帺幮,堦斒攠夘,姅幃夛幮僙儞僠儏儕乕僟僀僜乕,媑揷夒,"=""06-6136-0555""",嬻桳,"捓椏丗3575000墌佀憡択丂2025.7.9佀2,750,000墌乮惻崬乯2025.8.19",6130023
憅屔,R00175-014812,,,,,傾乕僇僀僽(惉栺),柍,330000,,奒,-,搶戝嶃巗晍巗挰4挌栚偺戄憅屔亂50捸亃,,戝嶃晎搶戝嶃巗晍巗挰係挌栚336-3,,,,,6.00,,,,165.29,50,6600,2025/09/25,"2025/06/19 10:23","2025/09/24 10:21",愭暔(拠夘),,乮姅乯搶塤廧戭,-,"=""06-6965-7100""",嬻桳,"2025.9.24丂彜択拞(2斣庤庴晅晄壜偺偨傔惉栺偵偟偰偄傑偡)

丒応強丗僌乕僌儖儅僢僾偱偼丄晍巗挰4挌栚6
丒搶搹偺杒傛傝3尙栚媦傃4尙栚",5798004
戄抧,R00175-015017,,,,峏抧,岞奐壜,柍,350000,,奒,-,戝嶃巗惗栰嬫揷搰6挌栚偺戄抧亂81捸亃,,戝嶃晎戝嶃巗惗栰嬫揷搰俇挌栚11-9,,,6.00,2.00,,,,268.41,,81.19,4311,2026/07/24,"2025/09/19 13:37","2025/09/24 09:26",愭暔(拠夘),,姅幃夛幮僀儅僗丂棳捠帠嬈晹,-,"=""06-6209-7373""",,,5440011
憅屔,R00175-014572,,,,嬻,傾乕僇僀僽(惉栺),柍,495000,,奒,1970擭03寧,戝嶃巗惣惉嬫捗庣1挌栚偺戄憅屔亂88捸亃,,戝嶃晎戝嶃巗惣惉嬫捗庣侾挌栚1-8,,,1350000,,,900000,,204.95,293.37,88.74,5578,2025/09/22,"2025/03/07 13:56","2025/09/22 11:03",愭暔(拠夘),,乮姅乯傾僩儗僀僪,捁堜丗090-5666-3600,"=""06-6774-0800""",嬻桳,5/27怽偟崬傒偁傝,5570062
憅屔,R00175-014997,,,,巊梡拞,傾乕僇僀僽(惉栺),柍,496100,,奒,1964擭01寧,奓捤巗嶰働嶳偺戄憅屔亂450捸亃,,戝嶃晎奓捤巗嶰働嶳865,,,1.00,2.00,,,,,1488.00,450.12,1103,2025/09/11,"2025/09/11 13:37","2025/09/22 09:44",愭暔(拠夘),,乮姅乯榓偔傜偡,-,"=""072-275-9306""",嬻桳,,5970101
憅屔,R00175-013908,,,,,傾乕僇僀僽(惉栺),柍,385000,,奒,1987擭12寧,嶄巗搶嬫愇尨挰4挌偺戄憅屔亂80捸亃,,戝嶃晎嶄巗搶嬫愇尨挰係挌387,,,2200000,1.00,,,,,266.64,80.65,4774,2025/09/22,"2024/04/09 14:29","2025/09/22 09:25",愭暔(拠夘),,姅幃夛幮B丒B丒RENT,-,"=""06-6121-6509""",嬻桳,"2025.9.22丂嬈幰庤棧傟丄儗僀儞僘宖嵹柍偟偺堊丄惉栺嵪傒偵曄峏
2025.1.23丂捓椏曄峏
50枩仺38.5枩
堦斣庤偁傝2斣庤愨巀曞廤拞偲偺偙偲 2024.10.8  
2024.7.19丂捓椏抣壓偘55枩仺50枩乮尦晅傛傝楢棈偁傝丄儗僀儞僘妋擣乯",5998102
憅屔,R00175-014618,,,,嬻,傾乕僇僀僽(惉栺),柍,1100000,,奒,2012擭11寧,戝嶃巗搶梽愳嬫朙棦1挌栚偺戄憅屔亂150捸亃,,戝嶃晎戝嶃巗搶梽愳嬫朙棦侾挌栚4-33,,,,,2000000,,,726.09,498.50,150.79,7295,2025/08/07,"2025/04/03 16:02","2025/09/22 09:20",愭暔(拠夘),,乮姅乯俧俼俙俶俢俬俼,-,"=""06-6324-4146""",,"2025.8.7
丒捓椏丗132枩墌仺110枩墌
丒曐徹嬥丗500枩墌仺200枩墌",5330013
憅屔,R00175-014614,,,,嬻,傾乕僇僀僽(惉栺),柍,880000,,奒,1988擭01寧,愛捗巗捁帞栰乆3挌栚偺戄憅屔亂230捸亃,,戝嶃晎愛捗巗捁帞栰乆俁挌栚7-13,,,,,5280000,,,,762.02,230.51,3818,2025/09/22,"2025/04/03 15:04","2025/09/22 09:05",愭暔(拠夘),,榓揷嶻嬈姅幃夛幮,-,"=""072-654-0181""",嬻桳,"2025.8.29 彜択拞

2025.8.28丂惉栺仺暅妶",5660053
憅屔,R00175-014832,,,,巊梡拞,傾乕僇僀僽(惉栺),柍,1408000,,1奒,1966擭06寧,戝嶃巗廧擵峕嬫暯椦杒2挌栚偺戄憅屔亂190捸亃,,戝嶃晎戝嶃巗廧擵峕嬫暯椦杒俀挌栚6-79,,,,,5.00,,,,631.17,190.92,7375,2025/09/19,"2025/06/24 13:19","2025/09/19 16:07",愭暔(拠夘),,桳尷夛幮儂乕儉儔儞僪,-,"=""06-6682-3991""",,"丒1奒晹暘
2025.9.12丂1斣庤偁傝丄宊栺擔寛傔偰恑傔偰偄傞偺偱丄2斣庤晄壜",5590026
戄抧,R00175-014949,,,,偦偺懠,岞奐壜,柍,520000,,奒,-,嫗搒晎嫗揷曈巗嶰嶳栘岥嬵働扟偺戄抧亂776捸亃,,嫗搒晎嫗揷曈巗嶰嶳栘岥嬵働扟19-3,,,,,1560000,,,2566.00,,776.21,670,2026/05/11,"2025/08/19 16:29","2025/09/19 08:57",愭暔(拠夘),,娵旽寶愝乮姅乯嫗揷曈塩嬈強,-,"=""0774-66-4141""",,,6100313
憅屔,R00175-014441,,,,嬻,傾乕僇僀僽(惉栺),柍,357500,,奒,2025擭01寧,嶄巗旤尨嬫撿梋晹偺戄憅屔亂50捸亃,,戝嶃晎嶄巗旤尨嬫撿梋晹317-2,,,,,6.00,,,,165.42,50.03,7145,2025/09/18,"2025/01/07 14:30","2025/09/18 16:40",愭暔(拠夘),,挿媑寶愝姅幃夛幮,-,"=""06-6799-3238""",嬻桳,"暔妋FAX憲怣嵪 2025.2.6摗尨
暔妋FAX憲怣嵪 2025.2.6摗尨
丒B崋幒",5870052
憅屔,R00175-014399,,,,嬻,傾乕僇僀僽(惉栺),柍,484000,,奒,2025擭01寧,戝嶃巗掃尒嬫從栰2挌栚偺戄憅屔亂49捸亃,,戝嶃晎戝嶃巗掃尒嬫從栰俀挌栚4-24,,,,,10.00,,,494.83,163.96,49.59,9759,2025/09/18,"2024/12/10 13:48","2025/09/18 16:35",愭暔(拠夘),,姅幃夛幮娵惣晄摦嶻,-,"=""06-6911-7597""",嬻桳,"丒廧強丗從栰2挌栚4-24丄25
NET晄壜儅僢僠儞僌偺傒

2025丆7.3
2嬫夋偵暘偗偰偄傞偦偺敿暘偺抣抜偑24枩2愮墌丅",5380037
憅屔,R00175-014822,,,,巊梡拞,傾乕僇僀僽(惉栺),柍,1300000,,奒,1997擭07寧,暫屔導惣媨巗柭旜昹2挌栚偺戄憅屔亂199捸亃,,暫屔導惣媨巗柭旜昹俀挌栚7,,,6.00,1.00,,,,860.26,660.28,199.73,6509,2025/09/18,"2025/06/23 11:25","2025/09/18 16:26",愭暔(拠夘),,傾僘僾儔儞僯儞僌桳尷夛幮,-,"=""0798-43-0467""",嬻桳,,6638142
揦曑(寶暔堦妵),R00175-014702,,,,巊梡拞,傾乕僇僀僽(惉栺),柍,440000,,奒,2018擭07寧,暫屔導壛屆孲攄杹挰屆揷3挌栚偺戄揦曑亂38捸亃,,暫屔導壛屆孲攄杹挰屆揷俁挌栚691-1,,,1.00,2.00,,200000,,487.20,126.24,38.18,11523,2025/09/18,"2025/05/14 13:31","2025/09/18 16:22",愭暔(拠夘),,僄儉僘丒僥傿丒僴僂僗婇夋,-,"=""078-949-1172""",嬻桳,俀侽俀俆丄俈丆俈丂彜択拞,6750146
岺応,R00175-014732,,,,嬻,傾乕僇僀僽(惉栺),柍,990000,,奒,2013擭07寧,敧旜巗懢揷怴挰4挌栚偺戄岺応亂188捸亃,,戝嶃晎敧旜巗懢揷怴挰係挌栚30,,,4.00,2.00,,,,,624.00,188.76,5245,2025/09/18,"2025/05/22 13:37","2025/09/18 16:17",愭暔(拠夘),,嶰婎寶愝姅幃夛幮,摽惌丗080-6108乚5988,"=""06-6304-0999""",嬻桳,"2025.7.8丂怘昳岺帠憡択壜丅
2025.6.10
丒尦晅丗嶰宐彜帠仺嶰婎寶愝

丒尦晅傊妋擣帠崁丗僋儗乕儞柍偟丄1奒揤堜崅丗3m乣3.5m丄2奒栺15捸偺帠柋強巇條
丒応強丗僌乕僌儖儅僢僾偱偼丄懢揷怴挰4挌栚30乮幒惗揝岺乯偺搶懁",5810039
憅屔,R00175-014853,,,,,傾乕僇僀僽(惉栺),柍,319000,,奒,1997擭06寧,榓壧嶳導榓壧嶳巗彫嶨夑3挌栚偺戄憅屔亂88捸亃,,榓壧嶳導榓壧嶳巗彫嶨夑俁挌栚130-23,,,2.00,2.00,,,,,292.26,88.4,3609,2025/09/18,"2025/07/01 14:10","2025/09/18 16:16",愭暔(拠夘),,偁偐傑偮晄摦嶻(姅),-,"=""073-494-3658""",嬻桳,仸応強丗僌乕僌儖儅僢僾偱偼丄彫嶨夑3挌栚5-12,6410007
揦曑(寶暔堦妵),R00175-014357,,,,巊梡拞,傾乕僇僀僽(惉栺),柍,1094500,,奒,2001擭02寧,嫗搒晎嫗搒巗壓嫗嬫愵庰壆挰偺戄揦曑亂47捸亃,,嫗搒晎嫗搒巗壓嫗嬫愵庰壆挰283-1,,,,,6.00,,,,156.30,47.28,23149,2025/06/10,"2024/11/22 11:47","2025/09/17 10:54",愭暔(拠夘),,僉儘僴僫晄摦嶻,-,"=""075-744-6972""",嬻桳,2025.9.17丂惉栺,6008095
戄抧,R00175-014715,,,,,傾乕僇僀僽(惉栺),柍,600000,,奒,-,嶄巗旤尨嬫崟嶳偺戄抧亂313捸亃,,戝嶃晎嶄巗旤尨嬫崟嶳727-1,,,,,3.00,,,1036.00,,313.39,1915,2025/09/16,"2025/05/15 13:40","2025/09/16 14:08",愭暔(拠夘),,嫤塰抧寶姅幃夛幮,-,"=""072-938-6677""",,,5870002
憅屔,R00175-014784,,,,嬻,傾乕僇僀僽(惉栺),柍,352000,,奒,1972擭08寧,戝嶃巗峘嬫曎揤6挌栚偺戄憅屔亂45捸亃,,戝嶃晎戝嶃巗峘嬫曎揤俇挌栚4-32,,,,,1285000,,,,150.36,45.48,7740,2025/06/05,"2025/06/05 13:20","2025/09/16 11:24",愭暔(拠夘),,僒儞僄僀晄摦嶻姅幃夛幮,-,"=""06-6567-7767""",,"2025.9.16丂惉栺丂

丒1-2奒晹暘",5520007
戄抧,R00175-014882,,,,峏抧,岞奐壜,柍,750000,,奒,-,榓壧嶳導榓壧嶳巗峕撿偺戄抧亂1500捸亃,,榓壧嶳導榓壧嶳巗峕撿202,,,6.00,,,,,4958.68,,1500,500,2026/07/31,"2025/07/14 10:26","2025/09/16 11:08",愭暔(拠夘),,僞儉儔晄摦嶻奐敪,-,"=""073-499-7883""",,,6400343
憅屔,R00175-014783,,,,嬻,傾乕僇僀僽(惉栺),柍,308000,,奒,1997擭02寧,摗堜帥巗屆幒3挌栚偺戄憅屔亂38捸亃,,戝嶃晎摗堜帥巗屆幒俁挌栚8-21,,,1.00,2.00,,,,147.42,127.29,38.5,7999,2025/09/16,"2025/06/05 13:06","2025/09/16 10:43",愭暔(拠夘),,乮桳乯嶰塰,-,"=""072-953-7427""",,,5830013
戄抧,R00175-014877,,,,,傾乕僇僀僽(惉栺),柍,1350000,,奒,-,敧旜巗惣媩嶍1挌栚偺戄抧亂899捸亃,,戝嶃晎敧旜巗惣媩嶍侾挌栚111,,,,2.00,,,,2973.00,,899.33,1502,2025/09/16,"2025/07/08 13:09","2025/09/16 10:28",愭暔(拠夘),,僆僆僒僇價儖僪乮姅乯,-,"=""072-943-4313""",,,5810035
憅屔,R00175-014762,,,,嬻,傾乕僇僀僽(惉栺),柍,1100000,,奒,1987擭06寧,戝嶃巗廧擵峕嬫暯椦杒2挌栚偺戄憅屔亂198捸亃,,戝嶃晎戝嶃巗廧擵峕嬫暯椦杒俀挌栚9-44,,,,,6000000,,,703.46,656.20,198.5,5542,2025/09/12,"2025/05/30 11:54","2025/09/12 15:41",愭暔(拠夘),,桳尷夛幮儂乕儉儔儞僪,-,"=""06-6682-3991""",,2025.7.8丂怘昳岺帠憡択壜丅,5590026
憅屔,R00175-014860,,,,嫃廧拞,傾乕僇僀僽(惉栺),柍,935000,,奒,1997擭10寧,搶戝嶃巗悈憱3挌栚偺戄憅屔亂140捸亃,,戝嶃晎搶戝嶃巗悈憱俁挌栚10-39,,,5100000,1870000,,,,386.46,464.08,140.38,6661,2025/09/12,"2025/07/02 13:00","2025/09/12 15:40",愭暔(拠夘),,姅幃夛幮僀儅僗丂棳捠帠嬈晹,-,"=""06-6209-7373""",嬻桳,,5780921
岺応,R00175-014721,,,,嬻,傾乕僇僀僽(惉栺),柍,713900,,奒,-,敧旜巗撿婽堜挰2挌栚偺戄岺応亂82捸亃,,戝嶃晎敧旜巗撿婽堜挰俀挌栚1-20,,,,3.00,,,,,390.08,117.99,6051,2025/09/12,"2025/05/19 12:59","2025/09/12 15:39",愭暔(拠夘),,嶰宐彜帠,-,"=""072-992-5678""",嬻桳,"2025.7.9丂怘昳岺応憡択壜丅
2025.7.7丂暔妋仺墱偺岺応傪捛壛偟偨堊丄捓椏傕曄峏
丂丂丂丂丂丂496,100仺713,900墌",5810054
憅屔,R00175-014850,,,,嬻,傾乕僇僀僽(惉栺),柍,407000,,奒,1981擭04寧,榓愹巗壀挰偺戄憅屔亂151捸亃,,戝嶃晎榓愹巗壀挰276,,,2.00,2.00,,,,,501.15,151.59,2685,2025/09/12,"2025/07/01 13:21","2025/09/12 15:23",愭暔(拠夘),,桳尷夛幮埉寶戸晄摦嶻,-,"=""0725-57-3231""",嬻桳,,5941128
憅屔,R00175-014863,,,,嫃廧拞,傾乕僇僀僽(惉栺),柍,770000,,奒,1979擭02寧,戝嶃巗梽愳嬫揷愳3挌栚偺戄憅屔亂98捸亃,,戝嶃晎戝嶃巗梽愳嬫揷愳俁挌栚12-32,11000,,,,1562000,,,,326.23,98.68,7803,2025/09/12,"2025/07/04 13:06","2025/09/12 15:22",愭暔(拠夘),,僒儞僄僀晄摦嶻姅幃夛幮,-,"=""06-6567-7767""",,,5320027
憅屔,R00175-014750,,,,嬻,傾乕僇僀僽(惉栺),柍,380000,,奒,1962擭05寧,愹嵅栰巗掃尨偺戄憅屔亂226捸亃,,戝嶃晎愹嵅栰巗掃尨1723-1,,,,,1000000,,,,749.46,226.71,1677,2025/09/12,"2025/05/29 13:51","2025/09/12 15:18",愭暔(拠夘),,俫俙俴丂俫俷俵俤丂乮桳乯扟岥,-,"=""072-493-7722""",,俀侽俀俆丏俈丏侾侽丂彜択拞,5980071
憅屔,R00175-014594,,,,嬻,傾乕僇僀僽(惉栺),柍,770000,,奒,1981擭12寧,嶄巗嶄嬫崄儢媢挰3挌偺戄憅屔亂243捸亃,,戝嶃晎嶄巗嶄嬫崄儢媢挰俁挌3-6,,,,,3000000,,,557.92,803.36,243.01,3169,2025/09/12,"2025/03/24 11:42","2025/09/12 15:08",愭暔(拠夘),,柸扟晄摦嶻斕攧乮姅乯,-,"=""072-222-4333""",嬻桳,,5900011
揦曑(寶暔堦妵),R00175-014244,,,,嫃廧拞,傾乕僇僀僽(惉栺),柍,385000,,奒,2011擭06寧,榓壧嶳導榓壧嶳巗彫嶨壿偺戄揦曑亂60捸亃,,榓壧嶳導榓壧嶳巗彫嶨夑666-1,,,1.00,3.00,,,,414.66,200.00,60.5,6364,2025/09/12,"2024/10/08 12:45","2025/09/12 15:06",愭暔(拠夘),,乮桳乯僄僀僩儂乕儉,-,"=""073-423-8200""",嬻桳,"2025.5.19丂彜択拞
丒攧攦偁傝丗B00175-000705

2025丏俈丏侾係丂彜択拞",6410007
岺応,R00175-013943,,,,嬻,傾乕僇僀僽(惉栺),柍,350000,,奒,1988擭06寧,嶄巗搶嬫撿栰揷偺戄岺応亂39捸亃,,戝嶃晎嶄巗搶嬫撿栰揷38-4,,,,,4.00,,,750.00,330.00,99.82,3507,2025/09/12,"2024/04/19 12:10","2025/09/12 15:06",愭暔(拠夘),,暉僴僂僕儞僌姅幃夛幮,-,"=""072-268-2929""",嬻桳,"2025.7.24
丒尦晅丗傾僞儕儎仺暉僴僂僕儞僌
丒捓椏丗40枩墌仺35枩墌

2025.6.3丂惉栺仺暅妶
丒捓椏丗44枩墌仺40枩墌
丒晘嬥3僇寧仺曐徹嬥4僇寧
丒楃嬥2僇寧仺夝栺帪2僇寧

捓椏DOWN66枩仺55枩仺44枩丂2024.9.26",5998124
憅屔,R00175-014868,,,,巊梡拞,傾乕僇僀僽(惉栺),柍,1100000,,奒,1982擭08寧,悂揷巗撿悂揷5挌栚偺戄憅屔亂216捸亃,,戝嶃晎悂揷巗撿悂揷俆挌栚23-11,,,6.00,1.00,,,,629.09,715.95,216.57,5080,2025/09/12,"2025/07/07 11:04","2025/09/12 15:00",愭暔(拠夘),,擔杮傾僔僗僩丂塩嬈俀晹,-,"=""06-6765-2888""",嬻桳,,5640043
憅屔,R00175-014878,,,,嬻,傾乕僇僀僽(惉栺),柍,1210000,,奒,2015擭10寧,愛捗巗捁帞忋4挌栚偺戄憅屔亂78捸亃,,戝嶃晎愛捗巗捁帞忋係挌栚3-41,,,4.00,2.00,,,,1174.20,258.95,78.33,15447,2025/09/12,"2025/07/10 11:19","2025/09/12 14:58",愭暔(拠夘),,乮姅乯僗僥乕僕,-,"=""06-6356-4555""",嬻桳,仸暔妋丒徻嵶偼扴摉幰実懷傊丗嶁杮070-1301-5822,5660062
憅屔,R00175-014361,,,,嬻,傾乕僇僀僽(惉栺),柍,495000,,奒,1981擭01寧,撧椙導撧椙巗杒擵彲惣挰1挌栚偺戄憅屔亂103捸亃,,撧椙導撧椙巗杒擵彲惣挰侾挌栚7-16,,,3.00,450000,,,,573.00,342.00,103.45,4785,2025/09/12,"2024/11/25 13:55","2025/09/12 14:55",愭暔(拠夘),,僄乕儖儂乕儉,-,"=""0742-33-6162""",嬻桳,,6308452
岺応,R00175-014897,,,,,傾乕僇僀僽(惉栺),柍,1705000,,奒,1977擭01寧,戝嶃巗廧擵峕嬫撿峘搶3挌栚偺戄岺応亂184捸亃,,戝嶃晎戝嶃巗廧擵峕嬫撿峘搶俁挌栚4-34,,,6.00,2.00,,,,1360.16,610.92,184.8,9227,2025/09/12,"2025/07/18 11:38","2025/09/12 14:26",愭暔(拠夘),,姅幃夛幮僕乕僾儖,-,"=""06-4300-3494""",,,5590031
憅屔,R00175-014890,,,,嬻,傾乕僇僀僽(惉栺),柍,330000,,1奒,1987擭05寧,枃曽巗挿旜壠嬶挰2挌栚偺戄憅屔亂95捸亃,,戝嶃晎枃曽巗挿旜壠嬶挰俀挌栚8-10,22000,,,2.00,,,,,315.49,95.43,3458,2025/09/11,"2025/07/17 14:05","2025/09/11 16:16",愭暔(拠夘),,俙俽俲乮姅乯,-,"=""072-845-5306""",嬻桳,,5730102
憅屔,R00175-014586,,,,嬻,傾乕僇僀僽(惉栺),柍,500000,,奒,1975擭01寧,搶戝嶃巗抮搰挰6挌栚偺戄憅屔亂155捸亃,,戝嶃晎搶戝嶃巗抮搰挰俇挌栚6,,,,,1500000,,,,515.52,155.94,3207,2025/09/11,"2025/03/14 10:53","2025/09/11 16:12",愭暔(拠夘),,乮姅乯壀搰晄摦嶻,-,"=""072-963-0222""",,"仸斣抧晄柧丄抧恾枹巜掕偱偡丅妋擣偍婅偄偟傑偡丅
丒1奒AB丄2奒A

2025丒7丒28丂2奒寶偰偱1奒晹暘偑庁傝偰偄傞偨傔2奒晹暘偩偗",5798064
揦曑帠柋強(寶暔堦妵),R00175-014916,,,,嬻,傾乕僇僀僽(惉栺),柍,330000,,奒,2001擭01寧,暫屔導埳扥巗栰娫1挌栚偺戄揦曑丒帠柋強亂40捸亃,,暫屔導埳扥巗栰娫侾挌栚6-1,,,,660000,,,,,135.36,40.94,8060,2025/09/11,"2025/07/28 10:37","2025/09/11 15:59",愭暔(拠夘),,乮姅乯娭惣廧戭丂彫椦揦,-,"=""0797-74-0766""",嬻桳,,6640873
戄抧,R00175-013996,,,,峏抧,傾乕僇僀僽(惉栺),柍,550000,,奒,-,愹嵅栰巗挿戧偺戄抧亂882捸亃,,戝嶃晎愹嵅栰巗挿戧596-1丄597-1丄594-1,,,,550000,1100000.00,,,2918.96,,882.98,623,2025/09/11,"2024/05/28 13:21","2025/09/11 15:55",愭暔(拠夘),,傾僩儔僗乮桳乯,-,"=""072-466-5300""",,"2025.7.29丂惉栺仺暅妶

丒応強丗僌乕僌儖儅僢僾偱偼丄挿戧581-1乮捯鑓岺姅幃夛幮 挿戧岺応乯偺撿懁",5980034
憅屔,R00175-014957,,,,嬻,岞奐壜,柍,0,,奒,2025擭01寧,"LOGI BASE堬栘嵤搒亂21036捸亃"," ",戝嶃晎堬栘巗嵤搒偼側偩俀挌栚3,,,,,,,,38543.00,69543.00,21036.75,,2026/07/14,"2025/08/22 11:47","2025/09/11 09:32",愭暔(拠夘),,姅幃夛幮僙儞僠儏儕乕僟僀僜乕,媨杮,"=""06-6136-0555""",嬻桳,"扴摉丗媨杮晹挿
丒捸扨壙丗(憅屔)4,800墌丄(帠柋強)9,500墌
仸憅屔4,500墌/捸傑偱偼岎徛壜",5670082
憅屔,R00175-014962,,,,巊梡拞,傾乕僇僀僽(惉栺),柍,1540000,,奒,1998擭10寧,愛捗巗搶堦捗壆偺戄憅屔亂196捸亃,,戝嶃晎愛捗巗搶堦捗壆1-45,,,,,9240000,,,1636.49,651.00,196.92,7821,2025/08/28,"2025/08/28 13:04","2025/09/11 09:25",愭暔(拠夘),,榓揷嶻嬈姅幃夛幮,-,"=""072-654-0181""",嬻桳,,5660074
憅屔,R00175-014789,,,,嬻,傾乕僇僀僽(惉栺),柍,670450,,奒,1982擭01寧,戝嶃巗杒嬫挿暱惣2挌栚偺戄憅屔亂105捸亃,,戝嶃晎戝嶃巗杒嬫挿暱惣俀挌栚10-13,,,2.00,2.00,,,,,350.40,105.99,6326,2025/09/09,"2025/06/06 10:16","2025/09/09 17:49",愭暔(拠夘),,乮姅乯娵拞晄摦嶻,-,"=""06-6328-6171""",柍,丒C丄D崋,5310061
揦曑(寶暔堦妵),R00175-014489,,,,,傾乕僇僀僽(惉栺),柍,660000,,奒,2001擭04寧,朙拞巗怴愮棦撿挰2挌栚偺戄揦曑亂38捸亃,,戝嶃晎朙拞巗怴愮棦撿挰俀挌栚5-3,,,3600000,,,,,,125.78,38.04,17347,2025/09/09,"2025/01/24 13:27","2025/09/09 16:35",愭暔(拠夘),,搊栁晄摦嶻姅幃夛幮,-,"=""06-6532-0204""",嬻桳,2025.4.28丂彜択拞,5600084
憅屔,R00175-014296,,,,,傾乕僇僀僽(惉栺),柍,440000,,1奒,2006擭03寧,撧椙導揤棟巗惣挿暱挰偺戄憅屔亂136捸亃,,撧椙導揤棟巗惣挿暱挰241-2,,,1.00,1.00,,,,470.99,451.97,136.72,3219,2025/07/30,"2024/10/29 14:15","2025/09/08 18:01",愭暔(拠夘),,姅幃夛幮僩僠僞僥價儖僨傿儞僌,愇愳丗080-9438-2211,"=""06-6975-7780""",,"2025.8.8 曱嶳扴摉屭媞丂彜択拞

2025.7.30
丒捓椏丗38.5枩墌仺44枩墌

2025.6.17
丒捓椏丗50枩墌仺38.5枩墌
丒晘嬥丗3僇寧仺1僇寧

2025.1.15丗暔審妋擣FAX憲晅嵪傒丂柤壝崃
丒1奒晹暘",6320063
憅屔,R00175-014975,,,,嬻,岞奐壜,柍,1100000,,奒,1998擭10寧,戝嶃巗暯栰嬫壛旤杒3挌栚偺戄憅屔亂168捸亃,,戝嶃晎戝嶃巗暯栰嬫壛旤杒俁挌栚8-32,33000,,2000000,1000000,,,,247.92,555.70,168.09,6544,2026/06/19,"2025/09/02 11:52","2025/09/04 09:08",愭暔(拠夘),,乮姅乯惤彜帠,-,"=""06-6799-1888""",柍,宖嵹壜乮嫋壜偁傝乯TEL偵偰2025.9.3,5470001
憅屔,R00175-013972,,,,嫃廧拞,岞奐壜,柍,308000,,奒,1989擭12寧,嶄巗拞嬫栄寠挰偺戄憅屔亂56捸亃,,戝嶃晎嶄巗拞嬫栄寠挰21-1,,3300,,,1120000,,,,187.00,56.56,5445,2026/07/24,"2024/05/16 13:29","2025/09/02 11:56",愭暔(拠夘),,乮桳乯僄乕儚儞儂乕儉,-,"=""072-271-4466""",嬻桳,"2025.9.2丂惉栺仺暅妶

丒撉傒曽丗偗側偪傚偆",5998266
揦曑帠柋強(寶暔堦妵),R00175-014403,,,,,傾乕僇僀僽(惉栺),柍,395000,,1奒,2003擭01寧,撿奀僔僥傿僐乕僩嬥崉1F亂40捸亃,,戝嶃晎戝嶃嫹嶳巗嬥崉侾挌栚2-1,,,4.00,,,,,,135.15,40.88,9662,2025/09/01,"2024/12/10 17:24","2025/09/01 16:58",帺幮,堦斒攠夘,姅幃夛幮僙儞僠儏儕乕僟僀僜乕,媑揷夒,"=""06-6136-0555""",嬻桳,,5890006
憅屔,R00175-013987,,,,嬻,傾乕僇僀僽(惉栺),柍,352000,,奒,1996擭09寧,搶戝嶃巗惣娾揷2挌栚偺戄憅屔亂40捸亃,,戝嶃晎搶戝嶃巗惣娾揷俀挌栚6-27,22000,,,1000000,,,,,134.70,40.74,8639,2025/09/01,"2024/05/24 13:03","2025/09/01 09:59",愭暔(拠夘),,嬻娫寁夋僄僗僥乕僩桳尷夛幮,挿扟愳,"=""072-960-3257""",嬻桳,丒A崋幒,5780947
憅屔,R00175-014912,,,,嬻,傾乕僇僀僽(惉栺),柍,300000,,奒,1973擭10寧,敧旜巗庒椦挰3挌栚偺戄憅屔亂69捸亃,,戝嶃晎敧旜巗庒椦挰俁挌栚48,,,,,6.00,,,246.57,229.96,69.56,4313,2025/08/29,"2025/07/25 10:37","2025/08/29 17:02",愭暔(拠夘),,壛摗寶愝姅幃夛幮,-,"=""072-949-1400""",,,5810038
憅屔,R00175-014909,,,,巊梡拞,傾乕僇僀僽(惉栺),柍,660000,,奒,1988擭11寧,暫屔導擈嶈巗撿晲屔擵憫8挌栚偺戄憅屔亂141捸亃,,暫屔導擈嶈巗撿晲屔擵憫俉挌栚1-27,,,3600000,660000,,,,,468.00,141.57,4663,2025/08/29,"2025/07/24 10:40","2025/08/29 16:54",愭暔(拠夘),,捓戄廧戭僒乕價僗俥俠埳扥墂慜揦乮姅乯暫廧,-,"=""072-778-4146""",嬻桳,,6610033
岺応,R00175-014933,,,,嬻,傾乕僇僀僽(惉栺),柍,715000,,奒,1990擭06寧,戝嶃巗惣梽愳嬫愮廙2挌栚偺戄岺応亂64捸亃,,戝嶃晎戝嶃巗惣梽愳嬫愮廙俀挌栚4-17,,,,2.00,,,,261.28,212.48,64.27,11125,2025/08/29,"2025/08/05 14:00","2025/08/29 16:49",愭暔(拠夘),,乮姅乯僄僀儚儞,-,"=""06-4808-0990""",嬻桳,,5550013
憅屔,R00175-014926,,,,嬻,傾乕僇僀僽(惉栺),柍,330000,,奒,2000擭06寧,暫屔導恄屗巗恵杹嬫戝揷挰7挌栚偺戄憅屔亂49捸亃,,暫屔導恄屗巗恵杹嬫戝揷挰俈挌栚6-19,,,1.00,2.00,,,,,164.59,49.78,6629,2025/08/29,"2025/08/04 11:41","2025/08/29 16:39",愭暔(拠夘),,乮姅乯慜揷晄摦嶻,-,"=""078-734-2225""",嬻桳,,6540024
憅屔,R00175-014814,,,,,傾乕僇僀僽(惉栺),柍,550000,,奒,1995擭08寧,戝搶巗昘栰3挌栚偺戄憅屔亂113捸亃,,戝嶃晎戝搶巗昘栰俁挌栚13-9,,,3.00,1.00,,,,,373.57,113,4868,2025/07/08,"2025/06/19 10:49","2025/08/26 18:02",愭暔(拠夘),,姅幃夛幮僩僠僞僥價儖僨傿儞僌,-,"=""06-6975-7780""",嬻桳,2025.7.8丂怘昳岺帠憡択壜丅,5740062
憅屔,R00175-014756,,,,嬻,傾乕僇僀僽(惉栺),柍,440000,,奒,1983擭12寧,愹撿孲孎庢挰栰揷1挌栚偺戄憅屔亂245捸亃,,戝嶃晎愹撿孲孎庢挰栰揷侾挌栚3-22,,,,2.00,,,,422.31,812.91,245.9,1790,2025/07/14,"2025/05/30 10:03","2025/08/26 14:56",愭暔(拠夘),,晄摦嶻嶈嶳乮桳乯,-,"=""072-472-6662""",,,5900451
戄抧,R00175-014140,,,,,傾乕僇僀僽(惉栺),柍,1200000,,奒,-,嶄巗旤尨嬫暯旜偺戄抧亂808捸亃,,戝嶃晎嶄巗旤尨嬫暯旜2353-1,,,1.00,2.00,,,,2671.50,,808.12,1485,2025/06/25,"2024/08/07 11:16","2025/08/25 17:17",帺幮,堦斒攠夘,姅幃夛幮僙儞僠儏儕乕僟僀僜乕,柤壝崃,"=""06-6136-0555""",,2025.4.11丂彜択拞,5870022
戄抧,R00175-014923,,,,峏抧,岞奐壜,柍,600000,,奒,-,榓愹巗壓媨挰偺戄抧亂750捸亃,,戝嶃晎榓愹巗壓媨挰212-1,,,2.00,,,,,2480.00,,750.2,800,2026/06/19,"2025/07/30 11:23","2025/08/25 10:15",愭暔(拠夘),,乮姅乯扟廆僐乕億儗乕僔儑儞,-,"=""0725-90-3566""",,,5941121
憅屔,R00175-014804,,,,,傾乕僇僀僽(惉栺),柍,330000,,奒,2000擭09寧,愛捗巗捁帞忋1挌栚偺戄憅屔亂31捸亃,,戝嶃晎愛捗巗捁帞忋侾挌栚10-5,,,2.00,2.00,,,,90.08,104.89,31.72,10401,2025/08/22,"2025/06/16 11:15","2025/08/22 16:48",愭暔(拠夘),,姅幃夛幮僆儗儞僕儂乕儉,-,"=""06-6827-2051""",嬻桳,,5660062
憅屔,R00175-014828,,,,嬻,傾乕僇僀僽(惉栺),柍,550000,,奒,1977擭02寧,暫屔導壛屆孲攄杹挰栰揧忛3挌栚偺戄憅屔亂128捸亃,,暫屔導壛屆孲攄杹挰栰揧忛俁挌栚4-26,,,,550000,1000000,,,1450.18,426.18,128.91,4267,2025/08/22,"2025/06/24 11:44","2025/08/22 16:36",愭暔(拠夘),,姅幃夛幮僒儞儚壚尋,-,"=""079-423-1050""",嬻桳,,6750141
憅屔,R00175-014880,,,,嬻,傾乕僇僀僽(惉栺),柍,360000,,奒,1990擭02寧,搶戝嶃巗怴崈抮挰偺戄憅屔亂78捸亃,,戝嶃晎搶戝嶃巗怴崈抮挰12-11,,,,2.00,,,,,260.70,78.86,4565,2025/07/11,"2025/07/11 10:18","2025/08/22 13:29",愭暔(拠夘),,乮姅乯屲搰嫽嶻,-,"=""072-816-1910""",嬻桳,2025.8.22丂惉栺,5780967
憅屔,R00175-014904,,,,巊梡拞,傾乕僇僀僽(惉栺),柍,275000,,奒,1976擭09寧,晉揷椦巗暿堜俀挌栚偺戄憅屔亂100捸亃,,戝嶃晎晉揷椦巗暿堜俀挌栚6,,,4.00,2.00,,,,472.72,330.90,100.09,2748,2025/07/23,"2025/07/23 13:54","2025/08/22 11:38",帺幮,堦斒攠夘,姅幃夛幮僙儞僠儏儕乕僟僀僜乕,媨杮晹挿,"=""06-6136-0555""",嬻桳,"2025.7.23丂僆乕僫乕捈暔審
扴摉丗媨杮晹挿",5840044
岺応,R00175-014925,,,,巊梡拞,岞奐壜,柍,330000,,奒,1970擭05寧,嫗搒晎媣悽孲媣屼嶳挰嵅嶳怴奐抧偺戄岺応亂118捸亃,,嫗搒晎媣悽孲媣屼嶳挰嵅嶳怴奐抧96-4,,,3.00,2.00,,,,281.35,393.06,118.9,2776,2026/08/06,"2025/07/31 11:06","2025/08/20 10:24",愭暔(拠夘),,姅幃夛幮僩僠僞僥價儖僨傿儞僌,-,"=""06-6975-7780""",,,6130034
憅屔,R00175-014898,,,,嬻,傾乕僇僀僽(惉栺),柍,330000,,奒,1964擭08寧,愹戝捗巗彆徏挰1挌栚偺戄憅屔亂123捸亃,,戝嶃晎愹戝捗巗彆徏挰侾挌栚19-7,,,1.00,,,,,480.00,407.62,123.3,2677,2025/08/19,"2025/07/18 11:52","2025/08/19 13:24",愭暔(拠夘),,乮姅乯倀俶俬俻倀俤,-,"=""0725-23-2150""",嬻桳,,5950071
憅屔,R00175-014552,,,,嬻,傾乕僇僀僽(惉栺),柍,330000,,奒,2013擭04寧,暫屔導壛屆孲堫旤挰憪扟偺戄憅屔亂70捸亃,,暫屔導壛屆孲堫旤挰憪扟1046-11,,,3.00,1.00,,,,978.36,234.32,70.88,4656,2025/06/11,"2025/02/26 13:02","2025/08/18 16:14",愭暔(拠夘),,乮姅乯儀僗僩憂旤丂壛惣帠柋強,-,"=""0790-42-6608""",,,6751102
憅屔,R00175-014786,,,,巊梡拞,傾乕僇僀僽(惉栺),柍,2970000,,奒,1989擭12寧,敧旜巗廰愳挰1挌栚偺戄憅屔亂599捸亃,,戝嶃晎敧旜巗廰愳挰侾挌栚3-29,,,,,,,,1578.00,1981.00,599.25,4957,2025/06/05,"2025/06/05 14:01","2025/08/08 10:49",愭暔(拠夘),,嶃恄僌儕乕儞僒乕價僗姅幃夛幮,-,"=""06-6361-8641""",,2025.8.8丂曱嶳偝傫崱寧枛宊栺梊掕偺偨傔惉栺偵偟偰偄傑偡,5810075
憅屔,R00175-014901,,,,嫃廧拞,岞奐壜,柍,300000,,奒,1970擭10寧,愹杒孲拤壀挰拤壀杒1挌栚偺戄憅屔亂94捸亃,,戝嶃晎愹杒孲拤壀挰拤壀杒侾挌栚8-18,,,2.00,2.00,,,,228.26,312.16,94.42,3178,2026/06/01,"2025/07/23 12:49","2025/08/08 08:55",愭暔(拠夘),,乮姅乯墢媑,儕儏僂丗080-3849-5883,"=""06-6946-0388""",嬻桳,,5950811
憅屔,R00175-014587,,,,嬻,傾乕僇僀僽(惉栺),柍,2200000,,奒,1987擭01寧,嶄巗旤尨嬫懡帯堜偺戄憅屔亂415捸亃,,戝嶃晎嶄巗旤尨嬫懡帯堜7,,,3.00,2.00,,,,2151.00,1372.20,415.09,5301,2025/06/23,"2025/03/17 11:33","2025/08/04 15:04",愭暔(拠夘),,楺壴寶愝乮姅乯,-,"=""072-994-1133""",,2025.4.22丂扴摉丗儓僔僞働條乮080-4944-6900乯撪棗徻嵶偼偙偪傜傊妋擣,5870012
揦曑(寶暔堦妵),R00175-014766,,,,嬻,傾乕僇僀僽(惉栺),柍,330000,,奒,1966擭01寧,帬夑導挿昹巗暯曽挰偺戄揦曑亂63捸亃,,帬夑導挿昹巗暯曽挰243,22000,,3.00,2.00,,,0.50,,211.34,63.93,5162,2025/06/02,"2025/06/02 12:54","2025/08/04 09:24",愭暔(拠夘),,埨摗晄摦嶻姅幃夛幮,-,"=""075-222-0771""",嬻桳,,5260033
憅屔,R00175-014902,,,,嬻,岞奐壜,柍,1210000,,奒,-,戝嶃巗拞墰嬫撿媣曮帥挰1挌栚偺戄憅屔亂153捸亃,,戝嶃晎戝嶃巗拞墰嬫撿媣曮帥挰侾挌栚3-12,,,4.00,4.00,,,,,508.80,153.91,7862,2026/06/18,"2025/07/23 13:28","2025/07/31 18:16",愭暔(拠夘),,乮姅乯僔僗僥儉僐乕億儗乕僔儑儞,-,"=""06-4708-3545""",柍,,5410058
憅屔,R00175-014782,,,,嬻,傾乕僇僀僽(惉栺),柍,495000,,奒,1969擭07寧,戝嶃巗楺懍嬫栘捗愳1挌栚偺戄憅屔亂50捸亃,,戝嶃晎戝嶃巗楺懍嬫栘捗愳侾挌栚3-1,,,4.00,2.00,,,,200.99,167.65,50.71,9761,2025/06/05,"2025/06/05 12:50","2025/07/31 16:12",愭暔(拠夘),,乮姅乯僗僥乕僕,拞懞丗080-4341-4657,"=""06-6356-4555""",嬻桳,仸暔妋丒徻嵶偼扴摉幰実懷傊丗拞懞丗080-4341-4657,5560027
憅屔,R00175-014613,,,,嬻,傾乕僇僀僽(惉栺),柍,1980000,,奒,1982擭07寧,暫屔導恄屗巗暫屔嬫抌帯壆挰1挌栚偺戄憅屔亂344捸亃,,暫屔導恄屗巗暫屔嬫抌栬壆挰侾挌栚3-10,,,4.00,2.00,,,,662.39,1137.29,344.03,5756,2025/07/17,"2025/04/03 14:49","2025/07/31 13:19",愭暔(拠夘),,姅幃夛幮僗儁乕僗丒儕乕僟乕,-,"=""06-6310-7510""",嬻桳,"2025.7.31丂惉栺

2025丏7.17丂怽偟崬傒偁傝",6520832
岺応,R00175-014836,,,,抸屻枹擖嫃,傾乕僇僀僽(惉栺),柍,660000,,奒,2025擭06寧,戝嶃巗惗栰嬫扚惣2挌栚偺戄岺応亂76捸亃,,戝嶃晎戝嶃巗惗栰嬫扚惣俀挌栚15-20,,,1980000,1980000,,,,,252.02,76.23,8658,2025/07/14,"2025/06/24 14:13","2025/07/31 09:48",愭暔(拠夘),,嶳堦僴僂僗乮姅乯,-,"=""06-6758-0100""",嬻桳,2025.7.31丂惉栺,5440012
憅屔,R00175-014869,,,,嬻,岞奐壜,柍,825000,,奒,-,嶄巗撿嬫堫梩2挌偺戄憅屔亂177捸亃,,戝嶃晎嶄巗撿嬫堫梩俀挌3061-1,,,3000000,,,,,1240.61,587.84,177.82,4640,2026/05/27,"2025/07/07 11:22","2025/07/30 10:26",愭暔(拠夘),,乮姅乯僉儞僉寶愝儂乕儉,偨偩傆偠丗090乚1635乚0000,"=""0725-92-7699""",,"2025.7.30
丒捓椏丗75枩墌仺82.5枩墌",5900156
揦曑(寶暔堦妵),R00175-014469,,,,,岞奐壜,柍,2145000,,奒,-,撧椙導嶗堜巗戝帤戝暉偺戄揦曑亂299捸亃,,撧椙導嶗堜巗戝帤戝暉1042-4,,,10.00,,,,,16224.48,991.00,299.77,7156,2026/06/12,"2025/01/17 10:49","2025/07/30 09:44",愭暔(拠夘),,僥儞億僗僞僀儖乮姅乯,-,"=""072-726-5201""",嬻桳,NET晄壜儅僢僠儞僌偺傒,6330067
憅屔,R00175-014311,,,,巊梡拞,傾乕僇僀僽(惉栺),柍,418000,,2奒,1998擭03寧,戝嶃巗拞墰嬫擔杮嫶2挌栚偺戄憅屔亂34捸亃,,戝嶃晎戝嶃巗拞墰嬫擔杮嫶俀挌栚10-3,,60500,,3.30,,,,,114.80,34.72,12037,2025/07/29,"2024/11/07 13:26","2025/07/29 15:24",愭暔(拠夘),,桳尷夛幮儔僀僼儚乕僋,-,"=""06-6636-3500""",嬻桳,"暔審妋擣丗090-5041-1760
丒2奒晹暘",5420073
揦曑(寶暔堦妵),R00175-013875,,,,嬻,岞奐壜,柍,297000,,奒,1994擭01寧,暫屔導昉楬巗惣彲偺戄揦曑亂31捸亃,,暫屔導昉楬巗惣彲,,,3.00,3.00,,,,551.08,104.33,31.55,9411,2026/06/23,"2024/03/29 13:40","2025/07/28 10:28",愭暔(拠夘),,乮姅乯俰倀俶丂俫俷俵俤,-,"=""079-237-5555""",嬻桳,丒応強丗僌乕僌儖儅僢僾偱偼惣彲298-6,6700981
揦曑(寶暔堦妵),R00175-014512,,,,嬻,傾乕僇僀僽(惉栺),柍,1265000,,奒,2005擭04寧,暫屔導曮捤巗拞嬝8挌栚偺戄揦曑亂89捸亃,,暫屔導曮捤巗拞嬝俉挌栚11-66,,,,,,,,1169.23,295.37,89.34,14158,2025/07/28,"2025/02/04 14:34","2025/07/28 10:25",愭暔(拠夘),,憼栰彜帠,-,"=""072-781-1176""",嬻桳,,6650874
揦曑(寶暔堦妵),R00175-014906,,,,巊梡拞,傾乕僇僀僽(惉栺),柍,715000,,奒,2007擭03寧,岎栰巗憅帯1挌栚偺戄揦曑亂78捸亃,,戝嶃晎岎栰巗憅帯侾挌栚55-13,,,3.00,3.00,,,,,259.87,78.61,9096,2025/07/23,"2025/07/23 14:18","2025/07/28 10:02",愭暔(拠夘),,乮姅乯僾儔僗儚儞,-,"=""072-391-4704""",嬻桳,"2025.7.28 怽偟崬傒偁傝(2斣庤庴晅晄壜偺偨傔惉栺偵偟偰偄傑偡)",5760051
憅屔,R00175-014893,,,,嫃廧拞,傾乕僇僀僽(惉栺),柍,1430000,,奒,1986擭01寧,戝嶃巗惣梽愳嬫拞搰2挌栚偺戄憅屔亂182捸亃,,戝嶃晎戝嶃巗惣梽愳嬫拞搰俀挌栚7-28,,,,2.00,4.00,,,661.00,603.13,182.44,7838,2025/07/17,"2025/07/17 15:03","2025/07/28 09:27",愭暔(拠夘),,乮姅乯僗僥乕僕,嶁杮丗070-1301-5822,"=""06-6356-4555""",,"仸峀崘晄壜
丒暔妋丒徻嵶偼扴摉幰実懷傊乮嶁杮丗070-1301-5822乯",5550041
憅屔,R00175-013690,,,,嬻,傾乕僇僀僽(惉栺),柍,1320000,,奒,-,嶄巗旤尨嬫栘嵽捠1挌栚偺戄憅屔亂359捸亃,,戝嶃晎嶄巗旤尨嬫栘嵽捠侾挌栚5-15,,,,,3600000,,,820.45,1187.36,359.17,3676,2025/07/24,"2024/01/15 11:34","2025/07/24 15:27",愭暔(拠夘),,乮姅乯僐僗儌晄摦嶻忣曬,憡愳丗080-9307-1718,"=""072-223-2511""",,"暔妋偼RAINS偵偰峴偭偰傎偟偄偲偺偙偲

2024.2.16 尦晅乮僗僇僀僒儞儂乕儉乯偱傕曞廤拞丂忦審摨偠

2024.1.30丗Google忋乽(姅)僟僢僋戝嶃乿偱弌偰偒傑偡丅
仺2搹1妵戄偟偱偡(尦晅偗妋擣嵪)",5870042
憅屔,R00175-014336,,,,巊梡拞,傾乕僇僀僽(惉栺),柍,550000,,奒,2002擭01寧,嶄巗撿嬫嶰栘暵偺戄憅屔亂91捸亃,,戝嶃晎嶄巗撿嬫嶰栘暵153-2,,,2.00,1.00,,,,,301.65,91.24,6028,2025/07/24,"2024/11/13 10:25","2025/07/24 15:23",愭暔(拠夘),,姅幃夛幮僗僥乕僕,嶁杮丗070-1301-5822,"=""06-6356-4555""",嬻桳,,5900154
帠柋強(寶暔堦妵),R00175-014581,,,,嬻,傾乕僇僀僽(惉栺),柍,1045000,,奒,-,戝嶃巗搶惉嬫怺峕杒2挌栚偺戄帠柋強亂91捸亃,,戝嶃晎戝嶃巗搶惉嬫怺峕杒俀挌栚3-35,,,,,,,,188.42,301.32,91.14,11465,2025/07/24,"2025/03/12 14:01","2025/07/24 15:10",愭暔(拠夘),,榓岝儂乕儉僘乮姅乯,-,"=""06-6695-2255""",嬻桳,怽偟崬傒偁傝,5370001
憅屔,R00175-014505,,,,嬻,傾乕僇僀僽(惉栺),柍,430000,,奒,1986擭09寧,愹嵅栰巗挿戧偺戄憅屔亂195捸亃,,戝嶃晎愹嵅栰巗挿戧3928,,,3.00,,,,,,646.66,195.61,2199,2025/07/17,"2025/02/03 14:12","2025/07/17 15:23",愭暔(拠夘),,姅幃夛幮僒儞僕儈傾乕僲,-,"=""072-452-9680""",,,5980034
岺応,R00175-014471,,,,嬻,傾乕僇僀僽(惉栺),柍,616000,,奒,1971擭03寧,戝嶃巗惣梽愳嬫抾搰5挌栚偺戄岺応亂93捸亃,,戝嶃晎戝嶃巗惣梽愳嬫抾搰俆挌栚7-35,,11000,,605000,1100000,,,,308.46,93.3,6602,2025/07/17,"2025/01/17 11:22","2025/07/17 15:17",愭暔(拠夘),,姅幃夛幮塸寶抧強,-,"=""06-6478-4888""",,儅僢僠儞僌偺傒,5550011
憅屔,R00175-014415,,,,嬻,傾乕僇僀僽(惉栺),柍,300000,,奒,-,戝嶃巗垻攞栰嬫揤墹帥挰撿3挌栚偺戄憅屔亂30捸亃,,戝嶃晎戝嶃巗垻攞栰嬫揤墹帥挰撿俁挌栚8-4,,,,600000,,,,,99.80,30.18,9938,2025/06/10,"2024/12/17 14:04","2025/07/17 15:00",愭暔(拠夘),,姅幃夛幮儀僗僩僐儞僶乕僕儑儞,-,"=""06-6710-9461""",,"NET晄壜佀儅僢僠儞僌偺傒
2025.6.10 偄偭偨傫巭傔偰偄傞偲偺偙偲
",5450002
憅屔,R00175-014686,,,,巊梡拞,岞奐壜,柍,539000,,1奒,1979擭12寧,撧椙導杒妺忛孲峀椝挰戝帤屆帥偺戄憅屔亂211捸亃,,撧椙導杒妺忛孲峀椝挰戝帤屆帥548,,,,,2.00,,,,700.82,211.99,2543,2026/06/12,"2025/05/07 14:19","2025/07/17 10:50",愭暔(拠夘),,價僆僄僗僩乮姅乯,-,"=""072-268-2039""",,丒1奒晹暘,6350815
憅屔,R00175-014574,,,,嫃廧拞,傾乕僇僀僽(惉栺),柍,1650000,,奒,1995擭03寧,嫗搒晎嫗搒巗暁尒嬫墶戝楬壓嶰惒忛僲慜挰偺戄憅屔亂302捸亃,,嫗搒晎嫗搒巗暁尒嬫墶戝楬壓嶰惒忛僲慜挰55-2,,,9000000,,,,,1653.00,1000.48,302.64,5452,2025/07/16,"2025/03/07 14:29","2025/07/16 16:29",愭暔(拠夘),,桳尷夛幮杧揷晄摦嶻,-,"=""075-621-8830""",嬻桳,2025.5.2丂彜択拞,6128243
憅屔,R00175-014642,,,,嬻,傾乕僇僀僽(惉栺),柍,968000,,奒,1998擭03寧,愛捗巗搶堦捗壆偺戄憅屔亂159捸亃,,戝嶃晎愛捗巗搶堦捗壆3-53,,,,,4840000,,,,525.69,159.02,6088,2025/07/16,"2025/04/15 14:49","2025/07/16 11:08",愭暔(拠夘),,榓揷嶻嬈姅幃夛幮,-,"=""072-654-0181""",嬻桳,"2025.7.16
暔妋仺戄偟巭傔

2025.6.12
丒捓椏丗110枩墌仺96.8枩墌
丒曐徹嬥丗550枩墌仺484枩墌
丒夝栺帪丗110枩墌仺96.8枩墌",5660074
戄抧,R00175-014142,,,,峏抧,傾乕僇僀僽(惉栺),柍,1080400,,奒,-,嫗搒晎忛梲巗悈庡怷僲搶偺戄抧亂1104捸亃,,嫗搒晎忛梲巗悈庡怷僲搶,,,3.00,,,,,3652.69,,1104.93,978,2025/07/16,"2024/08/07 12:05","2025/07/16 10:54",愭暔(拠夘),,乮姅乯僴僂僗僾儘僕僃僋僩,-,"=""075-602-1023""",,"丒2崋抧
丒抧斣6-2

",6100118
憅屔,R00175-014580,,,,,傾乕僇僀僽(惉栺),柍,716100,,奒,-,撧椙導妺忛巗杒壴撪偺戄憅屔亂186捸亃,,撧椙導妺忛巗杒壴撪3-1,,,2.00,1.00,,,,1036.60,614.88,186,3850,2025/07/15,"2025/03/12 13:45","2025/07/15 18:28",愭暔(拠夘),,姅幃夛幮僩僠僞僥價儖僨傿儞僌,愇愳丗080-9438-2211,"=""06-6975-7780""",,,6392113
憅屔,R00175-014575,,,,嬻,傾乕僇僀僽(惉栺),柍,770000,,1奒,1991擭06寧,枼柺巗慏応惣2挌栚偺戄憅屔亂127捸亃,,戝嶃晎枼柺巗慏応惣俀挌栚5-3,,,1.00,1.00,,,,737.79,419.91,127.02,6062,2025/07/14,"2025/03/07 14:39","2025/07/14 11:28",愭暔(拠夘),,姅幃夛幮僗儁乕僗丒儕乕僟乕,-,"=""06-6310-7510""",嬻桳,"丒1奒晹暘
丒2025.05.16丂怽崬侾審偁傝",5620036
揦曑(寶暔堦妵),R00175-014144,,,,嬻,傾乕僇僀僽(惉栺),柍,605000,,奒,1997擭03寧,嶄巗拞嬫怺堜惔悈挰偺戄揦曑亂61捸亃,,戝嶃晎嶄巗拞嬫怺堜惔悈挰3824,,,6.00,,,,,,203.00,61.4,9853,2025/07/14,"2024/08/09 11:01","2025/07/14 11:05",愭暔(拠夘),,乮姅乯僀儕僆僗,憹堜丗090-4912-8151,"=""06-6151-2220""",嬻桳,丒廧強丗怺堜惔悈挰3824丄3825,5998273
憅屔,R00175-014844,,,,,傾乕僇僀僽(惉栺),柍,330000,,奒,1985擭03寧,栧恀巗屲寧揷挰偺戄憅屔亂161捸亃,,戝嶃晎栧恀巗屲寧揷挰12-10,,,,,1000000,,,336.89,533.00,161.23,2047,2025/07/14,"2025/06/27 11:27","2025/07/14 10:46",愭暔(拠夘),,崟愇晄摦嶻(姅),-,"=""06-6762-0540""",嬻桳,2025.7.11丂暔妋仺1審怽崬偁傝崱寧拞偵宊栺梊掕仸2斣庤庴晅偼壜,5710027
憅屔,R00175-014641,,,,,傾乕僇僀僽(惉栺),柍,300000,,奒,1997擭09寧,敧旜巗徖4挌栚偺戄憅屔亂49捸亃,,戝嶃晎敧旜巗徖係挌栚2-2,,,,,6.00,,,181.82,165.00,49.91,6011,2025/07/14,"2025/04/14 11:56","2025/07/14 10:31",愭暔(拠夘),,壛摗寶愝姅幃夛幮,-,"=""072-949-1400""",嬻桳,,5810036
揦曑(寶暔堦妵),R00175-014709,,,,巊梡拞,傾乕僇僀僽(惉栺),柍,0,,奒,-,暫屔導愳惣巗壓壛栁侾挌栚偺戄揦曑亂31捸亃,,暫屔導愳惣巗壓壛栁侾挌栚14-14,,,,,12.00,,,434.47,104.57,31.63,,2025/07/14,"2025/05/15 09:59","2025/07/14 10:12",愭暔(拠夘),,姅幃夛幮僇儉僥僀,揾栁偝傫:090-2119-2538,"=""06-6225-9557""",嬻桳,,6660022
憅屔,R00175-014714,,,,嫃廧拞,傾乕僇僀僽(惉栺),柍,825000,,奒,1989擭04寧,榓愹巗抮揷壓挰偺戄憅屔亂356捸亃,,戝嶃晎榓愹巗抮揷壓挰1320-1,,,3.00,1.00,,,,,1180.00,356.95,2312,2025/07/14,"2025/05/15 13:28","2025/07/14 10:02",愭暔(拠夘),,桳尷夛幮埉寶戸晄摦嶻,-,"=""0725-57-3231""",,,5940032
憅屔,R00175-014708,,,,嬻,傾乕僇僀僽(惉栺),柍,440000,,奒,1993擭03寧,愹嵅栰戞3憅屔亂102捸亃,,戝嶃晎愹嵅栰巗壓姠壆俀挌栚4-66,,,4.00,2.00,,,,644.07,339.26,102.62,4288,2025/06/25,"2025/05/15 09:49","2025/07/11 14:57",帺幮,堦斒攠夘,姅幃夛幮僙儞僠儏儕乕僟僀僜乕,媨杮,"=""06-6136-0555""",嬻桳,,5980062
憅屔,R00175-014848,,,,嬻,傾乕僇僀僽(惉栺),柍,792000,,奒,2009擭06寧,暫屔導擈嶈巗挭峕5挌栚偺戄憅屔亂99捸亃,,暫屔導擈嶈巗挭峕俆挌栚4-57,,,,720000,800000,,,499.64,328.05,99.23,7982,2025/06/30,"2025/06/30 11:49","2025/07/11 11:26",愭暔(拠夘),,乮姅乯僙僀働儞,-,"=""06-6498-0110""",嬻桳,,6610976
揦曑(寶暔堦妵),R00175-014483,,,,嬻,傾乕僇僀僽(惉栺),柍,880000,,奒,1999擭09寧,晉揷椦巗彫嬥戜2挌栚偺戄揦曑亂85捸亃,,戝嶃晎晉揷椦巗彫嬥戜俀挌栚1-35,,,,,5000000,,,,281.82,85.25,10323,2025/06/06,"2025/01/22 11:23","2025/07/11 09:56",愭暔(拠夘),,乮姅乯傒偲僴僂僕儞僌,-,"=""072-367-0310""",嬻桳,2025.7.11丂惉栺,5840083
揦曑(寶暔堦妵),R00175-014840,,,,嬻,岞奐壜,柍,1870000,,奒,1982擭06寧,嫗搒晎嫗搒巗撿嬫搨嫶愳媣曐挰偺戄揦曑亂488捸亃,,嫗搒晎嫗搒巗撿嬫搨嫶愳媣曐挰12-4,,,,,6.00,,,950.50,1615.38,488.65,3827,2026/07/28,"2025/06/26 11:44","2025/07/10 18:01",愭暔(拠夘),,乮姅乯嶳嫗,-,"=""075-622-1011""",嬻桳,,6018451
揦曑(寶暔堦妵),R00175-014243,,,,嬻,岞奐壜,柍,1100000,,奒,1986擭12寧,暫屔導恄屗巗暫屔嬫壓嶰忦挰偺戄揦曑亂199捸亃,,暫屔導恄屗巗暫屔嬫壓嶰忦挰8-18,,,,,6000000,,,393.58,658.00,199.04,5527,2026/05/07,"2024/10/08 12:11","2025/07/10 15:58",愭暔(拠夘),,晊巑嫽嶻姅幃夛幮,惣岥,"=""078-341-5678""",嬻桳,"僱僢僩晄壜佀儅僢僠儞僌偺傒
壠庡條偑尩偟偄曽側偺偱丄撪棗偺嵺偵偼帠慜偵嬈庬摍妋擣梫",6520014
憅屔,R00175-014818,,,,巊梡拞,傾乕僇僀僽(惉栺),柍,737352,,奒,1968擭01寧,撧椙導堥忛孲愳惣挰戝帤曐揷偺戄憅屔亂191捸亃,,撧椙導堥忛孲愳惣挰戝帤曐揷192-1,,,,2.00,1000000,,,,633.12,191.51,3851,2025/06/25,"2025/06/19 13:57","2025/07/09 17:58",帺幮,堦斒攠夘,姅幃夛幮僙儞僠儏儕乕僟僀僜乕,怷,"=""06-6136-0555""",嬻桳,,6360205
揦曑帠柋強(寶暔堦晹),R00175-014753,,,,嬻,岞奐壜,柍,308000,,3奒,1992擭02寧,暫屔導昉楬巗埨揷4挌栚偺戄揦曑丒帠柋強亂27捸亃,,暫屔導昉楬巗埨揷係挌栚102,,14300,,2.00,,,,,89.43,27.05,11386,2026/07/31,"2025/05/29 14:46","2025/07/07 09:59",愭暔(拠夘),,乮姅乯俰倀俶丂俫俷俵俤,-,"=""079-237-5555""",嬻桳,丒3奒晹暘,6700955
戄抧,R00175-014706,,,,峏抧,傾乕僇僀僽(惉栺),柍,330000,,奒,-,榓愹巗搨崙挰4挌栚偺戄抧亂150捸亃,,戝嶃晎榓愹巗搨崙挰係挌栚15-72,,,,2.00,,,,499.00,,150.94,2187,2025/07/07,"2025/05/14 14:30","2025/07/07 09:48",愭暔(拠夘),,乮姅乯嶰岾僴僂僕儞僌,-,"=""072-276-1173""",,仸峀崘偡傋偰晄壜,5941151
憅屔,R00175-014720,,,,嬻,傾乕僇僀僽(惉栺),柍,473000,,奒,1982擭01寧,嫗搒晎嫗搒巗塃嫗嬫惣嫗嬌敤揷挰偺戄憅屔亂62捸亃,,嫗搒晎嫗搒巗塃嫗嬫惣嫗嬌敤揷挰7-4,,,2580000,946000,,,,,208.00,62.92,7518,2025/07/07,"2025/05/19 12:48","2025/07/07 09:42",愭暔(拠夘),,姅幃夛幮僀儅僗丂棳捠帠嬈晹,-,"=""06-6209-7373""",嬻桳,,6150824
揦曑(寶暔堦妵),R00175-014724,,,,巊梡拞,傾乕僇僀僽(惉栺),柍,0,,奒,1995擭07寧,枼柺巗埦惗怴壠侾挌栚偺戄揦曑亂387捸亃,,戝嶃晎枼柺巗埦惗怴壠侾挌栚11-11,,,,,12.00,,,1235.54,1279.78,387.13,,2025/07/07,"2025/05/20 11:10","2025/07/07 09:38",愭暔(拠夘),,姅幃夛幮僇儉僥僀,揾栁偝傫:090-2119-2538,"=""06-6225-9557""",嬻桳,,5620024
揦曑(寶暔堦妵),R00175-014717,,,,,傾乕僇僀僽(惉栺),柍,715000,,奒,2006擭05寧,暫屔導嶰栘巗枛峀俁挌栚偺戄揦曑亂81捸亃,,暫屔導嶰栘巗枛峀俁挌栚9-2,,,,,12.00,,,459.44,270.30,81.76,8745,2025/07/07,"2025/05/16 10:51","2025/07/07 09:38",愭暔(拠夘),,姅幃夛幮僇儉僥僀,揾栁偝傫丗090-2119-2538,"=""06-6225-9557""",嬻桳,,6730403
憅屔,R00175-014758,,,,,傾乕僇僀僽(惉栺),柍,550000,,奒,1989擭05寧,悂揷巗枛峀挰偺戄憅屔亂125捸亃,,戝嶃晎悂揷巗枛峀挰21-50,,,1.00,3.30,,,,240.60,413.38,125.04,4399,2025/07/07,"2025/05/30 10:34","2025/07/07 09:33",愭暔(拠夘),,乮姅乯儗丒僾儔儞僯儞僌,-,"=""06-6310-2636""",嬻桳,,5640022
戄抧,R00175-014833,,,,峏抧,岞奐壜,柍,300000,,奒,-,愹嵅栰巗挿戧偺戄抧亂299捸亃,,戝嶃晎愹嵅栰巗挿戧3670,,,600000,300000,,,,991.00,,299.77,1001,2026/07/06,"2025/06/24 13:40","2025/07/04 17:18",愭暔(拠夘),,姅幃夛幮僒儞僕儈傾乕僲,-,"=""072-452-9680""",,,5980034
戄抧,R00175-014834,,,,偦偺懠,岞奐壜,柍,660000,,奒,-,愹嵅栰巗擔崻栰偺戄抧亂947捸亃,,戝嶃晎愹嵅栰巗擔崻栰2088-1,,,1320000,660000,,,,3133.00,,947.73,697,2026/06/25,"2025/06/24 13:47","2025/07/04 17:02",愭暔(拠夘),,姅幃夛幮僒儞僕儈傾乕僲,-,"=""072-452-9680""",,,5980021
揦曑(寶暔堦妵),R00175-013725,,,,嬻,岞奐壜,桳,330000,,奒,2015擭02寧,榓壧嶳導奀憪孲婭旤栰挰摦栘偺戄揦曑亂60捸亃,,榓壧嶳導奀憪孲婭旤栰挰摦栘101-4懠,,,,1.00,,,,1528.00,199.53,60.35,5468,2026/06/05,"2024/01/22 12:11","2025/07/03 11:25",愭暔(拠夘),,嶰彜桳尷夛幮,-,"=""073-433-7377""",嬻桳,"
俀侽俀俆丏俈丏俁
仺
202俆丄俋丏侾侽傑偱慖嫇妶摦偺偨傔戄偟偰偄傞丅
偦傟埲崀偱偁傟偽嬻偒偑偁傞偲偺偙偲丅",6401131
揦曑(寶暔堦妵),R00175-014088,,,,嬻,岞奐壜,柍,385000,,奒,2003擭11寧,暫屔導彫栰巗恄柧挰偺戄揦曑亂59捸亃,,暫屔導彫栰巗恄柧挰152-6,,,2400000,1200000,,,,737.00,198.00,59.89,6428,2026/07/23,"2024/07/17 14:07","2025/07/03 11:19",愭暔(拠夘),,崌摨夛幮偐偲偆晄摦嶻,-,"=""0795-48-5296""",嬻桳,2024.8丏20惉栺仺暅妶,6751331
憅屔,R00175-014565,,,,嬻,傾乕僇僀僽(惉栺),柍,280000,,奒,1992擭03寧,暫屔導恄屗巗惣嬫挿敤挰偺戄憅屔亂72捸亃,,暫屔導恄屗巗惣嬫挿敤挰6-4,,,1.00,1.00,,,,369.00,240.00,72.6,3857,2025/07/03,"2025/03/06 13:28","2025/07/03 10:59",愭暔(拠夘),,嶰揷壆晄摦嶻丂崌摨夛幮,-,"=""078-940-6111""",嬻桳,2025.5.1丂捓椏曄峏丗33枩墌仺28枩墌(惻崬傒),6512148
揦曑帠柋強(寶暔堦妵),R00175-014821,,,,嬻,岞奐壜,柍,1496000,,奒,1993擭10寧,戝嶃巗峘嬫峘惏5挌栚偺戄揦曑丒帠柋強亂274捸亃,,戝嶃晎戝嶃巗峘嬫峘惏俆挌栚6-21,,,,,5264000,,,,905.79,274,5460,2026/07/10,"2025/06/20 11:29","2025/07/01 09:33",愭暔(拠夘),,乮姅乯價儖僔儑僢僾,壀晹,"=""06-6262-3333""",嬻桳,,5520023
憅屔,R00175-014650,,,,,傾乕僇僀僽(惉栺),柍,1210000,,奒,1991擭06寧,戝嶃巗搒搰嬫搒搰杮捠1挌栚偺戄憅屔亂176捸亃,,戝嶃晎戝嶃巗搒搰嬫搒搰杮捠侾挌栚16-28,,,3.00,3.00,,,,,582.05,176.07,6873,2025/06/03,"2025/04/17 13:44","2025/06/30 18:25",愭暔(拠夘),,乮姅乯傾僗僷,-,"=""06-6263-7500""",,2025.6.3丂怽偟崬傒偁傝(2斣庤庴晅壜),5340021
岺応,R00175-013743,,,,嬻,傾乕僇僀僽(惉栺),柍,550000,,奒,1971擭04寧,娸榓揷巗恀忋挰偺戄岺応亂274捸亃,,戝嶃晎娸榓揷巗恀忋挰232,,,2.00,1.00,,,,1120.65,906.09,274.09,2007,2025/06/30,"2024/01/30 11:45","2025/06/30 14:13",愭暔(拠夘),,姅幃夛幮僩僠僞僥價儖僨傿儞僌,悈忋丗090-8503-6217,"=""06-6975-7780""",,,5960842
揦曑帠柋強(寶暔堦晹),R00175-014495,,,,嬻,傾乕僇僀僽(惉栺),柍,302500,,1奒,2025擭04寧,戝嶃巗忛搶嬫拞昹1挌栚偺戄揦曑丒帠柋強亂26捸亃,,戝嶃晎戝嶃巗忛搶嬫拞昹侾挌栚19-10,,,,907500,,,,,87.01,26.32,11493,2025/06/30,"2025/01/28 14:10","2025/06/30 14:07",愭暔(拠夘),,姅幃夛幮儈僢僋,-,"=""06-6968-8051""",嬻桳,,5360024
揦曑(寶暔堦妵),R00175-014664,,,,,傾乕僇僀僽(惉栺),柍,650000,,奒,2006擭12寧,敧旜巗揤墹帥壆2挌栚偺戄揦曑亂33捸亃,,戝嶃晎敧旜巗揤墹帥壆俀挌栚109-1,,,6.00,2.00,,,,530.56,110.28,33.35,19485,2025/06/30,"2025/04/23 13:13","2025/06/30 14:03",愭暔(拠夘),,乮姅乯擔杮傾僔僗僩娗棟,-,"=""06-6765-2886""",嬻桳,,5810025
憅屔,R00175-014035,,,,嬻,傾乕僇僀僽(惉栺),柍,495000,,奒,-,朙拞巗慮崻撿挰3挌栚偺戄憅屔亂179捸亃,,戝嶃晎朙拞巗慮崻撿挰俁挌栚20-25,,,2.00,3.00,,,,393.37,591.75,179,2766,2025/06/30,"2024/06/18 13:02","2025/06/30 13:44",愭暔(拠夘),,姅幃夛幮僗乕僷乕儂乕儉,惣懞丂嫓棃,"=""06-6624-0909""",嬻桳,"2025.4.28丂彜択拞
僱僢僩宖嵹晄壜偺堊儅僢僠儞僌偺傒",5610804
憅屔,R00175-014443,,,,嬻,岞奐壜,柍,363000,,奒,2002擭06寧,摗堜帥巗惣戝堜2挌栚偺戄憅屔亂44捸亃,,戝嶃晎摗堜帥巗惣戝堜俀挌栚271-1,,,,,6.00,,,,145.50,44.01,8248,2026/08/05,"2025/01/07 15:03","2025/06/30 11:32",愭暔(拠夘),,挿媑寶愝姅幃夛幮,-,"=""06-6799-3238""",嬻桳,"2025.6.30丂惉栺仺暅妶

暔妋FAX憲怣嵪 2025.2.6摗尨
暔妋FAX憲怣嵪 2025.2.6摗尨
",5830009
戄抧,R00175-014020,,,,峏抧,岞奐壜,柍,447700,,奒,-,暫屔導恄嶈孲暉嶈挰撿揷尨偺戄抧亂447捸亃,,暫屔導恄嶈孲暉嶈挰撿揷尨2899,,,,1.00,5.00,,,1480.00,,447.7,1000,2026/06/23,"2024/06/10 13:29","2025/06/30 11:31",愭暔(拠夘),,乮姅乯俹倝値倕丂俫倧倣倕,-,"=""0790-35-9884""",,2025.6.30丂惉栺仺暅妶,6792203
憅屔,R00175-013969,,,,嬻,傾乕僇僀僽(惉栺),柍,0,,奒,2025擭02寧,"LOGI FLAG戝嶃堬栘I亂8613捸亃"," ",戝嶃晎堬栘巗忋孲俀挌栚9-2,,,,,,,,14435.85,28474.84,8613.63,,2025/06/25,"2024/05/15 10:30","2025/06/30 09:25",帺幮,堦斒攠夘,姅幃夛幮僙儞僠儏儕乕僟僀僜乕,媨杮,"=""06-6136-0555""",嬻桳,,5670065
憅屔,R00175-014380,,,,嬻,傾乕僇僀僽(惉栺),柍,770000,,奒,1988擭01寧,愛捗巗捁帞忋4挌栚偺戄憅屔亂61捸亃,,戝嶃晎愛捗巗捁帞忋係挌栚1-61,,,,,3850000,,,256.00,204.00,61.71,12478,2025/06/27,"2024/12/03 14:04","2025/06/27 17:05",愭暔(拠夘),,榓揷嶻嬈姅幃夛幮,崟郪峗堦,"=""072-654-0181""",嬻桳,丒攧攦偁傝丗B00175-000744,5660062
憅屔,R00175-014297,,,,巊梡拞,傾乕僇僀僽(惉栺),柍,2200000,,奒,1986擭01寧,嫗搒晎婽壀巗戝堜挰暲壨惣枖偺戄憅屔亂395捸亃,,嫗搒晎婽壀巗戝堜挰暲壨惣枖37-1,,,,,6.00,,,3472.98,1308.24,395.74,5560,2025/06/27,"2024/10/30 11:28","2025/06/27 16:57",愭暔(拠夘),,價僆僄僗僩乮姅乯,-,"=""072-268-2039""",,-,6210013
揦曑帠柋強(寶暔堦妵),R00175-014520,,,,巊梡拞,岞奐壜,柍,440000,,奒,2002擭05寧,嫗搒晎塅帯巗峀栰挰愲嶳偺戄揦曑丒帠柋強亂67捸亃,,嫗搒晎塅帯巗峀栰挰愲嶳26-1,,,,,2400000,,440000,,222.13,67.19,6549,2026/07/22,"2025/02/07 13:35","2025/06/26 14:17",愭暔(拠夘),,僨傿儔儞僪嶳嫗儕乕僗乮姅乯,-,"=""0774-20-5115""",嬻桳,,6110031
戄抧,R00175-013695,,,,偦偺懠,傾乕僇僀僽(惉栺),柍,920000,,奒,-,戝嶃巗暯栰嬫挿媑愳曈2挌栚偺戄抧亂224捸亃,,戝嶃晎戝嶃巗暯栰嬫挿媑愳曈俀挌栚1-52,,,,,6.00,,,742.44,,224.58,4097,2025/06/26,"2024/01/15 13:13","2025/06/26 11:40",愭暔(拠夘),,擔惗廧戭(姅),-,"=""072-287-2678""",,"2025.04.21
摴増偄偺侾嬫夋偺傒丂抁婜戄拞乮2025擭4寧乣7寧乯

暔妋FAX憲怣嵪 2025.2.6摗尨
丒AB崋抧乮2嬫夋堦妵戄偟乯
丒応強丗僌乕僌儖儅僢僾偱偼丄挿媑愳曈2挌栚1-14乮僼僕僷儗僗挿媑愳曈乯偺摴楬嫴傫偱惣懁
",5470014
憅屔,R00175-014480,,,,嬻,傾乕僇僀僽(惉栺),柍,605000,,奒,1989擭11寧,戝嶃巗楺懍嬫媣曐媑1挌栚偺戄憅屔亂117捸亃,,戝嶃晎戝嶃巗楺懍嬫媣曐媑侾挌栚3-17,,,,,3300000,,,357.54,388.60,117.55,5147,2025/06/26,"2025/01/21 14:13","2025/06/26 11:39",愭暔(拠夘),,扖榓抧強姅幃夛幮,-,"=""06-6968-9586""",,2025.4.17怽崬1審偁傝乮2斣庤埬撪壜乯,5560028
憅屔,R00175-014022,,,,嬻,傾乕僇僀僽(惉栺),柍,770000,,奒,-,戝嶃巗楺懍嬫嶗愳4挌栚偺戄憅屔亂87捸亃,,戝嶃晎戝嶃巗楺懍嬫嶗愳係挌栚9-13,,,,,6.00,,,178.54,288.20,87.18,8833,2025/06/26,"2024/06/11 13:30","2025/06/26 11:28",愭暔(拠夘),,乮姅乯僉儞僌儂乕儉,-,"=""06-6783-7776""",嬻桳,-,5560022
岺応,R00175-014488,,,,嬻,傾乕僇僀僽(惉栺),柍,330000,,奒,-,愹撿孲孎庢挰榓揷4挌栚偺戄岺応亂184捸亃,,戝嶃晎愹撿孲孎庢挰榓揷係挌栚1170,,,,,1860000,,,825.00,610.00,184.52,1789,2025/06/26,"2025/01/24 13:13","2025/06/26 11:27",愭暔(拠夘),,岦堜嶻嬈乮姅乯,-,"=""072-427-4982""",嬻桳,"20254.22丂彜択拞
仸峀崘晄壜",5900417
憅屔,R00175-013836,,,,嬻,傾乕僇僀僽(惉栺),柍,285000,,奒,-,戝嶃巗廧擵峕嬫撿壛夑壆2挌栚偺戄憅屔亂46捸亃,,戝嶃晎戝嶃巗廧擵峕嬫撿壛夑壆俀挌栚6-21,,,1.00,1.00,,,,,153.18,46.33,6151,2025/06/26,"2024/03/12 14:40","2025/06/26 11:22",愭暔(拠夘),,桳尷夛幮僌儔儞僱僢僩,-,"=""06-6686-4811""",,2025.4.22丂彜択拞,5590015
憅屔,R00175-014302,,,,,傾乕僇僀僽(惉栺),柍,220000,,奒,1970擭01寧,戝嶃巗惣嬫枵杮挰1挌栚偺戄憅屔亂32捸亃,,戝嶃晎戝嶃巗惣嬫枵杮挰侾挌栚16-15,,,,3.30,2.00,,,,107.81,32.61,6746,2025/06/26,"2024/11/05 14:06","2025/06/26 11:20",愭暔(拠夘),,姅幃夛幮僄僗僄僗僔乕,-,"=""06-6534-0062""",,"2025.4.22丂捓椏曄峏丂33枩仺22枩
NET晄壜佀儅僢僠儞僌偺傒",5500004
憅屔,R00175-014778,,,,嬻,傾乕僇僀僽(惉栺),柍,440000,,奒,1986擭01寧,暫屔導擈嶈巗旜昹挰侾挌栚偺戄憅屔亂68捸亃,,暫屔導擈嶈巗旜昹挰侾挌栚14-2,,,1600000,880000,,,,,224.97,68.05,6466,2025/06/03,"2025/06/03 14:12","2025/06/26 10:21",愭暔(拠夘),,乮桳乯戝崙晄摦嶻,-,"=""0798-33-1663""",嬻桳,俀侽俀俆丏俇丏俀俇仺宊栺梊掕乮俀斣庤庴晅晄壜偺偨傔惉栺嵪傒偵偟偰偄傑偡乯,6610022
揦曑帠柋強(寶暔堦妵),R00175-013942,,,,抸屻枹擖嫃,傾乕僇僀僽(惉栺),柍,370000,,1奒,2024擭05寧,僼傿儖丒僷乕僋戝嶃挿嫃惣乥侾F亂25捸亃,,戝嶃晎戝嶃巗廧媑嬫挿嫃惣俀挌栚5-2,,,,1.00,6.00,,,255.24,85.45,25.84,14315,2025/06/02,"2024/04/18 18:00","2025/06/25 18:09",帺幮,堦斒攠夘,姅幃夛幮僙儞僠儏儕乕僟僀僜乕,婽搰,"=""06-6136-0555""",,,5580002
揦曑(寶暔堦妵),R00175-013825,,,,嬻,傾乕僇僀僽(惉栺),柍,495000,,奒,1962擭11寧,戝嶃巗楺懍嬫宐旤恵搶1挌栚偺戄揦曑亂36.35捸亃,,戝嶃晎戝嶃巗楺懍嬫宐旤恵搶侾挌栚13-12,,,,2.00,2.00,,,67.26,120.07,36.32,13629,2025/03/19,"2024/03/06 11:57","2025/06/25 09:40",帺幮,堦斒攠夘,姅幃夛幮僙儞僠儏儕乕僟僀僜乕,搰杮,"=""06-6136-0555""",柍,,5560002
揦曑帠柋強(寶暔堦妵),R00175-013934,,,,嬻,傾乕僇僀僽(惉栺),柍,682000,,2奒,1980擭03寧,戝嶃巗拞墰嬫媣懢榊挰俀挌栚偺戄揦曑帠柋強亂47捸亃,,戝嶃晎戝嶃巗拞墰嬫媣懢榊挰俀挌栚19,,,1.00,2.00,,,,,156.93,47.47,14367,2025/05/16,"2024/04/17 17:02","2025/06/25 09:39",帺幮,堦斒攠夘,姅幃夛幮僙儞僠儏儕乕僟僀僜乕,搰杮,"=""06-6136-0555""",,,5410056
戄抧,R00175-014730,,,,屆壠晅,傾乕僇僀僽(惉栺),柍,440000,,奒,-,撧椙導揤棟巗挿暱挰偺戄抧亂407捸亃," ",撧椙導揤棟巗挿暱挰1524,,,1.00,1.00,,,,1346.03,,407.17,1081,2025/05/29,"2025/05/20 14:42","2025/06/24 15:06",愭暔(拠夘),,姅幃夛幮僩僠僞僥價儖僨傿儞僌,-,"=""06-6975-7780""",,,6320062
揦曑(寶暔堦妵),R00175-014195,,,,嬻,岞奐壜,柍,450000,,奒,2017擭02寧,暫屔導偨偮偺巗棿栰挰枛惌偺戄揦曑亂108捸亃,,暫屔導偨偮偺巗棿栰挰枛惌184-5,,,1.00,1.00,,,,1627.00,360.00,108.9,4133,2026/07/23,"2024/09/12 13:16","2025/06/20 16:10",愭暔(拠夘),,乮姅乯俿俙俿俽倀俶俷,-,"=""0791-63-4890""",嬻桳,丒応強丗僌乕僌儖儅僢僾偱偼枛惌185-1,6794125
憅屔,R00175-014224,,,,嬻,傾乕僇僀僽(惉栺),柍,495000,,奒,1981擭10寧,戝嶃巗惗栰嬫扚惣1挌栚偺戄憅屔亂92捸亃,,戝嶃晎戝嶃巗惗栰嬫扚惣侾挌栚2-14,,,1650000,1650000,,,,,306.48,92.71,5340,2025/06/20,"2024/09/27 13:41","2025/06/20 15:51",愭暔(拠夘),,嶳堦僴僂僗乮姅乯,-,"=""06-6758-0100""",嬻桳,捓椏DOWN55枩仺49.5枩丂2025.2.19,5440012
憅屔,R00175-014644,,,,嬻,傾乕僇僀僽(惉栺),柍,330000,,奒,1984擭06寧,戝嶃巗惣梽愳嬫昉搰6挌栚偺戄憅屔亂75捸亃,,戝嶃晎戝嶃巗惣梽愳嬫昉搰俇挌栚2-28,,,,1.10,,,,,249.75,75.54,4369,2025/06/20,"2025/04/15 15:18","2025/06/20 15:44",愭暔(拠夘),,捓戄戝嶃乮姅乯暉搰揦,-,"=""06-6454-4446""",嬻桳,,5550033
憅屔,R00175-014465,,,,巊梡拞,傾乕僇僀僽(惉栺),柍,660000,,奒,2021擭09寧,嫗搒晎嫗搒巗撿嬫忋捁塇惔堜挰偺戄憅屔亂58捸亃,,嫗搒晎嫗搒巗撿嬫忋捁塇惔堜挰236,,,,,3.00,,,356.00,194.40,58.8,11224,2025/06/20,"2025/01/15 16:05","2025/06/20 15:43",愭暔(拠夘),,娵旽寶愝乮姅乯嫗揷曈塩嬈強,-,"=""0774-66-4141""",,2025.5.2丂彜択拞,6018174
揦曑(寶暔堦妵),R00175-014747,,,,嬻,岞奐壜,柍,165000,,3奒,1977擭12寧,嫗搒晎岦擔巗忋怉栰挰忋愳尨偺戄揦曑亂21捸亃,,嫗搒晎岦擔巗忋怉栰挰忋愳尨8-8,22000,,,3.30,,,,,70.56,21.34,7731,2026/07/02,"2025/05/29 13:09","2025/06/18 18:04",帺幮,堦斒攠夘,姅幃夛幮僙儞僠儏儕乕僟僀僜乕,孠嶳,"=""06-6136-0555""",嬻桳,,6170006
揦曑(寶暔堦妵),R00175-014760,,,,嬻,岞奐壜,柍,1320000,,奒,1965擭03寧,暫屔導恄屗巗拞墰嬫堥忋捠4挌栚偺戄揦曑亂207捸亃,,暫屔導恄屗巗拞墰嬫堥忋捠係挌栚1-25,,,7200000,,,2376000,,,686.31,207.6,6359,2026/07/31,"2025/05/30 11:09","2025/06/18 11:29",愭暔(拠夘),,偍偆偪壠晄摦嶻怴恄屗乮姅乯,-,"=""078-862-1520""",嬤桳,仸帒椏偺廧強乮堥曈捠乯偼娫堘偭偰偄傑偡丅惓偟偔偼堥忋捠4挌栚1-25,6510086
憅屔,R00175-014394,,,,嬻,傾乕僇僀僽(惉栺),柍,1100000,,奒,1985擭12寧,戝嶃巗搒搰嬫拞栰挰3挌栚偺戄憅屔亂213捸亃,,戝嶃晎戝嶃巗搒搰嬫拞栰挰俁挌栚12-13,,,4.00,2.00,,,,,704.43,213.09,5163,2025/06/18,"2024/12/06 13:03","2025/06/18 11:29",愭暔(拠夘),,姅幃夛幮僌儔僗僼傿乕儖僪,-,"=""06-6372-3601""",,,5340027
岺応,R00175-014631,,,,巊梡拞,傾乕僇僀僽(惉栺),柍,1100000,,奒,-,戝搶巗怴揷拞挰偺戄岺応亂281捸亃,,戝嶃晎戝搶巗怴揷拞挰5-11,,,,,6000000,,,,928.93,281,3915,2025/06/10,"2025/04/09 11:19","2025/06/18 11:05",愭暔(拠夘),,戝搶嶻嬈姅幃夛幮,-,"=""072-871-0538""",,2025.6.18丗惉栺,5740056
憅屔,R00175-014283,,,,巊梡拞,傾乕僇僀僽(惉栺),柍,350000,,奒,1971擭01寧,撧椙導崅巗孲柧擔崄懞戝帤搶嶳偺戄憅屔亂210捸亃,,撧椙導崅巗孲柧擔崄懞戝帤搶嶳22,,,,1.00,,,,870.34,695.84,210.49,1663,2025/05/16,"2024/10/23 15:41","2025/06/17 17:46",帺幮,堦斒攠夘,姅幃夛幮僙儞僠儏儕乕僟僀僜乕,媑揷夒,"=""06-6136-0555""",嬻桳,,6340105
憅屔,R00175-014031,,,,嬻,岞奐壜,柍,385000,,奒,1969擭01寧,攼尨巗杮嫿5挌栚偺戄憅屔亂53捸亃,,戝嶃晎攼尨巗杮嫿俆挌栚6-35,,,,,5.00,,,,178.51,53.99,7130,2026/06/12,"2024/06/14 14:06","2025/06/17 11:56",愭暔(拠夘),,嫤塰抧寶姅幃夛幮,-,"=""072-938-6677""",,2025.6.17丂惉栺仺暅妶,5820001
憅屔,R00175-014667,,,,嬻,傾乕僇僀僽(惉栺),柍,2200000,,奒,1969擭11寧,搶戝嶃巗撿忋彫嶃偺戄憅屔亂974捸亃,,戝嶃晎搶戝嶃巗撿忋彫嶃12-41,,,,2200000,6000000,,,2349.63,3222.37,974.76,2257,2025/06/17,"2025/04/23 14:02","2025/06/17 10:45",愭暔(拠夘),,姅幃夛幮斅憅晄摦嶻,-,"=""072-965-0505""",嬻桳,怽崬傒1審擖傝偦偆偲偺偙偲乮2斣庤埬撪壜乯2025.5.13,5770814
憅屔,R00175-014722,,,,嬻,傾乕僇僀僽(惉栺),柍,350000,,奒,-,榓壧嶳導榓壧嶳巗杒栰偺戄憅屔亂253捸亃,,榓壧嶳導榓壧嶳巗杒栰201-7,,13990,6.00,3.00,,,,1564.22,837.04,253.2,1383,2025/05/26,"2025/05/19 13:14","2025/06/16 11:42",愭暔(拠夘),,俬乫倱晄摦嶻乮姅乯,-,"=""073-498-6688""",,"2025.6.16 惉栺

2025.5.26丂婛偵3審栤崌偣偁傝丄傑偩傢偐傜側偄偑恑傒偦偆側忬嫷",6496331
憅屔,R00175-013950,,,,嬻,岞奐壜,柍,990000,,奒,1981擭05寧,暫屔導偨偮偺巗梍揷挰暉揷偺戄憅屔亂635捸亃,,暫屔導偨偮偺巗梍揷挰暉揷495,,100000,,990000,2970000,,,2712.18,2100.03,635.25,1559,2026/06/19,"2024/04/23 15:03","2025/06/16 09:46",愭暔(拠夘),,乮姅乯埉僷儚乕儅僱僕儊儞僩,崟嶳丗080-4290-7357,"=""079-267-7711""",嬻桳,,6794132
戄抧,R00175-014555,,,,峏抧,傾乕僇僀僽(惉栺),柍,300000,,奒,-,暫屔導嶰揷巗抮怟偺戄抧亂353捸亃,,暫屔導嶰揷巗抮怟288-22,,,,,,,,1169.00,,353.62,849,2025/05/19,"2025/03/03 13:42","2025/06/13 13:00",愭暔(拠夘),,乮姅乯傾僗儌奐敪,-,"=""079-556-7884""",,"2025.5.19丂彜択拞
仸応強晄柧丄抧恾枹巜掕偱偡丅",6691548
憅屔,R00175-014463,,,,巊梡拞,傾乕僇僀僽(惉栺),柍,1320000,,奒,1971擭10寧,悂揷巗朙捗挰偺戄憅屔亂152捸亃,,戝嶃晎悂揷巗朙捗挰53-10,,,,,6.00,,,857.38,502.62,152.04,8682,2025/04/14,"2025/01/15 15:20","2025/06/13 11:03",愭暔(拠夘),,姅幃夛幮僱僋僗僩僗僥乕僕,-,"=""06-6190-6533""",嬻桳,"2025.6.13丂惉栺

丒杒懁",5640051
憅屔,R00175-014603,,,,巊梡拞,傾乕僇僀僽(惉栺),柍,1320000,,奒,1988擭09寧,搶戝嶃巗悈憱3挌栚偺戄憅屔亂238捸亃,,戝嶃晎搶戝嶃巗悈憱俁挌栚5-49,,,7200000,2640000,,,,673.00,788.67,238.57,5533,2025/05/13,"2025/03/27 13:52","2025/06/12 14:09",愭暔(拠夘),,姅幃夛幮僀儅僗丂棳捠帠嬈晹,-,"=""06-6209-7373""",嬻桳,2025.6.12丂惉栺,5780921
憅屔,R00175-014602,,,,嫃廧拞,傾乕僇僀僽(惉栺),柍,1375000,,奒,1989擭02寧,搶戝嶃巗晍巗挰3挌栚偺戄憅屔亂207捸亃,,戝嶃晎搶戝嶃巗晍巗挰俁挌栚2,,,2750000,1375000,,,,998.16,686.40,207.63,6623,2025/06/03,"2025/03/27 13:36","2025/06/12 14:08",愭暔(拠夘),,嶰婎寶愝乮姅乯,-,"=""06-6304-0999""",嬻桳,"2025.6.12丂惉栺

丒応強丗僌乕僌儖儅僢僾偱偼丄姅幃夛幮僛儘丒僾儔僗BHS 戝嶃塩嬈強
2025.6.3 彜択拞",5798004
戄抧,R00175-014094,,,,,岞奐壜,柍,600000,,奒,-,帬夑導戝捗巗摗旜墱挰偺戄抧亂242捸亃,,帬夑導戝捗巗摗旜墱挰,,,,,600000,,,800.00,,242,2480,2026/07/06,"2024/07/18 10:16","2025/06/12 10:39",愭暔(拠夘),,乮姅乯僽儕僢僕晄摦嶻斕攧,-,"=""075-593-1184""",,,5200067
憅屔,R00175-014205,,,,嬻,傾乕僇僀僽(惉栺),柍,770000,,奒,1990擭02寧,暫屔導恄屗巗暫屔嬫嵽栘挰偺戄憅屔亂83捸亃,,暫屔導恄屗巗暫屔嬫嵽栘挰3-5,,,3.00,2.00,,,,,275.63,83.37,9236,2025/06/12,"2024/09/17 12:05","2025/06/12 10:30",愭暔(拠夘),,儂乕儉儊僀僩俥俠恵杹揦丂乮桳乯傾僀儂乕儉,-,"=""078-737-3088""",嬻桳,丒搶幒,6520851
憅屔,R00175-014204,,,,嬻,傾乕僇僀僽(惉栺),柍,825000,,奒,1990擭02寧,暫屔導恄屗巗暫屔嬫嵽栘挰偺戄憅屔亂104捸亃,,暫屔導恄屗巗暫屔嬫嵽栘挰3-5,,,3.00,2.00,,,,,344.75,104.28,7911,2025/06/12,"2024/09/17 12:05","2025/06/12 10:30",愭暔(拠夘),,儂乕儉儊僀僩俥俠恵杹揦丂乮桳乯傾僀儂乕儉,-,"=""078-737-3088""",嬻桳,丒惣幒,6520851
憅屔,R00175-013985,,,,嬻,岞奐壜,柍,418000,,奒,1965擭01寧,栧恀巗巐媨1挌栚偺戄憅屔亂84捸亃,,戝嶃晎栧恀巗巐媨侾挌栚2-7,,,,1.00,3.00,,,,280.00,84.7,4936,2026/07/10,"2024/05/24 12:10","2025/06/12 10:24",愭暔(拠夘),,乮姅乯僆僆僋儔,-,"=""06-6916-3210""",,,5710017
岺応,R00175-014027,,,,嬻,傾乕僇僀僽(惉栺),柍,441600,,奒,1985擭09寧,敧旜巗媨挰4挌栚偺戄岺応亂80捸亃,,戝嶃晎敧旜巗媨挰係挌栚4-23,,,,2400000,,,,,265.45,80.29,5500,2025/06/12,"2024/06/13 13:05","2025/06/12 10:12",愭暔(拠夘),,乮姅乯戝嫗廧戭,嵶愳,"=""072-990-5558""",嬻桳,2025.4.11丂彜択拞,5810815
憅屔,R00175-014630,,,,嬻,傾乕僇僀僽(惉栺),柍,330000,,奒,1984擭06寧,朙拞巗彫慮崻3挌栚偺戄憅屔亂58捸亃,,戝嶃晎朙拞巗彫慮崻俁挌栚5-23,,,,2.00,,,,,192.85,58.33,5657,2025/06/12,"2025/04/09 11:03","2025/06/12 10:11",愭暔(拠夘),,乮姅乯儔儞僪儖,-,"=""06-6475-3333""",嬻桳,,5610813
憅屔,R00175-014627,,,,嬻,傾乕僇僀僽(惉栺),柍,385000,,奒,1978擭11寧,敧旜巗愹挰1挌栚偺戄憅屔亂130捸亃,,戝嶃晎敧旜巗愹挰侾挌栚124-1,,,,2.20,,,,,433.00,130.98,2940,2025/06/12,"2025/04/08 13:34","2025/06/12 10:10",愭暔(拠夘),,乮姅乯儕乕僘,-,"=""072-990-2122""",,,5810813
憅屔,R00175-014426,,,,嬻,傾乕僇僀僽(惉栺),柍,627000,,奒,1979擭02寧,戝嶃巗楺懍嬫栘捗愳2挌栚偺戄憅屔亂93捸亃,,戝嶃晎戝嶃巗楺懍嬫栘捗愳俀挌栚1-25,33000,,5.00,2.00,,,,,309.40,93.59,6700,2025/06/12,"2024/12/25 11:30","2025/06/12 10:09",愭暔(拠夘),,乮姅乯捯晄摦嶻,-,"=""06-6343-3155""",嬻桳,"丒1-3奒晹暘
峀崘晄壜儅僢僠儞僌偺傒

暔妋FAX憲晅嵪丂2025.2.6摗尨",5560027
憅屔,R00175-013962,,,,嬻,傾乕僇僀僽(惉栺),柍,8435000,,4奒,2021擭01寧,枼柺巗怷挰惣3挌栚偺戄憅屔亂1599捸亃,,戝嶃晎枼柺巗怷挰惣俁挌栚4-43,,,6.00,1.00,,1.00,,,5289.25,1599.99,5272,2025/06/11,"2024/05/10 14:39","2025/06/11 13:42",愭暔(拠夘),,僀乕僜乕僐姅幃夛幮,-,"=""03-5439-9401""",,丒4奒晹暘,5630255
岺応,R00175-014127,,,,嬻,傾乕僇僀僽(惉栺),柍,330000,,奒,-,戝嶃巗搶梽愳嬫幠搰3挌栚偺戄岺応亂87捸亃,,戝嶃晎戝嶃巗搶梽愳嬫幠搰俁挌栚7-23,,,,3.00,,,,141.13,290.84,87.97,3751,2025/06/11,"2024/08/01 14:01","2025/06/11 11:37",愭暔(拠夘),,僞僀儓乕僴僂僗姅幃夛幮,-,"=""06-6457-3000""",,,5330024
憅屔,R00175-014150,,,,嬻,傾乕僇僀僽(惉栺),柍,330000,,奒,1968擭12寧,奓捤巗柤墇偺戄憅屔亂96捸亃,,戝嶃晎奓捤巗柤墇808-13,,,1.00,3.00,,,,,320.00,96.8,3410,2025/06/11,"2024/08/20 16:18","2025/06/11 11:35",愭暔(拠夘),,乮姅乯僙儗僋僩,-,"=""072-431-9796""",,,5970042
憅屔,R00175-014687,,,,巊梡拞,傾乕僇僀僽(惉栺),柍,495000,,奒,1990擭06寧,戝嶃巗戝惓嬫彫椦惣1挌栚偺戄憅屔亂65捸亃,,戝嶃晎戝嶃巗戝惓嬫彫椦惣侾挌栚11-19,,,3600000,990000,,,,245.93,217.00,65.64,7541,2025/05/19,"2025/05/08 12:00","2025/06/11 10:45",愭暔(拠夘),,姅幃夛幮僀儅僗奐敪帠嬈晹,-,"=""06-6233-8282""",柍,,5510013
憅屔,R00175-014579,,,,巊梡拞,傾乕僇僀僽(惉栺),柍,3300000,,奒,2014擭05寧,栧恀巗孠嵥怴挰偺戄憅屔亂496捸亃,,戝嶃晎栧恀巗孠嵥怴挰22-1,,,24000000,6600000,,,,1520.84,1642.02,496.71,6644,2025/06/10,"2025/03/12 13:29","2025/06/11 10:44",愭暔(拠夘),,姅幃夛幮僀儅僗奐敪帠嬈晹,-,"=""06-6233-8282""",嬻桳,2025.6.10丂惉栺仺暅妶(忦審摍曄峏側偟),5710043
憅屔,R00175-014014,,,,嬻,傾乕僇僀僽(惉栺),柍,330000,,奒,1973擭02寧,搶戝嶃巗庒峕杮挰1挌栚偺戄憅屔亂120捸亃,,戝嶃晎搶戝嶃巗庒峕杮挰侾挌栚2-38,,,,2.00,2.00,,,,396.75,120.01,2750,2025/06/11,"2024/06/07 11:48","2025/06/11 10:42",愭暔(拠夘),,乮姅乯僗僥乕僕,嶁杮丗070-1301-5822,"=""06-6356-4555""",,丒暔妋丒栤偄崌傢偣偼扴摉幰実懷傊,5780942
憅屔,R00175-014298,,,,嬻,傾乕僇僀僽(惉栺),柍,300000,,奒,1980擭11寧,撧椙導揤棟巗墦揷挰偺戄憅屔亂109捸亃,,撧椙導揤棟巗墦揷挰45-21,,,900000,600000,,,,1546.40,361.44,109.33,2744,2025/06/11,"2024/10/30 11:51","2025/06/11 10:30",愭暔(拠夘),,乮姅乯搶怴僴僂僕儞僌,郪揷丗090-9611-0630,"=""0743-62-3922""",,捓椏DOWN40枩仺30枩丂2025.4.4,6320055
憅屔,R00175-014557,,,,巊梡拞,傾乕僇僀僽(惉栺),柍,2200000,,奒,1970擭10寧,戝嶃巗惣梽愳嬫昐搰1挌栚偺戄憅屔亂409捸亃,,戝嶃晎戝嶃巗惣梽愳嬫昐搰侾挌栚3-70,,,,,13200000,,,,1353.95,409.56,5372,2025/06/11,"2025/03/04 14:53","2025/06/11 10:27",愭暔(拠夘),,乮姅乯價儖僶儞僋,-,"=""06-7637-6363""",,,5550044
憅屔,R00175-014259,,,,,傾乕僇僀僽(惉栺),柍,1320000,,奒,-,崅捨巗拰杮5挌栚偺戄憅屔亂264捸亃,,戝嶃晎崅捨巗拰杮俆挌栚7-1,,,,1200000,3600000,,,,873.60,264.26,4996,2025/06/11,"2024/10/11 11:26","2025/06/11 10:27",愭暔(拠夘),,乮姅乯價儖僶儞僋,-,"=""06-7637-6363""",,"
丒I丄H崋幒",5690844
憅屔,R00175-014143,,,,嬻,傾乕僇僀僽(惉栺),柍,330000,,奒,2024擭07寧,戝嶃嫹嶳巗搶栰拞3挌栚偺戄憅屔亂47捸亃,,戝嶃晎戝嶃嫹嶳巗搶栰拞俁挌栚377,11000,,,,3000000,,,326.24,156.75,47.41,6960,2025/06/11,"2024/08/08 12:06","2025/06/11 10:13",愭暔(拠夘),,乮姅乯抮嶻,-,"=""072-237-2330""",嬻桳,,5890002
憅屔,R00175-014551,,,,,傾乕僇僀僽(惉栺),柍,352000,,奒,1982擭09寧,暫屔導擈嶈巗杒弶搰挰偺戄憅屔亂59捸亃,,暫屔導擈嶈巗杒弶搰挰16-13,,,2.00,3.30,,,,165.06,197.64,59.78,5888,2025/06/11,"2025/02/26 12:05","2025/06/11 10:01",愭暔(拠夘),,乮姅乯儗丒僾儔儞僯儞僌,-,"=""06-6310-2636""",嬻桳,丒応強丗僌乕僌儖儅僢僾偱偼丄杒弶搰挰16-13,6600834
戄抧,R00175-014186,,,,,傾乕僇僀僽(惉栺),柍,533500,,奒,-,塇塯栰巗宐変擵憫6挌栚偺戄抧亂161捸亃,,戝嶃晎塇塯栰巗宐変擵憫俇挌栚95-1,10000,,,2.00,1.00,,,534.80,,161.77,3298,2025/06/10,"2024/09/10 14:21","2025/06/10 15:06",愭暔(拠夘),,壴愳廧寶,-,"=""072-944-1111""",,丒応強丗僌乕僌儖儅僢僾偱偼丄宐変擵憫6挌栚2-8乮壴愳寶嵽乯偺撿懁,5830886
憅屔,R00175-014728,,,,,傾乕僇僀僽(惉栺),柍,880000,,奒,1972擭09寧,搶戝嶃巗堖悹5挌栚偺戄憅屔亂206捸亃,,戝嶃晎搶戝嶃巗堖悹俆挌栚14-4,,,1760000,1760000,,,,,681.15,206.04,4271,2025/05/20,"2025/05/20 14:25","2025/06/10 14:40",愭暔(拠夘),,嶳堦僴僂僗乮姅乯,-,"=""06-6758-0100""",嬻桳,2025.6.10丂惉栺,5770827
憅屔,R00175-014628,,,,嬻,傾乕僇僀僽(惉栺),柍,1100000,,奒,1978擭02寧,撧椙導戝榓孲嶳巗扥屻彲挰偺戄憅屔亂418捸亃,,撧椙導戝榓孲嶳巗扥屻彲挰218-1,,,,,3.00,,,,1382.85,418.31,2630,2025/06/10,"2025/04/08 13:52","2025/06/10 13:52",愭暔(拠夘),,乮姅乯俫俙俹俹俬俶俤俽俽丂俫俷俵俤,岾杮丗080-1473-0020,"=""0743-59-3334""",,,6391122
揦曑(寶暔堦妵),R00175-014033,,,,嬻,傾乕僇僀僽(惉栺),柍,1320000,,奒,1993擭03寧,嶄巗杒嬫昐愩捁攡挰1挌偺戄揦曑亂134捸亃,,戝嶃晎嶄巗杒嬫昐愩捁攡挰侾挌,,,,,10.00,,,,445.00,134.61,9806,2025/06/10,"2024/06/17 13:20","2025/06/10 11:56",愭暔(拠夘),,ACRE姅幃夛幮丂戝嶃巟幮,-,"=""06-6451-6711""",嬻桳,"丒斣抧丗15-10

暔妋偼儗僀儞僘",5918032
揦曑(寶暔堦妵),R00175-014167,,,,嬻,岞奐壜,柍,660000,,奒,1991擭02寧,暫屔導恄屗巗杒嬫摗尨戜杒挰7挌栚偺戄揦曑亂196捸亃,,暫屔導恄屗巗杒嬫摗尨戜杒挰俈挌栚9,,11000,3600000,,,1800000,,,651.13,196.96,3351,2026/07/09,"2024/09/03 13:31","2025/06/10 11:38",愭暔(拠夘),,崌摨夛幮俙俿僄僗僥乕僩,-,"=""078-767-7887""",嬻桳,,6511301
揦曑帠柋強(寶暔堦妵),R00175-014247,,,,嬻,傾乕僇僀僽(惉栺),柍,330000,,奒,2021擭03寧,暫屔導昉楬巗巐嫿挰搶垻曐偺戄揦曑丒帠柋強亂27捸亃,,暫屔導昉楬巗巐嫿挰搶垻曐748,,,1.00,2.00,,,,2473.17,90.00,27.22,12122,2025/06/10,"2024/10/08 13:18","2025/06/10 11:37",愭暔(拠夘),,乮姅乯俰倀俶丂俫俷俵俤,-,"=""079-237-5555""",嬻桳,丒廧強丗搶垻曐748,6710247
憅屔,R00175-014285,,,,,傾乕僇僀僽(惉栺),柍,350000,,奒,2006擭01寧,悂揷巗娸晹杒4挌栚偺戄憅屔亂56捸亃,,戝嶃晎悂揷巗娸晹杒係挌栚1-18,,,,,1050000,,,165.00,187.00,56.56,6188,2025/06/10,"2024/10/24 13:04","2025/06/10 11:32",愭暔(拠夘),,乮姅乯僼傽儈儕乕僾儔儞丂錗,-,"=""072-654-5106""",嬻桳,,5640001
揦曑(寶暔堦妵),R00175-014294,,,,嬻,傾乕僇僀僽(惉栺),柍,599500,,奒,2022擭08寧,暫屔導惣媨巗嶳岥挰忋嶳岥4挌栚偺戄揦曑亂39捸亃,,暫屔導惣媨巗嶳岥挰忋嶳岥係挌栚1-20,,,,2.00,,,,513.01,128.94,39,15371,2025/06/10,"2024/10/29 13:36","2025/06/10 11:07",愭暔(拠夘),,僥僫儞僩僔儑僢僾恄屗丂乮姅乯俴俬俥俤,-,"=""078-391-9811""",嬻桳,,6511421
揦曑(寶暔堦妵),R00175-014340,,,,嬻,傾乕僇僀僽(惉栺),柍,770000,,奒,1986擭02寧,庣岥巗帥曽嬔捠侾挌栚偺戄揦曑亂95捸亃," ",戝嶃晎庣岥巗帥曽嬔捠侾挌栚1-12,,,12.00,,,3.00,,,316.48,95.73,8044,2025/06/10,"2024/11/15 16:53","2025/06/10 10:58",愭暔(拠夘),,乮姅乯儎僓儚僄僗僥乕僩丂戝嶃僆僼傿僗,忋揷丗070-1436-5765,"=""06-7659-3331""",嬻桳,,5700042
揦曑帠柋強(寶暔堦妵),R00175-014423,,,,嬻,傾乕僇僀僽(惉栺),柍,302500,,奒,1996擭02寧,暫屔導惣媨巗昹榚挰偺戄揦曑丒帠柋強亂25捸亃,,暫屔導惣媨巗昹榚挰6-19,,,3.00,3.00,,,,,84.17,25.46,11881,2025/06/10,"2024/12/20 12:55","2025/06/10 10:32",愭暔(拠夘),,乮姅乯暫廧丂峛巕墍岥揦,-,"=""0798-67-4146""",嬻桳,,6620941
揦曑(寶暔堦妵),R00175-014629,,,,,傾乕僇僀僽(惉栺),柍,550000,,奒,2011擭11寧,枼柺巗彫栰尨惣6挌栚偺戄揦曑亂55捸亃,,戝嶃晎枼柺巗彫栰尨惣俇挌栚3-36,,,2.00,2.00,,,,,183.03,55.36,9934,2025/06/10,"2025/04/09 10:47","2025/06/10 10:29",愭暔(拠夘),,,-,"=""090-5099-0930""",嬻桳,,5620032
揦曑(寶暔堦妵),R00175-014621,,,,嬻,傾乕僇僀僽(惉栺),柍,440000,,奒,-,嶄巗旤尨嬫暯旜偺戄揦曑亂69捸亃,,戝嶃晎嶄巗旤尨嬫暯旜3333,,,,1320000,,,,,230.00,69.57,6325,2025/06/10,"2025/04/07 10:54","2025/06/10 10:27",愭暔(拠夘),,嶰榓幚嬈乮姅乯,彫椦丗090-3353-8938,"=""072-369-3320""",嬻桳,,5870022
岺応,R00175-014659,,,,嬻,傾乕僇僀僽(惉栺),柍,363000,,奒,1986擭07寧,搶戝嶃巗壛擺5挌栚偺戄岺応亂74捸亃,,戝嶃晎搶戝嶃巗壛擺俆挌栚4-4,,1650,1.00,2.00,,,,,246.00,74.41,4879,2025/04/22,"2025/04/22 15:08","2025/06/09 18:06",愭暔(拠夘),,惗榓晄摦嶻乮姅乯媑揷揦,-,"=""072-961-0500""",嬻桳,丒A嬫夋,5780901
戄抧,R00175-014507,,,,峏抧,岞奐壜,柍,500000,,奒,-,奓捤巗嶰働嶳偺戄抧亂873捸亃,,戝嶃晎奓捤巗嶰働嶳855,,,,1500000,,,,2887.84,,873.57,573,2026/06/22,"2025/02/03 14:44","2025/06/09 15:30",愭暔(拠夘),,戧愳晄摦嶻乮姅乯,-,"=""06-4309-6715""",,,5970101
憅屔,R00175-014222,,,,嬻,傾乕僇僀僽(惉栺),柍,308000,,1奒,1988擭03寧,搶戝嶃巗崅堜揷惣4挌栚偺戄憅屔亂62捸亃,,戝嶃晎搶戝嶃巗崅堜揷惣係挌栚4-28,,,2.00,2.00,,,,,206.00,62.31,4943,2025/04/14,"2024/09/26 14:28","2025/06/06 11:51",愭暔(拠夘),,嬤婨彜帠,-,"=""06-6779-5959""",,丒廧強丗崅堜揷惣4挌栚4-27,5770067
憅屔,R00175-014179,,,,巊梡拞,傾乕僇僀僽(惉栺),柍,2420000,,奒,1992擭12寧,嶳岥導嶳岥巗戝撪屼杧偺戄憅屔亂882捸亃,,嶳岥導嶳岥巗戝撪屼杧4003,,,6.00,1.00,,,,11820.49,2916.85,882.34,2743,2025/06/06,"2024/09/09 10:42","2025/06/06 11:22",愭暔(拠夘),,"姅幃夛幮僔乕傾乕儖僀乕 戝嶃塩嬈強",奓徖,"=""06-6225-3161""",嬻桳,柤壝崃偝傫傛傝宖嵹埶棅暔審乮尦晅丗僔乕傾乕儖僀乕乯,7530214
憅屔,R00175-014411,,,,巊梡拞,傾乕僇僀僽(惉栺),柍,2420000,,奒,1991擭02寧,悂揷巗撿惔榓墍挰偺戄憅屔亂310捸亃,,戝嶃晎悂揷巗撿惔榓墍挰40-11,,,13200000,4840000,,,,874.80,1025.10,310.09,7805,2025/06/06,"2024/12/16 10:09","2025/06/06 10:34",愭暔(拠夘),,姅幃夛幮僀儅僗丂棳捠帠嬈晹,-,"=""06-6209-7373""",,,5640038
憅屔,R00175-013745,,,,嬻,傾乕僇僀僽(惉栺),柍,1430000,,奒,1998擭11寧,暫屔導幊埦巗嶳嶈挰愮杮壆偺戄憅屔亂491捸亃,,暫屔導幊埦巗嶳嶈挰愮杮壆288,,,,,,,,5148.00,1624.16,491.3,2911,2025/06/06,"2024/02/01 13:33","2025/06/06 10:20",愭暔(拠夘),,乮姅乯僼傽乕僗僩彜帠,-,"=""0790-62-0001""",,"暔妋FAX憲晅嵪 2025.2.6摗尨
072-268-2039
",6712544
揦曑(寶暔堦晹),R00175-014343,,,,,傾乕僇僀僽(惉栺),柍,770000,,1奒,1983擭05寧,娸榓揷巗搚惗挰3挌栚偺戄揦曑亂45捸亃,,戝嶃晎娸榓揷巗搚惗挰俁挌栚14-27,,,,,12.00,,,693.00,149.00,45.07,17084,2025/06/06,"2024/11/18 13:58","2025/06/06 10:16",愭暔(拠夘),,姅幃夛幮僇儉僥僀,-,"=""06-6225-9557""",嬻桳,-,5960825
揦曑(寶暔堦妵),R00175-014486,,,,,傾乕僇僀僽(惉栺),柍,660000,,奒,2005擭12寧,暫屔導愳惣巗壛栁2挌栚偺戄揦曑亂48捸亃,,暫屔導愳惣巗壛栁俀挌栚7-17,,,,,12.00,,,414.00,159.20,48.15,13705,2025/06/06,"2025/01/24 12:01","2025/06/06 10:15",愭暔(拠夘),,姅幃夛幮僇儉僥僀,弌丗080-2530-7226,"=""06-6225-9557""",嬻桳,"-
丒楢棈偼扴摉幰実懷傑偱乮弌丗080-2530-7226乯",6660025
揦曑(寶暔堦妵),R00175-014470,,,,嬻,岞奐壜,柍,1650000,,奒,1980擭09寧,撧椙導撧椙巗幣捯挰4挌栚偺戄揦曑亂261捸亃,,撧椙導撧椙巗幣捯挰係挌栚7-7,,,12.00,3300000,,,,640.29,863.91,261.33,6314,2026/06/12,"2025/01/17 11:06","2025/06/06 10:07",愭暔(拠夘),,傾儖僼傽儂乕儉乮姅乯,-,"=""0742-35-8888""",嬻桳,,6308114
揦曑(寶暔堦妵),R00175-014549,,,,嬻,傾乕僇僀僽(惉栺),柍,330000,,奒,2002擭11寧,撧椙導妺忛巗懢揷偺戄揦曑亂33捸亃,,撧椙導妺忛巗懢揷131-5,,,,,1500000,,,668.02,112.20,33.94,9723,2025/06/06,"2025/02/26 11:28","2025/06/06 09:46",愭暔(拠夘),,乮姅乯戝抧晄摦嶻,-,"=""0745-48-7700""",嬻桳,丒廧強丗懢揷131-5丄131-6,6392153
憅屔,R00175-014185,,,,嬻,傾乕僇僀僽(惉栺),柍,605000,,奒,1995擭08寧,暫屔導擈嶈巗晲屔挰1挌栚偺戄憅屔亂135捸亃,,暫屔導擈嶈巗晲屔挰侾挌栚53-16,38500,,,1100000,2000000,,,,449.21,135.88,4453,2025/06/06,"2024/09/09 14:35","2025/06/06 09:44",愭暔(拠夘),,姅幃夛幮僺乕丒傾僀丒僄乕,儅僗僟,"=""06-6438-5511""",嬻桳,扴摉丗儅僗僟條,6610044
揦曑(寶暔堦妵),R00175-014612,,,,嬻,傾乕僇僀僽(惉栺),柍,770000,,奒,1993擭03寧,榓壧嶳導榓壧嶳巗惣昹偺戄揦曑亂97捸亃,,榓壧嶳導榓壧嶳巗惣昹465-2,,,2100000,2310000,,,,,321.25,97.17,7924,2025/06/06,"2025/04/03 14:33","2025/06/06 09:41",愭暔(拠夘),,乮姅乯捓戄廧戭僙儞僞乕,-,"=""073-425-5123""",嬻桳,,6410036
戄抧,R00175-013905,,,,峏抧,傾乕僇僀僽(惉栺),柍,400000,,奒,-,嶄巗惣嬫忋栰幣挰1挌偺戄抧亂144捸亃,,戝嶃晎嶄巗惣嬫忋栰幣挰侾挌12-4,,,,,3.00,,,477.65,,144.48,2769,2025/05/19,"2024/04/09 13:42","2025/06/05 11:57",愭暔(拠夘),,乮姅乯傾儖儌僴僂僕儞僌,-,"=""072-240-0008""",,,5938301
揦曑(寶暔堦妵),R00175-014497,,,,嬻,傾乕僇僀僽(惉栺),柍,770000,,奒,2019擭08寧,娸榓揷巗揷帯暷挰偺戄揦曑亂34捸亃,,戝嶃晎娸榓揷巗揷帯暷挰321-1,,,3500000,1540000,,,,1098.33,115.00,34.78,22135,2025/04/22,"2025/01/29 11:00","2025/06/05 09:44",愭暔(拠夘),,姅幃夛幮僀儅僗丂棳捠帠嬈晹,-,"=""06-6209-7373""",嬻桳,"2025.6.5丂惉栺

暔妋FAX憲怣嵪 2025.2.6摗尨
",5960805
揦曑帠柋強(寶暔堦晹),R00175-014691,,,,嬻,傾乕僇僀僽(惉栺),柍,605000,,1奒,-,戝嶃巗杒嬫拞嶈惣1挌栚偺戄揦曑丒帠柋強亂23捸亃,,戝嶃晎戝嶃巗杒嬫拞嶈惣侾挌栚8-1,,,550000,2420000,,,,,76.03,22.99,26306,2025/05/09,"2025/05/09 13:03","2025/06/03 17:40",愭暔(拠夘),,乮姅乯儕儅僀儞,嶃岥丗080-6173-5111,"=""06-6361-9929""",柍,"嬈幰傛傝丗儘僕僐儘宖嵹晄壜 2025.6.3",5300015
戄抧,R00175-014530,,,,峏抧,傾乕僇僀僽(惉栺),柍,300000,,奒,-,堬栘巗朙愳1挌栚偺戄抧亂114捸亃,,戝嶃晎堬栘巗朙愳侾挌栚18-5,,,300000,500000,,,,377.44,,114.17,2628,2025/04/11,"2025/02/14 14:13","2025/06/03 17:31",愭暔(拠夘),,乮姅乯僾儔僗儚儞,-,"=""072-697-9996""",,,5670057
揦曑帠柋強(寶暔堦妵),R00175-014776,,,,嬻,傾乕僇僀僽(惉栺),柍,330000,,奒,1990擭06寧,暫屔導愒曚巗壛棦壆偺戄揦曑丒帠柋強亂142捸亃,,暫屔導愒曚巗壛棦壆48-2,,,1.00,1.00,,,22000,,471.75,142.7,2313,2025/06/03,"2025/06/03 13:38","2025/06/03 14:29",愭暔(拠夘),,拞惣晄摦嶻姅幃夛幮,-,"=""079-286-5666""",嬻桳,,6780239
憅屔,R00175-014472,,,,嬻,岞奐壜,柍,660000,,奒,1970擭05寧,撧椙導揤棟巗晉摪挰偺戄憅屔亂129捸亃,,撧椙導揤棟巗晉摪挰202-1,,,3000000,,1200000,,,,428.86,129.73,5088,2026/06/12,"2025/01/17 11:38","2025/06/03 14:20",愭暔(拠夘),,愊悈僴僂僗晄摦嶻娭惣乮姅乯撧椙塩嬈強,-,"=""0742-20-6072""",嬻桳,,6320072
岺応,R00175-014424,,,,嬻,岞奐壜,柍,880000,,奒,-,戝嶃巗掃尒嬫曻弌搶1挌栚偺戄岺応亂215捸亃,,戝嶃晎戝嶃巗掃尒嬫曻弌搶侾挌栚11-4,,55000,3.00,2.00,,,,400.40,711.64,215.27,4088,2026/07/10,"2024/12/25 10:53","2025/06/03 14:18",愭暔(拠夘),,姅幃夛幮僗乕僷乕儂乕儉,-,"=""06-6624-0909""",,NET晄壜儅僢僠儞僌偺傒,5380044
憅屔,R00175-014485,,,,,傾乕僇僀僽(惉栺),柍,924000,,奒,1985擭03寧,戝嶃巗忛搶嬫搶拞昹8挌栚偺戄憅屔亂119捸亃,,戝嶃晎戝嶃巗忛搶嬫搶拞昹俉挌栚2-3,,,,,6720000,,,357.02,396.00,119.79,7714,2025/06/03,"2025/01/24 11:46","2025/06/03 14:13",愭暔(拠夘),,乮姅乯擔杮僾儘僷僥傿,-,"=""06-6747-9552""",嬻桳,"2025.3.4丗彜択拞
",5360023
憅屔,R00175-014023,,,,嬻,傾乕僇僀僽(惉栺),柍,770000,,奒,1995擭10寧,嶄巗拞嬫怺堜悈抮挰偺戄憅屔亂97捸亃,,戝嶃晎嶄巗拞嬫怺堜悈抮挰3085-1,,,,,10.00,,,470.00,322.32,97.5,7898,2025/06/03,"2024/06/11 13:54","2025/06/03 13:53",愭暔(拠夘),,(桳)僄乕價乕僔乕僴僂僗,嬤峕椇堦,"=""072-440-1777""",嬻桳,,5998237
岺応,R00175-014172,,,,嬻,傾乕僇僀僽(惉栺),柍,990000,,奒,2009擭03寧,榓愹巗暁壆挰4挌栚偺戄岺応亂194捸亃,,戝嶃晎榓愹巗暁壆挰係挌栚11-29,,,6.00,2.00,,,,,642.38,194.31,5095,2025/06/03,"2024/09/05 12:23","2025/06/03 13:35",愭暔(拠夘),,(姅)傾僋僙僗僄僗僥乕僩,-,"=""072-366-1645""",嬻桳,2025.4.3丂彜択拞,5940031
揦曑(寶暔堦妵),R00175-014065,,,,嬻,傾乕僇僀僽(惉栺),柍,495000,,奒,1975擭04寧,枃曽巗嶳擵忋杒挰偺戄揦曑亂73捸亃,,戝嶃晎枃曽巗嶳擵忋杒挰,,,4.00,2.00,,,,505.46,242.65,73.4,6744,2025/06/03,"2024/07/04 14:01","2025/06/03 13:33",愭暔(拠夘),,乮姅乯俤俠俷,-,"=""06-4400-3855""",嬻桳,"丒2025.4.3丂彜択拞
丒2024.7.18丗捓椏曄峏
丒枹搊婰
丒斣抧丗4-15",5730049
憅屔,R00175-014611,,,,,岞奐壜,柍,14080000,,奒,2023擭01寧,枼柺巗怷挰惣2挌栚偺戄憅屔亂2835捸亃,,戝嶃晎枼柺巗怷挰惣俀挌栚4-1,,,,,,,,42582.33,9374.46,2835.77,4966,2026/06/26,"2025/04/03 14:07","2025/06/03 13:19",愭暔(拠夘),,僔乕價乕傾乕儖僀乕乮姅乯娭惣巟幮丂僀儞僟僗僩儕傾儖塩嬈晹,-,"=""06-6292-1730""",嬻桳,丒搶懁2奒偲4奒偺D嬫夋,5630255
岺応,R00175-014609,,,,嬻,傾乕僇僀僽(惉栺),柍,660000,,奒,1986擭02寧,搶戝嶃巗崅堜揷杮捠1挌栚偺戄岺応亂127捸亃,,戝嶃晎搶戝嶃巗崅堜揷杮捠侾挌栚6-4,,,1.00,2.00,,,,,422.66,127.85,5163,2025/06/03,"2025/04/03 13:25","2025/06/03 13:10",愭暔(拠夘),,乮姅乯僀乕僄僀僠俫倧倳倱倕丂俧倰倧倳倫,-,"=""06-6780-9985""",,,5770066
憅屔,R00175-014668,,,,巊梡拞,傾乕僇僀僽(惉栺),柍,350000,,奒,1960擭09寧,戝嶃巗搶惉嬫恄楬4挌栚偺戄憅屔亂62捸亃,,戝嶃晎戝嶃巗搶惉嬫恄楬係挌栚12-4,,,200000,2.00,,,,,205.44,62.14,5632,2025/04/24,"2025/04/24 11:00","2025/06/03 10:59",愭暔(拠夘),,僆儕僆儞儂乕儉姅幃夛幮,-,"=""06-6785-7650""",嬻桳,"2025.6.3丂惉栺

2025.5.12丂彜択拞",5370003
揦曑帠柋強(寶暔堦妵),R00175-014689,,,,嬻,傾乕僇僀僽(惉栺),柍,308000,,奒,2002擭07寧,嶄巗杒嬫拞昐愩捁挰1挌偺戄揦曑丒帠柋強亂30捸亃,,戝嶃晎嶄巗杒嬫拞昐愩捁挰侾挌110-12,,,,2.00,,,,,102.46,30.99,9938,2025/05/08,"2025/05/08 13:18","2025/06/03 10:57",愭暔(拠夘),,倂倧倰倠俢倕倱倝倗値丂岝塰乮姅乯,-,"=""072-246-3337""",嬻桳,"2025.6.3丂惉栺

仸峀崘尩嬛
仸埬撪曽朄丗寶暔岦偐偭偰嵍懁僼僃儞僗偵僉乕BOX乮1234乯",5918023
憅屔,R00175-014690,,,,嬻,傾乕僇僀僽(惉栺),柍,495000,,奒,1986擭09寧,戝嶃巗惣梽愳嬫拞搰2挌栚偺戄憅屔亂44捸亃,,戝嶃晎戝嶃巗惣梽愳嬫拞搰俀挌栚12-86,,,,1.00,,,,,148.00,44.77,11057,2025/05/09,"2025/05/09 11:52","2025/06/03 10:39",愭暔(拠夘),,乮姅乯俲倰倎們倝倕,-,"=""06-6231-6912""",,2025.6.3丂惉栺,5550041
憅屔,R00175-014712,,,,巊梡拞,傾乕僇僀僽(惉栺),柍,350000,,奒,1971擭04寧,撧椙導嶗堜巗埨攞栘嵽抍抧2挌栚偺戄憅屔亂260捸亃,,撧椙導嶗堜巗埨攞栘嵽抍抧俀挌栚3-3,,,3.00,1.00,,,,,860.40,260.27,1345,2025/05/15,"2025/05/15 12:56","2025/06/03 10:25",愭暔(拠夘),,乮姅乯廰扟,-,"=""0744-43-1567""",嬻桳,杒懁偼堓暻尰嫷妋擣梫丅乮忋晹偺奜暻偑側偄強偑偁傞堊乯,6330055
戄抧,R00175-014597,,,,峏抧,傾乕僇僀僽(惉栺),柍,680000,,奒,-,榓愹巗崟愇挰偺戄抧亂1203捸亃,,戝嶃晎榓愹巗崟愇挰347-1,,,,750000,5000000,,,3977.47,,1203.18,566,2025/05/19,"2025/03/25 12:59","2025/06/02 10:52",愭暔(拠夘),,僗僞乕晄摦嶻姅幃夛幮,-,"=""0725-45-5050""",,2025.5.19丂彜択拞,5941113
憅屔,R00175-014129,,,,巊梡拞,傾乕僇僀僽(惉栺),柍,1980000,,奒,1987擭08寧,嶄巗拞嬫暁旜偺戄憅屔亂455捸亃,,戝嶃晎嶄巗拞嬫暁旜2933-1,,,,1.00,2.00,,,1104.00,1504.50,455.11,4351,2025/05/27,"2024/08/01 14:36","2025/06/02 10:07",愭暔(拠夘),,搶梞晄摦嶻乮姅乯戝嶃杮幮丂塩嬈戞嶰晹,帣嬍丗070-3623-4942,"=""06-6228-6613""",,"2025.5.27 彜択拞",5998254
憅屔,R00175-014482,,,,嬻,傾乕僇僀僽(惉栺),柍,385000,,奒,1959擭11寧,戝嶃巗惣梽愳嬫昉搰5挌栚偺戄憅屔亂83捸亃,,戝嶃晎戝嶃巗惣梽愳嬫昉搰俆挌栚15-5,,,,,1050000,,,157.19,276.34,83.59,4606,2025/05/30,"2025/01/22 11:10","2025/05/30 13:28",愭暔(拠夘),,乮姅乯釻媣寶愝丂僗儚僢僩儂乕儉,-,"=""06-6795-9966""",柍,丒搶搹,5550033
戄抧,R00175-014476,,,,屆壠晅,岞奐壜,柍,385700,,奒,-,暫屔導壛搶巗揤恄偺戄抧亂514捸亃,,暫屔導壛搶巗揤恄188,,,12.00,1.00,,,,1700.16,,514.29,750,2026/06/11,"2025/01/20 12:53","2025/05/30 11:56",愭暔(拠夘),,恄昉僶僗晄摦嶻乮姅乯婇夋塩嬈壽,-,"=""079-269-8270""",,,6731311
揦曑(寶暔堦妵),R00175-014461,,,,嫃廧拞,傾乕僇僀僽(惉栺),柍,770000,,奒,2007擭08寧,榓壧嶳導榓壧嶳巗惣昹偺戄揦曑亂53捸亃,,榓壧嶳導榓壧嶳巗惣昹768-1,,,6.00,1.00,,,,,175.26,53.01,14524,2025/05/30,"2025/01/15 15:02","2025/05/30 11:50",愭暔(拠夘),,乮姅乯捓戄廧戭僙儞僞乕,-,"=""073-425-5123""",嬻桳,,6410036
戄抧,R00175-014265,,,,峏抧,傾乕僇僀僽(惉栺),柍,300000,,奒,-,嫗搒晎塅帯巗浞摴墱僲抮偺戄抧亂501捸亃,,嫗搒晎塅帯巗浞摴墱僲抮25-1,,,4.00,,,,150000,1657.99,,501.54,599,2025/05/30,"2024/10/15 15:24","2025/05/30 11:32",愭暔(拠夘),,乮姅乯僒儞儚僀僀儞僥僢僋,-,"=""0774-66-6500""",,"丒廧強丗浞摴墱僲抮25-1丄22-2
丒応強丗僌乕僌儖儅僢僾偱偼丄浞摴墱僲抮26-1乮曮庫帥乯偺搶懁曈傝
彜択拞2025.3.7",6110013
揦曑帠柋強(寶暔堦妵),R00175-014499,,,,嬻,傾乕僇僀僽(惉栺),柍,363000,,奒,1991擭06寧,嫗搒晎敧敠巗敧敠嶳揷偺戄揦曑丒帠柋強亂91捸亃,,嫗搒晎敧敠巗敧敠嶳揷21,,,500000,550000,,,,,301.04,91.06,3987,2025/05/30,"2025/01/30 09:58","2025/05/30 11:22",愭暔(拠夘),,捯晄摦嶻乮姅乯,-,"=""075-585-2540""",嬻桳,,6148051
憅屔,R00175-014493,,,,嬻,傾乕僇僀僽(惉栺),柍,440000,,奒,1980擭01寧,崅捨巗惉崌杒偺挰偺戄憅屔亂100捸亃,,戝嶃晎崅捨巗惉崌杒偺挰607,,,6.00,2.00,,,,609.45,332.26,100.5,4378,2025/05/30,"2025/01/27 13:15","2025/05/30 11:19",愭暔(拠夘),,嶰婎寶愝乮姅乯,-,"=""06-6304-0999""",嬻桳,"2025.3.4丂彜択拞丄宊栺梊掕
丒応強丗僌乕僌儖儅僢僾偱偼丄惉崌杒偺挰1301乮弔擔恄幮乯偺摴楬嫴傫偱岦偐偄懁偁偨傝",5691017
憅屔,R00175-014543,,,,巊梡拞,傾乕僇僀僽(惉栺),柍,1320000,,奒,1985擭01寧,愛捗巗捁帞忋4挌栚偺戄憅屔亂258捸亃,,戝嶃晎愛捗巗捁帞忋係挌栚9-10,,,7000000,1760000,,,,1150.32,854.55,258.5,5107,2025/05/30,"2025/02/21 11:03","2025/05/30 11:16",愭暔(拠夘),,姅幃夛幮僆儗儞僕儂乕儉,-,"=""06-6827-2051""",嬻桳,,5660062
憅屔,R00175-014566,,,,,傾乕僇僀僽(惉栺),柍,2200000,,奒,1987擭06寧,搶戝嶃巗壛擺7挌栚偺戄憅屔亂350捸亃,,戝嶃晎搶戝嶃巗壛擺俈挌栚1-27,,,,,20000000,,,1882.16,1157.79,350.23,6282,2025/05/30,"2025/03/06 13:44","2025/05/30 11:10",愭暔(拠夘),,姅幃夛幮擔杮僒僽儕乕僗,-,"=""06-6180-5361""",嬻桳,,5780901
憅屔,R00175-014528,,,,嬻,傾乕僇僀僽(惉栺),柍,770000,,奒,1984擭12寧,摗堜帥巗彫嶳8挌栚偺戄憅屔亂149捸亃,,戝嶃晎摗堜帥巗彫嶳俉挌栚19-2,,,,,3500000,,,,495.86,149.99,5134,2025/05/30,"2025/02/13 11:04","2025/05/30 10:47",愭暔(拠夘),,嫤塰抧寶姅幃夛幮,-,"=""072-938-6677""",,,5830033
揦曑(寶暔堦妵),R00175-014564,,,,嬻,傾乕僇僀僽(惉栺),柍,352000,,奒,1986擭09寧,暫屔導嶰栘巗巙愼挰峀栰5挌栚偺戄揦曑亂121捸亃,,暫屔導嶰栘巗巙愼挰峀栰俆挌栚211-1,,,,,,,,1333.00,403.10,121.93,2887,2025/05/30,"2025/03/06 13:13","2025/05/30 10:38",愭暔(拠夘),,乮姅乯嶰宐彜帠,-,"=""0794-60-3462""",嬻桳,,6730541
岺応,R00175-014539,,,,嬻,傾乕僇僀僽(惉栺),柍,385000,,奒,1977擭11寧,嫗搒晎媣悽孲媣屼嶳挰栰懞懞搶偺戄岺応亂74捸亃,,嫗搒晎媣悽孲媣屼嶳挰栰懞懞搶122-5,,,,,3.00,,,135.57,246.31,74.5,5168,2025/05/30,"2025/02/18 14:37","2025/05/30 10:33",愭暔(拠夘),,姅幃夛幮岾僄僗僥乕僩,-,"=""075-888-8875""",,2025.3.24丂彜択拞,6130023
揦曑帠柋強(寶暔堦妵),R00175-014038,,,,嬻,岞奐壜,柍,385000,,奒,2020擭02寧,嫗搒晎嫗搒巗暁尒嬫媣変怷偺媨挰偺戄揦曑丒帠柋強亂25捸亃,,嫗搒晎嫗搒巗暁尒嬫媣変怷偺媨挰14-4,,,2500000,,,,,,84.01,25.41,15150,2026/07/24,"2024/06/20 12:37","2025/05/30 10:01",愭暔(拠夘),,桳尷夛幮杧揷晄摦嶻,-,"=""075-621-8830""",嬻桳,"2025.5.30
丒尦晅曄峏丗姅幃夛幮僋儔僗儌乕僪杧摽仺桳尷夛幮杧?晄摦嶻
仸杧揷晄摦嶻偺帒椏忋丄廧強偑14-1偲側偭偰偄傑偡偑丄岆傝偱14-4偑惓偟偄偱偡(栤偄崌傢偣妋擣嵪傒)丅",6128495
帠柋強(寶暔堦妵),R00175-014058,,,,嬻,傾乕僇僀僽(惉栺),柍,880000,,奒,1984擭11寧,戝嶃巗惣嬫搚嵅杧2挌栚偺帠柋強亂131捸亃,,戝嶃晎戝嶃巗惣嬫搚嵅杧俀挌栚1-3,,,1.00,2.00,,,,,433.48,131.12,6712,2025/05/30,"2024/07/02 13:37","2025/05/30 10:01",愭暔(拠夘),,乮姅乯僙儗僋僩,-,"=""072-431-9796""",嬻桳,"2025.3.28丂彜択拞
2025.3.28丂捓椏曄峏丂138枩仺88枩",5500001
憅屔,R00175-013883,,,,巊梡拞,傾乕僇僀僽(惉栺),柍,330000,,1奒,1968擭04寧,暫屔導埳扥巗杒杮挰3挌栚偺戄憅屔亂48捸亃,,暫屔導埳扥巗杒杮挰俁挌栚112,,,,,,,,,160.17,48.45,6811,2025/05/30,"2024/04/02 14:13","2025/05/30 09:53",愭暔(拠夘),,乮姅乯擔杮僌僢僪丒儔僀僼丂埳扥揦,-,"=""072-744-6464""",嬻桳,2025.3.28丂彜択拞,6640836
憅屔,R00175-014754,,,,,岞奐壜,柍,341000,,3奒,2019擭10寧,堬栘巗憤帩帥戜偺戄揦曑亂38捸亃,,戝嶃晎堬栘巗憤帩帥戜1-11,33000,,,3.30,,,,,128.16,38.76,8796,2026/07/02,"2025/05/29 18:37","2025/05/29 18:43",帺幮,堦斒攠夘,姅幃夛幮僙儞僠儏儕乕僟僀僜乕,孠嶳,"=""06-6136-0555""",,,5670804
憅屔,R00175-014755,,,,,岞奐壜,柍,319000,,3奒,2019擭10寧,堬栘巗憤帩帥戜偺戄揦曑亂36捸亃,,戝嶃晎堬栘巗憤帩帥戜1-11,33000,,,3.30,,,,,120.64,36.49,8742,2026/07/02,"2025/05/29 18:40","2025/05/29 18:42",帺幮,堦斒攠夘,姅幃夛幮僙儞僠儏儕乕僟僀僜乕,孠嶳,"=""06-6136-0555""",,,5670804
戄抧,R00175-014737,,,,,岞奐壜,柍,700000,,奒,-,戝搶巗拞奯撪1挌栚偺戄抧亂585捸亃,,戝嶃晎戝搶巗拞奯撪侾挌栚103-1,,,,1.00,3.00,,,1934.86,,585.29,1196,2026/06/12,"2025/05/23 13:18","2025/05/29 16:22",愭暔(拠夘),,惔婲寶愝姅幃夛幮,-,"=""072-981-4912""",,仸応強偼惓妋偱偼偁傝傑偣傫丅妋擣偍婅偄偟傑偡丅,5740013
揦曑(寶暔堦妵),R00175-014746,,,,嬻,岞奐壜,柍,330000,,3奒,1977擭12寧,嫗搒晎岦擔巗忋怉栰挰忋愳尨偺戄揦曑亂52捸亃,,嫗搒晎岦擔巗忋怉栰挰忋愳尨8-8,33000,,,3.30,,,,,174.00,52.63,6270,2026/07/02,"2025/05/29 11:58","2025/05/29 14:48",帺幮,堦斒攠夘,姅幃夛幮僙儞僠儏儕乕僟僀僜乕,孠嶳,"=""06-6136-0555""",嬻桳,,6170006
揦曑(寶暔堦妵),R00175-014748,,,,嬻,岞奐壜,柍,330000,,2奒,1977擭12寧,嫗搒晎岦擔巗忋怉栰挰忋愳尨偺戄揦曑亂52捸亃,,嫗搒晎岦擔巗忋怉栰挰忋愳尨8-8,33000,,,3.30,,,,,174.00,52.63,6270,2026/07/02,"2025/05/29 13:25","2025/05/29 14:44",帺幮,堦斒攠夘,姅幃夛幮僙儞僠儏儕乕僟僀僜乕,孠嶳,"=""06-6136-0555""",嬻桳,,6170006
憅屔,R00175-014578,,,,巊梡拞,傾乕僇僀僽(惉栺),柍,990000,,奒,1975擭01寧,戝嶃巗楺懍嬫嶗愳4挌栚偺戄憅屔亂122捸亃,,戝嶃晎戝嶃巗楺懍嬫嶗愳係挌栚8-13,,,2700000,1980000,,,,392.10,405.12,122.54,8079,2025/05/28,"2025/03/12 13:13","2025/05/28 16:58",愭暔(拠夘),,掗捤嶳彜帠乮姅乯,-,"=""06-6672-5524""",,,5560022
憅屔,R00175-014585,,,,嬻,傾乕僇僀僽(惉栺),柍,493900,,1奒,-,戝嶃巗峘嬫攇彍1挌栚偺戄憅屔亂70捸亃,,戝嶃晎戝嶃巗峘嬫攇彍侾挌栚5-7,,,,692000,1482000,,,,233.15,70.52,7003,2025/05/28,"2025/03/13 14:11","2025/05/28 16:51",愭暔(拠夘),,僒儞僄僀晄摦嶻姅幃夛幮,-,"=""06-6567-7767""",,丒1奒晹暘,5520001
揦曑(寶暔堦妵),R00175-014268,,,,嬻,傾乕僇僀僽(惉栺),柍,550000,,奒,2013擭06寧,嫗搒晎撿扥巗敧栘挰栘尨壨尨偺戄揦曑亂58捸亃,,嫗搒晎撿扥巗敧栘挰栘尨壨尨1-1,,,,,3000000,,,1884.00,192.09,58.1,9466,2025/05/28,"2024/10/17 15:55","2025/05/28 16:40",愭暔(拠夘),,乮姅乯僯儏乕戝搒,-,"=""075-321-6033""",嬻桳,"2025.3.28丂彜択拞
宖嵹嫋壜偁傝2024.10,17 TEL偵偰",6290165
憅屔,R00175-013840,,,,嬻,岞奐壜,柍,715000,,奒,2022擭08寧,暫屔導扥攇巗昘忋挰嶸晘偺戄憅屔亂183捸亃,,暫屔導扥攇巗昘忋挰嶸晘526-2,,,3.00,1.00,,,,3334.19,606.00,183.31,3901,2026/06/30,"2024/03/15 10:29","2025/05/28 16:03",愭暔(拠夘),,乮姅乯傾僋僥傿僽儔僀僼丒僐僱僋僔儑儞,-,"=""0795-70-1300""",嬻桳,幚嵺偺廧強偼堘偄傑偡乮526亅2偺椬乯,6693652
戄抧,R00175-014569,,,,峏抧,傾乕僇僀僽(惉栺),柍,1879410,,奒,-,戝嶃巗峘嬫曎揤6挌栚偺戄抧亂593捸亃,,戝嶃晎戝嶃巗峘嬫曎揤俇挌栚6,,,6.00,,,,,1961.50,,593.35,3168,2025/05/16,"2025/03/06 14:32","2025/05/28 11:54",愭暔(拠夘),,僄僀儉丒僴僀乮姅乯,崅懞,"=""072-768-8745""",,仸暔妋偼扴摉幰実懷傑偱丗崅懞080-1456-6897,5520007
憅屔,R00175-014404,,,,巊梡拞,傾乕僇僀僽(惉栺),柍,435600,,奒,1979擭02寧,敧旜戞6憅屔/A嬫夋亂66捸亃,,戝嶃晎敧旜巗撿媣曮帥俁挌栚12-2,,,4.00,2.00,,,,1759.74,221.42,66.97,6504,2025/05/16,"2024/12/11 10:06","2025/05/27 17:16",帺幮,堦斒攠夘,姅幃夛幮僙儞僠儏儕乕僟僀僜乕,怷,"=""06-6136-0555""",嬻桳,"SB暔審乥扴摉丗怷偝傫
怽偟崬傒1審偁傝乮2斣庤埬撪壜乯
",5810076
戄抧,R00175-014561,,,,,傾乕僇僀僽(惉栺),柍,660000,,奒,-,堬栘巗戝帤愹尨偺戄抧亂490捸亃,,戝嶃晎堬栘巗戝帤愹尨56-2,,,,660000,,,,1620.00,,490.05,1347,2025/05/27,"2025/03/06 11:36","2025/05/27 16:33",愭暔(拠夘),,乮姅乯娭晄摦嶻,-,"=""072-657-8843""",,,5680097
憅屔,R00175-014087,,,,嬻,傾乕僇僀僽(惉栺),柍,187000,,奒,1972擭01寧,壀嶳導壀嶳巗拞嬫暯堜偺戄憅屔亂42捸亃,,壀嶳導壀嶳巗拞嬫暯堜1096-1,,,,,,,,,140.40,42.47,4404,2024/07/17,"2024/07/17 10:21","2025/05/27 10:16",愭暔(拠夘),,姅幃夛幮僉乕僞僂儞,-,"=""086-230-1143""",嬻桳,,7038282
憅屔,R00175-013897,,,,嬻,傾乕僇僀僽(惉栺),柍,660000,,奒,1970擭10寧,搶戝嶃戞37憅屔亂143捸亃,,戝嶃晎搶戝嶃巗杮彲俀挌栚2-6,,,,1.00,,,,685.00,473.74,143.3,4606,2025/05/23,"2024/04/05 11:42","2025/05/26 16:38",帺幮,堦斒攠夘,姅幃夛幮僙儞僠儏儕乕僟僀僜乕,媑揷夒,"=""06-6136-0555""",,"捓椏DOWN77枩仺66枩 2025.1.14
晘嬥丗側偟/楃嬥丗1儠寧偵曄峏丂2025.3.24仼晘嬥4儠寧佀2儠寧偵曄峏乮扐偟丄嬈庬偵傛偭偰偼3偐寧偺応崌偁傝丒丒岺応巊梡偺応崌側偳乯

仸媑揷夒偝傫SB扴摉暔審
捓椏DOWN88枩仺77枩丂2024.8.30",5780953
憅屔,R00175-014433,,,,巊梡拞,傾乕僇僀僽(惉栺),柍,1980000,,奒,1983擭01寧,愹杒孲拤壀挰拤壀杒2挌栚偺戄憅屔亂2535捸亃,,戝嶃晎愹杒孲拤壀挰拤壀杒俀挌栚10-30,,,6.00,,,,,3927.01,8382.76,2535.78,781,2025/04/17,"2025/01/07 11:55","2025/05/23 18:20",愭暔(拠夘),,嶃媫嶃恄晄摦嶻乮姅乯,嶳尦,"=""06-6376-4747""",,,5950811
憅屔,R00175-014622,,,,嬻,傾乕僇僀僽(惉栺),柍,330000,,奒,-,戝嶃巗廧媑嬫姟揷1挌栚偺戄憅屔亂52捸亃,,戝嶃晎戝嶃巗廧媑嬫姟揷侾挌栚3-6,,,,1.10,,,,,172.50,52.18,6325,2025/04/07,"2025/04/07 11:09","2025/05/23 18:01",愭暔(拠夘),,俬俽俵乮姅乯丂傾僷儅儞僔儑僢僾恓拞栰揦,-,"=""06-6769-0023""",,,5580011
揦曑(寶暔堦妵),R00175-014012,,,,嬻,傾乕僇僀僽(惉栺),柍,660000,,奒,1994擭12寧,嫗搒晎嫗搒巗塃嫗嬫惣嫗嬌杒棤挰偺戄揦曑亂58捸亃,,嫗搒晎嫗搒巗塃嫗嬫惣嫗嬌杒棤挰5-1,,,,,6.00,,,345.69,193.40,58.5,11282,2025/05/23,"2024/06/05 12:56","2025/05/23 16:46",愭暔(拠夘),,庪栰僐乕億儗乕僔儑儞,-,"=""075-791-1130""",嬻桳,"2025.05.23丂怽崬偁傝丂埬撪晄壜

2024.3.12丂捓椏曄峏
71.5枩仺66枩

",6150821
岺応,R00175-014320,,,,嬻,傾乕僇僀僽(惉栺),柍,750000,,奒,1970擭06寧,敧旜巗懢揷怴挰7挌栚偺戄岺応亂119捸亃,,戝嶃晎敧旜巗懢揷怴挰俈挌栚125,,,,,2000000,,,541.27,395.27,119.56,6273,2025/04/25,"2024/11/07 14:41","2025/05/23 13:38",愭暔(拠夘),,姅幃夛幮僐僗儌晄摦嶻忣曬丂搶戝嶃巟揦,-,"=""06-6748-7110""",,"2025.5.23丂彜択拞(2斣庤庴晅晄壜)
仺扴摉曄峏丗妢尨條丂090-6311-0233

暔妋偼扴摉幰丗暫摢條090-4493-8570-",5810039
憅屔,R00175-014177,,,,嬻,傾乕僇僀僽(惉栺),柍,27076800,,1奒,2024擭07寧,榓愹巗偁備傒栰1挌栚偺戄憅屔亂5565捸亃,,戝嶃晎榓愹巗偁備傒栰侾挌栚12,,,6.00,,,,,52432.43,18396.84,5565.04,4866,2025/05/22,"2024/09/05 14:14","2025/05/22 17:08",愭暔(拠夘),,僕乕僄儖傾乕儖僀儞儀僗僩儊儞僩姅幃夛幮,-,"=""03-5797-7822""",嬻桳,丒1奒ABC嬫夋,5941157
憅屔,R00175-014435,,,,嬻,傾乕僇僀僽(惉栺),柍,15980972,,1奒,2024擭07寧,榓愹巗偁備傒栰1挌栚偺戄憅屔亂3608捸亃,,戝嶃晎榓愹巗偁備傒栰侾挌栚12,,,6.00,,,,,52432.43,11928.90,3608.49,4429,2025/05/22,"2025/01/07 12:53","2025/05/22 13:48",愭暔(拠夘),,僕乕僄儖傾乕儖僀儞儀僗僩儊儞僩姅幃夛幮,-,"=""03-5797-7822""",嬻桳,丒1奒AB嬫夋,5941157
戄抧,R00175-014358,,,,屆壠晅,傾乕僇僀僽(惉栺),柍,800000,,奒,-,撧椙導惗嬵巗崅嶳挰偺戄搚抧亂813捸亃,,撧椙導惗嬵巗崅嶳挰4163,,,,,,,,2689.00,,813.42,984,2025/05/16,"2024/11/25 10:50","2025/05/22 10:59",帺幮,堦斒攠夘,姅幃夛幮僙儞僠儏儕乕僟僀僜乕,柤壝崃,"=""06-6136-0555""",,,6300101
戄抧,R00175-014260,,,,峏抧,岞奐壜,柍,229600,,奒,-,婒晫導梴榁孲梴榁挰壓妢偺戄抧亂328捸亃,,婒晫導梴榁孲梴榁挰壓妢2800-1,3300,,,,2.00,,,1084.87,,328.17,700,2026/05/27,"2024/10/15 09:54","2025/05/22 10:54",帺幮,堦斒攠夘,姅幃夛幮僙儞僠儏儕乕僟僀僜乕,曱嶳,"=""06-6136-0555""",,,5031384
憅屔,R00175-013761,,,,嬻,傾乕僇僀僽(惉栺),柍,440000,,奒,1992擭01寧,撧椙導揤棟巗挿暱挰偺戄憅屔亂407捸亃,,撧椙導揤棟巗挿暱挰1524,,,1.00,1.00,,,,1725.00,1346.03,407.17,1081,2025/05/20,"2024/02/06 14:39","2025/05/20 14:19",愭暔(拠夘),,姅幃夛幮僩僠僞僥價儖僨傿儞僌,-,"=""06-6975-7780""",,2025.5.20惉栺仺暅妶,6320062
岺応,R00175-014434,,,,巊梡拞,岞奐壜,柍,1100000,,奒,-,栧恀巗嶰僣搰2挌栚偺戄岺応亂268捸亃,,戝嶃晎栧恀巗嶰僣搰俀挌栚20-2,,,,1.00,4.00,,,,887.00,268.31,4100,2026/06/26,"2025/01/07 12:09","2025/05/19 16:27",愭暔(拠夘),,乮姅乯僗僥僀儚儞,-,"=""06-6358-5255""",,"2025.5.19丂捓椏曄峏
121枩仺110枩",5710015
憅屔,R00175-014442,,,,嬻,傾乕僇僀僽(惉栺),柍,352000,,1奒,1975擭11寧,枼柺巗埦惗奜堾1挌栚偺戄憅屔亂44捸亃,,戝嶃晎枼柺巗埦惗奜堾侾挌栚14,,22000,,1.00,2.00,,,,148.31,44.86,7846,2025/05/19,"2025/01/07 14:55","2025/05/19 15:37",愭暔(拠夘),,乮姅乯倀俶俬俻倀俤,-,"=""0725-23-2150""",嬻桳,2025.3.28丂彜択拞,5620025
憅屔,R00175-014589,,,,嬻,傾乕僇僀僽(惉栺),柍,385000,,奒,1997擭12寧,暫屔導擈嶈巗撿捤岥挰5挌栚偺戄憅屔亂44捸亃,,暫屔導擈嶈巗撿捤岥挰俆挌栚15-12,,,1.00,2.00,,,,,148.00,44.77,8600,2025/05/19,"2025/03/18 12:45","2025/05/19 14:58",愭暔(拠夘),,乮桳乯僔僗僥儉儔僀僼,-,"=""06-6438-3900""",柍,,6610012
憅屔,R00175-014599,,,,嬻,傾乕僇僀僽(惉栺),柍,350000,,奒,1991擭09寧,榓愹巗晎拞挰5挌栚偺戄憅屔亂102捸亃,,戝嶃晎榓愹巗晎拞挰俆挌栚9-25,,,,350000,770000,,,825.00,340.00,102.85,3404,2025/05/19,"2025/03/25 13:29","2025/05/19 14:46",愭暔(拠夘),,乮姅乯惣捯岺柋揦,-,"=""0725-40-2345""",嬻桳,,5940071
揦曑帠柋強(寶暔堦妵),R00175-014556,,,,,傾乕僇僀僽(惉栺),柍,352000,,奒,2019擭08寧,嫗搒晎忛梲巗帥揷広屻偺戄揦曑丒帠柋強亂58捸亃,,嫗搒晎忛梲巗帥揷広屻10-61,,,,,3.00,,1.00,,194.10,58.71,5996,2025/05/19,"2025/03/04 14:42","2025/05/19 14:42",愭暔(拠夘),,僙儞僠儏儕乕俀侾丂曚崅廧斕丂戝媣曐揦,-,"=""0120-023-911""",嬻桳,,6100121
憅屔,R00175-014325,,,,,傾乕僇僀僽(惉栺),柍,796950,,奒,-,撧椙導妺忛巗杒壴撪偺戄憅屔亂229捸亃,,撧椙導妺忛巗杒壴撪685-2,,,2.00,1.00,,,,1398.51,760.33,229.99,3466,2025/05/19,"2024/11/08 13:49","2025/05/19 14:26",愭暔(拠夘),,姅幃夛幮僩僠僞僥價儖僨傿儞僌,愇愳丗080-9438-2211,"=""06-6975-7780""",,"2025.4.28丂捓椏曄峏
79.695枩仺71.61枩",6392113
岺応,R00175-014292,,,,嬻,岞奐壜,柍,316250,,1奒,1981擭11寧,暫屔導恄屗巗恵杹嬫忢斦挰偺戄岺応亂49捸亃,,暫屔導恄屗巗恵杹嬫忢斦挰侾挌栚1-20,,26950,,1.00,,,,,164.78,49.84,6345,2026/06/05,"2024/10/28 12:54","2025/05/19 13:26",愭暔(拠夘),,姅幃夛幮偼偔偠傘晄摦嶻,-,"=""078-732-3683""",嬻桳,"丒101-103崋幒
丒2025/5/19壙奿曄峏丂357,500墌仺316,250墌傊",6540028
憅屔,R00175-014356,,,,嬻,傾乕僇僀僽(惉栺),柍,495000,,奒,2016擭01寧,撧椙導妧尨巗愳惣挰偺戄憅屔亂90捸亃,,撧椙導妧尨巗愳惣挰531-1,,4400,1.00,1.00,,,,320.00,298.10,90.17,5490,2025/03/28,"2024/11/20 10:54","2025/05/16 16:51",愭暔(拠夘),,乮姅乯俶俙俲俙俵倀俼俙,-,"=""0744-23-4980""",,,6340826
憅屔,R00175-014623,,,,嬻,傾乕僇僀僽(惉栺),柍,1540000,,奒,1998擭09寧,戝嶃巗掃尒嬫堬揷戝媨1挌栚偺戄憅屔亂280捸亃,,戝嶃晎戝嶃巗掃尒嬫堬揷戝媨侾挌栚7-52,,,2.00,2.00,,,,1371.00,927.52,280.57,5489,2025/04/07,"2025/04/07 11:23","2025/05/15 13:04",愭暔(拠夘),,搶掔晄摦嶻,-,"=""06-6912-6633""",嬻桳,,5380031
揦曑(寶暔堦妵),R00175-014460,,,,嬻,傾乕僇僀僽(惉栺),柍,396000,,1奒,1994擭02寧,嶰廳導埳夑巗椢働媢杮挰偺戄揦曑亂41捸亃,,嶰廳導埳夑巗椢働媢杮挰1674-6,,,,2.00,2.00,,,667.16,137.94,41.72,9491,2025/03/19,"2025/01/14 17:50","2025/05/13 17:20",帺幮,堦斒攠夘,姅幃夛幮僙儞僠儏儕乕僟僀僜乕,婽搰,"=""06-6136-0555""",嬻桳,"怽崬傒1審偁傝乮僠儑僐僓僢僾乯2025.4.21
2斣庤埬撪壜
2025.5.12宊栺梊掕",5180836
岺応,R00175-014438,,,,嬻,傾乕僇僀僽(惉栺),柍,550000,,奒,1989擭03寧,搶戝嶃巗愳拞偺戄岺応亂98捸亃,,戝嶃晎搶戝嶃巗愳拞5-11,,,2200000,1100000,,,,,325.42,98.43,5588,2025/03/04,"2025/01/07 13:45","2025/05/13 15:40",愭暔(拠夘),,乮姅乯僆僱僗僩,-,"=""072-915-8386""",嬻桳,"2025.5.13丂彜択拞(宊栺娫嬤)偺偨傔惉栺嵪傒

丒寶暔惣懁晹暘",5780902
憅屔,R00175-014112,,,,嬻,傾乕僇僀僽(惉栺),柍,4730000,,奒,1989擭03寧,搶戝嶃巗峳杮惣3挌栚偺戄憅屔亂951捸亃,,戝嶃晎搶戝嶃巗峳杮惣俁挌栚4-36,,,,,26000000,,,1149.90,3144.69,951.26,4973,2025/05/09,"2024/07/25 13:25","2025/05/09 11:31",愭暔(拠夘),,姅幃夛幮僋儗傾,-,"=""06-6781-2710""",嬻桳,2025.4.30丂曞廤堦扷掆巭拞,5770024
憅屔,R00175-014448,,,,巊梡拞,傾乕僇僀僽(惉栺),柍,396000,,奒,1986擭10寧,朙拞巗柤恄岥3挌栚偺戄憅屔亂60捸亃,,戝嶃晎朙拞巗柤恄岥俁挌栚1-31,,,,,3.00,,,,200.00,60.5,6546,2025/05/07,"2025/01/09 12:50","2025/05/07 15:19",愭暔(拠夘),,暈晹儔僀僼僒億乕僩乮姅乯,-,"=""06-6862-7000""",嬻桳,"暔妋丂070-7815-0714丂儈僂儔條
2025.4.22丂彜択拞
丒1丄2崋幒",5610841
岺応,R00175-014473,,,,,傾乕僇僀僽(惉栺),柍,1925000,,奒,1993擭01寧,搶戝嶃巗堫揷怴挰2挌栚偺戄岺応亂314捸亃,,戝嶃晎搶戝嶃巗堫揷怴挰俀挌栚10-29,,,3.00,1.00,,,,1569.82,1039.45,314.43,6123,2025/04/02,"2025/01/17 12:48","2025/05/01 13:24",愭暔(拠夘),,姅幃夛幮僩僠僞僥價儖僨傿儞僌,-,"=""06-6975-7780""",,丒攧攦偁傝丗B00175-000772,5770004
憅屔,R00175-014517,,,,,傾乕僇僀僽(惉栺),柍,418000,,奒,1984擭01寧,戝嶃巗埉嬫愒愳4挌栚偺戄憅屔亂163捸亃,,戝嶃晎戝嶃巗埉嬫愒愳係挌栚7-15,,,,,1140000,,,,540.00,163.35,2559,2025/04/30,"2025/02/06 14:26","2025/04/30 16:15",愭暔(拠夘),,姅幃夛幮僐僗儌晄摦嶻忣曬丂搶戝嶃巟揦,暫摢,"=""06-6748-7110""",,丒A,5350005
憅屔,R00175-014600,,,,,傾乕僇僀僽(惉栺),柍,990000,,奒,1999擭01寧,暫屔導恄屗巗搶撳嬫屼塭捤挰2挌栚偺戄憅屔亂59捸亃,,暫屔導恄屗巗搶撳嬫屼塭捤挰俀挌栚5-11,,,6.00,3.00,,,,347.32,196.88,59.55,16623,2025/03/25,"2025/03/25 13:47","2025/04/30 10:48",愭暔(拠夘),,乮姅乯僙僽儞,-,"=""078-331-6731""",嬻桳,丒攧攦偁傝丗B00175-000780,6580044
憅屔,R00175-014514,,,,,傾乕僇僀僽(惉栺),柍,747450,,1奒,1972擭05寧,暫屔導恄屗巗搶撳嬫屼塭杮挰5挌栚偺戄憅屔亂150捸亃,,暫屔導恄屗巗搶撳嬫屼塭杮挰俆挌栚1-22,,,6.00,3.00,,,,,499.17,150.99,4951,2025/04/28,"2025/02/06 13:42","2025/04/28 16:38",愭暔(拠夘),,"姅幃夛幮僔乕傾乕儖僀乕 戝嶃塩嬈強",奓徖,"=""06-6225-3161""",嬻桳,丒1奒堦嬫夋,6580046
憅屔,R00175-014201,,,,,傾乕僇僀僽(惉栺),柍,600000,,奒,2000擭06寧,暫屔導嶰揷巗崅師1挌栚偺戄憅屔亂82捸亃,,暫屔導嶰揷巗崅師侾挌栚12-10,,,4.00,2.00,,,,1746.00,273.00,82.58,7266,2025/04/28,"2024/09/13 12:08","2025/04/28 16:31",愭暔(拠夘),,姅幃夛幮僩僠僞僥價儖僨傿儞僌,-,"=""06-6975-7780""",嬻桳,"2025.1.15丗暔審妋擣FAX憲晅嵪傒丂柤壝崃
",6691512
憅屔,R00175-014101,,,,嬻,傾乕僇僀僽(惉栺),柍,390000,,奒,1984擭06寧,戝嶃巗掃尒嬫崱捗拞5挌栚偺戄憅屔亂74捸亃,,戝嶃晎戝嶃巗掃尒嬫崱捗拞俆挌栚8-4,,,4.00,2.00,,,,135.16,247.40,74.83,5212,2025/04/28,"2024/07/18 12:09","2025/04/28 16:23",愭暔(拠夘),,姅幃夛幮僩僠僞僥價儖僨傿儞僌,-,"=""06-6975-7780""",嬻桳,"捓椏DOWN45枩仺39枩2025.1.29
",5380042
憅屔,R00175-014593,,,,巊梡拞,傾乕僇僀僽(惉栺),柍,800000,,奒,2021擭04寧,暫屔導柧愇巗擇尒挰撿擇尒偺戄憅屔亂181捸亃,,暫屔導柧愇巗擇尒挰撿擇尒17-12,,,,,3.00,,,1000.01,598.40,181.01,4420,2025/03/24,"2025/03/24 10:37","2025/04/28 15:45",帺幮,堦斒攠夘,姅幃夛幮僙儞僠儏儕乕僟僀僜乕,媑揷夒,"=""06-6136-0555""",嬻桳,宊栺梊掕丅2斣庤埬撪晄壜,6740093
岺応,R00175-014347,,,,巊梡拞,傾乕僇僀僽(惉栺),柍,330000,,奒,-,戝嶃巗惗栰嬫扚惣2挌栚偺戄岺応亂37捸亃,,戝嶃晎戝嶃巗惗栰嬫扚惣俀挌栚15-19,,,990000,990000,,,,,123.13,37.24,8860,2025/04/28,"2024/11/19 13:19","2025/04/28 15:35",愭暔(拠夘),,嶳堦僴僂僗乮姅乯,-,"=""06-6758-0100""",,彜択拞2025.2.7,5440012
岺応,R00175-014064,,,,嫃廧拞,傾乕僇僀僽(惉栺),柍,600000,,奒,1990擭07寧,暫屔導扥攇幝嶳巗杒栰偺戄岺応亂435捸亃,,暫屔導扥攇幝嶳巗杒栰63,,,3.00,,,,,3075.41,1438.68,435.2,1379,2025/04/25,"2024/07/04 13:46","2025/04/25 15:17",愭暔(拠夘),,俶俷丏侾乮姅乯,-,"=""082-250-3494""",嬻桳,"2025.3.31丂彜択拞
捓椏DOWN66.6枩仺60枩2024.8.21",6692824
憅屔,R00175-014474,,,,嬻,傾乕僇僀僽(惉栺),柍,495000,,奒,1989擭11寧,愛捗巗撿暿晎挰偺戄憅屔亂71捸亃,,戝嶃晎愛捗巗撿暿晎挰1-37,,3000,,,3630000,,,,236.88,71.65,6908,2025/04/25,"2025/01/20 11:40","2025/04/25 09:57",愭暔(拠夘),,榓揷嶻嬈姅幃夛幮,-,"=""072-654-0181""",嬻桳,捓椏DOWN60.5枩佀49.5枩丂2025.2.21,5660045
憅屔,R00175-014649,,,,巊梡拞,傾乕僇僀僽(惉栺),柍,330000,,奒,-,愹嵅栰巗惣杮挰偺戄憅屔亂114捸亃,,戝嶃晎愹嵅栰巗惣杮挰16-18,,,,1.00,1.00,,,405.05,378.00,114.34,2887,2025/04/17,"2025/04/17 13:31","2025/04/24 10:25",愭暔(拠夘),,偐偠偣晄摦嶻,-,"=""072-464-6335""",嬻桳,,5980042
揦曑(寶暔堦妵),R00175-014522,,,,巊梡拞,傾乕僇僀僽(惉栺),柍,550000,,奒,1996擭06寧,嶄巗杒嬫憼慜挰3挌偺戄揦曑亂43捸亃,,戝嶃晎嶄巗杒嬫憼慜挰俁挌1-41,,,,,4000000,,,471.00,144.00,43.56,12627,2025/04/11,"2025/02/12 12:00","2025/04/23 17:16",愭暔(拠夘),,,嫶杮,"=""090-3038-0995""",嬻桳,,5918004
戄抧,R00175-013912,,,,峏抧,傾乕僇僀僽(惉栺),柍,1200000,,奒,-,嫗搒晎嫗搒巗撿嬫搶嬨忦撿愇揷挰偺戄抧亂379捸亃,,嫗搒晎嫗搒巗撿嬫搶嬨忦撿愇揷挰75,,,6.00,1.00,,,,1256.19,,379.99,3158,2025/03/19,"2024/04/09 17:56","2025/04/23 16:26",帺幮,堦斒攠夘,姅幃夛幮僙儞僠儏儕乕僟僀僜乕,柤壝崃,"=""06-6136-0555""",,,6018033
揦曑(寶暔堦妵),R00175-014363,,,,巊梡拞,傾乕僇僀僽(惉栺),柍,1320000,,奒,2014擭03寧,愛捗巗搶暿晎3挌栚偺戄揦曑亂56捸亃,,戝嶃晎愛捗巗搶暿晎俁挌栚8-11,,,6.00,2.00,,,,1879.44,187.00,56.56,23335,2025/04/22,"2024/11/27 13:24","2025/04/22 15:50",愭暔(拠夘),,姅幃夛幮僀儅僗丂棳捠帠嬈晹,-,"=""06-6209-7373""",嬻桳,"暔妋FAX憲怣嵪 2025.2.6摗尨
2025.1.16丗暔妋妋擣FAX憲怣拞丂柤壝崃
峀崘晄壜儅僢僠儞僌偺傒",5660042
憅屔,R00175-014300,,,,巊梡拞,傾乕僇僀僽(惉栺),柍,396000,,1奒,1976擭05寧,戝嶃巗戝惓嬫嶰尙壠搶4挌栚偺戄憅屔亂45捸亃,,戝嶃晎戝嶃巗戝惓嬫嶰尙壠搶係挌栚7-8,,,1440000,792000,,,,172.40,148.89,45.03,8793,2025/04/22,"2024/11/01 13:21","2025/04/22 15:49",愭暔(拠夘),,姅幃夛幮僀儅僗丂棳捠帠嬈晹,-,"=""06-6209-7373""",,-,5510002
憅屔,R00175-014267,,,,嬻,傾乕僇僀僽(惉栺),柍,880000,,奒,1999擭07寧,庣岥巗敧塤拞挰3挌栚偺戄憅屔亂104捸亃,,戝嶃晎庣岥巗敧塤拞挰俁挌栚13-45,,,4000000,,,,,333.72,345.41,104.48,8423,2025/04/22,"2024/10/17 15:38","2025/04/22 15:48",愭暔(拠夘),,姅幃夛幮僀儅僗丂棳捠帠嬈晹,-,"=""06-6209-7373""",嬻桳,-,5700005
憅屔,R00175-014386,,,,巊梡拞,傾乕僇僀僽(惉栺),柍,990000,,奒,1994擭04寧,嫗搒晎嫗搒巗暁尒嬫抾揷杒嶰僣峐挰偺戄憅屔亂120捸亃,,嫗搒晎嫗搒巗暁尒嬫抾揷杒嶰僣峐挰21,,,5400000,1980000,,,,372.00,397.80,120.33,8228,2025/04/22,"2024/12/05 13:36","2025/04/22 15:43",愭暔(拠夘),,姅幃夛幮僀儅僗丂棳捠帠嬈晹,-,"=""06-6209-7373""",嬻桳,"暔妋FAX憲怣嵪 2025.2.6摗尨
2025.1.16丗暔妋妋擣FAX憲怣拞丂柤壝崃
",6128419
憅屔,R00175-013888,,,,嬻,傾乕僇僀僽(惉栺),柍,407000,,奒,-,榓愹巗嶰椦挰偺戄憅屔亂133捸亃,,戝嶃晎榓愹巗嶰椦挰1085-1,,,465500,512050,,,,,440.00,133.1,3058,2025/04/22,"2024/04/04 12:52","2025/04/22 15:22",愭暔(拠夘),,桳尷夛幮埉寶戸晄摦嶻,-,"=""0725-57-3231""",,捓椏DOWN51.205枩仺40.7枩,5941112
戄抧,R00175-013722,,,,峏抧,傾乕僇僀僽(惉栺),柍,550000,,奒,-,暫屔導擈嶈巗嶰斀揷挰1挌栚偺戄抧亂193捸亃,,暫屔導擈嶈巗嶰斀揷挰侾挌栚(13-5),,,3.00,1.00,,,,641.31,,193.99,2836,2025/04/22,"2024/01/22 11:10","2025/04/22 14:37",愭暔(拠夘),,揤恄嫶晄摦嶻姅幃夛幮,-,"=""06-4400-7890""",,"丒帠嬈寁夋偁傝偺偨傔抁婜戄偟婓朷

丒応強丗僌乕僌儖儅僢僾偱偼丄嶰斀揷挰1挌栚13-5乮僪儕乕儉乯愓抧",6610024
憅屔,R00175-014324,,,,嬻,傾乕僇僀僽(惉栺),柍,450000,,奒,1977擭05寧,塇塯栰巗栰偺戄憅屔亂117捸亃,,戝嶃晎塇塯栰巗栰350-1,,,2.00,1.00,,,,241.82,387.66,117.26,3838,2025/04/22,"2024/11/08 13:21","2025/04/22 14:24",愭暔(拠夘),,嶰婎寶愝乮姅乯嶄揦,挔,"=""072-233-0999""",柍,,5830884
戄抧,R00175-013704,,,,峏抧,傾乕僇僀僽(惉栺),柍,500000,,奒,-,暫屔導壛屆愳巗暯壀挰嶳擵忋偺戄抧亂856捸亃,,暫屔導壛屆愳巗暯壀挰嶳擵忋294-1,,,1000000,,,10.00,,2832.00,,856.68,584,2025/04/22,"2024/01/17 11:04","2025/04/22 14:02",愭暔(拠夘),,儅僄僇儚晄摦嶻,-,"=""079-424-0455""",,惥栺佀暅妶2025.2.12,6750112
憅屔,R00175-014381,,,,,傾乕僇僀僽(惉栺),柍,2640000,,奒,2006擭01寧,戝嶃巗惣梽愳嬫壧搰4挌栚偺戄憅屔亂337捸亃,,戝嶃晎戝嶃巗惣梽愳嬫壧搰係挌栚4-13,,,,,24000000,,,1099.05,1116.30,337.68,7819,2025/04/22,"2024/12/03 14:25","2025/04/22 13:38",愭暔(拠夘),,乮姅乯擔杮僒僽儕乕僗,-,"=""06-6180-5361""",嬻桳,"2025.2.26丂怽崬偁傝偺堊丄尰嵼偼埬撪晄壜
2025.2.18丂彜択拞
丒JW35",5550021
憅屔,R00175-013938,,,,嬻,傾乕僇僀僽(惉栺),柍,2200000,,3奒,1984擭02寧,搶戝嶃巗堖悹5挌栚偺戄憅屔亂800捸亃,,戝嶃晎搶戝嶃巗堖悹俆挌栚1-25,,,,,6.00,,,,2647.17,800.76,2748,2025/04/22,"2024/04/18 13:20","2025/04/22 13:30",愭暔(拠夘),,乮桳乯僸儔僆嶻嬈,崟揷丗090-8575-4297,"=""06-6721-8135""",嬻桳,"2025/2/4丂侾斣庤怽崬偁傝佀俀斣庤偱埬撪壜

2024擭11寧19擔丂壙奿曄峏丂297枩佀220枩
",5770827
憅屔,R00175-014554,,,,巊梡拞,傾乕僇僀僽(惉栺),柍,1760000,,奒,2002擭09寧,嫗搒晎嫗搒巗暁尒嬫墶戝楬揤墹慜偺戄憅屔亂237捸亃,,嫗搒晎嫗搒巗暁尒嬫墶戝楬揤墹慜52-1,,,,,10000000,,,2200.00,784.50,237.31,7417,2025/03/03,"2025/03/03 13:19","2025/04/22 11:30",愭暔(拠夘),,桳尷夛幮杧揷晄摦嶻,-,"=""075-621-8830""",嬻桳,3.7丗彜択拞,6128294
憅屔,R00175-014080,,,,嬻,傾乕僇僀僽(惉栺),柍,1210000,,奒,1990擭08寧,搶戝嶃巗墶枍惣偺戄憅屔亂279捸亃,,戝嶃晎搶戝嶃巗墶枍惣10-5,,,,,6600000,,,,923.31,279.3,4333,2025/02/17,"2024/07/11 13:22","2025/04/21 14:31",愭暔(拠夘),,嬻娫寁夋僄僗僥乕僩桳尷夛幮,-,"=""072-960-3257""",嬻桳,2024.9.30丂彜択拞丂2斣庤晄壜,5780956
憅屔,R00175-014291,,,,嬻,傾乕僇僀僽(惉栺),柍,420000,,奒,1980擭08寧,戝嶃巗梽愳嬫栘愳惣3挌栚偺戄憅屔亂69捸亃,,戝嶃晎戝嶃巗梽愳嬫栘愳惣俁挌栚6-2,,,840000,420000,,,,231.40,231.19,69.93,6006,2025/04/21,"2024/10/25 13:13","2025/04/21 13:57",愭暔(拠夘),,嶰婎寶愝乮姅乯,-,"=""06-6304-0999""",嬻桳,-,5320013
憅屔,R00175-014498,,,,嬻,傾乕僇僀僽(惉栺),柍,352000,,奒,2021擭10寧,搶戝嶃巗攼揷惣2挌栚偺戄憅屔亂54捸亃,,戝嶃晎搶戝嶃巗攼揷惣俀挌栚7-18,,,1056000,1056000,,,,,180.00,54.45,6465,2025/04/21,"2025/01/29 11:11","2025/04/21 09:08",愭暔(拠夘),,嶳堦僴僂僗乮姅乯,-,"=""06-6758-0100""",嬻桳,-,5770835
憅屔,R00175-014421,,,,巊梡拞,傾乕僇僀僽(惉栺),柍,770000,,1奒,-,戝嶃巗搶惉嬫怺峕杒2挌栚偺戄憅屔亂205捸亃,,戝嶃晎戝嶃巗搶惉嬫怺峕杒俀挌栚20-3,,,2.00,2.00,,,,803.46,679.80,205.63,3745,2025/04/15,"2024/12/20 11:44","2025/04/15 13:05",愭暔(拠夘),,姅幃夛幮僩僠僞僥價儖僨傿儞僌,-,"=""06-6975-7780""",嬻桳,丒応強丗僌乕僌儖儅僢僾偱偼丄怺峕杒2挌栚7-18乮姅乯旘捁偺惣懁,5370001
戄抧,R00175-014516,,,,峏抧,傾乕僇僀僽(惉栺),柍,300000,,奒,-,戝嶃嫹嶳巗嶳杮拞偺戄抧亂302捸亃,,戝嶃晎戝嶃嫹嶳巗嶳杮拞364-3,,,,3.00,,,,1000.00,,302.5,992,2025/04/11,"2025/02/06 14:13","2025/04/11 16:47",愭暔(拠夘),,僞僇儔儂乕儉,-,"=""072-286-3339""",,,5890034
憅屔,R00175-014538,,,,嬻,傾乕僇僀僽(惉栺),柍,825000,,奒,1975擭03寧,戝嶃巗崯壴嬫弔擔弌拞1挌栚偺戄憅屔亂90捸亃,,戝嶃晎戝嶃巗崯壴嬫弔擔弌拞侾挌栚11-21,,,4.00,2.00,,,,318.40,300.82,90.99,9067,2025/04/11,"2025/02/18 13:23","2025/04/11 16:34",愭暔(拠夘),,僂僄儅僠僾儔僗丂僂僄儅僠晄摦嶻乮姅乯,-,"=""06-6191-8181""",,2025.2.25丂尦乆僆乕僫乕條偑慏偺僄儞僕儞側偳偺岺応偲偟偰棙梡偟偰偄偨堊丄丂嬥懏壛岺側偳憡択壜丅,5540022
揦曑帠柋強(寶暔堦妵),R00175-014139,,,,嬻,傾乕僇僀僽(惉栺),柍,3968800,,奒,1989擭07寧,戝嶃巗暉搰嬫嶋廎4挌栚偺戄揦曑丒帠柋強亂451捸亃,,戝嶃晎戝嶃巗暉搰嬫嶋廎係挌栚1-16,536800,,6.00,2.00,,,,,1493.27,451.71,8787,2025/04/11,"2024/08/06 13:36","2025/04/11 16:26",愭暔(拠夘),,乮姅乯捯晄摦嶻,-,"=""06-6343-3155""",嬻桳,2025.2.7彜択拞,5530002
憅屔,R00175-014395,,,,巊梡拞,傾乕僇僀僽(惉栺),柍,188000,,奒,1996擭06寧,LLC妟挰21杒憅屔|202崋亂36捸亃," ",戝嶃晎娸榓揷巗彫徏棦挰2333-2,,2200,4.00,2.00,,,,691.70,120.94,36.58,5139,2025/02/19,"2024/12/06 13:29","2025/04/11 16:11",帺幮,堦斒攠夘,姅幃夛幮僙儞僠儏儕乕僟僀僜乕,搰杮,"=""06-6136-0555""",嬻桳,"仸僆乕僫乕帠忣偵傛傝堦抂丄旕宖嵹
捓椏撪栿
捓椏丗167,200墌乮惻崬乯
嫟塿旓丗2,095墌乮惻崬乯
挰夛旓丗500墌乮惻崬乯
TOTAL: 169,295墌乮惻崬乯",5960821
憅屔,R00175-014391,,,,巊梡拞,傾乕僇僀僽(惉栺),柍,188000,,奒,1996擭06寧,LLC妟挰21杒憅屔|201崋亂36捸亃," ",戝嶃晎娸榓揷巗彫徏棦挰2333-2,,2200,4.00,2.00,,,,691.70,120.94,36.58,5139,2025/02/19,"2024/12/06 10:28","2025/04/11 16:11",帺幮,堦斒攠夘,姅幃夛幮僙儞僠儏儕乕僟僀僜乕,搰杮,"=""06-6136-0555""",嬻桳,"仸僆乕僫乕帠忣偵傛傝堦抂丄旕宖嵹
捓椏撪栿
捓椏丗164,450墌乮惻崬乯
嫟塿旓丗2,095墌乮惻崬乯
挰夛旓丗500墌乮惻崬乯
TOTAL: 167,045墌乮惻崬乯

斅嬥NG",5960821
憅屔,R00175-014608,,,,巊梡拞,傾乕僇僀僽(惉栺),柍,188000,,奒,1996擭06寧,LLC妟挰21撿憅屔|102崋亂36捸亃,,戝嶃晎娸榓揷巗彫徏棦挰2333-2,,2200,4.00,2.00,,,,691.70,120.94,36.58,5139,2025/04/02,"2025/04/02 09:51","2025/04/11 16:10",帺幮,堦斒攠夘,姅幃夛幮僙儞僠儏儕乕僟僀僜乕,搰杮,"=""06-6136-0555""",嬻桳,"
捓椏撪栿
捓椏丗167,200墌乮惻崬乯
嫟塿旓丗2,095墌乮惻崬乯
挰夛旓丗500墌乮惻崬乯
TOTAL: 169,295墌乮惻崬乯",5960821
憅屔,R00175-013894,,,,嬻,傾乕僇僀僽(惉栺),柍,495000,,奒,1998擭01寧,敧旜巗悈墇1挌栚偺戄憅屔亂120捸亃,,戝嶃晎敧旜巗悈墇侾挌栚16-2,,,2.00,3.00,,,,330.00,396.72,120,4125,2025/04/11,"2024/04/04 14:24","2025/04/11 15:54",愭暔(拠夘),,傾乕僶儞僋儕僄乕僔儑儞,-,"=""06-6281-1881""",嬻桳,"2024.4.15 怽崬彂1審丂宊栺彂嶌惉拞抜奒傑偱棃偰偄傞堊2斣庤徯夘晄壜",5810856
戄抧,R00175-014506,,,,峏抧,傾乕僇僀僽(惉栺),柍,552000,,奒,-,崅捨巗徏偑媢1挌栚偺戄抧亂196捸亃,,戝嶃晎崅捨巗徏偑媢侾挌栚16,,,,2.00,2.00,,,650.00,,196.62,2808,2025/04/11,"2025/02/03 14:27","2025/04/11 15:47",愭暔(拠夘),,乮姅乯峛榓價儖僪,-,"=""072-683-2960""",,丒A崋抧,5691031
憅屔,R00175-014126,,,,嬻,傾乕僇僀僽(惉栺),柍,550000,,奒,1999擭04寧,撧椙導揤棟巗朙揷挰偺戄憅屔亂270捸亃,,撧椙導揤棟巗朙揷挰235,,,2.00,2.00,,,,703.00,894.00,270.43,2034,2025/04/11,"2024/08/01 13:28","2025/04/11 15:18",愭暔(拠夘),,乮姅乯戝抧,-,"=""072-937-2760""",嬻桳,,6320012
岺応,R00175-014467,,,,,傾乕僇僀僽(惉栺),柍,462000,,奒,2005擭05寧,榓壧嶳導榓壧嶳巗廙捗挰3挌栚偺戄岺応亂101捸亃,,榓壧嶳導榓壧嶳巗廙捗挰俁挌栚4,,,,2.00,2.00,,,696.09,336.16,101.68,4544,2025/04/11,"2025/01/16 13:33","2025/04/11 14:46",愭暔(拠夘),,(姅)僼僕僔儅晄摦嶻,-,"=""073-499-8000""",,,6408255
岺応,R00175-014371,,,,巊梡拞,傾乕僇僀僽(惉栺),柍,2650000,,奒,1992擭03寧,戝嶃巗廧擵峕嬫撿峘搶3挌栚偺戄岺応亂524捸亃,,戝嶃晎戝嶃巗廧擵峕嬫撿峘搶俁挌栚3-17,,,,,7950000,,,1989.62,1732.45,524.06,5057,2025/04/11,"2024/11/28 11:56","2025/04/11 14:33",愭暔(拠夘),,乮姅乯僐僗儌晄摦嶻忣曬丂杮幮丂惣戝嶃尋媶強,扢堜丗080-6232-8707,"=""06-6551-1127""",,仸峀崘晄壜,5590031
憅屔,R00175-014503,,,,,傾乕僇僀僽(惉栺),柍,4950000,,奒,1988擭01寧,戝嶃巗廧擵峕嬫撿峘搶8挌栚偺戄憅屔亂968捸亃,,戝嶃晎戝嶃巗廧擵峕嬫撿峘搶俉挌栚2-60,,,2.00,1.00,,,,,3201.48,968.44,5112,2025/04/11,"2025/02/03 13:35","2025/04/11 14:04",愭暔(拠夘),,乮姅乯俲俙俿俙俬,-,"=""06-4305-3232""",嬻桳,,5590031
戄抧,R00175-014339,,,,峏抧,傾乕僇僀僽(惉栺),柍,360000,,奒,-,暫屔導壛搶巗搶幚偺戄抧亂363捸亃,,暫屔導壛搶巗搶幚781-1,,,2.00,2.00,,,,1200.00,,363,992,2025/04/11,"2024/11/14 10:42","2025/04/11 14:04",愭暔(拠夘),,乮桳乯僫僈僀僄僗僥乕僩,-,"=""0795-43-0011""",,,6731434
岺応,R00175-014546,,,,寶抸拞,傾乕僇僀僽(惉栺),柍,935000,,奒,2025擭05寧,暫屔導壛惣巗闓栰挰偺戄岺応亂154捸亃,,暫屔導壛惣巗闓栰挰1962-1,,,3.00,1.00,,1.00,,,512.00,154.88,6037,2025/02/25,"2025/02/25 11:39","2025/04/10 16:38",愭暔(拠夘),,乮姅乯儀僗僩憂旤丂壛惣帠柋強,-,"=""0790-42-6608""",,,6752103
憅屔,R00175-014213,,,,嬻,傾乕僇僀僽(惉栺),柍,880000,,奒,1973擭06寧,戝嶃巗惣梽愳嬫戝榓揷2挌栚偺戄憅屔亂187捸亃,,戝嶃晎戝嶃巗惣梽愳嬫戝榓揷俀挌栚1-20,,,4.00,,,3.00,,,619.40,187.36,4697,2025/04/10,"2024/09/20 13:38","2025/04/10 10:08",愭暔(拠夘),,姅幃夛幮屲戝,戝懞丗090-8655-8551,"=""06-6467-5230""",,"2024.10.17 壒弌傞嬈庬NG",5550032
憅屔,R00175-014214,,,,,傾乕僇僀僽(惉栺),柍,968000,,奒,2024擭09寧,戝嶃巗掃尒嬫墶掔2挌栚偺戄憅屔亂76捸亃,,戝嶃晎戝嶃巗掃尒嬫墶掔俀挌栚22-4,,,2.00,1936000,,,,236.51,253.00,76.53,12649,2025/02/04,"2024/09/20 13:54","2025/04/07 11:16",愭暔(拠夘),,乮姅乯娭惣惉搇岺柋揦,-,"=""072-646-5001""",嬻桳,,5380052
揦曑(寶暔堦妵),R00175-014428,,,,嬻,傾乕僇僀僽(惉栺),柍,,,奒,2015擭01寧,戝嶃巗梽愳嬫怴崅俀挌栚偺戄揦曑亂49捸亃,,戝嶃晎戝嶃巗梽愳嬫怴崅俀挌栚2-10,,,4.00,2.00,,,,385.65,162.84,49.25,,2025/03/19,"2024/12/25 18:14","2025/04/07 09:21",帺幮,堦斒攠夘,姅幃夛幮僙儞僠儏儕乕僟僀僜乕,柤壝崃,"=""06-6136-0555""",嬻桳,77枩,5320033
戄抧,R00175-013995,,,,峏抧,傾乕僇僀僽(惉栺),柍,554600,,奒,-,嫗搒晎忛梲巗悈庡怷僲搶偺戄抧亂566捸亃,,嫗搒晎忛梲巗悈庡怷僲搶3,,,3.00,,,,,1871.13,,566.01,980,2025/04/03,"2024/05/28 13:02","2025/04/03 17:13",愭暔(拠夘),,乮姅乯僴僂僗僾儘僕僃僋僩,-,"=""075-602-1023""",,"丒3崋抧
嫗搒晎忛梲巗悈庡怷僲搶侾亅俉偺椬

",6100118
憅屔,R00175-014509,,,,嬻,傾乕僇僀僽(惉栺),柍,352000,,奒,-,戝嶃巗惣梽愳嬫昉搰5挌栚偺戄憅屔亂47捸亃,,戝嶃晎戝嶃巗惣梽愳嬫昉搰俆挌栚1-16,,,2.00,2.00,,,,,155.88,47.15,7465,2025/04/03,"2025/02/03 15:16","2025/04/03 17:10",愭暔(拠夘),,乮姅乯俙乕俷値倕,-,"=""06-4808-0992""",,,5550033
岺応,R00175-014230,,,,嬻,傾乕僇僀僽(惉栺),柍,1100000,,奒,1981擭11寧,暫屔導柧愇巗擇尒挰撿擇尒偺戄岺応亂261捸亃,,暫屔導柧愇巗擇尒挰撿擇尒19-9,,,6000000,2000000,,,,1000.01,864.26,261.43,4208,2025/03/11,"2024/10/01 15:35","2025/04/02 17:34",愭暔(拠夘),,乮姅乯埨怱僒億乕僩晄摦嶻,-,"=""0798-31-6123""",,"2025.4.1 暔妋帪丂曞廤庢傝壓偘",6740093
憅屔,R00175-014513,,,,巊梡拞,傾乕僇僀僽(惉栺),柍,880000,,奒,1984擭12寧,搶戝嶃巗愳枔1挌栚偺戄憅屔亂118捸亃,,戝嶃晎搶戝嶃巗愳枔侾挌栚11-40,,,4.00,2.00,,,,,392.21,118.64,7418,2025/02/14,"2025/02/06 13:34","2025/04/02 11:18",愭暔(拠夘),,姅幃夛幮嫽塰彜帠,-,"=""06-6783-5136""",嬻桳,,5770063
憅屔,R00175-014264,,,,嬻,傾乕僇僀僽(惉栺),柍,715000,,奒,1977擭04寧,嶄巗拞嬫搚搩挰偺戄憅屔亂105捸亃,,戝嶃晎嶄巗拞嬫搚搩挰2067-3,,,,,3000000,,,696.00,350.00,105.87,6754,2024/10/15,"2024/10/15 15:04","2025/03/31 23:05",愭暔(拠夘),,擔惗廧戭(姅),-,"=""072-287-2678""",嬻桳,,5998234
戄抧,R00175-014123,,,,峏抧,岞奐壜,柍,495000,,奒,-,榓愹巗弔栘挰偺戄抧亂882捸亃,,戝嶃晎榓愹巗弔栘挰585-1,,,,,1485000,,,2916.04,,882.1,562,2026/06/18,"2024/07/30 13:29","2025/03/31 23:05",愭暔(拠夘),,乮姅乯僐僗儌晄摦嶻忣曬丂撿戝嶃巟揦,-,"=""072-433-2580""",,"
丒応強丗弔栘挰585-1杒懁",5941141
戄抧,R00175-014066,,,,峏抧,傾乕僇僀僽(惉栺),柍,350000,,奒,-,娸榓揷巗嶳捈拞挰偺戄抧亂324捸亃,,戝嶃晎娸榓揷巗嶳捈拞挰411-3,,,1.00,,4.00,,,1074.00,,324.88,1078,2024/08/01,"2024/07/04 14:20","2025/03/31 23:05",愭暔(拠夘),,姅幃夛幮僕僃乕丒僺乕丒僨傿乕惔悈,-,"=""075-951-3333""",,仸応強偼惓妋偱偼偁傝傑偣傫丅妋擣偍婅偄偟傑偡丅,5960102
揦曑帠柋強(寶暔堦妵),R00175-014021,,,,嬻,傾乕僇僀僽(惉栺),柍,770000,,奒,1993擭07寧,嶄巗拞嬫敧揷惣挰2挌偺戄揦曑丒帠柋強亂95捸亃,,戝嶃晎嶄巗拞嬫敧揷惣挰俀挌19-35,,,6.00,,,3.00,,,316.84,95.84,8034,2024/08/08,"2024/06/10 13:39","2025/03/31 23:05",愭暔(拠夘),,側偛傒晄摦嶻,-,"=""072-370-0001""",嬻桳,,5998265
戄抧,R00175-013959,,,,峏抧,傾乕僇僀僽(惉栺),柍,380000,,奒,-,榓愹巗暓暲挰偺戄抧亂776捸亃,,戝嶃晎榓愹巗暓暲挰165,,,,,5.00,,,2568.56,,776.98,490,2025/01/23,"2024/05/08 13:15","2025/03/31 23:05",愭暔(拠夘),,乮桳乯嬤婨僄僗僥乕僩,-,"=""072-958-2828""",,"暔妋丗揷壀條丂090-3160-5283

峏偵墑婜偱11寧傛傝岺帠偵擖傞偺偱3~4偐寧掱偐偐傞偲偺偙偲 2024.10.8仼2024.6.13 尰忬偺擾揮怽惪拞丂抶偔偲傕9寧偵偼姰椆偡傞",5941136
揦曑帠柋強(寶暔堦妵),R00175-013944,,,,嬻,傾乕僇僀僽(惉栺),柍,495000,,奒,1990擭10寧,嶄巗拞嬫怺堜悈抮挰偺戄揦曑丒帠柋強亂55捸亃,,戝嶃晎嶄巗拞嬫怺堜悈抮挰3134,,,2.00,1.00,,,,540.00,182.00,55.05,8992,2024/04/19,"2024/04/19 12:21","2025/03/31 23:05",愭暔(拠夘),,乮姅乯榓彜晄摦嶻,-,"=""072-277-5155""",嬻桳,,5998237
憅屔,R00175-013926,,,,巊梡拞,傾乕僇僀僽(惉栺),柍,220000,,奒,2001擭04寧,僟僀僜乕儐僯僢僩乥B嬫夋亂31捸亃,,戝嶃晎嶄巗拞嬫怺堜悈抮挰3080,,8800,4.00,2.00,,,,451.30,102.72,31.07,7081,2024/06/28,"2024/04/16 09:19","2025/03/31 23:05",帺幮,堦斒攠夘,姅幃夛幮僙儞僠儏儕乕僟僀僜乕,搰杮,"=""06-6136-0555""",嬻桳,"10寧枛戅嫀梊掕
戅嫀屻戝憅偵偰尨忬夞暅岺帠幚巤屻丄堷偒搉偟梊掕",5998237
憅屔,R00175-013896,,,,嬻,傾乕僇僀僽(惉栺),柍,363000,,奒,1989擭07寧,嶄巗拞嬫怺堜杒挰偺戄憅屔亂119捸亃,,戝嶃晎嶄巗拞嬫怺堜杒挰3438,,,,500000,1000000,,,377.07,394.39,119.3,3043,2024/10/31,"2024/04/05 11:26","2025/03/31 23:05",愭暔(拠夘),,乮桳乯媑廧晄摦嶻,-,"=""072-277-3550""",嬻桳,,5998271
憅屔,R00175-013751,,,,嬻,傾乕僇僀僽(惉栺),柍,770000,,奒,1997擭01寧,嶄巗撿嬫戝掚帥偺戄憅屔亂181捸亃,,戝嶃晎嶄巗撿嬫戝掚帥55-1,,,3.00,2.00,,2.00,,932.23,599.00,181.19,4250,2024/04/30,"2024/02/02 14:08","2025/03/31 23:05",愭暔(拠夘),,寭徏嫽彜乮姅乯,-,"=""06-6324-1925""",嬻桳,,5900153
憅屔,R00175-013714,,,,嬻,傾乕僇僀僽(惉栺),柍,330000,,奒,1987擭12寧,嶄巗撿嬫栰乆堜偺戄憅屔亂90捸亃,,戝嶃晎嶄巗撿嬫栰乆堜909-1,,,,,2000000,,,398.31,300.00,90.75,3637,2024/04/30,"2024/01/18 13:54","2025/03/31 23:05",愭暔(拠夘),,徏旜晄摦嶻,-,"=""072-273-7001""",嬻桳,,5900155
憅屔,R00175-013713,,,,嬻,傾乕僇僀僽(惉栺),柍,495000,,奒,1983擭04寧,榓愹巗塝揷挰偺戄憅屔亂129捸亃,,戝嶃晎榓愹巗塝揷挰99-1,,,,3.00,,,,,429.70,129.98,3809,2024/03/15,"2024/01/18 13:40","2025/03/31 23:05",愭暔(拠夘),,暯堜晄摦嶻,-,"=""0725-58-8110""",嬻桳,,5941103
憅屔,R00175-013712,,,,嬻,傾乕僇僀僽(惉栺),柍,440000,,奒,1981擭04寧,娸榓揷巗嶰揷挰偺戄憅屔亂168捸亃,,戝嶃晎娸榓揷巗嶰揷挰456-1,,,,2.00,,,,673.00,558.42,168.92,2605,2024/03/27,"2024/01/18 13:28","2025/03/31 23:05",愭暔(拠夘),,暯堜晄摦嶻,-,"=""0725-58-8110""",柍,,5960808
戄抧,R00175-013693,,,,峏抧,傾乕僇僀僽(惉栺),柍,523000,,奒,-,榓愹巗忋戙挰偺戄抧亂475捸亃,,戝嶃晎榓愹巗忋戙挰1095-1懠,,,,3.00,6.00,,,1572.00,,475.53,1100,2024/03/11,"2024/01/15 12:49","2025/03/31 23:05",愭暔(拠夘),,乮姅乯僗僇僀僒儞儂乕儉丂,-,"=""072-369-5888""",,,5940011
揦曑(寶暔堦妵),R00175-013688,,,,嬻,傾乕僇僀僽(惉栺),柍,495000,,奒,1999擭01寧,嶄巗拞嬫暯堜偺戄揦曑亂31捸亃,,戝嶃晎嶄巗拞嬫暯堜734-1,,,,,12.00,,,4628.10,102.60,31.03,15949,2024/08/30,"2024/01/15 11:12","2025/03/31 23:05",愭暔(拠夘),,姅幃夛幮僇儉僥僀,-,"=""06-6225-9557""",嬻桳,仸峀崘宖嵹晄壜,5998251
揦曑(寶暔堦妵),R00175-013676,,,,巊梡拞,傾乕僇僀僽(惉栺),柍,330000,,奒,2011擭01寧,榓愹巗抮揷壓挰偺戄揦曑亂29捸亃,,戝嶃晎榓愹巗抮揷壓挰1911-1,,,2.00,3.00,,,,1273.89,98.77,29.87,11045,2024/03/15,"2024/01/10 12:45","2025/03/31 23:05",愭暔(拠夘),,乮姅乯儐乕儕乕僌,-,"=""0725-57-2010""",嬻桳,,5940032
戄抧,R00175-013784,,,,峏抧,傾乕僇僀僽(惉栺),柍,550000,,奒,-,撧椙導杒妺忛孲壨崌挰戝帤寠埮偺戄抧亂482捸亃,,撧椙導杒妺忛孲壨崌挰戝帤寠埮223-5,,,,1.00,,,,1594.00,,482.18,1141,2025/03/31,"2024/02/14 15:06","2025/03/31 10:44",愭暔(拠夘),,杧杮抧強崌摨夛幮,-,"=""0747-22-5111""",,2024.5.27捓椏DOWN60枩仺55枩,6360054
憅屔,R00175-014384,,,,嬻,傾乕僇僀僽(惉栺),柍,343200,,奒,-,悂揷巗搶屼椃挰偺戄憅屔亂52捸亃,,戝嶃晎悂揷巗搶屼椃挰5-41,5500,,2.00,2.00,,,,,172.72,52.24,6569,2025/03/31,"2024/12/05 13:07","2025/03/31 10:32",愭暔(拠夘),,乮姅乯娵拞晄摦嶻,-,"=""06-6328-6171""",嬻桳,丒C崋,5640033
憅屔,R00175-014077,,,,嬻,傾乕僇僀僽(惉栺),柍,2970000,,奒,1992擭10寧,愹杒孲拤壀挰拤壀杒3挌栚偺戄憅屔亂744捸亃,,戝嶃晎愹杒孲拤壀挰拤壀杒俁挌栚6-35,,,6.00,1.00,,,,1879.68,2459.83,744.09,3992,2025/03/31,"2024/07/11 12:04","2025/03/31 10:31",愭暔(拠夘),,乮姅乯儗儞僞儖僴僂僗撿戝嶃丂榓愹晎拞揦,-,"=""0725-46-0055""",嬻桳,"丒抧斣丗938-4乮憅屔乯940-7乮帠柋強乯
仸媑揷夒偝傫SB採埬拞丂丂2024.7.11
",5950811
揦曑(寶暔堦妵),R00175-014055,,,,嬻,傾乕僇僀僽(惉栺),柍,660000,,奒,-,搶戝嶃巗搶崈抮挰5挌栚偺戄揦曑亂34捸亃,,戝嶃晎搶戝嶃巗搶崈抮挰俆挌栚9-40,,,,,12.00,,,731.00,114.40,34.6,19072,2025/03/31,"2024/07/01 13:19","2025/03/31 10:27",愭暔(拠夘),,乮姅乯傒傗偙晄摦嶻婇夋,暯杮丗090-7486-5377,"=""06-6949-9030""",嬻桳,,5780973
揦曑(寶暔堦妵),R00175-014406,,,,,傾乕僇僀僽(惉栺),柍,308000,,奒,1986擭04寧,暫屔導桲曐孲懢巕挰棫壀偺戄揦曑亂43捸亃,,暫屔導桲曐孲懢巕挰棫壀113-3,,,,,,,,365.31,143.34,43.36,7104,2025/03/28,"2024/12/12 11:34","2025/03/28 17:45",愭暔(拠夘),,乮桳乯揤墹搚抧,-,"=""079-276-1026""",嬻桳,,6711531
憅屔,R00175-014400,,,,嬻,傾乕僇僀僽(惉栺),柍,440000,,奒,1971擭01寧,栧恀巗峕抂挰偺戄憅屔亂97捸亃,,戝嶃晎栧恀巗峕抂挰38-5,,,,,6.00,,,,323.01,97.71,4504,2025/03/28,"2024/12/10 13:55","2025/03/28 17:32",愭暔(拠夘),,愛捗抧強乮姅乯,-,"=""072-870-2020""",,,5710012
岺応,R00175-014156,,,,嬻,傾乕僇僀僽(惉栺),柍,440000,,奒,1977擭01寧,戝嶃巗暯栰嬫壛旤惣1挌栚偺戄岺応亂121捸亃,,戝嶃晎戝嶃巗暯栰嬫壛旤惣侾挌栚15-11,,,,,2000000,,,,400.00,121,3637,2024/12/09,"2024/08/26 12:10","2025/03/28 17:25",愭暔(拠夘),,拞墰僴僂僕儞僌乮姅乯,-,"=""06-6751-0020""",嬻桳,2024.12.09丂彜択拞,5470005
憅屔,R00175-014360,,,,巊梡拞,傾乕僇僀僽(惉栺),柍,319000,,奒,1983擭01寧,戝嶃巗廧擵峕嬫暯椦撿2挌栚偺戄憅屔亂61捸亃,,戝嶃晎戝嶃巗廧擵峕嬫暯椦撿俀挌栚2-34,,,,,3.00,,,147.07,202.56,61.27,5207,2024/11/25,"2024/11/25 13:35","2025/03/28 17:25",愭暔(拠夘),,廧擵峕晄摦嶻乮姅乯丂,-,"=""06-6685-9919""",,峀崘晄壜儅僢僠儞僌,5590025
岺応,R00175-014447,,,,嬻,傾乕僇僀僽(惉栺),柍,1760000,,奒,1973擭08寧,搶戝嶃巗崅堜揷惣3挌栚偺戄岺応亂214捸亃,,戝嶃晎搶戝嶃巗崅堜揷惣俁挌栚5-23,,,,,9600000,,,1055.85,707.84,214.12,8220,2025/03/28,"2025/01/09 12:34","2025/03/28 16:42",愭暔(拠夘),,姅幃夛幮僐僗儌晄摦嶻忣曬丂搶戝嶃巟揦,-,"=""06-6748-7110""",嬻桳,,5770067
憅屔,R00175-014349,,,,巊梡拞,傾乕僇僀僽(惉栺),柍,924000,,奒,1991擭02寧,暫屔導壛屆愳巗栰岥挰悈懌偺戄憅屔亂221捸亃,,暫屔導壛屆愳巗栰岥挰悈懌2019-1,,,3000000,1100000,,,,2185.11,732.67,221.63,4170,2025/03/28,"2024/11/19 13:49","2025/03/28 11:27",愭暔(拠夘),,僕僆晄摦嶻斕攧丂僕僆僾儔儞僫乕僘乮姅乯,-,"=""0790-33-9688""",嬻桳,,6750019
揦曑(寶暔堦妵),R00175-013910,,,,嬻,傾乕僇僀僽(惉栺),柍,385000,,奒,2021擭11寧,帬夑導峛夑巗怣妝挰捄巪偺戄揦曑亂29捸亃,,帬夑導峛夑巗怣妝挰捄巪2026-1,,,,,6.00,,,1093.99,99.16,29.99,12836,2025/03/28,"2024/04/09 14:47","2025/03/28 11:25",愭暔(拠夘),,柌嶇丂嬩妝晹,-,"=""0748-43-2468""",嬻桳,丒攧攦偁傝丗B00175-000532,5291804
岺応,R00175-014390,,,,嬻,傾乕僇僀僽(惉栺),柍,605000,,奒,1983擭09寧,暫屔導恄屗巗挿揷嬫恄妝挰3挌栚偺戄岺応亂177捸亃,,暫屔導恄屗巗挿揷嬫恄妝挰俁挌栚2-18,,,,1.10,1.00,,,,585.44,177.09,3417,2025/03/28,"2024/12/05 14:53","2025/03/28 11:01",愭暔(拠夘),,僥僫儞僩僔儑僢僾恄屗丂乮姅乯俴俬俥俤,-,"=""078-391-9811""",柍,,6530836
岺応,R00175-014397,,,,,傾乕僇僀僽(惉栺),柍,440000,,奒,-,戝嶃巗廧擵峕嬫惣廧擵峕3挌栚偺戄岺応亂77捸亃,,戝嶃晎戝嶃巗廧擵峕嬫惣廧擵峕俁挌栚15-22,,,3.00,3.00,,,,,254.87,77.09,5708,2025/03/28,"2024/12/09 10:44","2025/03/28 10:58",愭暔(拠夘),,僒儞僋儕僄僀僩乮姅乯,帥揷,"=""090-6380-8734""",,,5590005
揦曑(寶暔堦妵),R00175-013702,,,,,傾乕僇僀僽(惉栺),柍,660000,,奒,1998擭11寧,嫗搒晎嫗搒巗惣嫗嬫宩摽戝帥杒挰偺戄揦曑亂51捸亃,,嫗搒晎嫗搒巗惣嫗嬫宩摽戝帥杒挰50,,,1.00,2.00,,,1.00,,169.88,51.38,12844,2025/03/28,"2024/01/16 15:07","2025/03/28 10:55",愭暔(拠夘),,俴俬倃俬俴晄摦嶻僔儑僢僾丂僕僃僀僱僢僩僴僂僕儞僌,-,"=""075-394-8868""",嬻桳,"2024.9.19 曞廤嵞奐丂
2024.8.30 曞廤掆巭丂捓椏曄峏55枩(惻崬)仺110枩(惻崬)丂杒懁挀幵応偲僙僢僩戄偟",6158301
憅屔,R00175-013918,,,,嬻,傾乕僇僀僽(惉栺),柍,850000,,奒,1978擭07寧,暫屔導扥攇巗昘忋挰昘忋偺戄憅屔亂338捸亃,,暫屔導扥攇巗昘忋挰昘忋722,,,,1.00,2550000,,,,1120.00,338.8,2509,2025/03/28,"2024/04/11 15:41","2025/03/28 10:47",愭暔(拠夘),,乮姅乯徏堜彜帠,-,"=""0795-72-2103""",嬻桳,僆乕僫乕條傛傝TEL偁傝丄宖嵹偵偮偄偰偺宱堒傪妋擣仺儗僀儞僘偺巪偍揱偊偟丄宖嵹宱堒傪偍揱偊偟偨偲偙傠宖嵹偺宱堒偝偊暘偐傟偽嵹偣偰偍偄偰偄偨偩偄偰戝忎晇偲偺偙偲偱偡丄2024.9.4摗尨,6693651
揦曑(寶暔堦妵),R00175-014407,,,,嬻,傾乕僇僀僽(惉栺),柍,350000,,奒,1997擭04寧,枃曽巗彽採拞挰1挌栚偺戄揦曑亂55捸亃,,戝嶃晎枃曽巗彽採拞挰侾挌栚15-1,,,,1000000,1000000,,,276.86,183.06,55.37,6321,2025/03/28,"2024/12/12 11:48","2025/03/28 10:43",愭暔(拠夘),,乮姅乯榓岾廧戭,-,"=""072-893-4448""",,,5731152
憅屔,R00175-014270,,,,嫃廧拞,傾乕僇僀僽(惉栺),柍,1540000,,奒,1975擭08寧,暫屔導恄屗巗搶撳嬫屼塭捤挰3挌栚偺戄憅屔亂334捸亃,,暫屔導恄屗巗搶撳嬫屼塭捤挰俁挌栚8-12,,,6.00,2.00,,,,725.10,1107.30,334.95,4598,2025/03/28,"2024/10/17 16:27","2025/03/28 10:37",愭暔(拠夘),,乮姅乯儕乕僼僋儕僄乕僔儑儞,-,"=""078-333-2533""",柍,,6580044
憅屔,R00175-014157,,,,嬻,傾乕僇僀僽(惉栺),柍,330000,,奒,2024擭04寧,暫屔導壛屆愳巗巙曽挰塱幒偺戄憅屔亂59捸亃,,暫屔導壛屆愳巗巙曽挰塱幒91-5,,,,3.00,,,,,198.00,59.89,5510,2025/03/28,"2024/08/27 13:52","2025/03/28 10:17",愭暔(拠夘),,乮姅乯儂乕儉僙儗僋僔儑儞,-,"=""079-430-2166""",嬻桳,仸帒椏偺廧強偼娫堘偭偰偄傑偡丅昘幒仺塱幒,6750347
揦曑(寶暔堦妵),R00175-014445,,,,,傾乕僇僀僽(惉栺),柍,385000,,奒,2017擭02寧,帬夑導戝捗巗昪幁1挌栚偺戄揦曑亂35捸亃,,帬夑導戝捗巗昪幁侾挌栚3-32,,,,,700000,,,457.00,116.00,35.09,10972,2025/03/28,"2025/01/08 11:23","2025/03/28 10:16",愭暔(拠夘),,乮姅乯儂乕儉僔儑僢僾寴揷,-,"=""077-573-5597""",嬻桳,,5200102
岺応,R00175-014359,,,,嬻,傾乕僇僀僽(惉栺),柍,330000,,奒,1971擭03寧,暫屔導壛惣巗暿強挰偺戄岺応亂88捸亃,,暫屔導壛惣巗暿強挰224-1,,11000,3.00,1.00,,1.00,,,291.60,88.2,3742,2025/03/28,"2024/11/25 13:22","2025/03/28 10:15",愭暔(拠夘),,乮姅乯儀僗僩憂旤丂壛惣帠柋強,-,"=""0790-42-6608""",嬻桳,,6752462
戄抧,R00175-014417,,,,峏抧,傾乕僇僀僽(惉栺),柍,432000,,奒,-,嫗搒晎栘捗愳巗嶳忛挰鉟揷旜柍偺戄抧亂432捸亃,,嫗搒晎栘捗愳巗嶳忛挰鉟揷旜柍5-1,,,,,2.00,0.50,,1429.00,,432.27,1000,2025/03/28,"2024/12/18 11:34","2025/03/28 10:02",愭暔(拠夘),,乮姅乯傂傞傑偺晄摦嶻,-,"=""075-864-1515""",,,6190201
憅屔,R00175-014046,,,,嬻,傾乕僇僀僽(惉栺),柍,2200000,,奒,1971擭04寧,暫屔導恄屗巗搶撳嬫怺峕昹挰偺戄憅屔亂574捸亃,,暫屔導恄屗巗搶撳嬫怺峕昹挰148,,,3.00,,,,,1613.94,1900.12,574.78,3828,2025/03/28,"2024/06/24 11:30","2025/03/28 10:01",愭暔(拠夘),,乮姅乯僴僂僗儊僀僩晲屔擵憫揦丂乮姅乯娭惣廧戭,埨掕乮儎僗僒僟乯,"=""06-6437-3888""",嬻桳,,6580023
岺応,R00175-014231,,,,嬻,傾乕僇僀僽(惉栺),柍,1100000,,奒,2001擭05寧,搶戝嶃巗崅堜揷偺戄岺応亂151捸亃,,戝嶃晎搶戝嶃巗崅堜揷22-16,,,4.00,2.00,,,,363.63,502.37,151.96,7239,2025/03/28,"2024/10/02 11:46","2025/03/28 09:53",愭暔(拠夘),,乮姅乯僨僶僀僗僋儕僄乕僩,-,"=""06-6654-3703""",嬻桳,,5770053
揦曑帠柋強(寶暔堦妵),R00175-014287,,,,巊梡拞,傾乕僇僀僽(惉栺),柍,350000,,奒,1991擭04寧,暫屔導壛搶巗嶳崙偺戄揦曑丒帠柋強亂140捸亃,,暫屔導壛搶巗嶳崙2013-109,,,3.00,2.00,,,,1400.59,465.69,140.87,2485,2025/03/28,"2024/10/25 11:46","2025/03/28 09:47",愭暔(拠夘),,乮姅乯僗僇僀僩儔僗僩,-,"=""0795-21-0007""",嬻桳,,6731421
戄抧,R00175-014254,,,,,傾乕僇僀僽(惉栺),柍,740000,,奒,-,嫗搒晎嫗搒巗暁尒嬫抾揷惣彫壆僲撪挰偺戄抧亂210捸亃,,嫗搒晎嫗搒巗暁尒嬫抾揷惣彫壆僲撪挰12,,,6.00,,,,,696.95,,210.82,3510,2025/03/28,"2024/10/08 15:04","2025/03/28 09:40",愭暔(拠夘),,乮姅乯俿仌俠,-,"=""075-255-5885""",,,6128449
憅屔,R00175-014194,,,,嬻,傾乕僇僀僽(惉栺),柍,550000,,奒,-,堬栘巗孲4挌栚偺戄憅屔亂159捸亃,,戝嶃晎堬栘巗孲係挌栚4-19,,,,3.00,5.00,,,287.60,528.92,159.99,3438,2025/03/28,"2024/09/12 13:02","2025/03/28 09:39",愭暔(拠夘),,乮姅乯俼倧倧倲倱,妬扟,"=""072-631-3510""",嬻桳,僱僢僩晄壜佀儅僢僠儞僌偺傒,5670072
憅屔,R00175-014034,,,,嬻,傾乕僇僀僽(惉栺),柍,352000,,奒,1996擭07寧,暫屔導昉楬巗崅旜挰偺戄憅屔亂47捸亃,,暫屔導昉楬巗崅旜挰76,,,1.00,1.00,,,,130.50,155.80,47.12,7469,2025/03/28,"2024/06/17 13:36","2025/03/28 09:36",愭暔(拠夘),,乮姅乯俷丏俲晄摦嶻,-,"=""079-262-6622""",嬻桳,2025.3.12丗彜択拞,6700915
岺応,R00175-014159,,,,嬻,傾乕僇僀僽(惉栺),柍,1000000,,奒,2005擭09寧,庣岥巗撿帥曽搶捠4挌栚偺戄岺応亂114捸亃,,戝嶃晎庣岥巗撿帥曽搶捠係挌栚21-27,,,,,6.00,,,412.80,377.75,114.26,8752,2025/03/28,"2024/08/27 14:24","2025/03/28 09:26",愭暔(拠夘),,乮桳乯儅僀儂乕儉價儖僟乕,-,"=""06-6903-7777""",嬻桳,,5700043
戄抧,R00175-014026,,,,,傾乕僇僀僽(惉栺),柍,330000,,奒,-,暫屔導曮捤巗岝僈媢2挌栚偺戄抧亂1672捸亃,,暫屔導曮捤巗岝僈媢俀挌栚,,,2.00,2.00,,,,5528.00,,1672.22,198,2025/03/28,"2024/06/13 12:03","2025/03/28 08:58",愭暔(拠夘),,,-,"=""090-1958-2098""",,丒抧斣14斣23丂懠5昅,6650015
岺応,R00175-014078,,,,嬻,傾乕僇僀僽(惉栺),柍,660000,,奒,-,戝嶃巗惣梽愳嬫愮廙2挌栚偺戄岺応亂106捸亃,,戝嶃晎戝嶃巗惣梽愳嬫愮廙俀挌栚12-6,,,3960000,,,1980000,,,352.22,106.54,6195,2025/02/18,"2024/07/11 12:15","2025/03/27 09:47",愭暔(拠夘),,姅幃夛幮嶳憡晄摦嶻,-,"=""06-6472-3110""",嬻桳,"丒S-A崋
仸応強晄柧丄妋擣偍婅偄偟傑偡丅",5550013
揦曑(寶暔堦妵),R00175-014062,,,,嬻,傾乕僇僀僽(惉栺),柍,495000,,奒,2024擭10寧,堬栘戞5揦曑乥B搹亂27捸亃,,戝嶃晎堬栘巗搶撧椙俁挌栚3-27,,,4.00,2.00,,,,463.77,90.00,27.22,18182,2025/03/19,"2024/07/03 14:00","2025/03/24 16:43",帺幮,愱擟攠夘,姅幃夛幮僙儞僠儏儕乕僟僀僜乕,椡愇,"=""06-6136-0555""",嬻桳,"憭媀宯埲奜壜乮戝庤偺曽偑彯椙偟乯

捓椏DOWN52.8枩乮惻崬傒乯佀49.5枩丂2024.11.18
媽廧嫃昞帵廧強丗戝嶃晎堬栘巗搶撧椙俁挌栚俁亅俀俈

",5670861
憅屔,R00175-014152,,,,嬻,傾乕僇僀僽(惉栺),柍,1540000,,奒,2023擭12寧,帬夑導峛夑巗搚嶳挰慜栰偺戄憅屔亂321捸亃,,帬夑導峛夑巗搚嶳挰慜栰688,11000,,,1.00,3.00,,,2164.68,1063.88,321.82,4786,2025/02/21,"2024/08/21 17:55","2025/03/14 16:51",帺幮,堦斒攠夘,姅幃夛幮僙儞僠儏儕乕僟僀僜乕,柤壝崃,"=""06-6136-0555""",嬻桳,,5280232
揦曑帠柋強(寶暔堦妵),R00175-013860,,,,嬻,傾乕僇僀僽(惉栺),柍,385000,,奒,1989擭10寧,暫屔導昉楬巗忺杹嬫峔偺戄揦曑丒帠柋強亂222捸亃,,暫屔導昉楬巗忺杹嬫峔俀挌栚83,,,3.00,3.00,,,,505.54,735.81,222.58,1730,2024/10/24,"2024/03/22 14:14","2025/03/12 15:48",愭暔(拠夘),,乮姅乯俷丏俲晄摦嶻,-,"=""079-262-6622""",嬻桳,,6728071
憅屔,R00175-014355,,,,嬻,傾乕僇僀僽(惉栺),柍,484000,,奒,1992擭09寧,摗堜帥巗彫嶳2挌栚偺戄憅屔亂106捸亃,,戝嶃晎摗堜帥巗彫嶳俀挌栚21-26,,,,6.00,,,,,351.00,106.17,4559,2025/03/12,"2024/11/20 10:36","2025/03/12 15:24",愭暔(拠夘),,乮姅乯倱倎倝丏,-,"=""072-975-2050""",嬻桳,,5830033
岺応,R00175-014263,,,,巊梡拞,傾乕僇僀僽(惉栺),柍,385000,,奒,1982擭12寧,戝嶃巗惗栰嬫扚惣2挌栚偺戄岺応亂76捸亃,,戝嶃晎戝嶃巗惗栰嬫扚惣俀挌栚8-16,,,3.00,3.00,,,,148.25,254.52,76.99,5001,2025/03/12,"2024/10/15 14:48","2025/03/12 15:22",愭暔(拠夘),,僐僂僔儞晄摦嶻,-,"=""06-6731-0004""",柍,,5440012
揦曑帠柋強(寶暔堦妵),R00175-014010,,,,嬻,傾乕僇僀僽(惉栺),柍,330000,,奒,1992擭03寧,嫗搒晎嫗揷曈巗憪撪攏嫶偺戄揦曑丒帠柋強亂41捸亃,,嫗搒晎嫗揷曈巗憪撪攏嫶10-2,,,,,6.00,,,,136.19,41.19,8011,2025/03/12,"2024/06/04 14:50","2025/03/12 15:18",愭暔(拠夘),,嫗嶃揹揝晄摦嶻乮姅乯儕僼僅乕儉丒捓戄塩嬈強,-,"=""0774-66-2340""",嬻桳,,6100311
戄抧,R00175-013758,,,,,傾乕僇僀僽(惉栺),柍,300000,,奒,-,嶃撿巗捁庢拞偺戄抧亂582捸亃,,戝嶃晎嶃撿巗捁庢拞585-1,,,3.00,1.00,,,,1924.00,,582.01,516,2025/03/12,"2024/02/06 13:32","2025/03/12 15:18",愭暔(拠夘),,乮桳乯俲仌俵僇儞僷僯乕,-,"=""072-424-1625""",,,5990211
憅屔,R00175-014346,,,,巊梡拞,傾乕僇僀僽(惉栺),柍,1500000,,奒,1994擭04寧,庣岥巗戝媨捠4挌栚偺戄憅屔亂206捸亃,,戝嶃晎庣岥巗戝媨捠係挌栚9-1,,,,1.00,1.00,,,740.78,683.46,206.74,7256,2025/03/12,"2024/11/19 13:11","2025/03/12 15:05",愭暔(拠夘),,乮姅乯嫤榓儂乕儉,-,"=""06-6900-2318""",嬻桳,,5700033
揦曑(寶暔堦妵),R00175-014314,,,,,傾乕僇僀僽(惉栺),柍,440000,,奒,1996擭06寧,嫗搒晎嫗搒巗嵍嫗嬫堦忔帥杒戝娵挰偺戄揦曑亂40捸亃,,嫗搒晎嫗搒巗嵍嫗嬫堦忔帥杒戝娵挰1,,,3.00,,,,,398.97,135.00,40.83,10775,2025/03/12,"2024/11/07 13:58","2025/03/12 15:03",愭暔(拠夘),,僉儑僂僥僋乮姅乯,-,"=""075-365-8001""",嬻桳,,6068114
憅屔,R00175-014217,,,,嬻,傾乕僇僀僽(惉栺),柍,2420000,,奒,1971擭03寧,搶戝嶃巗愳拞偺戄憅屔亂362捸亃,,戝嶃晎搶戝嶃巗愳拞6-30,,,,,11000000,,,2355.96,1197.92,362.37,6679,2025/03/12,"2024/09/20 14:43","2025/03/12 14:59",愭暔(拠夘),,媏悈廧戭乮姅乯,-,"=""072-965-1110""",,"2024.11.13丂彜択拞
NET晄壜偺堊儅僢僠儞僌偺傒",5780902
憅屔,R00175-014236,,,,嬻,傾乕僇僀僽(惉栺),柍,605000,,奒,1979擭01寧,戝嶃巗拞墰嬫姠壆挰3挌栚偺戄憅屔亂96捸亃,,戝嶃晎戝嶃巗拞墰嬫姠壆挰俁挌栚5-12,,,,2.00,2200000,,,,317.50,96.04,6300,2025/03/12,"2024/10/03 11:39","2025/03/12 14:48",愭暔(拠夘),,乮姅乯戄價儖忣曬,-,"=""06-6231-4600""",嬻桳,丒1-2奒晹暘,5420066
揦曑帠柋強(寶暔堦妵),R00175-014393,,,,嬻,傾乕僇僀僽(惉栺),柍,326000,,奒,1975擭11寧,戝嶃巗惣惉嬫媖3挌栚偺戄揦曑丒帠柋強亂32捸亃,,戝嶃晎戝嶃巗惣惉嬫媖俁挌栚7-7,,,,3.00,,,,140.48,108.86,32.93,9900,2025/03/12,"2024/12/06 12:49","2025/03/12 14:47",愭暔(拠夘),,乮姅乯僆僼傿僗儕儞僋,-,"=""06-6121-9090""",嬻桳,,5570051
戄抧,R00175-014209,,,,,傾乕僇僀僽(惉栺),柍,363000,,奒,-,愹杒孲拤壀挰杒弌3挌栚偺戄抧亂110捸亃,,戝嶃晎愹杒孲拤壀挰杒弌俁挌栚3,,,2.00,2.00,,,,363.63,,109.99,3301,2025/03/12,"2024/09/18 13:48","2025/03/12 14:22",愭暔(拠夘),,乮姅乯攡壆晄摦嶻,-,"=""072-447-7723""",,,5950803
憅屔,R00175-013993,,,,嫃廧拞,傾乕僇僀僽(惉栺),柍,660000,,奒,1981擭06寧,暫屔導埳扥巗抮怟7挌栚偺戄憅屔亂97捸亃,,暫屔導埳扥巗抮怟俈挌栚189,,,1800000,,,1200000,,,321.29,97.19,6791,2025/03/12,"2024/05/28 11:56","2025/03/12 14:04",愭暔(拠夘),,偄偄偔傜偡埳扥揦,-,"=""072-771-7517""",,"2024.10.29 彜択拞",6640027
戄抧,R00175-014368,,,,峏抧,傾乕僇僀僽(惉栺),柍,600000,,奒,-,嶃撿巗壓弌偺戄抧亂463捸亃,,戝嶃晎嶃撿巗壓弌108-1,,,,1.00,2.00,,,1532.28,,463.51,1295,2025/03/12,"2024/11/27 14:44","2025/03/12 13:47",愭暔(拠夘),,傾僀儔儞僪儂乕儉,-,"=""072-480-2288""",,,5990202
揦曑(寶暔堦妵),R00175-014333,,,,嬻,傾乕僇僀僽(惉栺),柍,462000,,奒,2005擭03寧,暫屔導惣榚巗栰懞挰偺戄揦曑亂120捸亃,,暫屔導惣榚巗栰懞挰1796-82,,,,,2000000,,,2049.70,398.51,120.54,3833,2025/03/12,"2024/11/11 15:53","2025/03/12 13:37",愭暔(拠夘),,姅幃夛幮摗曐岺柋揦,-,"=""0795-22-3820""",嬻桳,,6770054
憅屔,R00175-014446,,,,嬻,傾乕僇僀僽(惉栺),柍,330000,,奒,1981擭02寧,搶戝嶃巗崅堜揷拞3挌栚偺戄憅屔亂73捸亃,,戝嶃晎搶戝嶃巗崅堜揷拞俁挌栚12-19,,,4.00,2.00,,,,249.27,242.77,73.43,4494,2025/03/12,"2025/01/08 11:37","2025/03/12 13:36",愭暔(拠夘),,姅幃夛幮嫽塰彜帠,-,"=""06-6783-5136""",嬻桳,,5770065
戄抧,R00175-014091,,,,峏抧,傾乕僇僀僽(惉栺),柍,400000,,奒,-,暫屔導嶰栘巗媑愳挰嬥夛偺戄抧亂688捸亃,,暫屔導嶰栘巗媑愳挰嬥夛1146,,,,3.00,,,,2275.00,,688.18,582,2025/03/12,"2024/07/17 15:04","2025/03/12 13:35",愭暔(拠夘),,姅幃夛幮梥棟晄摦嶻,-,"=""078-967-3663""",,,6731232
揦曑(寶暔堦妵),R00175-014335,,,,嬻,傾乕僇僀僽(惉栺),柍,330000,,奒,1992擭06寧,榓壧嶳導奀撿巗慏旜偺戄憅屔亂159捸亃,,榓壧嶳導奀撿巗慏旜378-1,,,1.00,1.00,,,,1000.00,527.37,159.52,2069,2025/03/12,"2024/11/12 11:27","2025/03/12 13:34",愭暔(拠夘),,姅幃夛幮塰嶻嬈,-,"=""073-428-1100""",嬻桳,NET晄壜偺堊儅僢僠儞僌偺傒,6420001
戄抧,R00175-014422,,,,峏抧,傾乕僇僀僽(惉栺),柍,680000,,奒,-,愹撿巗怣払巗応偺戄抧亂1160捸亃,,戝嶃晎愹撿巗怣払巗応572,,,3.00,1.00,,,,3836.00,,1160.39,587,2025/03/12,"2024/12/20 12:39","2025/03/12 13:30",愭暔(拠夘),,姅幃夛幮MACHIE,-,"=""072-479-5937""",,,5900504
揦曑(寶暔堦妵),R00175-014136,,,,嬻,傾乕僇僀僽(惉栺),柍,880000,,奒,2007擭01寧,撧椙導崄幣巗忋拞偺戄揦曑亂43捸亃,,撧椙導崄幣巗忋拞100-1,,,,,5.00,,,551.68,145.00,43.86,20063,2025/03/12,"2024/08/05 11:24","2025/03/12 13:21",愭暔(拠夘),,嫤塰抧寶姅幃夛幮,-,"=""072-938-6677""",嬻桳,"暔妋FAX憲怣嵪 2025.2.6摗尨
2025.1.15丗暔審妋擣FAX憲晅嵪傒丂柤壝崃",6390265
憅屔,R00175-014550,,,,嬻,傾乕僇僀僽(惉栺),柍,4565000,,奒,1989擭09寧,敧旜巗戝帤搒捤偺戄憅屔亂829捸亃,,戝嶃晎敧旜巗戝帤搒捤204-1,,,4.00,1.10,,,,4372.73,2742.76,829.68,5503,2025/03/03,"2025/02/26 11:42","2025/03/12 10:29",愭暔(拠夘),,乮姅乯儘僕僼傽僋僞乕,-,"=""06-7712-8090""",嬻桳,,5810023
憅屔,R00175-014366,,,,嬻,傾乕僇僀僽(惉栺),柍,700000,,奒,-,暫屔導昉楬巗崄帥挰栴揷晹偺戄憅屔亂350捸亃,,暫屔導昉楬巗崄帥挰栴揷晹769-22,,,,2800000,,,,1279.59,1222.30,369.74,1894,2025/03/10,"2024/11/27 14:17","2025/03/10 09:28",愭暔(拠夘),,乮姅乯俽倕倎丂倰倕倎倢丂倕倱倲倎倲倕,杧撪丗080-2447-1709,"=""06-6195-6828""",嬻桳,,6792155
憅屔,R00175-014276,,,,,傾乕僇僀僽(惉栺),柍,330000,,奒,1957擭12寧,戝嶃巗廧媑嬫撿廧媑1挌栚偺戄憅屔亂82捸亃,,戝嶃晎戝嶃巗廧媑嬫撿廧媑侾挌栚20-18,,,3.00,3.00,,,,,273.00,82.58,3997,2025/03/04,"2024/10/21 11:47","2025/03/04 18:51",愭暔(拠夘),,乮桳乯傾乕儖儂乕儉,-,"=""06-7172-2233""",柍,"2024.12.23
怽崬侾審偁傝丂俀斣庤偱埬撪壜",5580041
岺応,R00175-014405,,,,嬻,傾乕僇僀僽(惉栺),柍,330000,,奒,1983擭04寧,愛捗巗暿晎3挌栚偺戄岺応亂60捸亃,,戝嶃晎愛捗巗暿晎俁挌栚19-9,,,,2.00,,,,129.31,200.39,60.61,5444,2025/03/04,"2024/12/12 11:14","2025/03/04 18:50",愭暔(拠夘),,乮姅乯俙丒俿晄摦嶻,-,"=""06-6967-9061""",嬻桳,丒攧攦偁傝丗B00175-000719仸岞奐曐棷乮幨恀側偟乯,5660046
憅屔,R00175-014096,,,,嬻,傾乕僇僀僽(惉栺),柍,330000,,奒,2009擭04寧,娸榓揷巗弔栘杮挰偺戄憅屔亂65捸亃,,戝嶃晎娸榓揷巗弔栘杮挰3-10,,,,990000,,,,474.44,218.00,65.94,5005,2025/03/04,"2024/07/18 10:45","2025/03/04 18:43",愭暔(拠夘),,倂俙俷倂俙俷亅們倰倕倎倲倕,-,"=""072-427-7788""",嬻桳,2025.1.29丂堦斣庤怽崬偁傞偑2斣庤庴晅壜,5960034
憅屔,R00175-014429,,,,嬻,傾乕僇僀僽(惉栺),柍,715000,,奒,2021擭03寧,戝嶃巗暯栰嬫塟攋撿2挌栚偺戄憅屔亂86捸亃,,戝嶃晎戝嶃巗暯栰嬫塟攋撿俀挌栚2-25,,,,,6.00,,,,287.60,86.99,8219,2025/03/04,"2024/12/26 11:51","2025/03/04 18:40",愭暔(拠夘),,嫤塰抧寶姅幃夛幮,-,"=""072-938-6677""",嬻桳,"暔妋FAX憲怣嵪 2025.2.6摗尨
2025.1.15丗暔審妋擣FAX憲晅嵪傒丂柤壝崃
廘偄偺弌傞嬈庬NG",5470023
岺応,R00175-014316,,,,嬻,傾乕僇僀僽(惉栺),柍,715000,,奒,1964擭06寧,戝嶃巗戝惓嬫愮搰1挌栚偺戄岺応亂92捸亃,,戝嶃晎戝嶃巗戝惓嬫愮搰侾挌栚3-6,,,1.00,1.00,,,,249.24,306.40,92.68,7715,2025/03/04,"2024/11/07 14:16","2025/03/04 13:55",愭暔(拠夘),,僩儈僫僈抧嶻丂,-,"=""06-6552-0360""",,2024.11.18丂彜択拞,5510003
憅屔,R00175-014271,,,,嬻,傾乕僇僀僽(惉栺),柍,550000,,奒,1974擭07寧,戝嶃巗杒嬫朙嶈6挌栚偺戄憅屔亂77捸亃,,戝嶃晎戝嶃巗杒嬫朙嶈俇挌栚8-15,,,,550000,2200000,,,,256.20,77.5,7097,2025/03/04,"2024/10/17 16:44","2025/03/04 13:50",愭暔(拠夘),,偁傫偢俫俷俵俤姅幃夛幮,-,"=""06-6376-2888""",柍,,5310072
憅屔,R00175-014006,,,,嬻,傾乕僇僀僽(惉栺),柍,1540000,,奒,2013擭10寧,暫屔導恄屗巗挿揷嬫惣怟抮挰1挌栚偺戄憅屔亂179捸亃,,暫屔導恄屗巗挿揷嬫惣怟抮挰侾挌栚3-38,,,,,14000000,,,927.76,594.00,179.68,8571,2025/03/04,"2024/06/04 13:37","2025/03/04 13:44",愭暔(拠夘),,姅幃夛幮擔杮僒僽儕乕僗,-,"=""06-6180-5361""",嬻桳,"栤偄崌傢偣丗06-6180-5361
丒JW48

2024.12.2丗彜択拞",6530031
戄抧,R00175-014068,,,,峏抧,傾乕僇僀僽(惉栺),柍,399500,,奒,-,嶄巗旤尨嬫彫暯旜偺戄抧亂469捸亃,,戝嶃晎嶄巗旤尨嬫彫暯旜146-1,,,,,2000000,,,1553.71,,469.99,851,2025/03/04,"2024/07/05 13:33","2025/03/04 11:54",愭暔(拠夘),,嫤塰抧寶姅幃夛幮,-,"=""072-938-6677""",,"暔妋FAX憲怣嵪 2025.2.6摗尨
2025.1.15丗暔審妋擣FAX憲晅嵪傒丂柤壝崃
丒応強丗僌乕僌儖儅僢僾偱偼丄彫暯旜247-1乮姅乯愹旜彜夛偺撿懁",5870021
戄抧,R00175-014227,,,,峏抧,傾乕僇僀僽(惉栺),柍,725700,,奒,-,嶄巗旤尨嬫扥忋偺戄抧亂399捸亃,,戝嶃晎嶄巗旤尨嬫扥忋228-1,,,5.00,1.00,,,,1322.31,,399.99,1815,2025/03/04,"2024/09/30 11:49","2025/03/04 11:53",愭暔(拠夘),,嫤塰抧寶姅幃夛幮,-,"=""072-938-6677""",,"暔妋FAX憲怣嵪 2025.2.6摗尨
2025.1.15丗暔審妋擣FAX憲晅嵪傒丂柤壝崃
2024.11.19丂怽崬侾審偁傝丂俀斣庤偱埬撪壜擻
2024.11.20丂怽崬偺忬嫷仺傑偩彂柺傕偙傟偐傜偺條巕",5870011
岺応,R00175-014323,,,,嬻,傾乕僇僀僽(惉栺),柍,400000,,奒,-,戝嶃巗惗栰嬫扚杒4挌栚偺戄岺応亂115捸亃,,戝嶃晎戝嶃巗惗栰嬫扚杒係挌栚9-2,,,2400000,,,,,333.36,380.96,115.24,3472,2025/03/04,"2024/11/08 13:11","2025/03/04 11:35",愭暔(拠夘),,娵拞晄摦嶻,-,"=""06-6726-0808""",嬤桳,,5440004
戄抧,R00175-014494,,,,峏抧,傾乕僇僀僽(惉栺),柍,820000,,奒,-,撧椙導崄幣巗敤1挌栚偺戄抧亂631捸亃,,撧椙導崄幣巗敤侾挌栚1443,,,2000000,1000000,,,,2089.00,,631.92,1298,2025/03/04,"2025/01/27 13:32","2025/03/04 11:29",愭暔(拠夘),,乮姅乯偝側偊晄摦嶻,-,"=""072-886-3384""",,"丒応強丗僌乕僌儖儅僢僾偱偼丄敤1挌栚230-5乮ENEOS 僔儞僄僱崄幣 SS)偺杒懁",6390245
憅屔,R00175-013696,,,,嬻,傾乕僇僀僽(惉栺),柍,385000,,奒,1992擭01寧,撧椙戞1憅屔亂108捸亃,,撧椙導杒妺忛孲峀椝挰攏尒拞俀挌栚2-8,,,4.00,2.00,,,,529.40,357.57,108.16,3560,2025/02/21,"2024/01/16 13:10","2025/03/03 11:14",帺幮,堦斒攠夘,姅幃夛幮僙儞僠儏儕乕僟僀僜乕,搰杮,"=""06-6136-0555""",嬻桳,"扴摉丗搰杮偝傫
戅嫀寛掕 2024.8.28仼仸尰僥僫儞僩俀侽俀係擭侾侽寧枛戅嫀梊掕乮墑挿偺壜擻惈偁傝偦偺応崌夞摎婜尷偼俉寧枛乯

柤壝崃偝傫扴摉壠庡捈暔審
SB専摙偺堊捓椏44枩仺憡択2024.3.4
亂撧椙導杒妺忛孲峀椝挰攏尒拞俀挌栚亃暯壆寶偰丄揹摦僔儍僢僞乕晅偒栺108捸偺戄憅屔忣曬",6350832
憅屔,R00175-014502,,,,巊梡拞,傾乕僇僀僽(惉栺),柍,550000,,奒,2008擭08寧,戝嶃巗惣嬫杮揷俁挌栚偺戄憅屔亂22捸亃,,戝嶃晎戝嶃巗惣嬫杮揷俁挌栚6-21,,,2.00,2.00,,,,90.62,73.84,22.33,24624,2025/02/21,"2025/01/31 10:27","2025/02/26 09:28",帺幮,堦斒攠夘,姅幃夛幮僙儞僠儏儕乕僟僀僜乕,搰杮,"=""06-6136-0555""",嬻桳,,5500022
揦曑(寶暔堦妵),R00175-014239,,,,嬻,傾乕僇僀僽(惉栺),柍,1100000,,奒,1990擭01寧,朙拞巗嶗偺挰7挌栚偺戄揦曑亂154捸亃,,戝嶃晎朙拞巗嶗偺挰俈挌栚6-1,,,,6600000,,,,396.69,510.21,154.33,7128,2024/10/07,"2024/10/07 11:51","2025/02/21 13:22",愭暔(拠夘),,戝怢廧戭,-,"=""06-6332-5538""",嬻桳,,5600054
戄抧,R00175-014061,,,,嬻,傾乕僇僀僽(惉栺),柍,330000,,奒,-,崅捨巗慜搰2挌栚偺戄抧亂220捸亃,,戝嶃晎崅捨巗慜搰俀挌栚287-3,,,200000,250000,,,,730.00,,220.82,1495,2024/10/10,"2024/07/02 14:21","2025/02/21 13:18",愭暔(拠夘),,乮桳乯僟僀儅僣寶愝,-,"=""072-681-2701""",嬻桳,丒抧斣丗287-1丄2丄3,5690021
憅屔,R00175-014293,,,,嬻,傾乕僇僀僽(惉栺),柍,330000,,奒,-,戝嶃巗搶惉嬫怺峕杒3挌栚偺戄憅屔亂66捸亃,,戝嶃晎戝嶃巗搶惉嬫怺峕杒俁挌栚19-23,,,,,1320000,,,,218.19,66,5000,2024/10/28,"2024/10/28 13:13","2025/02/21 13:17",愭暔(拠夘),,乮桳乯戝娵彜帠,-,"=""06-6781-6706""",,,5370001
憅屔,R00175-014229,,,,嬻,傾乕僇僀僽(惉栺),柍,330000,,奒,1978擭02寧,暫屔導恄屗巗惣嬫敟扟挰暉扟偺戄憅屔亂89捸亃,,暫屔導恄屗巗惣嬫敟扟挰暉扟693-1,,,500000,330000,,,,,294.99,89.23,3699,2024/10/01,"2024/10/01 15:11","2025/02/20 15:36",愭暔(拠夘),,嶃揷晄摦嶻姅幃夛幮,-,"=""078-928-2626""",嬻桳,丒応強丗僌乕僌儖儅僢僾偱偼敟扟挰暉扟683-1,6512233
岺応,R00175-013764,,,,嬻,傾乕僇僀僽(惉栺),柍,1000000,,奒,1973擭05寧,徏尨巗暿強4挌栚偺戄岺応亂268捸亃,,戝嶃晎徏尨巗暿強係挌栚4,,,7500000,2750000,,,,1100.00,887.20,268.37,3727,2025/01/06,"2024/02/08 13:26","2025/02/20 15:26",愭暔(拠夘),,僴僂僕儞僌僫僯儚,-,"=""072-336-4000""",,"
暔妋FAX憲怣嵪 2025.2.6摗尨",5800005
憅屔,R00175-014202,,,,嬻,傾乕僇僀僽(惉栺),柍,605000,,奒,2023擭07寧,栧恀巗巐媨6挌栚偺戄憅屔亂68捸亃,,戝嶃晎栧恀巗巐媨俇挌栚6-4,,,,1.00,6.00,,,,227.97,68.96,8774,2024/09/13,"2024/09/13 12:26","2025/02/17 14:49",愭暔(拠夘),,乮姅乯嫤榓晄摦,-,"=""072-881-8177""",,"暔妋FAX憲怣嵪 2025.2.6摗尨
",5710017
揦曑帠柋強(寶暔堦晹),R00175-014439,,,,嬻,傾乕僇僀僽(惉栺),柍,385000,,奒,2007擭09寧,徏尨巗揤旤変摪1挌栚偺戄揦曑丒帠柋強亂51捸亃,,戝嶃晎徏尨巗揤旤変摪侾挌栚52-1,,,6.00,,,2.00,,,169.25,51.19,7520,2025/01/07,"2025/01/07 14:01","2025/02/17 13:42",愭暔(拠夘),,挿媑寶愝姅幃夛幮,-,"=""06-6799-3238""",嬻桳,"暔妋FAX憲怣嵪 2025.2.6摗尨
暔妋FAX憲怣嵪 2025.2.6摗尨
",5800026
憅屔,R00175-014197,,,,嬻,傾乕僇僀僽(惉栺),柍,1100000,,奒,-,枼柺巗埦惗娫扟搶1挌栚偺戄憅屔亂192捸亃,,戝嶃晎枼柺巗埦惗娫扟搶侾挌栚25-12,,,3000000,2200000,,,,983.96,637.66,192.89,5703,2024/09/12,"2024/09/12 13:51","2025/02/17 13:36",愭暔(拠夘),,嬤戙搚抧乮姅乯,幠揷,"=""06-6252-8711""",嬻桳,偁偍傑偩偵,5620022
憅屔,R00175-014453,,,,嬻,傾乕僇僀僽(惉栺),柍,330000,,奒,1950擭08寧,戝嶃巗杒嬫戝梽杒1挌栚偺戄憅屔亂47捸亃,,戝嶃晎戝嶃巗杒嬫戝梽杒侾挌栚3-6,,,2.00,2.00,,,,,157.55,47.65,6925,2025/02/17,"2025/01/10 13:37","2025/02/17 13:24",愭暔(拠夘),,姅幃夛幮擔擳弌彜夛,-,"=""06-6453-3232""",柍,NET晄壜佀儅僢僠儞僌偺傒,5310077
憅屔,R00175-013760,,,,,傾乕僇僀僽(惉栺),柍,880000,,奒,-,暫屔導嶰栘巗壛嵅偺戄憅屔亂196捸亃,,暫屔導嶰栘巗壛嵅281-1,,,3.00,2.00,,,,,648.27,196.1,4488,2025/01/07,"2024/02/06 14:14","2025/02/17 13:20",愭暔(拠夘),,姅幃夛幮戝娵晄摦嶻,-,"=""0794-83-7272""",,,6730402
憅屔,R00175-014456,,,,,傾乕僇僀僽(惉栺),柍,1650000,,奒,-,搶戝嶃巗搰擵撪1挌栚偺戄憅屔亂211捸亃,,戝嶃晎搶戝嶃巗搰擵撪侾挌栚7-40,,,,,7200000,,,1372.20,698.59,211.32,7808,2025/01/14,"2025/01/14 13:12","2025/02/17 13:02",愭暔(拠夘),,僙儞僥僋僗憤崌奐敪姅幃夛幮,-,"=""06-6941-3340""",,,5780981
憅屔,R00175-014225,,,,嬻,傾乕僇僀僽(惉栺),柍,396000,,奒,1974擭12寧,搶戝嶃巗悈憱3挌栚偺戄憅屔亂55捸亃,,戝嶃晎搶戝嶃巗悈憱俁挌栚5-40,,,,1.00,,,,,181.90,55.02,7197,2025/01/23,"2024/09/27 14:02","2025/02/14 13:32",愭暔(拠夘),,姅幃夛幮僆儗儞僕儂乕儉,忋揷丗080-3543-4619,"=""06-6827-2051""",,,5780921
憅屔,R00175-014238,,,,嬻,傾乕僇僀僽(惉栺),柍,715000,,1奒,1987擭05寧,戝嶃巗廧擵峕嬫撿峘搶1挌栚偺戄憅屔亂72捸亃,,戝嶃晎戝嶃巗廧擵峕嬫撿峘搶侾挌栚5-31,,,,,3.00,,,,238.40,72.11,9915,2025/01/10,"2024/10/07 11:36","2025/02/13 16:27",愭暔(拠夘),,桳尷夛幮儂乕儉儔儞僪,-,"=""06-6682-3991""",嬻桳,"暔妋FAX憲怣嵪 2025.2.6摗尨
丒1奒晹暘",5590031
戄抧,R00175-014444,,,,峏抧,傾乕僇僀僽(惉栺),柍,748000,,奒,-,戝嶃巗廧擵峕嬫暯椦杒1挌栚偺戄抧亂292捸亃,,戝嶃晎戝嶃巗廧擵峕嬫暯椦杒侾挌栚1-21,,,,,3.00,,,966.66,,292.41,2559,2025/01/08,"2025/01/08 11:08","2025/02/13 16:27",愭暔(拠夘),,桳尷夛幮儂乕儉儔儞僪,-,"=""06-6682-3991""",,"丒杒懁丄撿懁偺偳偪傜偐乮慖戰壜乯
暔妋FAX憲怣嵪 2025.2.6摗尨",5590026
岺応,R00175-014496,,,,,傾乕僇僀僽(惉栺),柍,385000,,1奒,1969擭05寧,戝嶃巗搶惉嬫恄楬1挌栚偺戄岺応亂64捸亃,,戝嶃晎戝嶃巗搶惉嬫恄楬侾挌栚12-35,,,,,2100000,,,,214.12,64.77,5944,2025/02/06,"2025/01/28 14:26","2025/02/12 09:34",愭暔(拠夘),,乮姅乯價儖僶儞僋,慜揷丂戱栴,"=""06-7637-6363""",,-,5370003
岺応,R00175-014416,,,,嬻,傾乕僇僀僽(惉栺),柍,726000,,奒,1991擭11寧,敧旜巗杒栘偺杮1挌栚偺戄岺応亂200捸亃,,戝嶃晎敧旜巗杒栘偺杮侾挌栚27,,,,2.00,,,,,661.16,200,3630,2025/01/23,"2024/12/18 11:00","2025/02/10 14:09",愭暔(拠夘),,嶰宐彜帠,-,"=""072-992-5678""",嬻桳,丒D偲E嬫夋,5810041
揦曑(寶暔堦妵),R00175-014369,,,,嬻,傾乕僇僀僽(惉栺),柍,450000,,奒,1993擭08寧,榓壧嶳導榓壧嶳巗岦偺戄揦曑亂124捸亃,,榓壧嶳導榓壧嶳巗岦201,,,,3.00,3.00,,,1251.00,410.00,124.02,3629,2025/01/23,"2024/11/28 11:20","2025/02/10 14:05",愭暔(拠夘),,嶰彜桳尷夛幮,-,"=""073-433-7377""",嬻桳,,6408431
憅屔,R00175-014418,,,,巊梡拞,傾乕僇僀僽(惉栺),柍,217800,,3奒,2021擭05寧,堬栘巗媨搰1挌栚偺戄憅屔亂22捸亃,,戝嶃晎堬栘巗媨搰侾挌栚2-1,,25740,,,1188000,,,,75.74,22.91,9507,2025/01/23,"2024/12/18 11:45","2025/02/10 14:02",愭暔(拠夘),,儀僗僩僆僼傿僗乮姅乯,-,"=""06-6121-6888""",,"仸A搹310嬫夋
丒?宖嵹晄壜",5670853
憅屔,R00175-014219,,,,,傾乕僇僀僽(惉栺),柍,627000,,奒,-,嶄巗嶄嬫杒壴揷挰3挌偺戄憅屔亂72捸亃,,戝嶃晎嶄巗杒嬫杒壴揷挰俁挌33-14,,,6.00,,,3.00,,206.82,240.00,72.6,8637,2025/01/23,"2024/09/26 13:33","2025/02/10 13:40",愭暔(拠夘),,僗儈儗晄摦嶻姅幃夛幮,-,"=""072-255-3535""",嬻桳,,5918002
憅屔,R00175-014303,,,,嬻,傾乕僇僀僽(惉栺),柍,330000,,奒,2008擭01寧,塇塯栰巗屆巗偺戄憅屔亂40捸亃,,戝嶃晎塇塯栰巗屆巗1646-5,,,1.00,2.00,,,,644.63,132.89,40.19,8210,2024/11/05,"2024/11/05 14:33","2025/02/10 13:39",愭暔(拠夘),,僒儞僷儖儂乕儉,-,"=""072-950-4538""",嬻桳,丒廧強丗屆巗1646-5丄1646-4,5830852
憅屔,R00175-014039,,,,,傾乕僇僀僽(惉栺),柍,352000,,奒,1981擭03寧,戝嶃巗搶惉嬫怺峕杒2挌栚偺戄憅屔亂68捸亃,,戝嶃晎戝嶃巗搶惉嬫怺峕杒俀挌栚13-30,,,2.00,2.20,,,,,226.53,68.52,5137,2025/01/23,"2024/06/20 12:54","2025/02/10 13:34",愭暔(拠夘),,乮姅乯暁廳晄摦嶻,-,"=""072-964-2226""",柍,,5370001
憅屔,R00175-014180,,,,嬻,傾乕僇僀僽(惉栺),柍,407000,,1奒,1969擭04寧,暫屔導擈嶈巗恄嶈挰偺戄憅屔亂40捸亃,,暫屔導擈嶈巗恄嶈挰21-13,,,370000,814000,,,,214.87,132.24,40,10175,2025/02/10,"2024/09/09 12:20","2025/02/10 13:32",愭暔(拠夘),,乮姅乯僾儔僓僄僗僥乕僩,-,"=""06-6416-6111""",嬤桳,"戄偟巭傔丂2025.2.10
NET晄壜佀儅僢僠儞僌偺傒
丒1奒晹暘",6610964
憅屔,R00175-014145,,,,巊梡拞,傾乕僇僀僽(惉栺),柍,350000,,奒,-,敧旜巗嶳夑挰6挌栚偺戄憅屔亂48捸亃,,戝嶃晎敧旜巗嶳夑挰俇挌栚60,,,,,3.00,,,3236.00,161.19,48.75,7179,2024/08/19,"2024/08/19 11:18","2025/02/10 13:13",愭暔(拠夘),,姅幃夛幮僩僠僞僥價儖僨傿儞僌,悈忋丗090-8503-6217,"=""06-6975-7780""",嬻桳,抸擭悢晄柧,5810812
憅屔,R00175-014119,,,,,傾乕僇僀僽(惉栺),柍,550000,,奒,1971擭01寧,撧椙導妧尨巗懢揷巗挰偺戄憅屔亂172捸亃,,撧椙導妧尨巗懢揷巗挰109-4,,,3.00,1.00,,,,1111.96,569.48,172.26,3193,2024/10/07,"2024/07/29 11:44","2025/02/10 13:13",愭暔(拠夘),,姅幃夛幮僩僠僞僥價儖僨傿儞僌,-,"=""06-6975-7780""",,,6340001
岺応,R00175-014117,,,,嬻,傾乕僇僀僽(惉栺),柍,350000,,奒,-,枃曽巗弌岥3挌栚偺戄岺応亂63捸亃,,戝嶃晎枃曽巗弌岥俁挌栚2-28,,,3.00,2.00,,,,253.32,208.27,63,5556,2024/08/27,"2024/07/26 13:51","2025/02/10 13:13",愭暔(拠夘),,姅幃夛幮僩僠僞僥價儖僨傿儞僌,-,"=""06-6975-7780""",嬻桳,,5730065
憅屔,R00175-014041,,,,嬻,傾乕僇僀僽(惉栺),柍,352000,,奒,1975擭05寧,戝嶃巗惣惉嬫愮杮杒1挌栚偺戄憅屔亂71捸亃,,戝嶃晎戝嶃巗惣惉嬫愮杮杒侾挌栚6-23,,,2.00,1.00,,,,125.63,235.86,71.34,4934,2024/06/20,"2024/06/20 13:21","2025/02/10 13:13",愭暔(拠夘),,姅幃夛幮僩僠僞僥價儖僨傿儞僌,-,"=""06-6975-7780""",嬻桳,,5570053
憅屔,R00175-014036,,,,嬻,傾乕僇僀僽(惉栺),柍,352000,,1奒,-,搶戝嶃巗堫揷怴挰2挌栚偺戄憅屔亂60捸亃,,戝嶃晎搶戝嶃巗堫揷怴挰俀挌栚6-13,,,2.00,1.00,,,,245.40,200.00,60.5,5819,2024/07/10,"2024/06/18 13:20","2025/02/10 13:13",愭暔(拠夘),,姅幃夛幮僩僠僞僥價儖僨傿儞僌,-,"=""06-6975-7780""",嬻桳,"丒1奒晹暘
仸嬻幒妋擣偼扴摉幰傑偱丗悈忋090-8503-6217",5770004
憅屔,R00175-013979,,,,嬻,傾乕僇僀僽(惉栺),柍,450000,,奒,1995擭04寧,朙拞巗忛嶳挰2挌栚偺戄憅屔亂58捸亃,,戝嶃晎朙拞巗忛嶳挰俀挌栚7-17,,,4.00,2.00,,,,169.26,194.63,58.87,7644,2024/07/22,"2024/05/20 11:48","2025/02/10 13:13",愭暔(拠夘),,姅幃夛幮僩僠僞僥價儖僨傿儞僌,-,"=""06-6975-7780""",,,5610803
憅屔,R00175-013928,,,,,傾乕僇僀僽(惉栺),柍,650000,,奒,-,搶戝嶃巗屼悀1挌栚偺戄憅屔亂102捸亃,,戝嶃晎搶戝嶃巗屼悀侾挌栚5-3,,,4.00,2.00,,,,607.47,338.66,102.44,6345,2024/10/07,"2024/04/16 13:43","2025/02/10 13:13",愭暔(拠夘),,姅幃夛幮僩僠僞僥價儖僨傿儞僌,-,"=""06-6975-7780""",,,5770032
憅屔,R00175-013923,,,,,傾乕僇僀僽(惉栺),柍,330000,,奒,-,怮壆愳巗怴壠2挌栚偺戄憅屔亂99捸亃,,戝嶃晎怮壆愳巗怴壠俀挌栚1-2,,,2.00,1.00,,,,370.24,330.56,99.99,3301,2024/07/26,"2024/04/15 13:34","2025/02/10 13:13",愭暔(拠夘),,姅幃夛幮僩僠僞僥價儖僨傿儞僌,嵅乆栘丗080-9741-9625,"=""06-6975-7780""",,,5720812
憅屔,R00175-013805,,,,,傾乕僇僀僽(惉栺),柍,450000,,奒,1984擭05寧,娸榓揷巗搚惗挰6挌栚偺戄憅屔亂116捸亃,,戝嶃晎娸榓揷巗搚惗挰俇挌栚10-15,,,3.00,1.00,,,,556.32,386.18,116.81,3853,2024/07/22,"2024/02/27 14:11","2025/02/10 13:13",愭暔(拠夘),,姅幃夛幮僩僠僞僥價儖僨傿儞僌,-,"=""06-6975-7780""",嬻桳,,5960825
憅屔,R00175-013970,,,,嬻,傾乕僇僀僽(惉栺),柍,750000,,奒,2007擭02寧,悂揷巗峕嶁挰俀挌栚偺戄憅屔帠柋強亂75捸亃,,戝嶃晎悂揷巗峕嶁挰俀挌栚6-19,,50000,,2.00,,,,,248.92,75.29,9961,2025/02/05,"2024/05/16 11:55","2025/02/07 18:00",帺幮,堦斒攠夘,姅幃夛幮僙儞僠儏儕乕僟僀僜乕,搰杮,"=""06-6136-0555""",嬻桳,,5640063
憅屔,R00175-014196,,,,嬻,傾乕僇僀僽(惉栺),柍,440000,,奒,1992擭02寧,撿壨撪孲懢巕挰戝帤懢巕偺戄憅屔亂111捸亃,,戝嶃晎撿壨撪孲懢巕挰戝帤懢巕782-1,,,,,3.00,,,,370.12,111.96,3930,2024/10/07,"2024/09/12 13:33","2025/02/07 10:03",愭暔(拠夘),,價僆僄僗僩乮姅乯,嶳杮丗080-4397-5405,"=""072-268-2039""",嬻桳,"暔妋FAX憲晅嵪丂2025.2.6摗尨
2024.10.7丂暔妋帪丂1審怽偟崬傒桳丄2斣庤晄壜",5830995
岺応,R00175-013946,,,,嬻,傾乕僇僀僽(惉栺),柍,660000,,奒,1997擭10寧,撧椙導揤棟巗惣挿暱挰偺戄岺応亂189捸亃,,撧椙導揤棟巗惣挿暱挰217-2,,,,1.00,1.00,,,623.07,627.15,189.71,3479,2024/10/03,"2024/04/22 12:03","2025/02/06 16:41",愭暔(拠夘),,乮姅乯僐僢僩儞僴僂僗,-,"=""072-425-7886""",嬻桳,"丒応強丗僌乕僌儖儅僢僾偱偼惣挿暱挰218
丒攧攦偁傝丗B00175-000697

",6320063
戄抧,R00175-013838,,,,,傾乕僇僀僽(惉栺),柍,380000,,奒,-,暫屔導惣榚巗崅徏挰偺戄抧亂1214捸亃,,暫屔導惣榚巗崅徏挰523,,,6.00,,,,,4015.00,,1214.53,313,2024/10/18,"2024/03/12 15:08","2025/02/06 16:05",愭暔(拠夘),,傾僘儔僀僩乮姅乯,-,"=""079-558-7932""",,,6770055
憅屔,R00175-014169,,,,巊梡拞,傾乕僇僀僽(惉栺),柍,2200000,,奒,1989擭03寧,暫屔導惣榚巗崅徏挰偺戄憅屔亂1024捸亃,,暫屔導惣榚巗崅徏挰188-11,,,2.00,1.00,,,,4819.24,3386.73,1024.48,2148,2024/11/13,"2024/09/03 14:09","2025/02/06 16:05",愭暔(拠夘),,傾僘儔僀僩乮姅乯,-,"=""079-558-7932""",嬻桳,2024.11.13丂彜択拞,6770055
憅屔,R00175-014420,,,,,傾乕僇僀僽(惉栺),柍,1540000,,奒,2025擭05寧,嫗搒晎嫗搒巗暁尒嬫抾揷惣抜愳尨挰偺戄憅屔亂141捸亃,,嫗搒晎嫗搒巗暁尒嬫抾揷惣抜愳尨挰43,,,,,8.00,,,799.49,468.60,141.75,10865,2025/01/16,"2024/12/20 11:27","2025/02/06 15:02",愭暔(拠夘),,姅幃夛幮僱僋僗僩僗僥乕僕,-,"=""06-6190-6533""",,2025.1.15丗彜択拞,6128429
憅屔,R00175-014431,,,,,傾乕僇僀僽(惉栺),柍,1155000,,奒,2025擭07寧,悂揷巗撿悂揷2挌栚偺戄憅屔亂108捸亃,,戝嶃晎悂揷巗撿悂揷俀挌栚4-19,,,4.00,2.00,,,,311.56,360.00,108.9,10607,2025/01/16,"2024/12/26 12:50","2025/02/06 15:01",愭暔(拠夘),,姅幃夛幮僱僋僗僩僗僥乕僕,-,"=""06-6190-6533""",嬻桳,"2025.1.15丗彜択拞
丒106",5640043
憅屔,R00175-014237,,,,嬻,傾乕僇僀僽(惉栺),柍,1320000,,奒,-,搶戝嶃巗挿揷拞3挌栚偺戄憅屔亂160捸亃,,戝嶃晎搶戝嶃巗挿揷拞俁挌栚1-26,,,,,12.00,,,805.00,529.70,160.23,8238,2024/10/03,"2024/10/03 12:05","2025/02/06 14:48",愭暔(拠夘),,姅幃夛幮僇儉僥僀,-,"=""06-6225-9557""",嬻桳,"暔妋FAX憲怣嵪 2025.2.6摗尨
丒B搹乮搶搹乯",5770013
憅屔,R00175-013990,,,,嬻,傾乕僇僀僽(惉栺),柍,1980000,,奒,1989擭10寧,奓捤巗抧錟摪偺戄憅屔亂613捸亃,,戝嶃晎奓捤巗抧錟摪175,,,9200000,5060000,,,,2418.54,2027.30,613.25,3229,2024/11/25,"2024/05/27 13:48","2025/02/06 14:28",愭暔(拠夘),,姅幃夛幮僀儅僗丂棳捠帠嬈晹,-,"=""06-6209-7373""",嬻桳,"暔妋FAX憲怣嵪 2025.2.6摗尨
2025.1.16丗暔妋妋擣FAX憲怣拞丂柤壝崃
丒2024.11.25丂壙奿曄峏253枩(惻崬傒)仺198枩(惻崬)

丒2024.8.20丂壙奿曄峏269.5枩墌仺253枩墌偵曄峏",5970053
揦曑帠柋強(寶暔堦妵),R00175-014175,,,,嬻,傾乕僇僀僽(惉栺),柍,1320000,,奒,1994擭06寧,嶄巗杒嬫杒壴揷挰3挌偺戄揦曑丒帠柋強亂89捸亃,,戝嶃晎嶄巗杒嬫杒壴揷挰俁挌33-7,,,,1320000,12000000,,,634.00,297.00,89.84,14693,2024/09/05,"2024/09/05 13:40","2025/02/06 14:24",愭暔(拠夘),,姅幃夛幮僀儅僗丂棳捠帠嬈晹,拠栰丗070-1358-3772,"=""06-6209-7373""",嬻桳,"暔妋FAX憲怣嵪 2025.2.6摗尨
2025.1.16丗暔妋妋擣FAX憲怣拞丂柤壝崃
",5918002
憅屔,R00175-014301,,,,嬻,傾乕僇僀僽(惉栺),柍,1056000,,奒,1988擭09寧,搶戝嶃巗旽峕2挌栚偺戄憅屔亂160捸亃,,戝嶃晎搶戝嶃巗旽峕俀挌栚15-12,,,5760000,2112000,,,,447.67,529.20,160.08,6597,2024/11/05,"2024/11/05 13:45","2025/02/06 14:16",愭暔(拠夘),,姅幃夛幮僀儅僗丂棳捠帠嬈晹,戝寧丗070-6928-6859,"=""06-6209-7373""",嬻桳,"暔妋FAX憲怣嵪 2025.2.6摗尨
2025.1.16丗暔妋妋擣FAX憲怣拞丂柤壝崃
丒A搹",5780984
憅屔,R00175-013851,,,,嬻,傾乕僇僀僽(惉栺),柍,468600,,奒,1970擭12寧,暫屔導彫栰巗晘抧挰偺戄憅屔亂185捸亃,,暫屔導彫栰巗晘抧挰,,,,2.00,,,,,612.18,185.18,2531,2024/10/29,"2024/03/19 13:39","2025/02/06 11:37",愭暔(拠夘),,乮桳乯僴儕儅憤崌奐敪,-,"=""079-497-0330""",,"2024.4.15丂怽偟崬傒桳丂榖屌偄堊2斣庤尰忬晄壜

丒1-2奒堦晹
丒僌乕僌儖儅僢僾偱偼晘抧挰1132",6751367
憅屔,R00175-013915,,,,嬻,傾乕僇僀僽(惉栺),柍,550000,,奒,1973擭02寧,壀嶳導壀嶳巗搶嬫媣曐偺戄憅屔亂184捸亃,,壀嶳導壀嶳巗搶嬫媣曐149-4,,,6.00,1.00,,,,575.33,611.10,184.85,2976,2024/11/06,"2024/04/11 12:25","2025/02/06 09:37",愭暔(拠夘),,偁偍偄晄摦嶻姅幃夛幮,-,"=""086-263-4860""",嬻桳,"2024.6,.28 暔妋帪丂捓椏曄峏71.5枩(惻崬)仺55枩(惻崬)",7048102
憅屔,R00175-013682,,,,嬻,傾乕僇僀僽(惉栺),柍,440000,,奒,1985擭02寧,壀嶳導嬍栰巗搶崅嶈偺戄憅屔亂62捸亃,,壀嶳導嬍栰巗搶崅嶈25-15,,,3.00,1.00,,,,946.51,208.04,62.93,6992,2024/10/10,"2024/01/10 17:49","2025/02/06 09:37",愭暔(拠夘),,姅幃夛幮傾僪僶儞僗丒僂傿僘,彫椦偝傫丗080-3052-0117,"=""086-242-0103""",嬻桳,,7060134
憅屔,R00175-013681,,,,嬻,傾乕僇僀僽(惉栺),柍,550000,,奒,1964擭08寧,壀嶳導憅晘巗孖嶁偺戄憅屔亂105捸亃,,壀嶳導憅晘巗孖嶁180,,,1500000,500000,,,,553.00,350.31,105.96,5191,2024/10/31,"2024/01/10 15:59","2025/02/06 09:37",愭暔(拠夘),,姅幃夛幮儔僀僼僾儔儞僯儞僌,-,"=""086-201-8006""",嬻桳,仸廧強丗178-9偼抧斣偱偡丅乮廧嫃昞帵丗180乯,7010113
憅屔,R00175-014084,,,,嬻,傾乕僇僀僽(惉栺),柍,550000,,奒,1979擭05寧,壀嶳導憅晘巗曅搰挰偺戄憅屔亂147捸亃,,壀嶳導憅晘巗曅搰挰71-1,,,2.00,1.00,,,,,487.25,147.39,3732,2024/09/11,"2024/07/12 10:50","2025/02/06 09:37",愭暔(拠夘),,姅幃夛幮儚僀働僀丂憅晘墂慜揦,-,"=""086-441-2760""",嬻桳,,7100805
憅屔,R00175-013981,,,,嬻,傾乕僇僀僽(惉栺),柍,308000,,奒,1980擭01寧,壀嶳導壀嶳巗撿嬫怴曐偺戄憅屔亂119捸亃,,壀嶳導壀嶳巗撿嬫怴曐105-8,,,3.00,1.00,,,,621.10,396.37,119.9,2569,2024/09/11,"2024/05/22 16:39","2025/02/06 09:37",愭暔(拠夘),,偍偆偪壠儅僱乕僕儊儞僩姅幃夛幮,-,"=""086-246-2049""",,"2024.7.26丂彜択拞

仸廧強丗儗僀儞僘忋偼105-11乮Google儅僢僾忋偼105-8乯",7000945
憅屔,R00175-013956,,,,嬻,傾乕僇僀僽(惉栺),柍,253000,,奒,1978擭01寧,壀嶳導捗嶳巗暯暉偺戄憅屔亂60捸亃,,壀嶳導捗嶳巗暯暉11-4,,,3.00,,3.00,,,920.00,200.00,60.5,4182,2024/09/11,"2024/04/30 15:20","2025/02/06 09:37",愭暔(拠夘),,桳尷夛幮濄晄摦嶻,-,"=""0868-25-0001""",嬻桳,"2024.9.11 捓椏曄峏25.3枩(惻崬)仺23枩(惻崬)",7080872
憅屔,R00175-013914,,,,嬻,傾乕僇僀僽(惉栺),柍,770000,,奒,1981擭11寧,"壀嶳導憅晘巗徏峕係挌栚 偺戄憅屔亂271捸亃",,壀嶳導憅晘巗徏峕係挌栚1-9,,,,,,,,1006.80,899.12,271.98,2832,2024/09/04,"2024/04/11 11:02","2025/02/06 09:37",愭暔(拠夘),,姅幃夛幮Ma,摽塱丗090-5050-4545,"=""086-236-6519""",嬻桳,,7128052
岺応,R00175-013913,,,,嬻,傾乕僇僀僽(惉栺),柍,495000,,奒,2000擭06寧,壀嶳導捗嶳巗撿曽拞偺戄憅屔亂91捸亃,,壀嶳導捗嶳巗撿曽拞289-2,,,,1.00,,,,3544.00,301.96,91.34,5420,2024/09/11,"2024/04/11 10:13","2025/02/06 09:37",愭暔(拠夘),,姅幃夛幮嬥暯僄僗僥乕僩,嬥暯丂惤,"=""0867-44-1139""",,,7094616
帠柋強(寶暔堦妵),R00175-014313,,,,嬻,傾乕僇僀僽(惉栺),柍,92400,,2奒,1919擭01寧,"KROSS KUNO 1919乥Room5亂5捸亃",,戝嶃晎戝嶃巗拞墰嬫搰擵撪俀挌栚10-27,,,1.00,2.00,,,,,17.55,5.3,17405,2025/01/23,"2024/11/07 13:51","2025/02/05 17:53",帺幮,堦斒攠夘,姅幃夛幮僙儞僠儏儕乕僟僀僜乕,柧愇,"=""06-6136-0555""",,柧愇偝傫扴摉,5420082
岺応,R00175-014344,,,,嬻,傾乕僇僀僽(惉栺),柍,385000,,1奒,1990擭01寧,搶戝嶃巗怴壠1挌栚偺戄岺応亂73捸亃,,戝嶃晎搶戝嶃巗怴壠侾挌栚2-21,,,,550000,,,,,243.00,73.5,5238,2025/02/03,"2024/11/18 14:15","2025/02/03 09:34",愭暔(拠夘),,嶳嶰彜帠乮姅乯,-,"=""06-6788-5227""",嬻桳,,5770025
憅屔,R00175-013971,,,,,傾乕僇僀僽(惉栺),柍,330000,,奒,1969擭10寧,朙拞巗憱堜2挌栚偺戄憅屔亂93捸亃,,戝嶃晎朙拞巗憱堜俀挌栚7-15,,,,,3.00,,,210.48,310.28,93.85,3516,2025/01/09,"2024/05/16 13:12","2025/01/31 17:29",愭暔(拠夘),,僔乕價乕傾乕儖僀乕乮姅乯娭惣巟幮丂僀儞僟僗僩儕傾儖塩嬈晹,-,"=""06-6292-1730""",,2025.1.22丗戄庡偺搒崌偱曞廤拞巭,5610891
憅屔,R00175-014158,,,,嬻,傾乕僇僀僽(惉栺),柍,385000,,奒,1992擭12寧,壨撪挿栰巗庻挰偺戄憅屔亂50捸亃,,戝嶃晎壨撪挿栰巗庻挰11-59,,,600000,400000,,,,561.00,167.91,50.79,7580,2024/10/24,"2024/08/27 14:08","2025/01/30 14:35",愭暔(拠夘),,姅幃夛幮挿栰撿奀,-,"=""0721-54-2255""",嬻桳,,5860026
戄抧,R00175-013789,,,,,傾乕僇僀僽(惉栺),柍,520000,,奒,-,岎栰巗惎揷杒7挌栚偺戄抧亂235捸亃,,戝嶃晎岎栰巗惎揷杒俈挌栚,,,3.00,,,572000,,777.00,,235.04,2213,2024/09/30,"2024/02/20 13:00","2025/01/30 14:33",愭暔(拠夘),,姅幃夛幮柧惎,-,"=""072-835-6606""",,"2024.9.30丗彜択桳
丒応強丗惎揷杒7挌栚36-1乮僐儞僼僅乕僩惎揷乯偺惣懁",5760017
憅屔,R00175-014288,,,,嬻,傾乕僇僀僽(惉栺),柍,550000,,奒,1967擭06寧,暫屔導恄屗巗拞墰嬫榚昹挰3挌栚偺戄憅屔亂169捸亃,,暫屔導恄屗巗拞墰嬫榚昹挰俁挌栚2-36,,,,2.20,3.00,,,,560.69,169.6,3243,2024/10/25,"2024/10/25 12:04","2025/01/30 13:07",愭暔(拠夘),,俽倲倎倰丂俫倧倣倕倱乮姅乯,-,"=""078-325-2001""",,捓戄曞廤STOP丂攧攦偱偺傒曞廤,6510072
憅屔,R00175-014458,,,,巊梡拞,傾乕僇僀僽(惉栺),柍,1100000,,奒,2019擭06寧,戝嶃巗廧擵峕嬫撿峘拞1挌栚偺戄憅屔亂101捸亃,,戝嶃晎戝嶃巗廧擵峕嬫撿峘拞侾挌栚1-58,,,,,6.00,,,623.05,334.56,101.2,10870,2025/01/14,"2025/01/14 13:41","2025/01/30 08:54",愭暔(拠夘),,桳尷夛幮儂乕儉儔儞僪,-,"=""06-6682-3991""",,,5590033
憅屔,R00175-014326,,,,嬻,傾乕僇僀僽(惉栺),柍,50000,,奒,1993擭01寧,暫屔導嶰揷巗忋憡栰偺戄憅屔亂12捸亃,,暫屔導嶰揷巗忋憡栰686,3000,,,1.00,1.00,,,,42.00,12.7,3936,2025/01/28,"2024/11/08 15:35","2025/01/28 10:22",帺幮,堦斒攠夘,姅幃夛幮僙儞僠儏儕乕僟僀僜乕,柤壝崃,"=""06-6136-0555""",嬻桳,2024.12.23丂彜択拞,6691346
憅屔,R00175-014329,,,,嬻,傾乕僇僀僽(惉栺),柍,120000,,奒,1993擭01寧,暫屔導嶰揷巗忋憡栰偺戄憅屔亂32捸亃,,暫屔導嶰揷巗忋憡栰686,,,,1.00,1.00,,,,109.00,32.97,3640,2025/01/28,"2024/11/11 10:26","2025/01/28 10:22",帺幮,堦斒攠夘,姅幃夛幮僙儞僠儏儕乕僟僀僜乕,柤壝崃,"=""06-6136-0555""",嬻桳,2搹堦妵戄偟僾儔儞乮暘妱曞廤僾儔儞傕偁傝乯,6691346
岺応,R00175-014401,,,,嬻,傾乕僇僀僽(惉栺),柍,350000,,奒,1985擭12寧,搶戝嶃巗壛擺5挌栚偺戄岺応亂49捸亃,,戝嶃晎搶戝嶃巗壛擺俆挌栚2-41,,,300000,,,,,189.99,163.78,49.54,7065,2025/01/27,"2024/12/10 14:12","2025/01/27 18:24",愭暔(拠夘),,儚乕儖僪僾儔儞僯儞僌姅幃夛幮,-,"=""072-966-2770""",,,5780901
憅屔,R00175-014289,,,,嬻,傾乕僇僀僽(惉栺),柍,437800,,奒,1980擭01寧,愹戝捗巗拵庢挰2挌栚偺戄憅屔亂228捸亃,,戝嶃晎愹戝捗巗拵庢挰俀挌栚4-6,,,,,3.00,,,,755.70,228.59,1916,2025/01/27,"2024/10/25 12:21","2025/01/27 10:43",愭暔(拠夘),,儐僞僇僴僂僕儞僌,-,"=""0725-22-0935""",,2025.1.23丂彜択拞,5950037
戄抧,R00175-014452,,,,峏抧,岞奐壜,柍,460000,,奒,-,晉揷椦巗嶳拞揷挰1挌栚偺戄抧亂575捸亃,,戝嶃晎晉揷椦巗嶳拞揷挰侾挌栚10,,,,3.00,,,,1902.00,,575.35,800,2026/06/26,"2025/01/10 13:24","2025/01/24 17:15",愭暔(拠夘),,姅幃夛幮僟僀僄乕僴僂僕儞僌,-,"=""072-953-0700""",,丒廧強丗嶳拞揷挰1挌栚281-3,5840045
憅屔,R00175-014414,,,,,傾乕僇僀僽(惉栺),柍,385000,,奒,1978擭09寧,嶄巗杒嬫撿壴揷挰偺戄憅屔亂79捸亃,,戝嶃晎嶄巗杒嬫撿壴揷挰441,,,3.00,1.00,,,,2973.00,264.00,79.86,4821,2025/01/24,"2024/12/17 13:51","2025/01/24 10:41",愭暔(拠夘),,"姅幃夛幮僔乕傾乕儖僀乕 戝嶃塩嬈強",-,"=""06-6225-3161""",,,5918011
岺応,R00175-014216,,,,嬻,傾乕僇僀僽(惉栺),柍,550000,,奒,1982擭10寧,戝搶巗屼椞4挌栚偺戄岺応亂101捸亃,,戝嶃晎戝搶巗屼椞係挌栚2-75,,,,,6.00,,,,334.00,101.03,5444,2024/09/20,"2024/09/20 14:29","2025/01/23 15:59",愭暔(拠夘),,嶰妝嫽嶻姅幃夛幮,-,"=""072-872-8131""",嬻桳,"暔審宖嵹梫妋擣佀TEL偟偨偲偙傠晄壜偲偺偙偲側偺偱儅僢僠儞僌偺傒 2024.9.26",5740064
岺応,R00175-014212,,,,嬻,傾乕僇僀僽(惉栺),柍,495000,,奒,1968擭09寧,戝搶巗怴揷拞挰偺戄岺応亂99捸亃,,戝嶃晎戝搶巗怴揷拞挰5-22,,,,,6.00,,,,330.00,99.82,4959,2024/09/20,"2024/09/20 13:23","2025/01/23 15:59",愭暔(拠夘),,嶰妝嫽嶻姅幃夛幮,-,"=""072-872-8131""",嬻桳,峀崘晄壜偺堊儅僢僠儞僌搊榐,5740056
揦曑(寶暔堦妵),R00175-014051,,,,巊梡拞,傾乕僇僀僽(惉栺),柍,770000,,奒,2002擭12寧,崅捨巗搚幒挰偺戄揦曑亂100捸亃,,戝嶃晎崅捨巗搚幒挰15-8,,,,,10000000,,,,331.00,100.12,7691,2024/12/05,"2024/06/26 14:23","2025/01/23 15:09",愭暔(拠夘),,姅幃夛幮償傽儕僆,-,"=""06-6849-8800""",嬻桳,"捓椏DOWN88枩仺77枩 2024.7.22",5691147
憅屔,R00175-013957,,,,嬻,傾乕僇僀僽(惉栺),柍,715000,,奒,1978擭06寧,戝嶃巗揤墹帥嬫塧嵎挰偺戄憅屔亂129捸亃,,戝嶃晎戝嶃巗揤墹帥嬫塧嵎挰6-43,,,5200000,1430000,,,,146.96,426.49,129.01,5543,2024/10/08,"2024/05/07 11:53","2025/01/23 15:07",愭暔(拠夘),,姅幃夛幮僀儅僗奐敪帠嬈晹,-,"=""06-6233-8282""",,,5430016
揦曑帠柋強(寶暔堦妵),R00175-014295,,,,嬻,傾乕僇僀僽(惉栺),柍,363000,,奒,2003擭11寧,敧旜巗怉徏挰8挌栚偺戄揦曑丒帠柋強亂24捸亃,,戝嶃晎敧旜巗怉徏挰俉挌栚3-12,,,2640000,726000,,,,231.87,81.27,24.58,14766,2024/10/29,"2024/10/29 13:52","2025/01/23 15:06",愭暔(拠夘),,姅幃夛幮僀儅僗奐敪帠嬈晹,-,"=""06-6233-8282""",嬻桳,,5810084
憅屔,R00175-013955,,,,,傾乕僇僀僽(惉栺),柍,1320000,,奒,1991擭10寧,敧旜巗宩挰6挌栚偺戄憅屔亂140捸亃,,戝嶃晎敧旜巗宩挰俇挌栚(1-7),,,3.00,2.00,,,,529.11,465.60,140.84,9373,2024/10/01,"2024/04/26 13:59","2025/01/23 14:41",愭暔(拠夘),,姅幃夛幮僐僗儌晄摦嶻忣曬丂搶戝嶃巟揦,嫶杮,"=""06-6748-7110""",,丒応強丗僌乕僌儖儅僢僾偱偼宩挰6挌栚1-7,5810823
岺応,R00175-013808,,,,,傾乕僇僀僽(惉栺),柍,550000,,奒,1983擭09寧,搶戝嶃巗晍巗挰3挌栚偺戄岺応亂139捸亃,,戝嶃晎搶戝嶃巗晍巗挰俁挌栚(11),,,,1100000,1500000,1100000,,384.07,460.03,139.15,3953,2024/10/07,"2024/02/29 13:41","2025/01/23 14:41",愭暔(拠夘),,姅幃夛幮僐僗儌晄摦嶻忣曬丂搶戝嶃巟揦,-,"=""06-6748-7110""",,-,5798004
戄抧,R00175-014138,,,,偦偺懠,傾乕僇僀僽(惉栺),柍,400000,,奒,-,嶄巗旤尨嬫悰惗偺戄抧亂408捸亃,,戝嶃晎嶄巗旤尨嬫悰惗918,,,,,1600000,,,1350.00,,408.37,980,2024/09/03,"2024/08/05 11:51","2025/01/23 14:37",愭暔(拠夘),,乮桳乯嬤婨僄僗僥乕僩,-,"=""072-958-2828""",,"暔妋愭丗偨偍偐條090-3160-5283

仸擾抧偺堊丄巊梡慜偵梡搑曄峏偑昁梫丅巆搚偼晄壜",5870041
憅屔,R00175-014149,,,,嬻,傾乕僇僀僽(惉栺),柍,440000,,奒,-,暫屔導恄屗巗暫屔嬫埌尨捠2挌栚偺戄憅屔亂64捸亃,,暫屔導恄屗巗暫屔嬫埌尨捠俀挌栚2-23,,,2.00,2.20,,,,,214.20,64.79,6791,2024/09/30,"2024/08/20 15:57","2025/01/23 14:30",愭暔(拠夘),,桳尷夛幮戝岝僄僗僥乕僩,-,"=""0798-48-1107""",嬻桳,,6520882
憅屔,R00175-014248,,,,,傾乕僇僀僽(惉栺),柍,6600000,,奒,1991擭12寧,戝嶃巗廧擵峕嬫暯椦撿1挌栚偺戄憅屔亂1263捸亃,,戝嶃晎戝嶃巗廧擵峕嬫暯椦撿侾挌栚,,,,,6.00,,,,4175.52,1263.09,5226,2025/01/23,"2024/10/08 13:35","2025/01/23 13:56",愭暔(拠夘),,桳尷夛幮儂乕儉儔儞僪,惣,"=""06-6682-3991""",,丒廧強丗暯椦撿1挌栚5-15,5590025
岺応,R00175-014113,,,,嬻,傾乕僇僀僽(惉栺),柍,300000,,奒,-,暫屔導擈嶈巗嬥妝帥挰2挌栚偺戄岺応亂19捸亃,,暫屔導擈嶈巗嬥妝帥挰俀挌栚2-46,,,1800000,,,900000,,103.32,65.36,19.77,15174,2025/01/23,"2024/07/25 13:41","2025/01/23 13:52",愭暔(拠夘),,埉晄摦嶻,-,"=""06-6481-1939""",嬻桳,,6600806
戄抧,R00175-014085,,,,峏抧,傾乕僇僀僽(惉栺),柍,1100000,,奒,-,嫗搒晎嫗搒巗暁尒嬫岦搰戦応挰偺戄抧亂1121捸亃,,嫗搒晎嫗搒巗暁尒嬫岦搰戦応挰,,,,,6600000,,6600000,3708.00,,1121.67,981,2025/01/23,"2024/07/12 11:57","2025/01/23 13:49",愭暔(拠夘),,僨傿儔儞僪嶳嫗儕乕僗乮姅乯,-,"=""0774-20-5115""",,丒抧斣丗1丄24,6128133
憅屔,R00175-013771,,,,嬻,傾乕僇僀僽(惉栺),柍,385000,,奒,1990擭01寧,嫗搒晎塅帯巗隊搰挰嶰廫屲偺戄憅屔亂54捸亃,,嫗搒晎塅帯巗隊搰挰嶰廫屲29-2,,5500,,,2300000,,440000,,181.20,54.81,7024,2025/01/23,"2024/02/09 10:55","2025/01/23 13:49",愭暔(拠夘),,僨傿儔儞僪嶳嫗儕乕僗乮姅乯,-,"=""0774-20-5115""",嬻桳,"2024.7.19 抁婜宊栺梊掕(俉丆9寧)丂擖嫃壜擻偼嵟抁偱10寧偐傜梊掕丂撪棗偼壜擻

捓椏DOWN44枩仺38.5枩 2024.4.10",6110041
憅屔,R00175-014419,,,,巊梡拞,傾乕僇僀僽(惉栺),柍,430540,,3奒,2021擭05寧,堬栘巗媨搰1挌栚偺戄憅屔亂45捸亃,,戝嶃晎堬栘巗媨搰侾挌栚2-1,,50820,,,2348400,,,,149.76,45.3,9504,2025/01/23,"2024/12/18 11:58","2025/01/23 13:40",愭暔(拠夘),,儀僗僩僆僼傿僗乮姅乯,-,"=""06-6121-6888""",,"仸A搹306嬫夋
丒?宖嵹晄壜",5670853
憅屔,R00175-014255,,,,巊梡拞,傾乕僇僀僽(惉栺),柍,440000,,奒,1990擭12寧,娸榓揷巗棳栘挰偺戄憅屔亂124捸亃,,戝嶃晎娸榓揷巗棳栘挰474-4,,,,,2400000,,,560.00,410.00,124.02,3548,2025/01/23,"2024/10/10 13:13","2025/01/23 13:24",愭暔(拠夘),,岦堜嶻嬈乮姅乯,-,"=""072-427-4982""",嬻桳,,5960835
戄抧,R00175-014004,,,,,傾乕僇僀僽(惉栺),柍,300000,,奒,-,怮壆愳巗嶿椙惣挰偺戄抧亂144捸亃,,戝嶃晎怮壆愳巗嶿椙惣挰8晅嬤,,,,1.00,2.00,,,476.09,,144.01,2084,2025/01/23,"2024/05/31 14:24","2025/01/23 11:43",愭暔(拠夘),,儎僈儈儂乕儉丂,-,"=""072-803-3366""",,2024.9.3暔妋丂33仺30枩,5720818
憅屔,R00175-014182,,,,嬻,傾乕僇僀僽(惉栺),柍,330000,,奒,-,徏尨巗揤旤変摪2挌栚偺戄憅屔亂74捸亃,,戝嶃晎徏尨巗揤旤変摪俀挌栚256,,,6.00,,,,,,247.00,74.71,4417,2025/01/23,"2024/09/09 13:31","2025/01/23 11:22",愭暔(拠夘),,僗儈儗晄摦嶻姅幃夛幮,-,"=""072-255-3535""",嬻桳,,5800026
岺応,R00175-014168,,,,,傾乕僇僀僽(惉栺),柍,330000,,奒,1978擭03寧,攼尨巗墌柧挰偺戄岺応亂91捸亃,,戝嶃晎攼尨巗墌柧挰1000-80,,,,,900000,330000,,326.67,302.83,91.6,3603,2024/11/13,"2024/09/03 13:52","2025/01/23 10:42",愭暔(拠夘),,乮姅乯僐僗儌晄摦嶻忣曬,憡愳丗080-9307-1718,"=""072-223-2511""",,丒D搹1,5820027
戄抧,R00175-014269,,,,,傾乕僇僀僽(惉栺),柍,350000,,奒,-,枃曽巗弔擔惣挰4挌栚偺戄抧亂214捸亃,,戝嶃晎枃曽巗弔擔惣挰係挌栚177-2,,,,320000,960000,,,710.00,,214.77,1630,2024/10/21,"2024/10/17 16:12","2025/01/23 10:25",愭暔(拠夘),,乮姅乯岞媣,-,"=""075-983-0663""",,"捓椏UP32枩仺35枩2024.10.21

丒廧強丗弔擔惣挰4挌栚177-2丄5",5730136
憅屔,R00175-014076,,,,嬻,傾乕僇僀僽(惉栺),柍,330000,,奒,1989擭11寧,晉揷椦巗庒徏挰搶2挌栚偺戄憅屔亂75捸亃,,戝嶃晎晉揷椦巗庒徏挰搶俀挌栚1-12,,,2.00,1.00,,,,,249.56,75.49,4372,2025/01/06,"2024/07/11 11:45","2025/01/21 09:12",愭暔(拠夘),,暯堜晄摦嶻,-,"=""0725-58-8110""",嬻桳,,5840023
憅屔,R00175-014250,,,,嬻,傾乕僇僀僽(惉栺),柍,385000,,奒,1978擭07寧,庣岥巗撿帥曽搶捠3挌栚偺戄憅屔亂73捸亃,,戝嶃晎庣岥巗撿帥曽搶捠俁挌栚3-8,,,5.00,1.00,,,,267.00,244.00,73.81,5217,2025/01/20,"2024/10/08 14:01","2025/01/20 09:07",愭暔(拠夘),,乮姅乯傾乕僶儞僐僉僞,-,"=""06-6993-4510""",,,5700043
揦曑(寶暔堦妵),R00175-013768,,,,嬻,傾乕僇僀僽(惉栺),柍,550000,,奒,1987擭12寧,嶃撿巗奓妡偺戄揦曑亂111捸亃,,戝嶃晎嶃撿巗奓妡(1070-1),,,,,3300000,,,955.79,366.96,111,4955,2024/10/25,"2024/02/08 14:40","2025/01/17 13:32",愭暔(拠夘),,乮姅乯僐僗儌晄摦嶻忣曬丂撿戝嶃巟揦,媨忛丗090-9250-4187,"=""072-433-2580""",嬻桳,"2025.1.16丗暔妋妋擣FAX憲怣拞丂柤壝崃
仸儅僢僠儞僌偺傒
丒攧攦偁傝丗B00175-000579",5990231
憅屔,R00175-013873,,,,嬻,傾乕僇僀僽(惉栺),柍,1980000,,奒,1989擭06寧,悂揷巗愳娸挰偺戄憅屔亂140捸亃,,戝嶃晎悂揷巗愳娸挰(14-15),,,6.00,2.00,,,,1702.00,465.00,140.66,14077,2025/01/16,"2024/03/29 13:11","2025/01/16 17:28",愭暔(拠夘),,嶰婎寶愝乮姅乯,-,"=""06-6304-0999""",嬻桳,-,5640037
憅屔,R00175-014215,,,,嬻,傾乕僇僀僽(惉栺),柍,396000,,奒,1997擭08寧,悂揷巗娸晹杒5挌栚偺戄憅屔亂64捸亃,,戝嶃晎悂揷巗娸晹杒俆挌栚12-16,,,6.00,2.00,,,,290.59,213.64,64.62,6128,2025/01/16,"2024/09/20 14:14","2025/01/16 17:28",愭暔(拠夘),,嶰婎寶愝乮姅乯,-,"=""06-6304-0999""",嬻桳,-,5640001
憅屔,R00175-014054,,,,嬻,傾乕僇僀僽(惉栺),柍,550000,,奒,-,抮揷巗廧媑2挌栚偺戄憅屔亂16捸亃,,戝嶃晎抮揷巗廧媑俀挌栚9-15,,,6.00,2.00,,,,490.00,54.59,16.51,33307,2025/01/16,"2024/07/01 13:04","2025/01/16 17:28",愭暔(拠夘),,嶰婎寶愝乮姅乯,懞忋丗090-8214-8370,"=""06-6304-0999""",嬻桳,"捓椏DOWN俆俆枩仺48.4枩2024.10.1佀UP55枩

栤崌偣斣崋丗1012021",5630033
憅屔,R00175-013940,,,,嬻,傾乕僇僀僽(惉栺),柍,440000,,奒,2014擭02寧,戝嶃巗暉搰嬫媑栰5挌栚偺戄憅屔亂40捸亃,,戝嶃晎戝嶃巗暉搰嬫媑栰俆挌栚10-18,,,,,6.00,,,233.30,134.20,40.59,10839,2025/01/16,"2024/04/18 13:49","2025/01/16 17:22",愭暔(拠夘),,乮姅乯價儖僶儞僋,-,"=""06-7637-6363""",,-,5530006
憅屔,R00175-014028,,,,,傾乕僇僀僽(惉栺),柍,1760000,,奒,1979擭01寧,悂揷巗峕嶁挰1挌栚偺戄憅屔亂195捸亃,,戝嶃晎悂揷巗峕嶁挰侾挌栚20-22,,,,,6.00,,,949.33,646.50,195.56,9000,2025/01/16,"2024/06/13 13:19","2025/01/16 17:18",愭暔(拠夘),,姅幃夛幮僱僋僗僩僗僥乕僕,-,"=""06-6190-6533""",嬻桳,,5640063
憅屔,R00175-014045,,,,,傾乕僇僀僽(惉栺),柍,1485000,,奒,2000擭03寧,戝嶃巗搶梽愳嬫惣扺楬5挌栚偺戄憅屔亂150捸亃,,戝嶃晎戝嶃巗搶梽愳嬫惣扺楬俆挌栚6-12,,,,,6.00,,,366.00,496.86,150.3,9881,2025/01/16,"2024/06/21 11:56","2025/01/16 17:18",愭暔(拠夘),,姅幃夛幮僱僋僗僩僗僥乕僕,-,"=""06-6190-6533""",嬻桳,"2025.1.15丗暔審妋擣FAX憲晅嵪傒丂柤壝崃
",5330031
憅屔,R00175-014364,,,,嬻,傾乕僇僀僽(惉栺),柍,330000,,奒,-,崅捨巗戝帤嶰搰峕偺戄憅屔亂149捸亃,,戝嶃晎崅捨巗戝帤嶰搰峕223-3,,,300000,660000,,,,,495.00,149.73,2204,2025/01/16,"2024/11/27 13:40","2025/01/16 15:47",愭暔(拠夘),,乮姅乯儔僀僼儕儞僋僗,-,"=""072-636-0401""",,怽偟崬傒1審偁傝佀埬撪偼壜丂2024.12.13,5690835
岺応,R00175-014223,,,,嬻,傾乕僇僀僽(惉栺),柍,352000,,奒,1960擭08寧,戝嶃巗惣梽愳嬫捪6挌栚偺戄岺応亂74捸亃,,戝嶃晎戝嶃巗惣梽愳嬫捪俇挌栚3-12,,,,1056000,,,,,245.00,74.11,4750,2025/01/09,"2024/09/27 13:26","2025/01/09 10:07",愭暔(拠夘),,乮姅乯擔寶廧戭僒乕價僗,-,"=""06-6477-7705""",柍,僱僢僩晄壜偺堊儅僢僠儞僌偺傒,5550001
憅屔,R00175-014052,,,,嬻,傾乕僇僀僽(惉栺),柍,660000,,奒,1985擭09寧,悂揷巗峕偺栘挰偺戄憅屔亂127捸亃,,戝嶃晎悂揷巗峕偺栘挰32-14,,,,,6.00,,,1014.87,421.06,127.37,5182,2025/01/08,"2024/06/26 14:37","2025/01/08 13:04",愭暔(拠夘),,姅幃夛幮僗儁乕僗丒儕乕僟乕,-,"=""06-6310-7510""",嬻桳,丒撿懁1-2奒晹暘,5640053
戄抧,R00175-014147,,,,偦偺懠,傾乕僇僀僽(惉栺),柍,600000,,奒,-,徏尨巗嶰戭惣3挌栚偺戄抧亂500捸亃,,戝嶃晎徏尨巗嶰戭惣俁挌栚370,,,,,2.00,,,1652.90,,500,1200,2024/09/26,"2024/08/19 11:51","2024/12/23 17:46",愭暔(拠夘),,僴僂僕儞僌僫僯儚,-,"=""072-336-4000""",,"丒応強丗僌乕僌儖儅僢僾偱偼丄嶰戭惣3挌栚270-1乮娵婽惢査徏尨乯偺悈楬嫴傫偱惣懁
丒抧斣丗嶰戭惣3挌栚370",5800045
岺応,R00175-014388,,,,嬻,傾乕僇僀僽(惉栺),柍,780000,,奒,1984擭09寧,戝嶃巗惣梽愳嬫抾搰2挌栚偺戄岺応亂112捸亃,,戝嶃晎戝嶃巗惣梽愳嬫抾搰俀挌栚3-6,,,3.00,,,1.65,,488.79,372.00,112.53,6932,2024/12/20,"2024/12/05 14:10","2024/12/20 10:13",愭暔(拠夘),,僯僢僞僋嶻嬈姅幃夛幮,戝懞丗090-8655-8551,"=""06-6475-5311""",嬻桳,,5550011
揦曑(寶暔堦妵),R00175-014183,,,,嬻,傾乕僇僀僽(惉栺),柍,495000,,奒,2013擭09寧,摗堜帥巗戲揷2挌栚偺戄揦曑亂67捸亃,,戝嶃晎摗堜帥巗戲揷俀挌栚9-31,,,900000,990000,,,,249.39,222.30,67.24,7362,2024/09/09,"2024/09/09 13:45","2024/12/19 10:18",愭暔(拠夘),,俙俠俼俤乮姅乯怱嵵嫶巟幮,嶳壀巌丗090-3610-9100,"=""06-6543-6722""",嬻桳,,5830011
岺応,R00175-014377,,,,嬻,傾乕僇僀僽(惉栺),柍,660000,,奒,-,撧椙導撧椙巗杒擵彲惣挰1挌栚偺戄岺応亂166捸亃,,撧椙導撧椙巗杒擵彲惣挰侾挌栚5-5,,,,,2000000,,,,551.67,166.88,3955,2024/12/03,"2024/12/03 13:19","2024/12/18 10:27",愭暔(拠夘),,撧椙僔僥傿僴僂僗乮姅乯,-,"=""0742-48-5333""",嬻桳,,6308452
戄抧,R00175-014342,,,,峏抧,傾乕僇僀僽(惉栺),柍,500000,,奒,-,枼柺巗埦惗娫扟惣5挌栚偺戄抧亂386捸亃,,戝嶃晎枼柺巗埦惗娫扟惣俆挌栚11,,,1000000,500000,,,,1279.11,,386.93,1293,2024/12/18,"2024/11/18 13:44","2024/12/18 09:35",愭暔(拠夘),,乮姅乯僙儞儕,-,"=""06-6871-4848""",,,5620023
岺応,R00175-013889,,,,巊梡拞,傾乕僇僀僽(惉栺),柍,1210000,,奒,1972擭12寧,崅捨巗幣惗挰2挌栚偺戄岺応亂147捸亃,,戝嶃晎崅捨巗幣惗挰俀挌栚65-25,,,3600000,1210000,,,,1761.99,488.56,147.78,8188,2024/10/25,"2024/04/04 13:13","2024/12/13 09:59",愭暔(拠夘),,乮姅乯晉巑彜夛,-,"=""072-636-7770""",嬻桳,2024.10.25丂彜択拞,5690823
憅屔,R00175-014218,,,,巊梡拞,傾乕僇僀僽(惉栺),柍,423500,,奒,-,栧恀巗巐媨6挌栚偺戄憅屔亂76捸亃,,戝嶃晎栧恀巗巐媨俇挌栚5-6,,,,1.00,6.00,,,,254.54,76.99,5501,2024/09/24,"2024/09/24 11:59","2024/12/10 14:59",愭暔(拠夘),,乮姅乯嫤榓晄摦,暔妋偼実懷傊丗090-1580-2566,"=""072-881-8177""",,"仸楢搹杒懁
仸暔妋偼実懷傊丗090-1580-2566",5710017
戄抧,R00175-014232,,,,峏抧,傾乕僇僀僽(惉栺),柍,300000,,奒,-,搶戝嶃巗怴婌懡2挌栚偺戄抧亂80捸亃,,戝嶃晎搶戝嶃巗怴婌懡俀挌栚2-15,,,2.00,2.00,,,,266.20,,80.52,3726,2024/10/03,"2024/10/03 10:29","2024/12/09 15:26",愭暔(拠夘),,乮姅乯傾僩儕僄,-,"=""06-4792-8000""",,,5770052
憅屔,R00175-014322,,,,,傾乕僇僀僽(惉栺),柍,986040,,3奒,1996擭02寧,暫屔導愳惣巗壛栁6挌栚偺戄憅屔亂224捸亃,,暫屔導愳惣巗壛栁俇挌栚115-1,,,4.00,2.00,,,,,740.85,224.1,4400,2024/12/06,"2024/11/08 12:20","2024/12/06 16:44",愭暔(拠夘),,乮姅乯儘僕僼傽僋僞乕,-,"=""06-7712-8090""",,"丒3奒晹暘 仸壸壓傠偟僗儁乕僗柍偟乮堦帪揑偵偼壜乯",6660025
憅屔,R00175-014160,,,,巊梡拞,傾乕僇僀僽(惉栺),柍,363000,,奒,1998擭04寧,愹嵅栰巗撿拞妦堜偺戄憅屔亂198捸亃,,戝嶃晎愹嵅栰巗撿拞妦堜635-1,,,1000000,,,330000,,,654.68,198.04,1833,2024/11/05,"2024/08/27 14:45","2024/12/06 09:57",愭暔(拠夘),,姅幃夛幮偐偨傗傑晄摦嶻帠柋強,-,"=""072-462-4888""",嬻桳,"2024.11.5 怽崬1審偁傝乮曐徹夛幮怰嵏捠夁嵪傒丄宊栺彂嶤傝崌傢偣拞偺堊丄2斣庤晄壜乯",5980035
憅屔,R00175-014047,,,,嬻,傾乕僇僀僽(惉栺),柍,363000,,奒,2024擭10寧,愹戝捗巗杒朙拞挰2挌栚偺戄憅屔亂56捸亃,,戝嶃晎愹戝捗巗杒朙拞挰俀挌栚,16500,,1.00,3.00,,,,,186.98,56.56,6418,2024/12/05,"2024/06/24 11:51","2024/12/05 14:14",愭暔(拠夘),,(姅)僄僗億儚乕儖,-,"=""072-240-1756""",嬻桳,丒抧斣丗893,5950012
憅屔,R00175-013710,,,,嫃廧拞,傾乕僇僀僽(惉栺),柍,220000,,奒,1980擭01寧,壀嶳導壀嶳巗杒嬫忋拞栰侾挌栚偺戄憅屔亂69捸亃,,壀嶳導壀嶳巗杒嬫忋拞栰侾挌栚8-14,,,2.00,1.00,,,,,231.00,69.87,3149,2024/10/24,"2024/01/18 11:14","2024/12/04 14:51",愭暔(拠夘),,偍偆偪壠儅僱乕僕儊儞僩姅幃夛幮,-,"=""086-246-2049""",嬻桳,,7000972
岺応,R00175-014093,,,,嬻,傾乕僇僀僽(惉栺),柍,660000,,奒,1982擭06寧,愛捗巗捁帞杮挰3挌栚偺戄岺応亂172捸亃,,戝嶃晎愛捗巗捁帞杮挰俁挌栚2-19,,,1.00,2.00,,,1.00,444.53,569.50,172.27,3832,2024/12/02,"2024/07/17 15:34","2024/12/02 16:23",愭暔(拠夘),,乮姅乯僽儔僀僩僴僂僗,懞揷丗090-9711-9181,"=""072-665-4080""",嬻桳,,5660052
憅屔,R00175-014257,,,,,傾乕僇僀僽(惉栺),柍,1100000,,奒,1991擭02寧,戝嶃巗梽愳嬫揷愳杒2挌栚偺戄憅屔亂179捸亃,,戝嶃晎戝嶃巗梽愳嬫揷愳杒俀挌栚4-13,,,,,8000000,,,974.35,591.87,179.04,6144,2024/12/02,"2024/10/11 10:43","2024/12/02 16:13",愭暔(拠夘),,乮姅乯擔杮僾儘僷僥傿,-,"=""06-6747-9552""",,,5320021
揦曑(寶暔堦妵),R00175-014121,,,,嬻,傾乕僇僀僽(惉栺),柍,330000,,奒,2001擭10寧,暫屔導扥攇幝嶳巗栰拞偺戄揦曑亂59捸亃,,暫屔導扥攇幝嶳巗栰拞330-6,,,500000,500000,,,,694.75,196.16,59.33,5562,2024/11/13,"2024/07/30 12:15","2024/12/02 11:06",愭暔(拠夘),,乮桳乯僫僆嶻嬈,-,"=""079-594-1095""",嬻桳,,6692452
憅屔,R00175-014278,,,,,傾乕僇僀僽(惉栺),柍,330000,,奒,1969擭01寧,暫屔導壛惣巗惣妢尨挰偺戄憅屔亂513捸亃,,暫屔導壛惣巗惣妢尨挰172-254,,,2.00,2.20,,,,,1697.93,513.62,643,2024/10/22,"2024/10/22 13:14","2024/11/28 10:29",愭暔(拠夘),,僞僇僙晄摦嶻(姅)丂壛惣揦,-,"=""0790-43-7330""",嬻桳,,6752213
憅屔,R00175-014348,,,,嬻,傾乕僇僀僽(惉栺),柍,825000,,奒,1984擭09寧,悂揷巗撿悂揷5挌栚偺戄憅屔亂94捸亃,,戝嶃晎悂揷巗撿悂揷俆挌栚13-27,,,,,4500000,,,,313.90,94.95,8689,2024/11/19,"2024/11/19 13:33","2024/11/28 10:17",愭暔(拠夘),,姅幃夛幮働儞僙僀,-,"=""06-6385-3511""",嬻桳,,5640043
揦曑帠柋強(寶暔堦妵),R00175-014304,,,,嬻,傾乕僇僀僽(惉栺),柍,667700,,1奒,1919擭01寧,"KROSS KUNO 1919乥1F僇僼僃亂48捸亃",,戝嶃晎戝嶃巗拞墰嬫搰擵撪俀挌栚10-27,,,1.00,2.00,,,,,161.88,48.96,13636,2024/11/06,"2024/11/06 16:13","2024/11/27 17:30",帺幮,堦斒攠夘,姅幃夛幮僙儞僠儏儕乕僟僀僜乕,柧愇,"=""06-6136-0555""",,柧愇偝傫扴摉,5420082
揦曑帠柋強(寶暔堦妵),R00175-014305,,,,嬻,傾乕僇僀僽(惉栺),柍,481800,,1奒,1919擭01寧,"KROSS KUNO 1919乥1F揦曑亂29捸亃",,戝嶃晎戝嶃巗拞墰嬫搰擵撪俀挌栚10-27,,,1.00,2.00,,,,,96.08,29.06,16578,2024/11/06,"2024/11/06 17:23","2024/11/27 17:29",帺幮,堦斒攠夘,姅幃夛幮僙儞僠儏儕乕僟僀僜乕,柧愇,"=""06-6136-0555""",,柧愇偝傫扴摉,5420082
揦曑(寶暔堦妵),R00175-014242,,,,嫃廧拞,傾乕僇僀僽(惉栺),柍,880000,,1奒,1991擭07寧,愹撿巗怴壠偺戄揦曑亂156捸亃,,戝嶃晎愹撿巗怴壠6004,,,3.00,2.00,,,,1594.19,518.45,156.83,5612,2024/10/29,"2024/10/08 10:58","2024/11/27 10:03",帺幮,堦斒攠夘,姅幃夛幮僙儞僠儏儕乕僟僀僜乕,搰杮,"=""06-6136-0555""",嬻桳,,5900503
揦曑帠柋強(寶暔堦晹),R00175-014284,,,,,傾乕僇僀僽(惉栺),柍,396000,,奒,1978擭06寧,戝嶃巗杒嬫挿暱拞3挌栚偺戄揦曑丒帠柋強亂47捸亃,,戝嶃晎戝嶃巗杒嬫挿暱拞俁挌栚2-13,,,,1.10,3.00,,,,155.99,47.18,8393,2024/10/24,"2024/10/24 12:26","2024/11/25 15:20",愭暔(拠夘),,乮姅乯俫丒俲丒俲僀儞儀僗僩儊儞僩,怴堜,"=""070-5656-1255""",,"尦晅傛傝宖嵹偵偮偄偰僋儗乕儉丂宖嵹晄壜 2024.11.25

丒楢搹偺堦嬫夋",5310062
憅屔,R00175-014274,,,,巊梡拞,傾乕僇僀僽(惉栺),柍,1155000,,奒,-,愹嵅栰巗撿拞妦堜偺戄憅屔亂420捸亃,,戝嶃晎愹嵅栰巗撿拞妦堜279,,,,2.20,4.00,,,869.00,1388.59,420.04,2750,2024/11/05,"2024/10/18 17:59","2024/11/25 10:24",帺幮,堦斒攠夘,姅幃夛幮僙儞僠儏儕乕僟僀僜乕,椡愇,"=""06-6136-0555""",嬻桳,"廧強丗戝嶃晎愹嵅栰巗撿拞妦堜279,332-1
斀嬁偼1壽偺儊儞僶乕乮斀嬁弴乯偱傑傢偡",5980035
憅屔,R00175-013699,,,,嬻,岞奐壜,柍,495000,,奒,1979擭08寧,戝嶃巗搶惉嬫恄楬3挌栚偺戄憅屔亂76捸亃,,戝嶃晎戝嶃巗搶惉嬫恄楬俁挌栚5-3,,,1000000,660000,,,,185.22,252.00,76.23,6494,2026/07/21,"2024/01/16 14:16","2024/11/19 17:30",愭暔(拠夘),,傒傓傠晄摦嶻姅幃夛幮,-,"=""06-6971-8191""",柍,,5370003
憅屔,R00175-013766,,,,,傾乕僇僀僽(惉栺),柍,404800,,1奒,1978擭06寧,戝嶃晎戝嶃巗廧擵峕嬫撿峘搶4挌栚偺戄憅屔亂80捸亃,,戝嶃晎戝嶃巗廧擵峕嬫撿峘搶係挌栚5-23,44000,,3.00,1.00,,,,,266.00,80.46,5031,2024/11/18,"2024/02/08 13:53","2024/11/18 09:48",愭暔(拠夘),,僕儍僷儞僴僫晄摦嶻崌摨夛幮,-,"=""06-6563-9419""",嬻桳,丒B搹偺A嬫夋,5590031
憅屔,R00175-014086,,,,嬻,傾乕僇僀僽(惉栺),柍,49500,,奒,-,戝嶃巗惣惉嬫挿嫶3挌栚偺戄憅屔亂9捸亃,,戝嶃晎戝嶃巗惣惉嬫挿嫶俁挌栚4-20,,,100000,220000,,,,,33.00,9.98,4959,2024/11/15,"2024/07/12 12:21","2024/11/15 15:40",愭暔(拠夘),,崌摨夛幮俙丏俹丏俠丏俫俷俵俤,僒僐,"=""06-7896-5858""",柍,,5570025
憅屔,R00175-014174,,,,,傾乕僇僀僽(惉栺),柍,1650000,,奒,2007擭12寧,戝嶃巗暉搰嬫暉搰4挌栚偺戄憅屔亂243捸亃,,戝嶃晎戝嶃巗暉搰嬫暉搰係挌栚8-8,,,,,9000000,,,,804.15,243.25,6783,2024/11/13,"2024/09/05 13:25","2024/11/13 16:30",愭暔(拠夘),,乮姅乯價儖僶儞僋,戝捗婑丂宑擵,"=""06-7637-6363""",,"丒杒搹丗揝崪憿3奒寶偰偺1-3奒晹暘
丒撿搹丗揝崪憿5奒寶偰偺2-3奒晹暘",5530003
憅屔,R00175-014189,,,,嬻,傾乕僇僀僽(惉栺),柍,990000,,奒,1983擭04寧,戝搶巗嶰売6挌栚偺戄憅屔亂228捸亃,,戝嶃晎戝搶巗嶰売俇挌栚3-10,,,,,,,,,755.44,228.52,4333,2024/11/13,"2024/09/10 15:15","2024/11/13 16:18",愭暔(拠夘),,僄僋僔乕僪,-,"=""06-6615-8808""",嬻桳,,5740077
憅屔,R00175-014312,,,,嬻,傾乕僇僀僽(惉栺),柍,484000,,奒,-,戝嶃巗掃尒嬫墶掔4挌栚偺戄憅屔亂143捸亃,,戝嶃晎戝嶃巗掃尒嬫墶掔係挌栚8-21,,,2.00,242000,,,,,476.03,143.99,3362,2024/11/13,"2024/11/07 13:43","2024/11/13 14:30",愭暔(拠夘),,擔寶嶻嬈姅幃夛幮,-,"=""06-6911-9110""",,,5380052
憅屔,R00175-014228,,,,嬻,傾乕僇僀僽(惉栺),柍,462000,,奒,1995擭12寧,戝嶃巗掃尒嬫彅岥1挌栚偺戄憅屔亂93捸亃,,戝嶃晎戝嶃巗掃尒嬫彅岥侾挌栚3-5,,,,,1386000,,,,309.69,93.68,4932,2024/10/01,"2024/10/01 14:51","2024/11/11 13:09",愭暔(拠夘),,桳尷夛幮掃尒戝怣彜帠,-,"=""06-6961-0512""",嬻桳,,5380051
帠柋強(寶暔堦妵),R00175-014310,,,,嬻,岞奐壜,柍,88000,,2奒,1919擭01寧,"KROSS KUNO 1919乥Room4亂5捸亃",,戝嶃晎戝嶃巗拞墰嬫搰擵撪俀挌栚10-27,,,1.00,2.00,,,,,16.55,5,17578,2026/07/02,"2024/11/07 13:18","2024/11/08 13:21",帺幮,堦斒攠夘,姅幃夛幮僙儞僠儏儕乕僟僀僜乕,柧愇,"=""06-6136-0555""",,柧愇偝傫扴摉,5420082
帠柋強(寶暔堦妵),R00175-014309,,,,嬻,岞奐壜,柍,203500,,2奒,1919擭01寧,"KROSS KUNO 1919乥Room3亂12捸亃",,戝嶃晎戝嶃巗拞墰嬫搰擵撪俀挌栚10-27,,,1.00,2.00,,,,,39.99,12.09,16823,2026/07/02,"2024/11/07 13:14","2024/11/08 13:21",帺幮,堦斒攠夘,姅幃夛幮僙儞僠儏儕乕僟僀僜乕,柧愇,"=""06-6136-0555""",,柧愇偝傫扴摉,5420082
帠柋強(寶暔堦妵),R00175-014307,,,,嬻,岞奐壜,柍,148500,,2奒,1919擭01寧,"KROSS KUNO 1919乥Room2亂8捸亃",,戝嶃晎戝嶃巗拞墰嬫搰擵撪俀挌栚10-27,,,1.00,2.00,,,,,28.71,8.68,17099,2026/07/02,"2024/11/07 13:08","2024/11/08 13:21",帺幮,堦斒攠夘,姅幃夛幮僙儞僠儏儕乕僟僀僜乕,柧愇,"=""06-6136-0555""",,柧愇偝傫扴摉,5420082
帠柋強(寶暔堦妵),R00175-014306,,,,嬻,岞奐壜,柍,79200,,2奒,1919擭01寧,"KROSS KUNO 1919乥Room1亂4捸亃",,戝嶃晎戝嶃巗拞墰嬫搰擵撪俀挌栚10-27,,,1.00,2.00,,,,,14.87,4.49,17608,2026/07/02,"2024/11/07 11:48","2024/11/08 13:21",帺幮,堦斒攠夘,姅幃夛幮僙儞僠儏儕乕僟僀僜乕,柧愇,"=""06-6136-0555""",,柧愇偝傫扴摉,5420082
帠柋強(寶暔堦妵),R00175-014321,,,,嬻,岞奐壜,柍,123200,,2奒,1919擭01寧,"KROSS KUNO 1919乥Room9亂7捸亃",,戝嶃晎戝嶃巗拞墰嬫搰擵撪俀挌栚10-27,,,1.00,2.00,,,,,23.63,7.14,17236,2026/07/02,"2024/11/07 14:47","2024/11/08 13:21",帺幮,堦斒攠夘,姅幃夛幮僙儞僠儏儕乕僟僀僜乕,柧愇,"=""06-6136-0555""",,柧愇偝傫扴摉,5420082
帠柋強(寶暔堦妵),R00175-014318,,,,嬻,岞奐壜,柍,149600,,2奒,1919擭01寧,"KROSS KUNO 1919乥Room8亂8捸亃",,戝嶃晎戝嶃巗拞墰嬫搰擵撪俀挌栚10-27,,,1.00,2.00,,,,,28.97,8.76,17071,2026/07/02,"2024/11/07 14:25","2024/11/08 13:21",帺幮,堦斒攠夘,姅幃夛幮僙儞僠儏儕乕僟僀僜乕,柧愇,"=""06-6136-0555""",,柧愇偝傫扴摉,5420082
帠柋強(寶暔堦妵),R00175-014315,,,,嬻,岞奐壜,柍,178200,,2奒,1919擭01寧,"KROSS KUNO 1919乥Room6亂10捸亃",,戝嶃晎戝嶃巗拞墰嬫搰擵撪俀挌栚10-27,,,1.00,2.00,,,,,34.69,10.49,16982,2026/07/02,"2024/11/07 14:14","2024/11/08 13:21",帺幮,堦斒攠夘,姅幃夛幮僙儞僠儏儕乕僟僀僜乕,柧愇,"=""06-6136-0555""",,柧愇偝傫扴摉,5420082
帠柋強(寶暔堦妵),R00175-014317,,,,嬻,岞奐壜,柍,118800,,2奒,1919擭01寧,"KROSS KUNO 1919乥Room7亂6捸亃",,戝嶃晎戝嶃巗拞墰嬫搰擵撪俀挌栚10-27,,,1.00,2.00,,,,,22.82,6.9,17210,2026/07/02,"2024/11/07 14:22","2024/11/08 13:21",帺幮,堦斒攠夘,姅幃夛幮僙儞僠儏儕乕僟僀僜乕,柧愇,"=""06-6136-0555""",,柧愇偝傫扴摉,5420082
揦曑帠柋強(寶暔堦妵),R00175-013945,,,,嬻,傾乕僇僀僽(惉栺),柍,310000,,2奒,2024擭05寧,僼傿儖丒僷乕僋戝嶃挿嫃惣乥2F亂24捸亃,,戝嶃晎戝嶃巗廧媑嬫挿嫃惣俀挌栚5-2,,,,1.00,6.00,,,255.24,81.69,24.71,12545,2024/10/01,"2024/04/19 12:50","2024/11/07 16:23",帺幮,堦斒攠夘,姅幃夛幮僙儞僠儏儕乕僟僀僜乕,婽搰,"=""06-6136-0555""",,,5580002
憅屔,R00175-014256,,,,巊梡拞,傾乕僇僀僽(惉栺),柍,1078000,,奒,1970擭05寧,戝嶃巗惣嬫愳岥2挌栚偺戄憅屔亂218捸亃,,戝嶃晎戝嶃巗惣嬫愳岥俀挌栚5-14,,,,2.00,4.00,,,715.33,722.35,218.51,4934,2024/10/10,"2024/10/10 13:31","2024/11/01 10:32",愭暔(拠夘),,姅幃夛幮悙曚,悪杮岝懃,"=""072-728-0308""",嬻桳,,5500021
戄抧,R00175-013870,,,,嬻,傾乕僇僀僽(惉栺),柍,550000,,奒,-,摗堜帥巗戲揷1挌栚偺戄抧亂326捸亃,,戝嶃晎摗堜帥巗戲揷侾挌栚16,,,1500000,,,,,1078.00,,326.09,1687,2024/10/31,"2024/03/28 13:56","2024/10/31 15:51",愭暔(拠夘),,乮姅乯俿俤俶俹俷丂倐倕,-,"=""072-750-2500""",,,5830011
憅屔,R00175-013964,,,,嬻,傾乕僇僀僽(惉栺),柍,350000,,奒,1968擭09寧,愹撿孲孎庢挰幍嶳撿偺戄憅屔亂121捸亃,,戝嶃晎愹撿孲孎庢挰幍嶳撿1455,,,,1500000,3500000,,,1700.00,400.00,121,2893,2024/10/31,"2024/05/13 13:35","2024/10/31 15:47",愭暔(拠夘),,乮姅乯扟岥奐敪,-,"=""072-461-2666""",,,5900426
憅屔,R00175-013885,,,,嬻,傾乕僇僀僽(惉栺),柍,389000,,奒,2024擭04寧,戝嶃巗忛搶嬫崱暉搶3挌栚偺戄憅屔亂42捸亃,,戝嶃晎戝嶃巗忛搶嬫崱暉搶俁挌栚6,,,1.00,1.00,,,,,141.07,42.67,9116,2024/04/09,"2024/04/02 14:54","2024/10/31 15:03",愭暔(拠夘),,儔僥丒僄僗僥乕僩乮姅乯娭栚揦,-,"=""06-6955-5833""",嬻桳,"2024.4.9丂暔妋帪丂102崋幒怽偟崬傒桳丂101偺傒偛徯夘壜丂偦偺嵺偺捓椏偼19枩(惻崬)

仸怴抸偺堊丄斣抧丒応強晄柧乮抧恾枹巜掕乯",5360002
揦曑帠柋強(寶暔堦妵),R00175-013882,,,,嬻,傾乕僇僀僽(惉栺),柍,495000,,奒,2009擭06寧,暫屔導昉楬巗撿幵嶈1挌栚偺戄揦曑丒帠柋強亂45捸亃,,暫屔導昉楬巗撿幵嶈侾挌栚6-23,,,2.00,3.00,,,,342.36,149.05,45.08,10979,2024/04/02,"2024/04/02 13:56","2024/10/31 14:40",愭暔(拠夘),,乮桳乯傗傑偲僴僂僕儞僌,-,"=""079-294-1235""",嬻桳,仸俫俹丒億乕僞儖宖嵹愨懳晄壜,6700053
岺応,R00175-013848,,,,巊梡拞,傾乕僇僀僽(惉栺),柍,2750000,,奒,1986擭01寧,暫屔導恄屗巗暫屔嬫崱弌嵼壠挰2挌栚偺戄岺応亂286捸亃,,暫屔導恄屗巗暫屔嬫崱弌嵼壠挰俀挌栚2-11,,,,3.00,3.00,,,860.11,948.43,286.9,9586,2024/04/09,"2024/03/18 13:23","2024/10/31 14:31",愭暔(拠夘),,乮姅乯傒側偲廧寶,-,"=""079-456-3710""",嬻桳,丒攧攦偁傝丗B00175-000620,6520853
憅屔,R00175-013783,,,,嬻,傾乕僇僀僽(惉栺),柍,880000,,奒,1984擭01寧,晉揷椦巗庒徏挰搶3挌栚偺戄憅屔亂91捸亃,,戝嶃晎晉揷椦巗庒徏挰搶俁挌栚3(23),,,4.00,2.00,,,,460.60,303.95,91.94,9571,2024/04/22,"2024/02/14 14:53","2024/10/31 14:04",愭暔(拠夘),,僯儏乕僶儗乕儂乕儖僨傿儞僌僗姅幃夛幮,-,"=""0721-23-1137""",嬻桳,,5840023
揦曑帠柋強(寶暔堦妵),R00175-013810,,,,巊梡拞,傾乕僇僀僽(惉栺),柍,385000,,奒,1981擭12寧,戝嶃巗惗栰嬫怴崱棦1挌栚偺戄揦曑丒帠柋強亂73捸亃,,戝嶃晎戝嶃巗惗栰嬫怴崱棦侾挌栚17-24,,,385000,770000,,,,95.80,242.00,73.2,5260,2024/07/19,"2024/03/01 13:01","2024/10/31 13:49",愭暔(拠夘),,乮桳乯嬍憿晄摦嶻,-,"=""06-6972-4125""",嬻桳,,5440001
憅屔,R00175-014221,,,,,傾乕僇僀僽(惉栺),柍,660000,,奒,1991擭12寧,堬栘巗朙愳4挌栚偺戄憅屔亂65捸亃,,戝嶃晎堬栘巗朙愳係挌栚34-13,,,3000000,1100000,,,,,216.44,65.47,10081,2024/10/02,"2024/09/26 14:13","2024/10/30 09:08",愭暔(拠夘),,乮姅乯僾儔僗儚儞,-,"=""072-697-9996""",嬻桳,,5670057
憅屔,R00175-014252,,,,,傾乕僇僀僽(惉栺),柍,1540000,,奒,1988擭03寧,悂揷巗惵梩媢撿偺戄憅屔亂281捸亃,,戝嶃晎悂揷巗惵梩媢撿3-50,,,6.00,,,2.00,,945.00,929.18,281.07,5479,2024/10/30,"2024/10/08 14:33","2024/10/30 09:04",愭暔(拠夘),,乮姅乯傾儁僢僋,PM丒儕乕僔儞僌帠嬈晹,"=""06-6395-0084""",嬻桳,,5650802
憅屔,R00175-013834,,,,嬻,傾乕僇僀僽(惉栺),柍,330000,,奒,1995擭01寧,壀嶳導旛慜巗掃奀偺戄憅屔亂195捸亃,,壀嶳導旛慜巗掃奀4214-1,,,990000,495000,,,1.00,,647.59,195.89,1685,2024/07/22,"2024/03/12 10:45","2024/10/30 09:04",愭暔(拠夘),,僸儔僈晄摦嶻斕攧乮姅乯,-,"=""086-250-1395""",嬻桳,,7050025
憅屔,R00175-014210,,,,嬻,岞奐壜,柍,10448977,,奒,1990擭09寧,嫗搒晎媣悽孲媣屼嶳挰偺戄憅屔亂2714捸亃,,嫗搒晎媣悽孲媣屼嶳挰揷堜惣峳尒17-8,,,6.00,2.00,,,,,8972.00,2714.03,3850,2026/07/24,"2024/09/19 13:51","2024/10/29 18:18",帺幮,堦斒攠夘,姅幃夛幮僙儞僠儏儕乕僟僀僜乕,媑揷夒,"=""06-6136-0555""",嬻桳,"媑揷夒偝傫傛傝擖椡埶棅乮尦晅丗俀win)
僆乕僫乕條傛傝宖嵹晄壜佀儅僢僠儞僌偺傒",6130036
憅屔,R00175-013763,,,,嬻,傾乕僇僀僽(惉栺),柍,1100000,,奒,1989擭11寧,暫屔導恄屗巗惣嬫恄弌挰杒偺戄憅屔亂224捸亃,,暫屔導恄屗巗惣嬫恄弌挰杒311-3,,,2.00,2.00,,,,2867.00,742.39,224.57,4899,2024/10/29,"2024/02/06 15:09","2024/10/29 16:00",愭暔(拠夘),,乮姅乯塰晄摦嶻,-,"=""078-223-2821""",嬻桳,,6512332
憅屔,R00175-013917,,,,嬻,傾乕僇僀僽(惉栺),柍,517000,,奒,1968擭07寧,暫屔導恄屗巗挿揷嬫姟憯搰挰3挌栚偺戄憅屔亂118捸亃,,暫屔導恄屗巗挿揷嬫姟憯搰挰俁挌栚7-11,,,1880000,1034000,,,,222.85,392.50,118.73,4355,2024/10/29,"2024/04/11 15:17","2024/10/29 15:53",愭暔(拠夘),,姅幃夛幮僀儅僗丂棳捠帠嬈晹,悾娫丗090-1587-1775,"=""06-6209-7373""",,,6530033
憅屔,R00175-014279,,,,嬻,傾乕僇僀僽(惉栺),柍,450000,,奒,1975擭04寧,栧恀巗搰摢3挌栚偺戄憅屔亂80捸亃,,戝嶃晎栧恀巗搰摢俁挌栚3-15,,,,1.00,3.00,,,,266.49,80.61,5583,2024/10/22,"2024/10/22 13:30","2024/10/29 09:09",愭暔(拠夘),,愇愳廧寶,-,"=""072-881-4367""",嬻桳,"撪棗偺嵺偼柤巋傪揧晅偺忋儊乕儖偵偰楢棈
ishikawajyuken@gmail.com",5710016
憅屔,R00175-014188,,,,巊梡拞,傾乕僇僀僽(惉栺),柍,888250,,奒,1980擭09寧,戝嶃晎戝嶃巗惣梽愳嬫拞搰2挌栚偺戄憅屔亂94捸亃,,戝嶃晎戝嶃巗惣梽愳嬫拞搰俀挌栚9,31350,,,,4845000,,,,314.04,94.99,9351,2024/09/10,"2024/09/10 14:41","2024/10/28 19:13",愭暔(拠夘),,乮姅乯僗僥乕僕,塅搒媨丗080-3493-1741,"=""06-6356-4555""",嬻桳,"仸暔妋丒栤崌偣偼扴摉幰実懷傊丗塅搒媨080-3493-1741
",5550041
憅屔,R00175-014133,,,,嬻,傾乕僇僀僽(惉栺),柍,352000,,奒,1957擭09寧,暫屔導擈嶈巗摴堄挰6挌栚偺戄憅屔亂61捸亃,,暫屔導擈嶈巗摴堄挰俇挌栚48-3,,,1280000,,,528000,,,204.00,61.71,5705,2024/10/28,"2024/08/02 12:00","2024/10/28 17:40",愭暔(拠夘),,乮姅乯拞堜憤慻,-,"=""06-6481-5461""",柍,"尰嵼1審乮11寧埲崀偱乯彜択偁傝乮2斣庤埬撪壜乯佀撪棗壜擻偵側傟偽傑偨偛楢棈偔偩偝偄傑偡
2024.8.26 抁婜戄偟10寧枛傑偱丂11寧偐傜宊栺壜擻丂僩僀儗側偟

丒3崋搹丄1奒堦嬫夋戄偟",6600083
揦曑(寶暔堦妵),R00175-014166,,,,巊梡拞,傾乕僇僀僽(惉栺),柍,803000,,奒,2014擭01寧,暫屔導昉楬巗屼崙栰挰屼拝偺戄揦曑亂60捸亃,,暫屔導昉楬巗屼崙栰挰屼拝786,,,6.00,2.00,,,,990.00,199.53,60.35,13304,2024/09/02,"2024/09/02 11:51","2024/10/28 15:31",愭暔(拠夘),,乮桳乯價僢僌僂僃乕僽丂,-,"=""078-976-5102""",嬻桳,丒応強丗僌乕僌儖儅僢僾偱偼屼拝784乮僼傽儈儕乕儅乕僩乯,6710232
憅屔,R00175-014057,,,,嬻,傾乕僇僀僽(惉栺),柍,352000,,奒,2024擭04寧,敧旜巗撿婽堜挰2挌栚偺戄憅屔亂29捸亃,,戝嶃晎敧旜巗撿婽堜挰俀挌栚4-3,,,,3.00,,,,132.24,99.00,29.94,11754,2024/07/02,"2024/07/02 13:23","2024/10/28 11:32",愭暔(拠夘),,僙儞僠儏儕乕俀侾丂戝嶃晄摦嶻拠夘僙儞僞乕丂惣嬨忦揦,-,"=""06-6468-8300""",嬻桳,,5810054
戄抧,R00175-013691,,,,峏抧,傾乕僇僀僽(惉栺),柍,1100000,,奒,-,暫屔導壛屆孲堫旤挰報撿撿応偺戄抧亂1663捸亃,,暫屔導壛屆孲堫旤挰報撿撿応,,,3.00,1.00,,1.00,,5498.00,,1663.14,662,2024/03/28,"2024/01/15 11:55","2024/10/28 11:23",愭暔(拠夘),,僔儏儚僴僂僕儞僌乮姅乯,揷拞丗090-6240-5210,"=""078-936-1121""",嬻桳,"丒応強丗僌乕僌儖儅僢僾偱偼丄報撿撿応1058-16乮懌応墹 惣恄屗塩嬈強乯
仸栤崌偣偼扴摉幰実懷傑偱丗揷拞偝傫090-6240-5210",6751111
戄抧,R00175-013723,,,,峏抧,傾乕僇僀僽(惉栺),柍,560000,,奒,-,嫗搒晎敧敠巗愳岥昹偺戄抧亂464捸亃,,嫗搒晎敧敠巗愳岥昹24-1丄33-1丄35-1丄82-1-1晹,,,,,,,,1537.17,,464.99,1205,2024/10/25,"2024/01/22 11:24","2024/10/25 15:45",愭暔(拠夘),,娵旽寶愝乮姅乯嫗揷曈塩嬈強,-,"=""0774-66-4141""",,,6148101
憅屔,R00175-013800,,,,嬻,傾乕僇僀僽(惉栺),柍,594000,,奒,1992擭01寧,暫屔導恄屗巗暫屔嬫昹拞挰2挌栚偺戄憅屔亂74捸亃,,暫屔導恄屗巗暫屔嬫昹拞挰俀挌栚17-12,,,1.00,1.00,,,,205.96,246.47,74.55,7968,2024/10/25,"2024/02/26 11:40","2024/10/25 15:38",愭暔(拠夘),,儅乕働僢僩僇僗僞儅乕僯僢僠乮姅乯,-,"=""078-381-6066""",嬻桳,"2024.4.22 捓椏曄峏丂66枩(惻崬)仺59.4枩(惻崬)丂

仸峀崘晄壜",6520875
憅屔,R00175-013780,,,,嬻,傾乕僇僀僽(惉栺),柍,516516,,奒,1973擭07寧,戝嶃巗揤墹帥嬫嬻杧挰偺戄憅屔亂72捸亃,,戝嶃晎戝嶃巗揤墹帥嬫嬻杧挰15-18,39732,,2.00,2.00,,,,,238.73,72.21,7153,2024/10/25,"2024/02/14 14:06","2024/10/25 15:34",愭暔(拠夘),,儅乕僔僢僋乮桳乯,-,"=""06-6776-2517""",嬻桳,"2024.4.26丂彜択拞
丒1-2奒晹暘",5430012
戄抧,R00175-013803,,,,峏抧,傾乕僇僀僽(惉栺),柍,300000,,奒,-,撧椙導杒妺忛孲壨崌挰戝帤惣寠埮偺戄抧亂108捸亃,,撧椙導杒妺忛孲壨崌挰戝帤惣寠埮239-1,,,,,,,,360.00,,108.9,2755,2024/10/25,"2024/02/27 13:41","2024/10/25 15:30",愭暔(拠夘),,杧杮抧強崌摨夛幮,-,"=""0747-22-5111""",,,6360055
戄抧,R00175-013744,,,,峏抧,傾乕僇僀僽(惉栺),柍,825000,,奒,-,愹杒孲拤壀挰拤壀杒俁挌栚偺戄抧亂392捸亃,,戝嶃晎愹杒孲拤壀挰拤壀杒俁挌栚962-1,,,2.00,,,,,1298.00,,392.64,2102,2024/10/25,"2024/01/31 17:19","2024/10/25 15:15",愭暔(拠夘),,嶃媫嶃恄晄摦嶻乮姅乯,嶳尦桪恀丗080-8508-3188,"=""06-6313-3380""",,強嵼抧丗Google忋丄乽戝嶃晎愹杒孲拤壀挰拤壀杒俁挌栚俁亅俁俉乿偺撿懁,5950811
戄抧,R00175-013698,,,,嬻,傾乕僇僀僽(惉栺),柍,800000,,奒,-,堬栘巗廻愳尨挰偺戄抧亂381捸亃,,戝嶃晎堬栘巗廻愳尨挰7,,,3000000,1500000,,,,1262.75,,381.98,2095,2024/10/25,"2024/01/16 14:00","2024/10/25 14:50",愭暔(拠夘),,嵶揷彜帠乮姅乯,-,"=""072-635-8431""",,,5670055
戄抧,R00175-014095,,,,峏抧,傾乕僇僀僽(惉栺),柍,837000,,奒,-,嫗搒晎捲婌孲堜庤挰戝帤懡夑彫帤栰忋偺戄抧亂837捸亃,,嫗搒晎捲婌孲堜庤挰戝帤懡夑彫帤栰忋14,,,,,2.00,0.50,,2767.00,,837.01,1000,2024/10/25,"2024/07/18 10:31","2024/10/25 14:37",愭暔(拠夘),,乮姅乯傂傞傑偺晄摦嶻,-,"=""075-864-1515""",,,6100301
憅屔,R00175-014007,,,,嬻,傾乕僇僀僽(惉栺),柍,715000,,1奒,1965擭08寧,戝嶃巗惣惉嬫杒奐1挌栚偺戄憅屔,,戝嶃晎戝嶃巗惣惉嬫杒奐侾挌栚1-22,,,1.00,2.00,,,,,,,,2024/10/25,"2024/06/04 13:56","2024/10/25 13:56",愭暔(拠夘),,俰俽乮姅乯,06-7777-0572,"=""06-4963-3661""",,"丒1奒晹暘
仸愱桳柺愊晄柧丄妋擣偍婅偄偟傑偡丅",5570021
憅屔,R00175-014131,,,,嬻,傾乕僇僀僽(惉栺),柍,440000,,奒,1978擭09寧,戝嶃巗搶梽愳嬫悰尨3挌栚偺戄憅屔亂73捸亃,,戝嶃晎戝嶃巗搶梽愳嬫悰尨俁挌栚12-22,,,800000,880000,,,,,243.79,73.74,5967,2024/10/25,"2024/08/02 11:30","2024/10/25 13:55",愭暔(拠夘),,乮姅乯廧戭僼傽儈儕乕幮,-,"=""06-6327-6633""",嬻桳,,5330022
憅屔,R00175-013823,,,,,傾乕僇僀僽(惉栺),柍,202400,,1奒,1978擭06寧,戝嶃巗廧擵峕嬫撿峘搶4挌栚偺戄憅屔亂40捸亃,僲,戝嶃晎戝嶃巗廧擵峕嬫撿峘搶係挌栚5-23,22000,,3.00,1.00,,,,,133.00,40.23,5031,2024/10/25,"2024/03/05 18:03","2024/10/25 13:50",愭暔(拠夘),,僕儍僷儞僴僫晄摦嶻崌摨夛幮,-,"=""06-6563-9419""",嬻桳,丒B搹偺A嬫夋,5590031
戄抧,R00175-013984,,,,,傾乕僇僀僽(惉栺),柍,2750000,,奒,-,暫屔導埳扥巗孠捗4挌栚偺戄抧亂297捸亃,,暫屔導埳扥巗孠捗係挌栚2,,,6.00,2.00,,,,983.42,,297.48,9245,2024/10/25,"2024/05/23 13:48","2024/10/25 13:46",愭暔(拠夘),,嶰婎寶愝乮姅乯,-,"=""06-6304-0999""",,丒応強丗僌乕僌儖儅僢僾偱偼丄孠捗4挌栚2-10乮桳乯嬥懞彜揦偺撿懁,6640839
憅屔,R00175-013884,,,,嬻,傾乕僇僀僽(惉栺),柍,682000,,奒,1975擭01寧,戝嶃巗暯栰嬫挿媑弌屗8挌栚偺戄憅屔亂137捸亃,,戝嶃晎戝嶃巗暯栰嬫挿媑弌屗俉挌栚(8-8),,,2.00,2.00,,,,640.00,453.12,137.06,4976,2024/10/25,"2024/04/02 14:28","2024/10/25 13:46",愭暔(拠夘),,嶰婎寶愝乮姅乯,-,"=""06-6304-0999""",嬻桳,,5470011
憅屔,R00175-014108,,,,嬻,傾乕僇僀僽(惉栺),柍,330000,,奒,2005擭01寧,暫屔導恄屗巗暫屔嬫恄揷挰偺戄憅屔亂48捸亃,,暫屔導恄屗巗暫屔嬫恄揷挰7-9,,,,1000000,,,,106.28,160.99,48.69,6777,2024/10/25,"2024/07/22 12:15","2024/10/25 13:20",愭暔(拠夘),,乮桳乯峛撿抧嶻,-,"=""078-222-7073""",,丒攧攦偁傝丗B00175-000659,6520006
憅屔,R00175-013795,,,,嬻,傾乕僇僀僽(惉栺),柍,330000,,奒,1990擭01寧,壀嶳導壀嶳巗搶嬫忋垻抦偺戄憅屔亂149捸亃,,壀嶳導壀嶳巗搶嬫忋垻抦1733,,,3.00,1.00,,,,3410.00,495.00,149.73,2204,2024/10/24,"2024/02/22 13:52","2024/10/24 15:29",愭暔(拠夘),,僌儕乕儞儅僱僕儊儞僩姅幃夛幮,嶰塝,"=""086-230-1382""",嬻桳,,7048142
憅屔,R00175-013924,,,,嬻,傾乕僇僀僽(惉栺),柍,330000,,奒,1991擭09寧,庣岥巗嵅懢拞挰6挌栚偺戄憅屔亂56捸亃,,戝嶃晎庣岥巗嵅懢拞挰俇挌栚8-2,,,1.00,2.00,,,,,187.52,56.72,5818,2024/10/24,"2024/04/15 13:57","2024/10/24 15:20",愭暔(拠夘),,乮姅乯僉儑僂僔儞庣岥揦,憹堜,"=""06-6905-0280""",,,5700002
憅屔,R00175-014043,,,,嬻,傾乕僇僀僽(惉栺),柍,715000,,奒,1959擭11寧,戝嶃巗惣梽愳嬫昉搰5挌栚偺戄憅屔亂151捸亃,,戝嶃晎戝嶃巗惣梽愳嬫昉搰俆挌栚15-5,,,,,1950000,,,445.42,499.70,151.15,4731,2024/10/24,"2024/06/21 11:21","2024/10/24 15:14",愭暔(拠夘),,乮姅乯釻媣寶愝丂僗儚僢僩儂乕儉,-,"=""06-6795-9966""",嬻桳,,5550033
岺応,R00175-014050,,,,嫃廧拞,傾乕僇僀僽(惉栺),柍,300000,,奒,1997擭12寧,搶戝嶃巗曮挰偺戄岺応亂75捸亃,,戝嶃晎搶戝嶃巗曮挰15-20,,,,,6.00,,,,250.19,75.68,3964,2024/10/24,"2024/06/26 14:06","2024/10/24 15:11",愭暔(拠夘),,ACRE姅幃夛幮丂戝嶃巟幮,嶳娸朁捔丗070-6508-4391,"=""06-6451-6711""",嬻桳,暔妋偼儗僀儞僘,5798025
戄抧,R00175-014092,,,,峏抧,傾乕僇僀僽(惉栺),柍,330000,,奒,-,暫屔導埳扥巗惣栰1挌栚偺戄抧亂72捸亃,,暫屔導埳扥巗惣栰侾挌栚54-2,,,300000,660000,,,,238.56,,72.16,4573,2024/10/24,"2024/07/17 15:20","2024/10/24 15:06",愭暔(拠夘),,僆儕僩晄摦嶻姅幃夛幮,-,"=""06-4950-0305""",,,6640028
戄抧,R00175-014044,,,,,傾乕僇僀僽(惉栺),柍,400000,,奒,-,戝嶃巗掃尒嬫堬揷戝媨1挌栚偺戄抧亂108捸亃,,戝嶃晎戝嶃巗掃尒嬫堬揷戝媨侾挌栚13,,,,,2.00,,,360.07,,108.92,3673,2024/06/21,"2024/06/21 11:40","2024/10/24 15:03",愭暔(拠夘),,戝庤慜晄摦嶻乮姅乯,-,"=""06-6755-4727""",,丒抧斣163-1,5380031
憅屔,R00175-013794,,,,嬻,傾乕僇僀僽(惉栺),柍,110000,,奒,1970擭01寧,壀嶳導壀嶳巗撿嬫庒梩挰偺戄憅屔亂38捸亃,,壀嶳導壀嶳巗撿嬫庒梩挰20-8,,,2.00,1.00,,,,,128.02,38.72,2841,2024/10/24,"2024/02/22 13:33","2024/10/24 14:13",愭暔(拠夘),,姅幃夛幮僆乕丒僕傿乕丒傾僀,-,"=""086-805-3344""",,"2024.4.30 捓椏曄峏丂16.5枩(惻崬)仺11枩(惻崬)丂",7028047
揦曑(寶暔堦妵),R00175-013753,,,,,傾乕僇僀僽(惉栺),柍,1100000,,奒,2014擭08寧,娸榓揷巗栰揷挰2挌栚偺戄揦曑亂60捸亃,,戝嶃晎娸榓揷巗栰揷挰俀挌栚14-14,,,,,3.00,,,1874.37,199.53,60.35,18225,2024/10/24,"2024/02/05 11:37","2024/10/24 13:58",愭暔(拠夘),,傾僷儅儞僔儑僢僾榓愹晎拞揦丂乮姅乯儗儞僞儖僴僂僗撿戝嶃,-,"=""0120-650-256""",嬻桳,"2024.6.28 暔妋帪惉栺娫嬤

2024.4.30 捓椏曄峏丂1,340,400墌(惻崬)仺110,000墌(惻崬)",5960076
憅屔,R00175-014025,,,,嬻,傾乕僇僀僽(惉栺),柍,456500,,奒,2009擭11寧,暫屔導埳扥巗埳扥8挌栚偺戄憅屔亂45捸亃,,暫屔導埳扥巗埳扥俉挌栚3-6,,,3.00,2.00,,,,,151.04,45.68,9992,2024/10/23,"2024/06/11 14:28","2024/10/23 15:04",愭暔(拠夘),,乮姅乯儕價儞僌寶暔娗棟,-,"=""072-771-7100""",嬻桳,,6640846
憅屔,R00175-013730,,,,嬻,傾乕僇僀僽(惉栺),柍,300000,,奒,1992擭04寧,嶄巗拞嬫暉揷偺戄憅屔亂117捸亃,,戝嶃晎嶄巗拞嬫暉揷683-2,,,400000,440000,,,,,388.00,117.37,2557,2024/10/23,"2024/01/23 15:31","2024/10/23 14:49",愭暔(拠夘),,乮姅乯傒偲僴僂僕儞僌,-,"=""072-367-0310""",嬻桳,,5998241
憅屔,R00175-014187,,,,嬻,傾乕僇僀僽(惉栺),柍,605000,,奒,1984擭03寧,悂揷巗峕嶁挰5挌栚偺戄憅屔亂103捸亃,,戝嶃晎悂揷巗峕嶁挰俆挌栚13-3,,,3300000,,,,,584.80,343.20,103.81,5828,2024/09/10,"2024/09/10 14:35","2024/10/22 10:42",愭暔(拠夘),,姅幃夛幮僌僢僪儔僀僼,-,"=""06-6386-3355""",,,5640063
憅屔,R00175-014253,,,,巊梡拞,傾乕僇僀僽(惉栺),柍,407000,,奒,1978擭08寧,堬栘巗媨搰2挌栚偺戄憅屔亂108捸亃,,戝嶃晎堬栘巗媨搰俀挌栚2-15,,,,,2442000,,,,357.31,108.08,3766,2024/10/08,"2024/10/08 14:50","2024/10/22 10:36",愭暔(拠夘),,榓揷嶻嬈姅幃夛幮,-,"=""072-654-0181""",嬻桳,丒C6,5670853
岺応,R00175-014220,,,,嬻,傾乕僇僀僽(惉栺),柍,825000,,奒,-,栧恀巗巐媨4挌栚偺戄岺応亂123捸亃,,戝嶃晎栧恀巗巐媨係挌栚5-34,,,,1.00,6.00,,,,407.00,123.11,6701,2024/09/26,"2024/09/26 13:55","2024/10/22 10:33",愭暔(拠夘),,乮姅乯嫤榓晄摦,暔妋偼実懷傊丗090-1580-2566,"=""072-881-8177""",,仸暔妋偼実懷傊丗090-1580-2566,5710017
憅屔,R00175-013895,,,,嬻,傾乕僇僀僽(惉栺),柍,550000,,奒,1982擭01寧,戝嶃巗杒嬫戝梽撿3挌栚偺戄憅屔亂132捸亃,,戝嶃晎戝嶃巗杒嬫戝梽撿俁挌栚6-6,,,2.00,2.00,,,,175.77,437.67,132.39,4155,2024/08/01,"2024/04/04 14:36","2024/10/22 09:21",愭暔(拠夘),,嶰婎寶愝乮姅乯,-,"=""06-6304-0999""",柍,,5310075
憅屔,R00175-013700,,,,嬻,傾乕僇僀僽(惉栺),柍,1430000,,奒,1990擭09寧,搶戝嶃巗悈憱3挌栚偺戄憅屔亂259捸亃,,戝嶃晎搶戝嶃巗悈憱俁挌栚12-7,,,,,7800000,,,715.11,859.32,259.94,5502,2024/09/30,"2024/01/16 14:30","2024/10/21 16:48",愭暔(拠夘),,媏悈廧戭乮姅乯,-,"=""072-965-1110""",嬻桳,,5780921
憅屔,R00175-013831,,,,,傾乕僇僀僽(惉栺),柍,550000,,奒,1987擭01寧,暫屔導昉楬巗巐嫿挰搶垻曐偺戄憅屔亂160捸亃,,暫屔導昉楬巗巐嫿挰搶垻曐371,,,,1.00,2.00,,,1592.57,529.73,160.24,3433,2024/07/26,"2024/03/11 12:46","2024/10/18 13:49",愭暔(拠夘),,乮桳乯僄僗僥乕僩僾儔儞丂,-,"=""079-253-8686""",嬻桳,,6710247
岺応,R00175-013707,,,,嬻,傾乕僇僀僽(惉栺),柍,495000,,奒,1973擭01寧,敧旜巗暉塰挰侾挌栚偺戄岺応亂96捸亃,,戝嶃晎敧旜巗暉塰挰侾挌栚21-1,,,,,1350000,,,,320.00,96.8,5114,2024/06/10,"2024/01/17 12:02","2024/10/18 13:22",愭暔(拠夘),,挬擔僴僂僕儞僌丂乮姅乯挬擔壆,愳搰,"=""0742-52-3130""",,"2024.6.10丂僆乕僫乕偺曽偱彜択拞偲偺偙偲偱丄嬈幰庤棧傟拞乮尰帪揰偱丄寛傑偭偰偼偄側偄乯

2024.3.27丂彜択拞
仸寶抸擭寧擔晄柧偺偨傔揔摉側擭寧擔搊榐偟偰偄傑偡",5810844
憅屔,R00175-014037,,,,嬻,傾乕僇僀僽(惉栺),柍,330000,,奒,1988擭12寧,暫屔導昉楬巗杒忦攡尨挰偺戄憅屔亂63捸亃,,暫屔導昉楬巗杒忦攡尨挰110,,,1.00,2.00,,,,364.00,210.00,63.52,5195,2024/06/27,"2024/06/18 13:36","2024/10/18 13:16",愭暔(拠夘),,乮姅乯俼俷俷,姍懞,"=""079-233-7677""",,,6700945
岺応,R00175-014090,,,,嬻,傾乕僇僀僽(惉栺),柍,396000,,奒,1986擭08寧,搶戝嶃巗愳枔1挌栚偺戄岺応亂60捸亃,,戝嶃晎搶戝嶃巗愳枔侾挌栚5-10,,,4.00,2.00,,,,,200.00,60.5,6546,2024/07/17,"2024/07/17 14:45","2024/10/18 13:13",愭暔(拠夘),,姅幃夛幮嫽塰彜帠,-,"=""06-6783-5136""",嬻桳,暔妋偼晄摦嶻BB偱,5770063
憅屔,R00175-014111,,,,嬻,傾乕僇僀僽(惉栺),柍,300000,,奒,2006擭08寧,暫屔導恄屗巗惣嬫恄弌挰揷堜偺戄憅屔亂99捸亃,,暫屔導恄屗巗惣嬫恄弌挰揷堜1320-58,,,,,,,,,330.00,99.82,3006,2024/07/23,"2024/07/23 14:51","2024/10/18 13:07",愭暔(拠夘),,姅幃夛幮梥棟晄摦嶻,-,"=""078-967-3663""",,丒僥儞僩憅屔,6512313
岺応,R00175-014105,,,,嬻,傾乕僇僀僽(惉栺),柍,440000,,奒,-,戝搶巗怴揷杮挰偺戄岺応亂79捸亃,,戝嶃晎戝搶巗怴揷杮挰12-18,,,,,2400000,,,,264.00,79.86,5510,2024/07/19,"2024/07/19 13:54","2024/10/17 16:57",愭暔(拠夘),,戝搶嶻嬈姅幃夛幮,-,"=""072-871-0538""",,,5740055
憅屔,R00175-014005,,,,嬻,傾乕僇僀僽(惉栺),柍,330000,,奒,1986擭12寧,嶄巗旤尨嬫懢堜偺戄憅屔亂58捸亃,,戝嶃晎嶄巗旤尨嬫懢堜120-4,,5000,,,5.00,,,,195.03,58.99,5594,2024/07/03,"2024/06/03 13:25","2024/10/17 16:55",愭暔(拠夘),,嫤塰抧寶姅幃夛幮,-,"=""072-938-6677""",嬻桳,,5870062
岺応,R00175-014115,,,,嬻,傾乕僇僀僽(惉栺),柍,583000,,奒,1988擭01寧,搶戝嶃巗旽峕3挌栚偺戄岺応亂199捸亃,,戝嶃晎搶戝嶃巗旽峕俁挌栚6-15,,,,,2000000,,,495.88,659.51,199.5,2923,2024/09/30,"2024/07/25 14:10","2024/10/16 11:13",愭暔(拠夘),,乮姅乯壀搰晄摦嶻,-,"=""072-963-0222""",嬻桳,,5780984
憅屔,R00175-013929,,,,嬻,傾乕僇僀僽(惉栺),柍,450000,,奒,2020擭05寧,敧旜巗宩挰2挌栚偺戄憅屔亂43捸亃,,戝嶃晎敧旜巗宩挰俀挌栚86-1,,,,,3.00,,,475.71,144.00,43.56,10331,2024/08/29,"2024/04/16 14:00","2024/10/15 17:50",愭暔(拠夘),,姅幃夛幮僩僠僞僥價儖僨傿儞僌,-,"=""06-6975-7780""",嬻桳,捓椏DOWN55枩仺45枩丂2024.6.24,5810823
憅屔,R00175-014083,,,,嬻,傾乕僇僀僽(惉栺),柍,165000,,奒,1981擭01寧,壀嶳導壀嶳巗杒嬫崅桍搶挰偺戄憅屔亂43捸亃," ",壀嶳導壀嶳巗杒嬫崅桍搶挰8-8,,,,,,,,,145.00,43.86,3762,2024/07/12,"2024/07/12 09:29","2024/10/15 17:21",愭暔(拠夘),,桳尷夛幮惣岶,-,"=""086-805-0350""",嬻桳,,7000034
戄抧,R00175-014040,,,,峏抧,傾乕僇僀僽(惉栺),柍,400000,,奒,-,暫屔導恄屗巗惣嬫嬍捗挰悈扟偺戄抧亂579捸亃,,暫屔導恄屗巗惣嬫嬍捗挰悈扟,,,,,1200000,,,1915.50,,579.43,691,2024/06/20,"2024/06/20 13:07","2024/10/15 17:07",愭暔(拠夘),,嶃揷晄摦嶻姅幃夛幮,-,"=""078-928-2626""",,丒抧斣422-1,6512121
戄抧,R00175-013715,,,,,傾乕僇僀僽(惉栺),柍,660000,,奒,-,愛捗巗昹挰偺戄抧亂321捸亃,,戝嶃晎愛捗巗昹挰8,,,,,1800000,,,1063.21,,321.62,2053,2024/07/18,"2024/01/19 11:25","2024/10/15 17:05",愭暔(拠夘),,憡屳晄摦嶻姅幃夛幮,-,"=""072-622-6072""",,,5660047
揦曑帠柋強(寶暔堦妵),R00175-014118,,,,嬻,傾乕僇僀僽(惉栺),柍,1430000,,奒,1988擭07寧,戝嶃巗垻攞栰嬫埉挰3挌栚偺戄揦曑丒帠柋強亂176捸亃,,戝嶃晎戝嶃巗垻攞栰嬫埉挰俁挌栚4-5,,,2.00,2.00,,,,,582.29,176.14,8119,2024/08/21,"2024/07/26 14:04","2024/10/10 17:28",愭暔(拠夘),,僶僀儕儞僋乮姅乯,-,"=""06-6347-8681""",嬻桳,,5450051
憅屔,R00175-013864,,,,嬻,傾乕僇僀僽(惉栺),柍,759000,,奒,1997擭11寧,搶戝嶃巗崅堜揷杮捠3挌栚偺戄憅屔亂126捸亃,,戝嶃晎搶戝嶃巗崅堜揷杮捠俁挌栚6-6,,,1.00,2.00,,,,,416.60,126.02,6023,2024/07/22,"2024/03/25 11:41","2024/10/10 17:15",愭暔(拠夘),,乮桳乯俼俷俷俵乫倱僾儔僗,-,"=""06-6747-1115""",,2024.7.22丗彜択拞,5770066
憅屔,R00175-013967,,,,巊梡拞,傾乕僇僀僽(惉栺),柍,440000,,1奒,1992擭06寧,暫屔導柧愇巗惣怴挰1挌栚偺戄憅屔亂93捸亃,,暫屔導柧愇巗惣怴挰侾挌栚5-10,,,800000,880000,,,,,307.83,93.11,4726,2024/07/18,"2024/05/14 13:45","2024/10/10 17:14",愭暔(拠夘),,嶃揷晄摦嶻姅幃夛幮,-,"=""078-928-2626""",嬤桳,"偵偟偟傫傑偪
戄偟巭傔2024.10.10",6730023
岺応,R00175-013898,,,,嬻,傾乕僇僀僽(惉栺),柍,990000,,奒,1990擭08寧,暫屔導恄屗巗惣嬫幒扟2挌栚偺戄岺応亂206捸亃,,暫屔導恄屗巗惣嬫幒扟俀挌栚7-13,,,6.00,2.00,,,,1286.02,683.93,206.88,4786,2024/07/08,"2024/04/05 11:57","2024/10/10 17:13",愭暔(拠夘),,嶃揷晄摦嶻姅幃夛幮,-,"=""078-928-2626""",嬻桳,"怽偟崬傒1審偁傝乮2斣庤埬撪壜乯2024.7.8
捓椏僟僂儞110枩仺99枩 2024.6.3
",6512241
憅屔,R00175-013922,,,,嬻,傾乕僇僀僽(惉栺),柍,836000,,奒,-,朙拞巗嶰榓挰3挌栚偺戄憅屔亂157捸亃,,戝嶃晎朙拞巗嶰榓挰俁挌栚9-6,,,,1520000,1520000,,,,521.22,157.66,5303,2024/10/10,"2024/04/12 11:51","2024/10/10 16:59",愭暔(拠夘),,傾僋僔僆僄僗僥乕僩乮姅乯,怷揷,"=""06-6292-0177""",嬻桳,,5610828
憅屔,R00175-014151,,,,嬻,傾乕僇僀僽(惉栺),柍,320000,,奒,1980擭12寧,戝嶃巗廧擵峕嬫杒壛夑壆3挌栚偺戄憅屔亂64捸亃,,戝嶃晎戝嶃巗廧擵峕嬫杒壛夑壆俁挌栚4-15,11000,,,400000,662000,,,,213.41,64.55,4957,2024/08/20,"2024/08/20 16:36","2024/10/10 16:57",愭暔(拠夘),,僒儞僄僀晄摦嶻姅幃夛幮,-,"=""06-6567-7767""",,峀崘晄壜偺堊儅僢僠儞僌偺傒,5590011
揦曑(寶暔堦妵),R00175-013716,,,,嬻,傾乕僇僀僽(惉栺),柍,3376160,,奒,1990擭03寧,暫屔導惣媨巗崅徏挰偺戄揦曑亂255捸亃,,暫屔導惣媨巗崅徏挰15-41,,,,,12.00,,,,845.54,255.77,13200,2024/03/27,"2024/01/19 11:42","2024/10/10 16:53",愭暔(拠夘),,乮桳乯儅僀儖乕儉,-,"=""078-231-1788""",嬤桳,,6638204
揦曑帠柋強(寶暔堦妵),R00175-013865,,,,巊梡拞,傾乕僇僀僽(惉栺),柍,918500,,奒,1964擭07寧,戝嶃巗廧媑嬫撿廧媑2挌栚偺戄揦曑丒帠柋強亂307捸亃,,戝嶃晎戝嶃巗廧媑嬫撿廧媑俀挌栚6-2,,,,,,,,,1017.40,307.76,2985,2024/03/26,"2024/03/26 14:02","2024/10/10 16:52",愭暔(拠夘),,搶梞晄摦嶻乮姅乯戝嶃杮幮丂塩嬈戞嶰晹,帣嬍,"=""06-6228-6613""",嬻桳,,5580041
揦曑帠柋強(寶暔堦妵),R00175-013874,,,,嬻,傾乕僇僀僽(惉栺),柍,950000,,奒,2010擭02寧,嫗搒晎嫗搒巗惣嫗嬫戝巬拞嶳挰偺戄揦曑丒帠柋強亂39捸亃,,嫗搒晎嫗搒巗惣嫗嬫戝巬拞嶳挰2-49,,,,,6.00,,1.00,739.95,130.00,39.32,24158,2024/03/29,"2024/03/29 13:27","2024/10/10 16:40",愭暔(拠夘),,僜乕儚儂乕儉乮姅乯,-,"=""075-641-2257""",嬻桳,,6101104
揦曑(寶暔堦妵),R00175-013866,,,,嫃廧拞,傾乕僇僀僽(惉栺),柍,385000,,奒,2003擭10寧,帬夑導憪捗巗捛暘撿5挌栚偺戄揦曑亂60捸亃,,帬夑導憪捗巗捛暘撿俆挌栚11-10,11000,,,,3.00,,1.00,384.18,199.39,60.31,6384,2024/03/26,"2024/03/26 14:17","2024/10/10 15:55",愭暔(拠夘),,乮姅乯僋儔僔僢僋儂乕儉,-,"=""077-596-3084""",嬻桳,,5250048
憅屔,R00175-014116,,,,巊梡拞,傾乕僇僀僽(惉栺),柍,825000,,奒,1975擭04寧,朙拞巗忋捗搰1挌栚偺戄憅屔亂123捸亃,,戝嶃晎朙拞巗忋捗搰侾挌栚10-9,,,,,5000000,,,,407.16,123.16,6699,2024/09/30,"2024/07/25 14:29","2024/10/10 15:39",愭暔(拠夘),,暈晹儔僀僼僒億乕僩乮姅乯,-,"=""06-6862-7000""",嬻桳,2024.9.30丂宊栺拞,5610843
憅屔,R00175-013721,,,,嬻,傾乕僇僀僽(惉栺),柍,440000,,奒,1971擭01寧,壀嶳導壀嶳巗杒嬫戝孍偺戄憅屔亂100捸亃,,壀嶳導壀嶳巗杒嬫戝孍76-1,,,2.00,1.00,,,,638.31,333.64,100.92,4360,2024/03/29,"2024/01/19 13:05","2024/10/10 14:54",愭暔(拠夘),,姅幃夛幮擔擳弌搚抧,-,"=""086-262-2055""",,,7011223
憅屔,R00175-013818,,,,嬻,傾乕僇僀僽(惉栺),柍,770000,,奒,1970擭05寧,搶戝嶃巗墶彫楬挰6挌栚偺戄憅屔亂174捸亃,,戝嶃晎搶戝嶃巗墶彫楬挰俇挌栚4-25,,,,,3.00,,,816.66,576.34,174.34,4417,2024/03/05,"2024/03/05 14:17","2024/10/10 14:48",愭暔(拠夘),,乮姅乯僩儗乕僪,-,"=""06-6643-9379""",嬻桳,,5798063
憅屔,R00175-013749,,,,嬻,傾乕僇僀僽(惉栺),柍,380000,,奒,1995擭02寧,崅捨巗搨嶈杒3挌栚偺戄憅屔亂20捸亃,,戝嶃晎崅捨巗搨嶈杒俁挌栚5-1,,,500000,200000,,,,686.00,66.70,20.17,18834,2024/02/02,"2024/02/02 13:30","2024/10/10 14:46",愭暔(拠夘),,乮姅乯戱寶,-,"=""072-675-9096""",嬻桳,,5690831
揦曑(寶暔堦妵),R00175-014130,,,,巊梡拞,傾乕僇僀僽(惉栺),柍,0,,奒,2007擭04寧,愹戝捗巗徏擵昹挰俀挌栚偺戄揦曑亂208捸亃,,戝嶃晎愹戝捗巗徏擵昹挰俀挌栚1-8,,,6.00,,,,,1685.98,689.40,208.54,,2024/10/01,"2024/08/02 10:44","2024/10/10 13:36",帺幮,堦斒攠夘,姅幃夛幮僙儞僠儏儕乕僟僀僜乕,媑揷夒,"=""06-6136-0555""",嬻桳,峀崘椏丗1儠寧,5950072
憅屔,R00175-013727,,,,嬻,傾乕僇僀僽(惉栺),柍,715000,,奒,1996擭03寧,戝搶巗愒堜3挌栚偺戄憅屔亂119捸亃,,戝嶃晎戝搶巗愒堜俁挌栚16-28,,,4.00,2.00,,,,1012.73,396.00,119.79,5969,2024/10/10,"2024/01/23 14:41","2024/10/10 11:34",愭暔(拠夘),,乮姅乯嶰榓儂乕儉僒乕價僗丂掃尒揦,扟岥丗090-3949-4223,"=""06-6915-2750""",,丒嵍懁嬫夋,5740046
憅屔,R00175-013822,,,,嬻,傾乕僇僀僽(惉栺),柍,682000,,奒,2011擭08寧,嶄巗杒嬫挿慮崻挰偺戄憅屔亂49捸亃,,戝嶃晎嶄巗杒嬫挿慮崻挰3081-24,,,,,6.00,2.00,,,165.14,49.95,13653,2024/10/10,"2024/03/05 15:27","2024/10/10 11:32",愭暔(拠夘),,乮桳乯戝榓僄僗僥乕僩,-,"=""072-271-7800""",嬻桳,,5918025
憅屔,R00175-013703,,,,嬻,傾乕僇僀僽(惉栺),柍,450000,,奒,1968擭11寧,壀嶳導壀嶳巗杒嬫栤壆挰偺戄憅屔亂99捸亃,,壀嶳導壀嶳巗杒嬫栤壆挰14-104,,,3.00,,,,,,327.32,99.01,4545,2024/02/15,"2024/01/16 17:54","2024/10/10 10:59",愭暔(拠夘),,姅幃夛幮屻妝晄摦嶻,-,"=""086-250-9005""",嬻桳,,7000977
憅屔,R00175-013724,,,,嬻,傾乕僇僀僽(惉栺),柍,330000,,奒,1985擭12寧,摗堜帥巗戲揷2挌栚偺戄憅屔亂90捸亃,,戝嶃晎摗堜帥巗戲揷俀挌栚(10-61),,,3.00,2.00,,,,380.16,297.53,90,3667,2024/02/02,"2024/01/22 11:56","2024/10/10 10:54",愭暔(拠夘),,嶰婎寶愝乮姅乯,-,"=""06-6304-0999""",嬻桳,,5830011
憅屔,R00175-013787,,,,嬻,傾乕僇僀僽(惉栺),柍,308000,,奒,-,徏尨巗揷堜忛4挌栚偺戄憅屔亂65捸亃,,戝嶃晎徏尨巗揷堜忛係挌栚(8-3),,,6.00,2.00,,,,210.00,215.00,65.03,4736,2024/02/19,"2024/02/19 10:56","2024/10/10 10:53",愭暔(拠夘),,嶰婎寶愝乮姅乯,-,"=""06-6304-0999""",嬻桳,,5800044
憅屔,R00175-014030,,,,嬻,傾乕僇僀僽(惉栺),柍,330000,,奒,1979擭03寧,搶戝嶃巗墶枍惣偺戄憅屔亂66捸亃,,戝嶃晎搶戝嶃巗墶枍惣6-18,,,,,500000,,,149.00,218.60,66.12,4991,2024/08/22,"2024/06/14 13:53","2024/10/08 14:58",愭暔(拠夘),,乮姅乯暁廳晄摦嶻,-,"=""072-964-2226""",嬻桳,,5780956
憅屔,R00175-014048,,,,嬻,傾乕僇僀僽(惉栺),柍,770000,,奒,1998擭12寧,戝嶃巗忛搶嬫屆巗1挌栚偺戄憅屔亂184捸亃,,戝嶃晎戝嶃巗忛搶嬫屆巗侾挌栚1-28,,,770000,,,,,403.54,609.30,184.31,4178,2024/06/24,"2024/06/24 12:15","2024/10/08 14:22",愭暔(拠夘),,乮姅乯儘乕僞儕乕婇夋,-,"=""06-6930-6333""",柍,"
",5360001
憅屔,R00175-013968,,,,嫃廧拞,傾乕僇僀僽(惉栺),柍,500000,,奒,1992擭01寧,怮壆愳巗崅媨1挌栚偺戄憅屔亂71捸亃,,戝嶃晎怮壆愳巗崅媨侾挌栚5-3,,,2000000,2.00,,,,558.62,235.75,71.31,7012,2024/10/02,"2024/05/14 14:03","2024/10/02 17:15",愭暔(拠夘),,乮姅乯僆乕儖儔僂儞僟乕,-,"=""072-648-5675""",,捓椏DOWN55枩仺50枩丂2024.7.31,5720806
憅屔,R00175-014106,,,,嬻,傾乕僇僀僽(惉栺),柍,715000,,奒,1980擭02寧,朙拞巗昹2挌栚偺戄憅屔亂142捸亃,,戝嶃晎朙拞巗昹俀挌栚19-1,,,6.00,2.00,,,,672.00,469.64,142.06,5033,2024/10/02,"2024/07/22 11:43","2024/10/02 17:11",愭暔(拠夘),,嶰婎寶愝乮姅乯,嶳岥峀丗080-6108-5417,"=""06-6304-0999""",嬻桳,,5610817
岺応,R00175-014075,,,,,傾乕僇僀僽(惉栺),柍,880000,,奒,1986擭10寧,娸榓揷巗怴峘挰偺戄岺応亂344捸亃,,戝嶃晎娸榓揷巗怴峘挰7-2,,,2400000,880000,,,,885.00,1138.86,344.5,2555,2024/09/05,"2024/07/09 14:30","2024/10/02 15:19",愭暔(拠夘),,乮姅乯僸僩僣儃,-,"=""06-7174-1535""",嬻桳,2024.9.4丂彜択拞仺2斣庤徯夘壜,5960012
憅屔,R00175-013881,,,,嬻,傾乕僇僀僽(惉栺),柍,605000,,奒,2010擭08寧,愛捗巗捁帞忋3挌栚偺戄憅屔亂78捸亃,,戝嶃晎愛捗巗捁帞忋俁挌栚19-77,,,,,5500000,,,1141.00,259.90,78.61,7696,2024/07/08,"2024/04/01 11:29","2024/10/02 11:06",愭暔(拠夘),,姅幃夛幮擔杮僒僽儕乕僗,-,"=""06-6180-5361""",嬻桳,丒JF2乮A幒乯,5660062
戄抧,R00175-013772,,,,峏抧,傾乕僇僀僽(惉栺),柍,330000,,奒,-,暫屔導壛屆孲堫旤挰崙壀1挌栚偺戄抧亂545捸亃,,暫屔導壛屆孲堫旤挰崙壀侾挌栚,10000,,3.00,,,1.50,,1802.00,,545.1,606,2024/07/18,"2024/02/09 11:10","2024/10/02 11:01",愭暔(拠夘),,姅幃夛幮僐乕億儗乕僔儑儞僫僈儎儅,-,"=""079-495-3221""",,仸斣抧晄柧丄妋擣偍婅偄偟傑偡丅,6751115
憅屔,R00175-013991,,,,巊梡拞,傾乕僇僀僽(惉栺),柍,770000,,奒,1998擭04寧,搶戝嶃巗杮彲惣3挌栚偺戄憅屔亂96捸亃,,戝嶃晎搶戝嶃巗杮彲惣俁挌栚3-28,,,,2.00,4.00,,,363.41,318.55,96.36,7991,2024/07/18,"2024/05/27 14:04","2024/10/01 16:25",愭暔(拠夘),,,-,"=""嫶杮丗080-5633-8055""",嬻桳,,5780965
憅屔,R00175-014067,,,,嬻,傾乕僇僀僽(惉栺),柍,396000,,2奒,1995擭12寧,嫗搒晎嫗搒巗塃嫗嬫惣堾惣揷挰偺戄憅屔亂62捸亃,,嫗搒晎嫗搒巗塃嫗嬫惣堾惣揷挰26,,,,,1000000,,,330.58,208.01,62.92,6294,2024/07/04,"2024/07/04 14:37","2024/10/01 15:29",愭暔(拠夘),,姅幃夛幮嫽,-,"=""075-314-0088""",柍,丒2奒偲5奒堦晹,6150055
岺応,R00175-013788,,,,巊梡拞,傾乕僇僀僽(惉栺),柍,900000,,奒,1970擭12寧,嫗搒晎嫗搒巗撿嬫媣悽拞媣悽挰5挌栚偺戄岺応亂169捸亃,,嫗搒晎嫗搒巗撿嬫媣悽拞媣悽挰俆挌栚69丄70,,,,,4000000,,,,560.74,169.62,5306,2024/10/01,"2024/02/20 12:17","2024/10/01 15:26",愭暔(拠夘),,乮桳乯俷俥俥俬俠俤丂俲俙俶,-,"=""075-812-4577""",,"4.8 捓椏曄峏丂150枩(惻崬)仺130枩(惻崬)仺90枩乮惻崬傒乯",6018213
憅屔,R00175-013854,,,,嬻,傾乕僇僀僽(惉栺),柍,550000,,1奒,1988擭01寧,嫗搒晎嫗搒巗壓嫗嬫忋椮宍挰偺戄憅屔亂37捸亃,,嫗搒晎嫗搒巗壓嫗嬫阯壆挰捠徏尨壓傞忋椮宍挰516(512-1),,,,,3.00,,,,123.90,37.47,14675,2024/07/22,"2024/03/21 13:07","2024/10/01 15:19",愭暔(拠夘),,栰岥寁夋娗棟姅幃夛幮,-,"=""075-353-3370""",嬻桳,,6008058
憅屔,R00175-013936,,,,巊梡拞,傾乕僇僀僽(惉栺),柍,385000,,奒,1998擭09寧,怮壆愳巗懢恅嶗偑媢偺戄憅屔亂70捸亃,,戝嶃晎怮壆愳巗懢恅嶗偑媢33-21,,,2.00,2.00,,,,,233.32,70.57,5455,2024/07/18,"2024/04/18 12:53","2024/10/01 14:57",愭暔(拠夘),,姅幃夛幮僆儗儞僕儂乕儉,摗悾丒桍郪,"=""06-6827-2051""",嬻桳,2024.7.18丂彜択拞,5720840
憅屔,R00175-013998,,,,巊梡拞,傾乕僇僀僽(惉栺),柍,825000,,奒,1977擭06寧,抮揷巗恄揷2挌栚偺戄憅屔亂134捸亃,,戝嶃晎抮揷巗恄揷俀挌栚21-6,,,6000000,1650000,,,,532.88,443.78,134.24,6146,2024/07/18,"2024/05/30 14:31","2024/10/01 14:36",愭暔(拠夘),,姅幃夛幮僀儅僗奐敪帠嬈晹,-,"=""06-6233-8282""",嬻桳,儅僢僠儞僌偺傒乮儘僕僐儘旕宖嵹乯,5630043
憅屔,R00175-013738,,,,嬻,傾乕僇僀僽(惉栺),柍,880000,,奒,2006擭11寧,嫗搒晎媣悽孲媣屼嶳挰嵅嶳怴奐抧偺戄憅屔亂165捸亃,,嫗搒晎媣悽孲媣屼嶳挰嵅嶳怴奐抧77-2,,,3.00,1.00,,,,886.27,547.42,165.59,5315,2024/07/18,"2024/01/29 12:03","2024/10/01 11:54",愭暔(拠夘),,桳尷夛幮揷拞彜帠,-,"=""075-694-1133""",,"2024.4.8 捓椏曄峏丂143枩(惻崬)仺88枩(惻崬)",6130034
岺応,R00175-014009,,,,巊梡拞,傾乕僇僀僽(惉栺),柍,605000,,奒,2004擭09寧,嫗搒晎嫗搒巗暁尒嬫墶戝楬壓嶰惒棦僲撪偺戄岺応亂144捸亃,,嫗搒晎嫗搒巗暁尒嬫墶戝楬壓嶰惒棦僲撪54,,,,,6.00,,16500,,479.14,144.93,4175,2024/09/30,"2024/06/04 14:34","2024/10/01 11:47",愭暔(拠夘),,僨傿儔儞僪嶳嫗儕乕僗乮姅乯,-,"=""0774-20-5115""",嬻桳,"2024.9.30 丂怽崬偁傝2斣庤晄壜
2024.8.22丗彜択拞仸怰嵏捠夁嵪偱傎傏宊栺偲側傞尒崬傒
2024.8.5丗彜択拞",6128236
憅屔,R00175-014018,,,,,傾乕僇僀僽(惉栺),柍,2508000,,奒,1976擭02寧,搶戝嶃巗怴彲惣偺戄憅屔亂600捸亃,,戝嶃晎搶戝嶃巗怴彲惣8-32,,,,,5.00,,,1434.24,1985.36,600.57,4177,2024/07/29,"2024/06/07 13:15","2024/10/01 11:38",愭暔(拠夘),,乮姅乯僉儞僌儂乕儉,-,"=""06-6783-7776""",,,5780964
憅屔,R00175-013900,,,,嬻,傾乕僇僀僽(惉栺),柍,330000,,奒,1978擭06寧,戝嶃巗暯栰嬫塟攋1挌栚偺戄憅屔亂72捸亃,,戝嶃晎戝嶃巗暯栰嬫塟攋侾挌栚11-16,,,300000,330000,,,,,240.00,72.6,4546,2024/07/16,"2024/04/08 11:29","2024/10/01 11:38",愭暔(拠夘),,乮姅乯僴僂僗儗儞僩搶廧媑揦,-,"=""06-6719-3060""",,"2024.7.16丂彜択拞
",5470024
憅屔,R00175-013746,,,,嬻,傾乕僇僀僽(惉栺),柍,4950000,,奒,2024擭08寧,崄愳戞1憅屔亂1018捸亃,,崄愳導嶁弌巗徍榓挰俀挌栚1-1,55000,,4.00,2.00,,,,6639.08,3366.00,1018.21,4862,2024/08/23,"2024/02/01 16:16","2024/09/30 14:47",帺幮,堦斒攠夘,姅幃夛幮僙儞僠儏儕乕僟僀僜乕,搰杮,"=""06-6136-0555""",嬻桳,"媨杮偝傫扴摉乥SB暔審
廧強丗崄愳導嶁弌巗徍榓挰俀挌栚615-1(抧斣)",7620004
憅屔,R00175-013747,,,,嬻,傾乕僇僀僽(惉栺),柍,2750000,,奒,2024擭08寧,崄愳戞1憅屔/A嬫夋亂480捸亃,,崄愳導嶁弌巗徍榓挰俀挌栚1-1,27500,,4.00,2.00,,,,6639.08,1588.60,480.55,5723,2024/08/01,"2024/02/01 16:39","2024/09/30 14:47",帺幮,堦斒攠夘,姅幃夛幮僙儞僠儏儕乕僟僀僜乕,搰杮,"=""06-6136-0555""",嬻桳,"媨杮偝傫扴摉乥SB暔審
廧強丗崄愳導嶁弌巗徍榓挰俀挌栚615-1(抧斣)",7620004
憅屔,R00175-013748,,,,嬻,傾乕僇僀僽(惉栺),柍,2750000,,奒,2024擭08寧,崄愳戞1憅屔/B嬫夋亂485捸亃,,崄愳導嶁弌巗徍榓挰俀挌栚1-1,27500,,4.00,2.00,,,,6639.08,1604.20,485.27,5667,2024/08/01,"2024/02/01 17:17","2024/09/30 14:46",帺幮,堦斒攠夘,姅幃夛幮僙儞僠儏儕乕僟僀僜乕,搰杮,"=""06-6136-0555""",嬻桳,"媨杮偝傫扴摉乥SB暔審乥B嬫夋
廧強丗崄愳導嶁弌巗徍榓挰俀挌栚615-1(抧斣)",7620004
憅屔,R00175-013765,,,,,傾乕僇僀僽(惉栺),柍,0,,奒,2004擭08寧,暫屔導彫栰巗彔戜偺戄憅屔亂650捸亃,,暫屔導彫栰巗彔戜50,,,6.00,2.00,,,,4218.67,2149.55,650.23,,2024/03/22,"2024/02/08 13:43","2024/09/27 14:41",愭暔(拠夘),,晉枻晄摦嶻乮姅乯,-,"=""075-541-1808""",嬻桳,,6751322
憅屔,R00175-014032,,,,嬻,傾乕僇僀僽(惉栺),柍,1210000,,奒,2024擭01寧,暫屔導恄屗巗惣嬫嬍捗挰惣壨尨偺戄憅屔亂255捸亃,,暫屔導恄屗巗惣嬫嬍捗挰惣壨尨417-2,,,,2.00,3.00,,,,843.20,255.06,4744,2024/09/27,"2024/06/14 14:20","2024/09/27 12:08",愭暔(拠夘),,姅幃夛幮僆僼傿僗僫僈僞,-,"=""078-995-3662""",嬻桳,,6512127
憅屔,R00175-014206,,,,巊梡拞,岞奐壜,柍,0,,奒,2019擭12寧,崄愳導嶰朙巗朙拞挰妢揷妢壀偺戄憅屔亂1212捸亃,,崄愳導嶰朙巗朙拞挰妢揷妢壀2587-1,,,,,,,,7900.12,4007.87,1212.38,,2026/05/27,"2024/09/17 14:22","2024/09/25 11:15",帺幮,戙棟,姅幃夛幮僙儞僠儏儕乕僟僀僜乕,媨杮,"=""06-6136-0555""",嬻桳,,7691502
揦曑(寶暔堦妵),R00175-013862,,,,嬻,傾乕僇僀僽(惉栺),柍,385000,,奒,1999擭07寧,榓壧嶳導娾弌巗愳怟偺戄揦曑亂35捸亃,,榓壧嶳導娾弌巗愳怟226-1,,,1000000,1000000,,,,320.61,116.67,35.29,10909,2024/08/30,"2024/03/22 17:22","2024/09/17 11:21",帺幮,堦斒攠夘,姅幃夛幮僙儞僠儏儕乕僟僀僜乕,柤壝崃偝傫,"=""06-6136-0555""",嬻桳,柤壝崃偝傫壠庡捈暔審,6496231
憅屔,R00175-013986,,,,嬻,傾乕僇僀僽(惉栺),柍,495000,,奒,2024擭08寧,戝嶃巗搶惉嬫搶崱棦3挌栚偺戄憅屔亂49捸亃,,戝嶃晎戝嶃巗搶惉嬫搶崱棦俁挌栚8-18,,,,,3.00,2.00,,,162.00,49,10102,2024/09/11,"2024/05/24 12:48","2024/09/11 15:52",愭暔(拠夘),,乮姅乯嶰榓傾僀僔僗,惓栘丗080-3391-4883,"=""06-6282-0702""",嬻桳,丒A搹,5370011
岺応,R00175-014072,,,,巊梡拞,傾乕僇僀僽(惉栺),柍,440000,,奒,1993擭08寧,戝嶃巗惣梽愳嬫屼暭搰1挌栚偺戄岺応亂61捸亃,,戝嶃晎戝嶃巗惣梽愳嬫屼暭搰侾挌栚10-3,,,,,2000000,,,,204.57,61.88,7111,2024/09/05,"2024/07/08 12:15","2024/09/05 09:30",愭暔(拠夘),,嶰榓彜帠,-,"=""06-6474-2000""",柍,,5550012
憅屔,R00175-013892,,,,嫃廧拞,傾乕僇僀僽(惉栺),柍,660000,,奒,1980擭07寧,嫗搒晎嫗搒巗撿嬫媑徦堾搱妦嶳挰偺戄憅屔亂83捸亃,,嫗搒晎嫗搒巗撿嬫媑徦堾搱妦嶳挰21,,,3600000,1320000,,,,467.52,277.67,83.99,7858,2024/09/03,"2024/04/04 13:54","2024/09/03 10:04",愭暔(拠夘),,姅幃夛幮僀儅僗丂棳捠帠嬈晹,-,"=""06-6209-7373""",嬻桳,,6018371
揦曑(寶暔堦妵),R00175-013878,,,,嬻,傾乕僇僀僽(惉栺),柍,660000,,奒,2019擭07寧,嫗搒晎嫗搒巗暁尒嬫椉懼挰11挌栚偺戄揦曑亂57捸亃,,嫗搒晎嫗搒巗暁尒嬫椉懼挰侾侾挌栚259-2,,,6.00,3.00,,,,348.22,190.48,57.62,11455,2024/05/28,"2024/03/29 15:49","2024/09/02 09:21",愭暔(拠夘),,乮姅乯儔僀僼僀僲儀乕僔儑儞,-,"=""06-6886-5611""",嬻桳,,6128082
憅屔,R00175-013811,,,,嬻,傾乕僇僀僽(惉栺),柍,595000,,奒,1989擭06寧,嫗搒晎嫗搒巗撿嬫媑徦堾搱妦嶳挰偺戄憅屔亂67捸亃,,嫗搒晎嫗搒巗撿嬫媑徦堾搱妦嶳挰18,,,,,6.00,,,361.00,223.94,67.74,8784,2024/06/28,"2024/03/01 13:15","2024/08/30 15:32",愭暔(拠夘),,桘拤晄摦嶻姅幃夛幮,-,"=""075-603-1414""",嬻桳,,6018371
戄抧,R00175-013951,,,,,傾乕僇僀僽(惉栺),柍,300000,,奒,-,暫屔導恄屗巗惣嬫敟扟挰帥扟偺戄抧亂181捸亃,,暫屔導恄屗巗惣嬫敟扟挰帥扟1242-577,,,,2.00,,,,600.00,,181.5,1653,2024/08/30,"2024/04/25 12:48","2024/08/30 10:48",愭暔(拠夘),,僺僞僢僩僴僂僗斅廻揦丂乮姅乯俫俷俼俬,-,"=""078-739-1801""",,,6512231
憅屔,R00175-014071,,,,,傾乕僇僀僽(惉栺),柍,1100000,,奒,1969擭12寧,愛捗巗搶暿晎1挌栚偺戄憅屔亂209捸亃,,戝嶃晎愛捗巗搶暿晎侾挌栚1-3,,,,,2000000,,,1500.00,693.00,209.63,5248,2024/08/29,"2024/07/08 11:54","2024/08/29 11:15",愭暔(拠夘),,傂傑傢傝儂乕儉僐儞僒儖僞儞僩乮姅乯,-,"=""06-7509-2924""",嬻桳,,5660042
揦曑(寶暔堦妵),R00175-013871,,,,巊梡拞,傾乕僇僀僽(惉栺),柍,495000,,奒,-,撧椙導揤棟巗晉摪挰偺戄揦曑亂38捸亃,,撧椙導揤棟巗晉摪挰188-1,,,,,6.00,,,,125.62,38,13027,2024/08/28,"2024/03/28 14:19","2024/08/28 11:07",愭暔(拠夘),,,-,"=""暯杮丗090-7486-5377""",嬻桳,,6320072
憅屔,R00175-014104,,,,嬻,傾乕僇僀僽(惉栺),柍,1430000,,奒,1972擭09寧,惣惉戞1憅屔亂156捸亃,,戝嶃晎戝嶃巗惣惉嬫撿捗庣俈挌栚13-43,,,4.00,2.00,,,,663.45,516.13,156.12,9160,2024/07/18,"2024/07/18 17:52","2024/08/28 10:46",帺幮,堦斒攠夘,姅幃夛幮僙儞僠儏儕乕僟僀僜乕,柧愇,"=""06-6136-0555""",嬻桳,,5570063
憅屔,R00175-014073,,,,嬻,傾乕僇僀僽(惉栺),柍,330000,,奒,-,搶戝嶃巗怷壨撪惣1挌栚偺戄憅屔亂80捸亃,,戝嶃晎搶戝嶃巗怷壨撪惣侾挌栚13-14,,,1.00,16.50,,,,,264.47,80,4125,2024/08/27,"2024/07/09 14:03","2024/08/27 11:28",愭暔(拠夘),,儂乕儉儊僀僩俥俠掃尒曻弌墂慜揦乮姅乯娭惣儂乕儉僒乕價僗,-,"=""06-6967-2380""",柍,,5770061
岺応,R00175-013919,,,,嬻,傾乕僇僀僽(惉栺),柍,445500,,奒,1998擭02寧,戝嶃巗惣梽愳嬫拞搰2挌栚偺戄岺応亂49捸亃,,戝嶃晎戝嶃巗惣梽愳嬫拞搰俀挌栚9(24),,16302,,,2430480,,,,163.40,49.42,9014,2024/08/27,"2024/04/11 15:57","2024/08/27 09:53",愭暔(拠夘),,倕儕傾儖僥傿崌摨夛幮,-,"=""06-6481-8188""",柍,"2024.6.7丂怽偟崬傒1審偁傝丂2斣庤尰忬晄壜

丒63崋",5550041
岺応,R00175-014015,,,,嬻,傾乕僇僀僽(惉栺),柍,400000,,奒,2021擭09寧,暫屔導壛屆孲堫旤挰憪扟偺戄岺応亂80捸亃,,暫屔導壛屆孲堫旤挰憪扟1-803,,,2.00,1.00,,,,665.00,265.00,80.16,4990,2024/08/22,"2024/06/07 12:04","2024/08/22 16:10",愭暔(拠夘),,姅幃夛幮僑僐乕廧寶,-,"=""079-488-8497""",嬻桳,,6751102
憅屔,R00175-013927,,,,,傾乕僇僀僽(惉栺),柍,313500,,1奒,-,堬栘巗媨搰1挌栚偺戄憅屔亂37捸亃,,戝嶃晎堬栘巗媨搰侾挌栚2-1,,34980,,,1710000,,,,123.74,37.43,8376,2024/08/22,"2024/04/16 13:17","2024/08/22 15:56",愭暔(拠夘),,儀僗僩僆僼傿僗乮姅乯,-,"=""06-6121-6888""",嬻桳,仸B搹1奒堦嬫夋乮杒懁擖岥偡偖偺嬫夋乯,5670853
憅屔,R00175-014042,,,,嬻,傾乕僇僀僽(惉栺),柍,385000,,奒,1994擭08寧,榓壧嶳導榓壧嶳巗惣昹偺戄憅屔亂112捸亃,,榓壧嶳導榓壧嶳巗惣昹1340-1,,,,3.00,3.00,,,465.40,372.47,112.67,3417,2024/08/22,"2024/06/21 11:03","2024/08/22 15:50",愭暔(拠夘),,(姅)僼僕僔儅晄摦嶻,-,"=""073-499-8000""",嬻桳,,6410036
戄抧,R00175-013948,,,,屆壠晅,傾乕僇僀僽(惉栺),柍,380000,,奒,-,嶄巗拞嬫尒栰嶳偺戄抧亂385捸亃,,戝嶃晎嶄巗拞嬫尒栰嶳223-1,,,,2.00,6.00,,,1273.84,,385.33,987,2024/08/22,"2024/04/22 12:59","2024/08/22 15:48",愭暔(拠夘),,乮姅乯僗僇僀僒儞儂乕儉丂,-,"=""072-369-5888""",嬻桳,"拠夘晄壜

2024.6.28 暔妋帪惉栺娫嬤",5998243
岺応,R00175-014098,,,,嬻,傾乕僇僀僽(惉栺),柍,660000,,奒,1970擭08寧,攼尨巗杮嫿5挌栚偺戄岺応亂89捸亃,,戝嶃晎攼尨巗杮嫿俆挌栚4-22,,,,1500000,3000000,,,449.58,295.80,89.47,7376,2024/08/20,"2024/07/18 11:24","2024/08/20 10:06",愭暔(拠夘),,乮姅乯儔僀僼廧寶,-,"=""072-972-1101""",,2024.7.29僆乕僫乕條傛傝宖嵹偵偮偄偰僋儗乕儉儊乕儖仺庢傝壓偘,5820001
憅屔,R00175-013904,,,,嬻,傾乕僇僀僽(惉栺),柍,495000,,奒,1974擭05寧,嫗搒晎媣悽孲媣屼嶳挰摗榓揷懞惣偺戄憅屔亂129捸亃,,嫗搒晎媣悽孲媣屼嶳挰摗榓揷懞惣8-1,,,1000000,1.00,,,,569.00,429.00,129.77,3815,2024/08/20,"2024/04/09 13:30","2024/08/20 09:08",愭暔(拠夘),,揷拞廧尋乮姅乯,-,"=""0774-43-0001""",嬻桳,,6130044
揦曑(寶暔堦妵),R00175-014000,,,,嬻,傾乕僇僀僽(惉栺),柍,770000,,奒,2010擭02寧,愹嵅栰巗拞彲偺戄揦曑亂55捸亃,,戝嶃晎愹嵅栰巗拞彲12-1,,,,,10.00,,,1048.00,183.00,55.35,13910,2024/08/06,"2024/05/30 14:59","2024/08/06 16:04",愭暔(拠夘),,乮姅乯僀儅僗丂婇夋幒,崱愹,"=""06-6209-7670""",嬻桳,,5980002
揦曑(寶暔堦妵),R00175-013853,,,,嬻,傾乕僇僀僽(惉栺),柍,330000,,奒,1988擭03寧,暫屔導恄嶈孲暉嶈挰惣揷尨偺戄揦曑亂97捸亃,,暫屔導恄嶈孲暉嶈挰惣揷尨1399-8,,,,3.00,1.00,,,826.44,321.75,97.32,3391,2024/08/06,"2024/03/21 11:57","2024/08/06 15:53",愭暔(拠夘),,乮姅乯俹倝値倕丂俫倧倣倕,-,"=""0790-35-9884""",嬻桳,,6792204
揦曑(寶暔堦妵),R00175-014102,,,,嬻,傾乕僇僀僽(惉栺),柍,400000,,奒,2004擭09寧,暫屔導恄屗巗惣嬫暯栰挰暉拞偺戄揦曑亂42捸亃,,暫屔導恄屗巗惣嬫暯栰挰暉拞,,,4.00,,,,,,139.00,42.04,9514,2024/07/18,"2024/07/18 12:25","2024/08/06 15:45",愭暔(拠夘),,乮桳乯僷僀儞儘乕僘丂側側偄傠晄摦嶻,-,"=""078-941-7716""",嬻桳,丒応強丗僌乕僌儖儅僢僾偱偼暉拞219-2,6512252
揦曑(寶暔堦妵),R00175-013767,,,,嬻,傾乕僇僀僽(惉栺),柍,770000,,奒,1989擭07寧,暫屔導柧愇巗埉偑媢偺戄揦曑亂95捸亃,,暫屔導柧愇巗埉偑媢21-24,,,6.00,,,,,774.61,314.40,95.1,8097,2024/08/06,"2024/02/08 14:25","2024/08/06 15:43",愭暔(拠夘),,乮姅乯僒億乕僩儂乕儉僒乕價僗,-,"=""078-913-0002""",嬻桳,,6730002
憅屔,R00175-014049,,,,嬻,傾乕僇僀僽(惉栺),柍,495000,,奒,1998擭09寧,暫屔導恄屗巗杒嬫桳栰挰擇榊偺戄憅屔亂154捸亃,,暫屔導恄屗巗杒嬫桳栰挰擇榊305,,,1.00,2.00,,,,829.43,511.92,154.85,3197,2024/08/05,"2024/06/25 13:55","2024/08/05 09:05",愭暔(拠夘),,乮姅乯峃梞晄摦嶻,-,"=""078-958-5472""",嬻桳,,6511311
岺応,R00175-013812,,,,嬻,傾乕僇僀僽(惉栺),柍,715000,,奒,1989擭04寧,暫屔導嶰栘巗暿強挰壓愇栰偺戄岺応亂290捸亃,,暫屔導嶰栘巗暿強挰壓愇栰1108-287,,,3.00,1.50,,,,,958.88,290.06,2465,2024/08/01,"2024/03/01 13:27","2024/08/01 14:22",愭暔(拠夘),,乮桳乯僴儕儅憤崌奐敪,-,"=""079-497-0330""",嬻桳,,6730453
揦曑(寶暔堦妵),R00175-013909,,,,巊梡拞,傾乕僇僀僽(惉栺),柍,660000,,奒,2013擭11寧,徏尨巗揤旤惣係挌栚偺戄揦曑亂47捸亃,,戝嶃晎徏尨巗揤旤惣係挌栚2-17,,,4.00,2.00,,,,548.00,158.32,47.89,13782,2024/06/28,"2024/04/09 14:46","2024/07/30 10:08",帺幮,堦斒攠夘,姅幃夛幮僙儞僠儏儕乕僟僀僜乕,搰杮,"=""06-6136-0555""",嬻桳,搰杮偝傫扴摉暔審丂6寧拞弡戅嫀梊掕丂憭媀壆偝傫偼NG,5800034
憅屔,R00175-013960,,,,嬻,傾乕僇僀僽(惉栺),柍,97900,,奒,-,暫屔導埳扥巗撿楅尨係挌栚偺戄憅屔亂13捸亃,,暫屔導埳扥巗撿楅尨係挌栚98,,,,193600,,,,,44.00,13.31,7356,2024/07/19,"2024/05/08 17:50","2024/07/30 10:07",帺幮,堦斒攠夘,姅幃夛幮僙儞僠儏儕乕僟僀僜乕,媑揷夒,"=""06-6136-0555""",,"抸擭悢丗S35擭乮寧晄柧乯R5擭1寧僼儖儕僲儀乕僔儑儞嵪
仸GoogleMap忋偼巬斣99偱偱偰偔傞廧強",6640883
憅屔,R00175-013899,,,,嬻,傾乕僇僀僽(惉栺),柍,110000,,奒,-,暫屔導恄屗巗惣嬫墴晹扟挰偺戄憅屔亂36捸亃," ",暫屔導恄屗巗惣嬫墴晹扟挰惣惙623-1,,,,,,,,357.02,121.11,36.63,3003,2024/06/28,"2024/04/05 17:39","2024/07/30 09:51",帺幮,堦斒攠夘,姅幃夛幮僙儞僠儏儕乕僟僀僜乕,曱嶳偝傫,"=""06-6136-0555""",嬻桳,3搹乮廧戭傕娷傓乯曞廤偺堊曞廤STOP,6512202
憅屔,R00175-013982,,,,嬻,傾乕僇僀僽(惉栺),柍,350000,,奒,1977擭08寧,嫗搒晎嫗搒巗嶳壢嬫戝戭屼嫙揷挰偺戄憅屔亂102捸亃,,嫗搒晎嫗搒巗嶳壢嬫戝戭屼嫙揷挰204,,,,,1500000,,1.00,,340.20,102.91,3402,2024/07/29,"2024/05/23 13:12","2024/07/29 15:16",愭暔(拠夘),,惣晹寶愝乮姅乯,-,"=""075-662-0551""",嬻桳,"2024.7.12丂侾審彜択拞
俀斣庤偺壜斲偼妋擣拞
",6078192
揦曑帠柋強(寶暔堦妵),R00175-013947,,,,嬻,傾乕僇僀僽(惉栺),柍,385000,,奒,2020擭04寧,嶄巗嶄嬫恄愇巗擵挰偺戄揦曑丒帠柋強亂31捸亃,,戝嶃晎嶄巗嶄嬫恄愇巗擵挰97-1,,,,6.00,,,,184.13,102.48,31,12420,2024/07/26,"2024/04/22 12:45","2024/07/26 16:30",愭暔(拠夘),,乮姅乯壝寬,-,"=""072-241-5020""",嬻桳,,5900813
揦曑帠柋強(寶暔堦妵),R00175-013786,,,,巊梡拞,傾乕僇僀僽(惉栺),柍,401500,,奒,1988擭07寧,暫屔導恄屗巗杒嬫拀巼偑媢4挌栚偺戄揦曑丒帠柋強亂43捸亃,,暫屔導恄屗巗杒嬫拀巼偑媢係挌栚1-3,11000,,3.00,3.30,,,,,142.81,43.2,9294,2024/07/26,"2024/02/19 10:26","2024/07/26 16:11",愭暔(拠夘),,乮姅乯僄儞僱,-,"=""06-6437-5656""",嬻桳,,6511212
憅屔,R00175-013907,,,,巊梡拞,傾乕僇僀僽(惉栺),柍,1290300,,奒,2011擭12寧,戝嶃巗杒嬫拞嶈2挌栚偺戄憅屔亂90捸亃,,戝嶃晎戝嶃巗杒嬫拞嶈俀挌栚6-11,,,,3.00,3.00,,,,297.53,90,14337,2024/07/26,"2024/04/09 14:12","2024/07/26 15:41",愭暔(拠夘),,乮姅乯僀僘儈搒巗奐敪,-,"=""06-6853-3555""",嬻桳,,5300016
憅屔,R00175-013876,,,,嬻,傾乕僇僀僽(惉栺),柍,450000,,奒,1975擭04寧,栧恀巗搰摢3挌栚偺戄憅屔亂80捸亃,,戝嶃晎栧恀巗搰摢俁挌栚3-15,,,,1.00,3.00,,,,266.49,80.61,5583,2024/07/26,"2024/03/29 13:56","2024/07/26 15:40",愭暔(拠夘),,愇愳廧寶,-,"=""072-881-4367""",嬻桳,2024.5.28丂彜択拞丂2斣庤晄壜,5710016
戄抧,R00175-013697,,,,,傾乕僇僀僽(惉栺),柍,300000,,奒,-,嶄巗杒嬫嬥壀挰偺戄抧亂198捸亃,,戝嶃晎嶄巗杒嬫嬥壀挰2047,,,,1.00,2.00,,,657.02,,198.74,1510,2024/07/26,"2024/01/16 13:44","2024/07/26 15:37",愭暔(拠夘),,乮姅乯傾儖儌僴僂僕儞僌,-,"=""072-240-0008""",,,5918022
揦曑(寶暔堦妵),R00175-013829,,,,嬻,傾乕僇僀僽(惉栺),柍,550000,,奒,2002擭07寧,暫屔導昉楬巗嶳悂2挌栚偺戄揦曑亂49捸亃,,暫屔導昉楬巗嶳悂俀挌栚13-55,,,4200000,1800000,,,,961.96,165.00,49.91,11020,2024/07/26,"2024/03/07 14:39","2024/07/26 15:36",愭暔(拠夘),,傾儅僲晄摦嶻,-,"=""079-298-3300""",嬻桳,捓椏DOWN66枩仺55枩乮惻崬傒乯2024.4.3,6700085
戄抧,R00175-013963,,,,偦偺懠,傾乕僇僀僽(惉栺),柍,500000,,奒,-,暫屔導昉楬巗暿強挰暿強偺戄抧亂969捸亃,,暫屔導昉楬巗暿強挰暿強1248-1,,,,2.00,4.00,,,3206.37,,969.92,516,2024/07/25,"2024/05/13 13:19","2024/07/25 14:57",愭暔(拠夘),,僑僩僂晄摦嶻,-,"=""079-283-7112""",,,6710221
憅屔,R00175-013973,,,,嬻,傾乕僇僀僽(惉栺),柍,550000,,奒,2005擭05寧,暫屔導昉楬巗搚嶳6挌栚偺戄憅屔亂76捸亃,,暫屔導昉楬巗搚嶳俇挌栚8-13,,,,3300000,,,,328.81,253.33,76.63,7178,2024/07/25,"2024/05/16 13:43","2024/07/25 14:55",愭暔(拠夘),,乮桳乯峛撿抧嶻,-,"=""078-222-7073""",嬻桳,,6700996
憅屔,R00175-013977,,,,嬻,傾乕僇僀僽(惉栺),柍,363000,,奒,1991擭06寧,搶戝嶃巗嶰搰1挌栚偺戄憅屔亂64捸亃,,戝嶃晎搶戝嶃巗嶰搰侾挌栚1-10,,,,,1980000,,,181.81,213.75,64.65,5615,2024/07/25,"2024/05/16 14:48","2024/07/25 14:54",愭暔(拠夘),,姅幃夛幮斅憅晄摦嶻,-,"=""072-965-0505""",,僱僢僩宖嵹晄壜偺堊儅僢僠儞僌偺傒丂摗尨,5780966
揦曑帠柋強(寶暔堦妵),R00175-013975,,,,嬻,傾乕僇僀僽(惉栺),柍,396000,,奒,2004擭05寧,戝嶃巗暯栰嬫塟攋撿1挌栚偺戄揦曑丒帠柋強亂85捸亃,,戝嶃晎戝嶃巗暯栰嬫塟攋撿侾挌栚2-9,,,,2.00,,,,282.60,281.96,85.29,4643,2024/07/25,"2024/05/16 14:16","2024/07/25 14:30",愭暔(拠夘),,乮姅乯儕僓僀僶乕僄僗僥乕僩,-,"=""06-6796-9854""",嬻桳,,5470023
揦曑帠柋強(寶暔堦妵),R00175-013932,,,,嬻,傾乕僇僀僽(惉栺),柍,495000,,奒,2024擭02寧,嫗搒晎嫗搒巗暁尒嬫抾揷媣曐挰偺戄揦曑丒帠柋強亂41捸亃,,嫗搒晎嫗搒巗暁尒嬫抾揷媣曐挰70,,,2.00,2.00,,,1.00,,138.62,41.93,11805,2024/07/25,"2024/04/16 14:46","2024/07/25 14:28",愭暔(拠夘),,捯晄摦嶻乮姅乯,-,"=""075-256-8619""",嬻桳,,6128411
憅屔,R00175-013859,,,,,傾乕僇僀僽(惉栺),柍,935000,,奒,1983擭07寧,戝嶃巗惗栰嬫扚杒4挌栚偺戄憅屔亂153捸亃,,戝嶃晎戝嶃巗惗栰嬫扚杒係挌栚12-29,,,2.00,3.30,,,,,508.05,153.68,6084,2024/07/23,"2024/03/22 13:58","2024/07/23 09:35",愭暔(拠夘),,乮姅乯儗儞僥傿僽戝惉丂杒扚揦,-,"=""06-6754-2227""",,"2024.4.15 1審怽偟崬傒丂2斣庤尰忬晄壜",5440004
憅屔,R00175-013953,,,,嬻,傾乕僇僀僽(惉栺),柍,330000,,奒,1994擭05寧,壀嶳導恀掚巗拞偺戄憅屔亂173捸亃,,壀嶳導恀掚巗拞429-1,,,5.00,1.00,,,,,572.00,173.03,1908,2024/07/22,"2024/04/26 10:21","2024/07/22 15:35",愭暔(拠夘),,桳尷夛幮濄晄摦嶻,-,"=""0868-25-0001""",嬻桳,2024擭12寧傑偱偺抁婜戄偟拞,7193115
揦曑(寶暔堦妵),R00175-013816,,,,嬻,傾乕僇僀僽(惉栺),柍,660000,,奒,2003擭02寧,嫗搒晎敧敠巗敧敠孊揷偺戄揦曑亂154捸亃,,嫗搒晎敧敠巗敧敠孊揷5-2,,,1200000,600000,,,,,509.55,154.13,4282,2024/07/22,"2024/03/04 13:10","2024/07/22 15:31",愭暔(拠夘),,乮姅乯僕儑僂儉儔僴僂僕儞僌,-,"=""075-982-6550""",嬻桳,,6148095
憅屔,R00175-013792,,,,嬻,傾乕僇僀僽(惉栺),柍,220000,,奒,1994擭02寧,壀嶳導捗嶳巗嶮偺戄憅屔亂233捸亃,,壀嶳導捗嶳巗嶮525-6,,,3.00,1.00,,,,1091.00,772.00,233.53,943,2024/07/22,"2024/02/21 17:11","2024/07/22 15:17",愭暔(拠夘),,(桳)墂慜晄摦嶻僙儞僞乕,晉嶁丗090-2440-4377,"=""0868-23-5404""",嬻桳,2024.7.22丂抁婜捓戄拞,7080873
憅屔,R00175-013793,,,,嬻,傾乕僇僀僽(惉栺),柍,407000,,奒,1972擭02寧,壀嶳導憤幮巗孍栘偺戄憅屔亂112捸亃,,壀嶳導憤幮巗孍栘908-1,,,3.00,1.00,,,,1629.59,372.95,112.81,3608,2024/07/22,"2024/02/21 17:47","2024/07/22 14:56",愭暔(拠夘),,偍偆偪壠晄摦嶻乮姅乯,-,"=""086-239-0771""",嬻桳,,7191112
憅屔,R00175-013817,,,,嫃廧拞,傾乕僇僀僽(惉栺),柍,660000,,奒,2019擭12寧,暫屔導嶰栘巗幣挰偺戄憅屔亂178捸亃,,暫屔導嶰栘巗幣挰,,,4.00,,660000,3.30,92400,,590.72,178.69,3694,2024/07/22,"2024/03/05 14:00","2024/07/22 14:52",愭暔(拠夘),,僞僇僙晄摦嶻乮姅乯壛屆愳巟揦,-,"=""079-423-7222""",嬻桳,丒幣挰8-50偺杒惣懁,6730414
憅屔,R00175-013705,,,,嬻,傾乕僇僀僽(惉栺),柍,352000,,奒,1994擭02寧,壀嶳導壀嶳巗杒嬫掚悾偺戄憅屔亂67捸亃,,壀嶳導壀嶳巗杒嬫掚悾188-1,,,5.00,1.00,,,,,223.63,67.64,5204,2024/07/22,"2024/01/17 11:11","2024/07/22 14:47",愭暔(拠夘),,偁偍偄晄摦嶻姅幃夛幮,-,"=""086-263-4860""",嬻桳,2024.3.27丂彜択拞丂俀斣庤晄壜,7010153
揦曑(寶暔堦妵),R00175-013731,,,,巊梡拞,傾乕僇僀僽(惉栺),柍,599500,,奒,2006擭02寧,愹戝捗巗怷挰侾挌栚偺戄揦曑亂139捸亃,,戝嶃晎愹戝捗巗怷挰侾挌栚13-13,,,1.00,3.00,,,,,459.51,139,4313,2024/07/22,"2024/01/24 09:51","2024/07/22 14:36",愭暔(拠夘),,(姅)僄僗億儚乕儖,-,"=""072-240-1756""",嬻桳,"2024.3.26 暔妋帪丂捓椏曄峏丂69.3枩乮惻崬乯仺59.95枩(惻崬)丂",5950005
憅屔,R00175-013832,,,,嬻,傾乕僇僀僽(惉栺),柍,396000,,奒,2024擭03寧,愹戝捗巗怷挰1挌栚偺戄憅屔亂59捸亃,,戝嶃晎愹戝捗巗怷挰侾挌栚13,19800,,1.00,2.00,,,,,196.44,59.42,6665,2024/07/22,"2024/03/11 12:57","2024/07/22 14:35",愭暔(拠夘),,(姅)僄僗億儚乕儖,-,"=""072-240-1756""",嬻桳,2024.4.9丂暔妋帪丂彜択拞丂徯夘晄壜,5950005
揦曑帠柋強(寶暔堦妵),R00175-013974,,,,嬻,傾乕僇僀僽(惉栺),柍,550000,,奒,2001擭03寧,暫屔導擈嶈巗搶捤岥挰2挌栚偺戄揦曑丒帠柋強亂30捸亃,,暫屔導擈嶈巗搶捤岥挰俀挌栚4-49,,,6.00,2.00,,,,500.00,101.25,30.62,17958,2024/07/22,"2024/05/16 14:01","2024/07/22 13:57",愭暔(拠夘),,姅幃夛幮丂夒,-,"=""06-6536-8100""",嬻桳,,6610011
憅屔,R00175-013869,,,,嬻,傾乕僇僀僽(惉栺),柍,385000,,奒,1977擭08寧,暫屔導扥攇巗弔擔挰崟堜偺戄憅屔亂181捸亃,,暫屔導扥攇巗弔擔挰崟堜1386-1,,,3.00,1.00,,,,2527.11,600.00,181.5,2122,2024/07/22,"2024/03/28 13:44","2024/07/22 13:09",愭暔(拠夘),,乮姅乯傾僋僥傿僽儔僀僼丒僐僱僋僔儑儞,-,"=""0795-70-1300""",嬻桳,,6694141
戄抧,R00175-013839,,,,峏抧,傾乕僇僀僽(惉栺),柍,450000,,奒,-,搶戝嶃巗屼悀搶2挌栚偺戄抧亂182捸亃,,戝嶃晎搶戝嶃巗屼悀搶俀挌栚714-6(14-15),,,900000,1.00,,,,603.36,,182.51,2466,2024/07/22,"2024/03/12 15:25","2024/07/22 10:31",愭暔(拠夘),,愊悈僴僂僗晄摦嶻娭惣(姅)暯栰塩嬈強,-,"=""06-4396-8674""",,,5770033
揦曑(寶暔堦妵),R00175-013807,,,,嬻,傾乕僇僀僽(惉栺),柍,396000,,奒,1994擭09寧,嶰廳導柤挘巗憼帩挰尨弌偺戄揦曑亂46捸亃,,嶰廳導柤挘巗憼帩挰尨弌1306-9,,,,2.00,2.00,,,988.00,153.54,46.44,8527,2024/07/19,"2024/02/28 10:33","2024/07/19 16:19",帺幮,堦斒攠夘,姅幃夛幮僙儞僠儏儕乕僟僀僜乕,婽搰偝傫,"=""06-6136-0555""",嬻桳,"捓椏DOWN49.5枩仺39.6枩2024.5.16

婽搰偝傫扴摉暔審
亂僆乕僫乕條忣曬亃
桳尷夛幮僀僘儔僀僼
扴摉丗媑杮條
TEL丗090-8950-9179",5180752
憅屔,R00175-013961,,,,嬻,傾乕僇僀僽(惉栺),柍,1650000,,奒,1974擭12寧,娸榓揷巗栘嵽挰偺戄憅屔亂174捸亃,,戝嶃晎娸榓揷巗栘嵽挰7-11,,,3.00,,,,,1341.33,577.39,174.66,9447,2024/07/19,"2024/05/10 14:23","2024/07/19 16:16",愭暔(拠夘),,嶃媫嶃恄晄摦嶻乮姅乯,-,"=""06-6376-4747""",,,5960011
揦曑(寶暔堦妵),R00175-013931,,,,嬻,傾乕僇僀僽(惉栺),柍,330000,,奒,-,嫗搒晎嫗搒巗搶嶳嬫惣擵栧挰偺戄揦曑亂22捸亃,,嫗搒晎嫗搒巗搶嶳嬫惣擵栧挰563,,,,,3.00,,1.00,,73.86,22.34,14770,2024/07/19,"2024/04/16 14:30","2024/07/19 16:13",愭暔(拠夘),,乮姅乯僼儔僢僩僄乕僕僃儞僔乕丂僥僫儞僩帠嬈晹,-,"=""075-431-2211""",嬻桳,,6050947
憅屔,R00175-013827,,,,嬻,傾乕僇僀僽(惉栺),柍,418000,,奒,1999擭03寧,搶戝嶃巗旽壆搶3挌栚偺戄憅屔亂52捸亃,,戝嶃晎搶戝嶃巗旽壆搶俁挌栚12-16,,,,,1140000,,,,172.24,52.1,8023,2024/07/18,"2024/03/07 13:41","2024/07/18 15:31",愭暔(拠夘),,嬻娫寁夋僄僗僥乕僩桳尷夛幮,-,"=""072-960-3257""",嬻桳,,5780948
揦曑帠柋強(寶暔堦妵),R00175-013837,,,,,傾乕僇僀僽(惉栺),柍,1500000,,奒,-,戝嶃巗拞墰嬫攷楯挰1挌栚偺戄揦曑丒帠柋強亂83捸亃,,戝嶃晎戝嶃巗拞墰嬫攷楯挰侾挌栚6-13,,,2.00,2.00,,,,,275.00,83.18,18032,2024/07/18,"2024/03/12 14:55","2024/07/18 14:53",愭暔(拠夘),,姅幃夛幮儕傾儖僄僗僥乕僩戝嶃,-,"=""06-6263-8077""",嬻桳,,5410059
揦曑(寶暔堦妵),R00175-013994,,,,嬻,傾乕僇僀僽(惉栺),柍,550000,,奒,2001擭02寧,戝嶃巗暯栰嬫惣榚1挌栚偺戄揦曑亂48捸亃,,戝嶃晎戝嶃巗暯栰嬫惣榚侾挌栚17-8,,,3900000,1430000,,,,523.07,161.74,48.92,11242,2024/07/18,"2024/05/28 12:42","2024/07/18 11:54",愭暔(拠夘),,俙俠俼俤乮姅乯怱嵵嫶巟幮,僠儑僂丗080-9126-1414,"=""06-6543-6722""",嬻桳,"揮嵹晄壜偺堊儘僕僐儘旕宖嵹乮儅僢僠儞僌偺傒乯
捓椏DOWN71.5枩仺55枩丂尦晅曄峏僀儅僗棳捠仺ACRE",5470035
憅屔,R00175-014056,,,,嬻,傾乕僇僀僽(惉栺),柍,418000,,奒,1971擭03寧,搶戝嶃巗挿揷拞3挌栚偺戄憅屔亂129捸亃,,戝嶃晎搶戝嶃巗挿揷拞俁挌栚6-12,20000,,,,1500000,,,312.79,426.90,129.13,3237,2024/07/05,"2024/07/01 13:31","2024/07/18 10:07",愭暔(拠夘),,姅幃夛幮僐僗儌晄摦嶻忣曬丂搶戝嶃巟揦,-,"=""06-6748-7110""",嬻桳,,5770013
憅屔,R00175-013849,,,,嬻,傾乕僇僀僽(惉栺),柍,495000,,奒,-,栧恀巗孠嵥怴挰偺戄憅屔亂88捸亃,,戝嶃晎栧恀巗孠嵥怴挰28-9,,,,,4.00,,,,291.00,88.02,5624,2024/07/16,"2024/03/18 13:39","2024/07/16 15:47",愭暔(拠夘),,岾婲抧強乮姅乯,-,"=""072-881-3140""",嬻桳,,5710043
憅屔,R00175-014029,,,,嬻,傾乕僇僀僽(惉栺),柍,1100000,,奒,1997擭01寧,戝嶃巗搶惉嬫搶彫嫶2挌栚偺戄憅屔亂173捸亃,,戝嶃晎戝嶃巗搶惉嬫搶彫嫶俀挌栚8-33,,,3000000,,,1100000,,224.43,572.93,173.31,6347,2024/07/11,"2024/06/14 13:32","2024/07/12 11:23",愭暔(拠夘),,姅幃夛幮僀儅僗奐敪帠嬈晹,-,"=""06-6233-8282""",嬻桳,暔妋帪丄拠夘偐傜庤棧傟偲偺偙偲偱惉栺偵偟偰傑偡丅,5370024
憅屔,R00175-013734,,,,嬻,傾乕僇僀僽(惉栺),柍,715000,,奒,1977擭05寧,堬栘巗惣壨尨俀挌栚偺戄憅屔亂119捸亃,,戝嶃晎堬栘巗惣壨尨俀挌栚(11-4),,,6.00,2.00,,,,538.00,396.00,119.79,5969,2024/07/11,"2024/01/25 10:53","2024/07/11 16:07",愭暔(拠夘),,嶰婎寶愝姅幃夛幮,嶳岥峀丗080-6108-5417,"=""06-6304-0999""",嬻桳,"2024.5.9 彜択拞丂2斣庤晄壜

暔審斣崋丗侾侽侽侽俁俆俆",5670023
岺応,R00175-013868,,,,巊梡拞,傾乕僇僀僽(惉栺),柍,396000,,奒,1974擭11寧,嫗搒晎媣悽孲媣屼嶳挰嵅屆奜壆晘偺戄岺応亂76捸亃,,嫗搒晎媣悽孲媣屼嶳挰嵅屆奜壆晘170,,16500,,,2400000,,396000,1325.00,252.00,76.23,5195,2024/07/11,"2024/03/26 14:54","2024/07/11 15:43",愭暔(拠夘),,僨傿儔儞僪嶳嫗儕乕僗乮姅乯,-,"=""0774-20-5115""",嬻桳,"2024.5.28丂彜択拞

丒5.6.7崋幒",6130031
岺応,R00175-013890,,,,巊梡拞,傾乕僇僀僽(惉栺),柍,1540000,,奒,1965擭07寧,怮壆愳巗抮揷2挌栚偺戄岺応亂458捸亃,,戝嶃晎怮壆愳巗抮揷俀挌栚10-1,,,11200000,3080000,,,,1123.94,1516.90,458.86,3357,2024/07/11,"2024/04/04 13:29","2024/07/11 13:19",愭暔(拠夘),,,-,"=""06-6233-8282""",嬻桳,,5720039
憅屔,R00175-013809,,,,嫃廧拞,傾乕僇僀僽(惉栺),柍,550000,,奒,2004擭08寧,嫗搒晎嫗搒巗暁尒嬫抾揷忩曥採堾挰偺戄憅屔亂56捸亃,,嫗搒晎嫗搒巗暁尒嬫抾揷忩曥採堾挰64,,,,,6.00,,,228.00,185.48,56.1,9803,2024/02/29,"2024/02/29 14:02","2024/07/10 09:59",愭暔(拠夘),,桘拤晄摦嶻姅幃夛幮,-,"=""075-603-1414""",,,6128445
憅屔,R00175-013813,,,,嬻,傾乕僇僀僽(惉栺),柍,330000,,奒,-,榓壧嶳導榓壧嶳巗峐僲悾偺戄憅屔亂41捸亃,,榓壧嶳導榓壧嶳巗峐僲悾132-5奜,,,,3.00,3.00,,,559.16,138.83,41.99,7858,2024/07/10,"2024/03/01 13:42","2024/07/10 09:03",愭暔(拠夘),,(姅)僼僕僔儅晄摦嶻,-,"=""073-499-8000""",嬻桳,,6410001
憅屔,R00175-013687,,,,嬻,傾乕僇僀僽(惉栺),柍,440000,,奒,2020擭01寧,壀嶳導嬍栰巗挿旜偺戄憅屔亂137捸亃,,壀嶳導嬍栰巗挿旜1831,,,1.00,,,,,660.00,456.00,137.94,3190,2024/03/29,"2024/01/15 10:37","2024/07/09 15:57",愭暔(拠夘),,姅幃夛幮怷憤崌帠柋強,-,"=""0863-81-7775""",嬻桳,,7060151
揦曑(寶暔堦妵),R00175-013952,,,,巊梡拞,傾乕僇僀僽(惉栺),柍,880000,,奒,2009擭01寧,奓捤巗杻惗拞偺戄揦曑亂48捸亃,,戝嶃晎奓捤巗杻惗拞1015-1,,,,2.00,8.00,,,1426.35,159.67,48.3,18220,2024/07/09,"2024/04/25 13:12","2024/07/09 10:43",愭暔(拠夘),,乮姅乯僀儅僗丂婇夋幒,峚岥,"=""06-6209-7670""",嬻桳,,5970081
憅屔,R00175-013902,,,,巊梡拞,傾乕僇僀僽(惉栺),柍,1870000,,奒,-,戝嶃巗廧擵峕嬫暯椦杒2挌栚偺戄憅屔亂357捸亃,,戝嶃晎戝嶃巗廧擵峕嬫暯椦杒俀挌栚9-102,,,,,6.00,,,1443.74,1182.52,357.71,5228,2024/07/08,"2024/04/08 11:57","2024/07/08 18:03",愭暔(拠夘),,桳尷夛幮儂乕儉儔儞僪,-,"=""06-6682-3991""",,丒杒懁,5590026
憅屔,R00175-013903,,,,巊梡拞,傾乕僇僀僽(惉栺),柍,2090000,,奒,-,戝嶃巗廧擵峕嬫暯椦杒2挌栚偺戄憅屔亂391捸亃,,戝嶃晎戝嶃巗廧擵峕嬫暯椦杒俀挌栚9-102,,,,,6.00,,,1293.25,1293.25,391.2,5343,2024/07/08,"2024/04/08 12:16","2024/07/08 18:03",愭暔(拠夘),,桳尷夛幮儂乕儉儔儞僪,-,"=""06-6682-3991""",,丒撿懁,5590026
戄抧,R00175-013965,,,,峏抧,傾乕僇僀僽(惉栺),柍,900000,,奒,-,崅捨巗拰杮5挌栚偺戄抧亂385捸亃,,戝嶃晎崅捨巗拰杮俆挌栚28-10,,,,,2700000,900000,,1275.97,,385.98,2332,2024/05/13,"2024/05/13 13:48","2024/07/04 16:44",愭暔(拠夘),,姅幃夛幮庒憪僴僂僗,-,"=""072-678-6676""",,,5690844
揦曑(寶暔堦妵),R00175-013966,,,,巊梡拞,傾乕僇僀僽(惉栺),柍,660000,,奒,1999擭02寧,搶戝嶃巗崅堜揷杮捠2挌栚偺戄揦曑亂44捸亃,,戝嶃晎搶戝嶃巗崅堜揷杮捠俀挌栚7-4,,,1800000,1320000,,,,395.00,147.08,44.49,14835,2024/07/04,"2024/05/14 13:31","2024/07/04 09:08",愭暔(拠夘),,乮姅乯僕乕僥傿乕働乕,栰揷塸巌丗090-3168-2148,"=""06-6360-9711""",嬻桳,,5770066
岺応,R00175-014011,,,,巊梡拞,傾乕僇僀僽(惉栺),柍,330000,,奒,2004擭01寧,暫屔導擈嶈巗柤恄挰1挌栚偺戄岺応亂51捸亃,,暫屔導擈嶈巗柤恄挰侾挌栚3-5,,,660000,660000,,,,,170.34,51.52,6405,2024/07/02,"2024/06/05 12:41","2024/07/02 16:03",愭暔(拠夘),,埉晄摦嶻,-,"=""06-6481-1939""",嬻桳,丒楢搹偺撿懁,6610021
岺応,R00175-013762,,,,嬻,傾乕僇僀僽(惉栺),柍,660000,,奒,1991擭04寧,搶戝嶃巗崅堜揷杮捠1挌栚偺戄岺応亂162捸亃,,戝嶃晎搶戝嶃巗崅堜揷杮捠侾挌栚8-6,,,,,3600000,,,365.70,536.70,162.35,4066,2024/04/30,"2024/02/06 14:54","2024/06/26 16:38",愭暔(拠夘),,姅幃夛幮僐僗儌晄摦嶻忣曬丂搶戝嶃巟揦,-,"=""06-6748-7110""",,,5770066
戄抧,R00175-013933,,,,峏抧,傾乕僇僀僽(惉栺),柍,320000,,奒,-,嶄巗旤尨嬫崟嶳偺戄抧亂259捸亃,,戝嶃晎嶄巗旤尨嬫崟嶳692-1,,,,,5.00,,,857.00,,259.24,1235,2024/06/13,"2024/04/16 15:02","2024/06/13 11:48",愭暔(拠夘),,桳尷夛幮敧岝僴僂僕儞僌,-,"=""072-330-4158""",,2024.5.29丂6/1偵宊栺梊掕,5870002
憅屔,R00175-013891,,,,巊梡拞,傾乕僇僀僽(惉栺),柍,1980000,,奒,2005擭02寧,戝嶃巗暯栰嬫塟攋1挌栚偺戄憅屔亂445捸亃,,戝嶃晎戝嶃巗暯栰嬫塟攋侾挌栚11-17,,,14400000,3960000,,,,612.40,1471.86,445.23,4448,2024/04/04,"2024/04/04 13:42","2024/05/31 17:14",愭暔(拠夘),,,-,"=""06-6233-8282""",柍,,5470024
憅屔,R00175-013958,,,,嫃廧拞,傾乕僇僀僽(惉栺),柍,1650000,,奒,1982擭10寧,搶戝嶃巗杮彲惣2挌栚偺戄憅屔亂374捸亃,,戝嶃晎搶戝嶃巗杮彲惣俀挌栚2-14,,,,,7500000,,,1062.12,1238.31,374.58,4405,2024/05/08,"2024/05/08 13:02","2024/05/30 10:06",愭暔(拠夘),,乮姅乯儕儉僘,-,"=""06-6395-0238""",,,5780965
憅屔,R00175-013711,,,,嬻,傾乕僇僀僽(惉栺),柍,330000,,奒,2012擭01寧,壀嶳導壀嶳巗拞嬫暯堜侾挌栚偺戄憅屔亂42捸亃,,壀嶳導壀嶳巗拞嬫暯堜侾挌栚18-24,,,3.00,1.00,,,,1114.00,139.15,42.09,7840,2024/03/27,"2024/01/18 13:06","2024/05/29 15:20",愭暔(拠夘),,姅幃夛幮僾儘儅僀僘,-,"=""086-805-0705""",嬻桳,,7038282
憅屔,R00175-013861,,,,嬻,傾乕僇僀僽(惉栺),柍,495000,,奒,1988擭11寧,嶃撿巗旜嶈挰偺戄憅屔亂93捸亃,,戝嶃晎嶃撿巗旜嶈挰511-1,,,1350000,450000,,,,704.71,309.47,93.61,5288,2024/05/28,"2024/03/22 14:30","2024/05/28 14:51",愭暔(拠夘),,乮姅乯儗儞僞儖僴僂僗撿戝嶃丂傾僷儅儞僔儑僢僾愹嵅栰揦,-,"=""072-461-0055""",嬻桳,,5990201
揦曑(寶暔堦妵),R00175-013821,,,,嬻,傾乕僇僀僽(惉栺),柍,517000,,奒,2023擭12寧,戝嶃巗暯栰嬫婌楢惣5挌栚偺戄揦曑亂43捸亃,,戝嶃晎戝嶃巗暯栰嬫婌楢惣俆挌栚3-27,,,,3.30,,,,,144.62,43.74,11818,2024/05/28,"2024/03/05 15:11","2024/05/28 14:41",愭暔(拠夘),,乮姅乯俧俴倀俠俲丂婌楢塟攋揦,-,"=""06-6704-4146""",嬻桳,,5470026
憅屔,R00175-013858,,,,嬻,傾乕僇僀僽(惉栺),柍,385000,,奒,1984擭01寧,戝嶃巗惣梽愳嬫攼棦1挌栚偺戄憅屔亂60捸亃,,戝嶃晎戝嶃巗惣梽愳嬫攼棦侾挌栚10-4,,,385000,1155000,,,,140.00,200.00,60.5,6364,2024/05/28,"2024/03/22 13:42","2024/05/28 11:15",愭暔(拠夘),,桳尷夛幮廧戭忣曬娰,-,"=""06-6309-5159""",嬻桳,,5550022
憅屔,R00175-013850,,,,嬻,傾乕僇僀僽(惉栺),柍,319000,,奒,2024擭02寧,戝嶃巗惣梽愳嬫屼暭搰6挌栚偺戄憅屔亂11捸亃,,戝嶃晎戝嶃巗惣梽愳嬫屼暭搰俇挌栚11,6600,,,1.00,,,,,37.53,11.35,28099,2024/05/28,"2024/03/19 13:24","2024/05/28 11:15",愭暔(拠夘),,桳尷夛幮廧戭忣曬娰,-,"=""06-6309-5159""",嬻桳,丒俬崋幒,5550012
揦曑帠柋強(寶暔堦妵),R00175-013728,,,,嬻,傾乕僇僀僽(惉栺),柍,385000,,奒,1985擭05寧,徏尨巗惣戝捤1挌栚偺戄揦曑丒帠柋強亂47捸亃,,戝嶃晎徏尨巗惣戝捤侾挌栚2-21,,,4.00,4.00,,,,308.00,157.30,47.58,8092,2024/05/28,"2024/01/23 14:58","2024/05/28 11:09",愭暔(拠夘),,桳尷夛幮儀僗僩儔僀僼,-,"=""06-6753-2221""",,,5800011
揦曑帠柋強(寶暔堦妵),R00175-013720,,,,巊梡拞,傾乕僇僀僽(惉栺),柍,550000,,奒,1997擭04寧,崅愇巗壛栁2挌栚偺戄揦曑丒帠柋強亂99捸亃,,戝嶃晎崅愇巗壛栁俀挌栚30-17,,,2000000,1100000,,,,350.37,327.32,99.01,5555,2024/05/28,"2024/01/19 12:58","2024/05/28 10:37",愭暔(拠夘),,僗儈儗晄摦嶻姅幃夛幮,-,"=""072-255-3535""",嬻桳,,5920011
憅屔,R00175-013920,,,,,傾乕僇僀僽(惉栺),柍,327800,,奒,1993擭05寧,戝嶃巗搶梽愳嬫堜崅栰3挌栚偺戄憅屔亂89捸亃,,戝嶃晎戝嶃巗搶梽愳嬫堜崅栰俁挌栚3-15,,,1.00,3.00,,,,,295.41,89.36,3669,2024/05/27,"2024/04/12 11:20","2024/05/27 09:15",愭暔(拠夘),,憡屳晄摦嶻姅幃夛幮,-,"=""072-622-6072""",,,5330001
揦曑帠柋強(寶暔堦妵),R00175-013802,,,,嫃廧拞,傾乕僇僀僽(惉栺),柍,594000,,奒,2011擭07寧,暫屔導昉楬巗惣敧戙挰偺戄揦曑丒帠柋強亂47捸亃,,暫屔導昉楬巗惣敧戙挰8-16,,,3.00,3.00,,,,725.20,157.25,47.56,12488,2024/04/22,"2024/02/27 13:23","2024/05/27 09:07",愭暔(拠夘),,媣惙晄摦嶻乮姅乯,-,"=""079-298-3322""",嬻桳,,6700876
憅屔,R00175-013893,,,,嬻,傾乕僇僀僽(惉栺),柍,330000,,奒,1984擭12寧,暫屔導擈嶈巗屗僲撪挰6挌栚偺戄憅屔亂114捸亃,,暫屔導擈嶈巗屗僲撪挰俇挌栚15-23,,,300000,330000,,,,,378.39,114.46,2884,2024/04/04,"2024/04/04 14:11","2024/05/24 15:38",愭暔(拠夘),,乮姅乯拞堜憤慻,-,"=""06-6481-5461""",,,6610961
揦曑(寶暔堦妵),R00175-013911,,,,巊梡拞,傾乕僇僀僽(惉栺),柍,297000,,奒,-,徏尨巗揤旤惣係挌栚偺戄揦曑亂36捸亃,,戝嶃晎徏尨巗揤旤惣係挌栚193-1,,,4.00,2.00,,,,194.00,121.08,36.62,8109,2024/04/15,"2024/04/09 15:37","2024/05/22 13:10",帺幮,愱擟攠夘,姅幃夛幮僙儞僠儏儕乕僟僀僜乕,搰杮,"=""06-6136-0555""",嬻桳,搰杮偝傫扴摉暔審乮憅屔偺曽乯,5800034
戄抧,R00175-013791,,,,,傾乕僇僀僽(惉栺),柍,550000,,奒,-,敧旜巗戝抾1挌栚偺戄抧亂383捸亃,,戝嶃晎敧旜巗戝抾侾挌栚83-1丄86-1,,,1.00,2.00,,,,1269.00,,383.87,1433,2024/05/21,"2024/02/21 11:55","2024/05/21 11:35",愭暔(拠夘),,桳尷夛幮惓榓嶻嬈,-,"=""072-875-0050""",,,5810854
憅屔,R00175-013930,,,,巊梡拞,傾乕僇僀僽(惉栺),柍,495000,,奒,-,奓捤巗柤墇偺戄憅屔亂175捸亃,,戝嶃晎奓捤巗柤墇313-2,,,,,3.00,,,874.41,580.63,175.64,2819,2024/05/20,"2024/04/16 14:18","2024/05/20 11:34",愭暔(拠夘),,懢梲嫽嶻乮姅乯,-,"=""072-447-6382""",嬻桳,,5970042
憅屔,R00175-013852,,,,巊梡拞,傾乕僇僀僽(惉栺),柍,7150000,,奒,2015擭03寧,怮壆愳巗塅扟挰偺戄憅屔亂900捸亃,,戝嶃晎怮壆愳巗塅扟挰9-1,,,4.00,2.00,,,,4007.54,2978.42,900.97,7936,2024/03/19,"2024/03/19 18:11","2024/05/08 17:37",帺幮,堦斒攠夘,姅幃夛幮僙儞僠儏儕乕僟僀僜乕,搰杮偝傫,"=""06-6136-0555""",嬻桳,2024.5.8丂僆乕僫乕傛傝宖嵹掆巭偺梫朷偁傝,5720856
揦曑帠柋強(寶暔堦妵),R00175-013773,,,,嬻,傾乕僇僀僽(惉栺),柍,1100000,,奒,1986擭07寧,愹戝捗巗埢堜偺戄揦曑丒帠柋強亂96捸亃,,戝嶃晎愹戝捗巗埢堜55-1,,,6.00,,,2.00,,950.00,318.82,96.44,11406,2024/02/09,"2024/02/09 11:21","2024/05/08 15:21",愭暔(拠夘),,姅幃夛幮丂夒,-,"=""06-6536-8100""",嬻桳,,5950001
岺応,R00175-013845,,,,嬻,傾乕僇僀僽(惉栺),柍,1320000,,奒,1994擭06寧,榓壧嶳導娾弌巗拞搰偺戄岺応亂359捸亃,,榓壧嶳導娾弌巗拞搰237-1丄238-2,,,,1.00,1.00,,,3405.80,1189.65,359.86,3669,2024/03/15,"2024/03/15 15:12","2024/05/07 16:49",愭暔(拠夘),,僴僀僐乕僩廧斕乮姅乯,-,"=""073-432-7755""",,丒攧攦偁傝丗B00176-00618,6496245
岺応,R00175-013814,,,,嬻,傾乕僇僀僽(惉栺),柍,1320000,,奒,1994擭06寧,榓壧嶳導娾弌巗拞搰偺戄岺応亂359捸亃,,榓壧嶳導娾弌巗拞搰238,,,4.00,1.00,,1.00,,3405.80,1189.65,359.86,3669,2024/03/21,"2024/03/04 09:33","2024/05/07 15:51",帺幮,堦斒攠夘,姅幃夛幮僙儞僠儏儕乕僟僀僜乕,怷偝傫,"=""06-6136-0555""",嬻桳,丒攧攦偁傝丗B00175-000618,6496245
戄抧,R00175-013776,,,,峏抧,傾乕僇僀僽(惉栺),柍,308000,,奒,-,嫗搒晎憡妝孲惛壺挰戝帤旽揷彫帤孠挰偺戄抧亂322捸亃,,嫗搒晎憡妝孲惛壺挰戝帤旽揷彫帤孠挰1,,,500000,500000,,,,1066.31,,322.55,955,2024/02/13,"2024/02/13 13:51","2024/04/30 16:27",愭暔(拠夘),,傕傝傗偡廧戭,-,"=""075-255-8550""",,,6190246
揦曑(寶暔堦妵),R00175-013740,,,,嫃廧拞,傾乕僇僀僽(惉栺),柍,473000,,奒,2011擭12寧,撧椙導妧尨巗拞慮巌挰偺戄揦曑亂39捸亃,,撧椙導妧尨巗拞慮巌挰72-1,,22000,,2.00,,,,,130.00,39.32,12028,2024/04/30,"2024/01/29 13:22","2024/04/30 16:27",愭暔(拠夘),,乮姅乯媑揷栘嵽,-,"=""0744-23-5000""",嬻桳,,6340845
岺応,R00175-013680,,,,嬻,傾乕僇僀僽(惉栺),柍,297000,,奒,1972擭09寧,壀嶳導憅晘巗恀旛挰愳曈偺戄憅屔亂103捸亃,,壀嶳導憅晘巗恀旛挰愳曈233-2,,,810000,297000,,,,774.00,341.78,103.38,2873,2024/04/30,"2024/01/10 14:30","2024/04/30 16:20",愭暔(拠夘),,敀恄姅幃夛幮,-,"=""086-698-1010""",嬻桳,,7101313
憅屔,R00175-013799,,,,巊梡拞,傾乕僇僀僽(惉栺),柍,599500,,奒,2006擭02寧,愹戝捗巗怷挰1挌栚偺戄憅屔亂139捸亃,,戝嶃晎愹戝捗巗怷挰侾挌栚(13),,,1.00,3.00,,,,,459.51,139,4313,2024/02/26,"2024/02/26 11:24","2024/04/30 16:19",愭暔(拠夘),,(姅)僄僗億儚乕儖,-,"=""072-240-1756""",嬻桳,,5950005
憅屔,R00175-013750,,,,嫃廧拞,傾乕僇僀僽(惉栺),柍,450000,,奒,2004擭12寧,暫屔導埳扥巗拞栰搶2挌栚偺戄憅屔亂79捸亃,,暫屔導埳扥巗拞栰搶俀挌栚271,,,3.00,,,1.00,,264.00,188.44,57,7895,2024/04/30,"2024/02/02 13:51","2024/04/30 14:58",愭暔(拠夘),,乮姅乯儗僕僃儞僪丂儗僕僃儞僪價儖儅僱僕儊儞僩,-,"=""06-4950-4055""",嬻桳,,6640022
憅屔,R00175-013770,,,,嬻,傾乕僇僀僽(惉栺),柍,330000,,奒,1979擭10寧,朙拞巗柤恄岥1挌栚偺戄憅屔亂45捸亃,,戝嶃晎朙拞巗柤恄岥侾挌栚14-10,,,900000,990000,,,,,148.94,45.05,7325,2024/04/30,"2024/02/08 15:24","2024/04/30 14:57",愭暔(拠夘),,僋儔僗儌彲撪揦丂乮桳乯儂儚僀僩僴僂僗,-,"=""06-6333-5010""",柍,丒1奒堦晹,5610841
戄抧,R00175-013757,,,,,傾乕僇僀僽(惉栺),柍,380000,,奒,-,崅捨巗搨嶈杒3挌栚偺戄抧亂207捸亃,,戝嶃晎崅捨巗搨嶈杒俁挌栚5-1,,,500000,200000,,,,686.00,,207.51,1832,2024/04/30,"2024/02/06 13:19","2024/04/30 14:56",愭暔(拠夘),,姅幃夛幮庒憪僴僂僗,-,"=""072-678-6676""",,,5690831
戄抧,R00175-013781,,,,峏抧,傾乕僇僀僽(惉栺),柍,880000,,奒,-,暫屔導曮捤巗岝僈媢2挌栚偺戄抧亂16722捸亃,,暫屔導曮捤巗岝僈媢俀挌栚14-23懠,,,6.00,2.00,,,,55280.00,,16722.2,53,2024/04/30,"2024/02/14 14:26","2024/04/30 14:56",愭暔(拠夘),,乮桳乯偨偐傜偑抮晄摦嶻,-,"=""075-762-2481""",,仸応強晄柧丄抧恾枹巜掕偱偡丅,6650015
憅屔,R00175-013785,,,,巊梡拞,傾乕僇僀僽(惉栺),柍,1463000,,奒,1983擭05寧,悂揷巗峕偺栘挰偺戄憅屔亂139捸亃,,戝嶃晎悂揷巗峕偺栘挰6-24,,,,,6.00,,,385.00,462.08,139.77,10467,2024/04/30,"2024/02/14 15:20","2024/04/30 14:48",愭暔(拠夘),,姅幃夛幮僱僋僗僩僗僥乕僕,-,"=""06-6190-6533""",嬻桳,,5640053
憅屔,R00175-013719,,,,巊梡拞,傾乕僇僀僽(惉栺),柍,880000,,奒,1971擭10寧,悂揷巗朙捗挰偺戄憅屔亂107捸亃,,戝嶃晎悂揷巗朙捗挰53-10,,,,,6.00,,,857.38,354.76,107.31,8201,2024/04/30,"2024/01/19 12:12","2024/04/30 14:48",愭暔(拠夘),,姅幃夛幮僱僋僗僩僗僥乕僕,-,"=""06-6190-6533""",嬻桳,"2024.2.26 彜択拞丂2斣庤尰嵼偼晄壜",5640051
憅屔,R00175-013798,,,,嬻,傾乕僇僀僽(惉栺),柍,363000,,奒,1976擭02寧,壀嶳導憅晘巗擔敤偺戄憅屔亂118捸亃,,壀嶳導憅晘巗擔敤(1053),,,2.00,1.00,,,,,392.23,118.64,3060,2024/04/30,"2024/02/26 11:06","2024/04/30 13:24",愭暔(拠夘),,"姅幃夛幮PLAYOUT DESIGN",徏堜丗090-4883-9963,"=""086-230-3806""",嬻桳,揹榖斣崋曄峏丂086-272-3311,7010101
憅屔,R00175-013779,,,,,傾乕僇僀僽(惉栺),柍,3300000,,奒,-,暫屔導彫栰巗彔戜偺戄憅屔亂1143捸亃,,暫屔導彫栰巗彔戜57,,,6.00,1.00,,,,7589.03,3779.43,1143.27,2887,2024/04/22,"2024/02/13 14:32","2024/04/30 09:11",愭暔(拠夘),,晉枻晄摦嶻乮姅乯,-,"=""075-541-1808""",,,6751322
戄抧,R00175-013872,,,,峏抧,傾乕僇僀僽(惉栺),柍,0,,奒,-,搶戝嶃巗婌棦愳挰偺搚抧,,戝嶃晎搶戝嶃巗婌棦愳挰3-19,,,,,,,,284.92,,86.18,,2024/03/28,"2024/03/28 17:57","2024/04/30 09:11",帺幮,堦斒攠夘,姅幃夛幮僙儞僠儏儕乕僟僀僜乕,柤壝崃,"=""06-6136-0555""",,,5798041
憅屔,R00175-013739,,,,嬻,傾乕僇僀僽(惉栺),柍,390000,,奒,-,暫屔導惣媨巗嶳岥挰忋嶳岥偺戄憅屔亂108捸亃,,暫屔導惣媨巗嶳岥挰忋嶳岥1466-2,,,780000,390000,,,,,360.00,108.9,3582,2024/03/15,"2024/01/29 13:07","2024/04/25 09:22",愭暔(拠夘),,俰俙僴僂僕儞僌丂惣媨帒嶻娗棟僙儞僞乕壓嶳岥,-,"=""078-904-3636""",嬻桳,"仸帒椏偺廧強乮忋嶳岥1挌栚1466-2乯偼娫堘偭偰偄傑偡丅惓偟偔偼忋嶳岥1466-2
丒憅屔1/4偼戄庡條巊梡晹暘",6511421
憅屔,R00175-013842,,,,,傾乕僇僀僽(惉栺),柍,2145000,,奒,1989擭11寧,搶戝嶃巗墶枍惣偺戄憅屔亂465捸亃,,戝嶃晎搶戝嶃巗墶枍惣10-18,,,4.00,2.20,,,,,1537.55,465.1,4612,2024/04/24,"2024/03/15 14:38","2024/04/24 09:38",愭暔(拠夘),,乮姅乯僉儞僌儂乕儉,-,"=""06-6783-7776""",,,5780956
憅屔,R00175-013843,,,,,傾乕僇僀僽(惉栺),柍,1540000,,奒,2000擭01寧,搶戝嶃巗怴彲撿偺戄憅屔亂314捸亃,,戝嶃晎搶戝嶃巗怴彲撿7-18,,,,,4.00,,,1019.20,1040.58,314.77,4893,2024/04/19,"2024/03/15 14:50","2024/04/19 13:24",愭暔(拠夘),,乮姅乯僉儞僌儂乕儉,-,"=""06-6783-7776""",,,5780958
憅屔,R00175-013790,,,,巊梡拞,傾乕僇僀僽(惉栺),柍,594000,,奒,-,暫屔導擈嶈巗彫拞搰3挌栚偺戄憅屔亂120捸亃,,暫屔導擈嶈巗彫拞搰俁挌栚14-3,,,,,,,,,398.00,120.39,4934,2024/04/15,"2024/02/21 11:47","2024/04/15 13:55",愭暔(拠夘),,暈晹儔僀僼僒億乕僩乮姅乯,-,"=""06-6862-7000""",嬻桳,,6610972
揦曑(寶暔堦妵),R00175-013824,,,,巊梡拞,傾乕僇僀僽(惉栺),柍,528660,,1奒,2019擭08寧,僼傿儖丒僷乕僋嫗搒巐忦壨尨挰/1F亂16捸亃,,嫗搒晎嫗搒巗拞嫗嬫巻壆挰356-2丄362,,,,,4.00,,,,52.96,16.02,33000,2024/03/06,"2024/03/06 11:02","2024/04/15 08:56",帺幮,堦斒攠夘,姅幃夛幮僙儞僠儏儕乕僟僀僜乕,柤壝崃偝傫,"=""06-6136-0555""",柍,"僼傿儖僷乕僋嫗搒巐忦壨尨挰1奒
惉栺仺暅妶2024.3.6",6048024
揦曑(寶暔堦妵),R00175-013736,,,,嬻,傾乕僇僀僽(惉栺),柍,440000,,奒,1996擭08寧,暫屔導恄屗巗拞墰嬫崙崄捠俁挌栚偺戄揦曑亂83捸亃,,暫屔導恄屗巗拞墰嬫崙崄捠俁挌栚1-6,,,450000,990000,,,,,275.31,83.28,5284,2024/04/03,"2024/01/26 10:58","2024/04/12 16:43",愭暔(拠夘),,峀搰壆晄摦嶻乮姅乯,怷揷,"=""078-221-5962""",嬻桳,"惉栺尒崬傒2024.4.12

捓椏DOWN49.5枩仺44枩 2024.3.29
2024.2.22怽崬1審偁傝",6510066
戄抧,R00175-013906,,,,峏抧,傾乕僇僀僽(惉栺),柍,693000,,奒,-,搶戝嶃巗抮搰挰7挌栚偺戄抧亂365捸亃,,戝嶃晎搶戝嶃巗抮搰挰俈挌栚,,,,,2.00,,,1206.66,,365.01,1899,2024/04/09,"2024/04/09 13:56","2024/04/10 17:33",愭暔(拠夘),,乮桳乯挭廧寶,-,"=""06-6722-5553""",,仸斣抧晄柧丄抧恾枹巜掕偱偡丅妋擣偍婅偄偟傑偡丅,5798064
戄抧,R00175-013867,,,,,傾乕僇僀僽(惉栺),柍,450000,,奒,-,搶戝嶃巗壛擺5挌栚偺戄抧亂224捸亃,,戝嶃晎搶戝嶃巗壛擺俆挌栚12-32,,,1350000,450000,,,,742.81,,224.7,2003,2024/04/09,"2024/03/26 14:38","2024/04/09 14:10",愭暔(拠夘),,姅幃夛幮斅憅晄摦嶻,-,"=""072-965-0505""",,,5780901
憅屔,R00175-013833,,,,嬻,傾乕僇僀僽(惉栺),柍,176000,,奒,1971擭03寧,壀嶳導憅晘巗拞搰偺戄憅屔亂136捸亃,,壀嶳導憅晘巗拞搰2193-1,,,3.00,1.00,,,,489.00,452.17,136.78,1287,2024/03/28,"2024/03/12 09:47","2024/04/09 12:27",愭暔(拠夘),,乮姅乯怴搒巗晄摦嶻,-,"=""086-423-4104""",嬻桳,,7100803
揦曑(寶暔堦妵),R00175-013733,,,,巊梡拞,傾乕僇僀僽(惉栺),柍,440000,,奒,2004擭01寧,撧椙導杒妺忛孲峀椝挰攏尒杒俋挌栚偺戄揦曑亂38捸亃,,撧椙導杒妺忛孲峀椝挰攏尒杒俋挌栚9-34,,,3000000,,,1500000,,309.00,127.20,38.47,11436,2024/02/06,"2024/01/25 10:08","2024/04/08 15:03",愭暔(拠夘),,姅幃夛幮堦娵幧,嫶捾丗080-4490乚8484,"=""06-6537-9520""",嬻桳,仸寶抸寧晄柧偺偨傔揔摉偵擖傟偰偄傑偡丅,6350831
戄抧,R00175-013804,,,,峏抧,傾乕僇僀僽(惉栺),柍,400000,,奒,-,崅捨巗嶰搰峕4挌栚偺戄抧亂213捸亃,,戝嶃晎崅捨巗嶰搰峕係挌栚35-1,,,,,3.00,1.00,,705.00,,213.26,1876,2024/03/14,"2024/02/27 13:58","2024/04/08 10:42",愭暔(拠夘),,姅幃夛幮庒憪僴僂僗,-,"=""072-678-6676""",,,5690835
憅屔,R00175-013692,,,,嬻,傾乕僇僀僽(惉栺),柍,150000,,奒,1996擭08寧,壀嶳導妢壀巗旤偺昹偺戄憅屔亂72捸亃,,壀嶳導妢壀巗旤偺昹27-21,,,5.00,1.00,,,,,240.00,72.6,2067,2024/03/28,"2024/01/15 11:58","2024/04/02 09:37",愭暔(拠夘),,姅幃夛幮栘擳怴,壀杮桾巙,"=""0865-63-3028""",嬻桳,,7140042
憅屔,R00175-013726,,,,嬻,傾乕僇僀僽(惉栺),柍,715000,,奒,1996擭03寧,戝搶巗愒堜3挌栚偺戄憅屔亂266捸亃,,戝嶃晎戝搶巗愒堜俁挌栚16-28,,,4.00,2.00,,,,1012.73,880.00,266.2,2686,2024/03/28,"2024/01/23 14:31","2024/03/28 15:02",愭暔(拠夘),,乮姅乯嶰榓儂乕儉僒乕價僗丂掃尒揦,扟岥丗090-3949-4223,"=""06-6915-2750""",,丒塃懁嬫夋,5740046
岺応,R00175-013683,,,,嬻,傾乕僇僀僽(惉栺),柍,726000,,奒,1973擭12寧,戝搶巗怴揷埉挰偺戄岺応亂101捸亃,,戝嶃晎戝搶巗怴揷埉挰6-18,,,,2.00,3.00,,,,335.76,101.56,7148,2024/03/28,"2024/01/11 14:07","2024/03/28 14:28",愭暔(拠夘),,乮姅乯嫤榓晄摦,-,"=""072-881-8177""",,"2024.1.29 暔妋帪仺怽偟崬傒桳丂曐徹夛幮偺怰嵏嵪傒丂俀斣庤壜擻

2024.1.24 暔妋帪仺怽偟崬傒桳丂2斣庤壜擻",5740053
岺応,R00175-013774,,,,嬻,傾乕僇僀僽(惉栺),柍,650000,,奒,2008擭02寧,暫屔導恄屗巗惣嬫埳愳扟挰弫榓偺戄岺応亂134捸亃,,暫屔導恄屗巗惣嬫埳愳扟挰弫榓1176-1,,,650000,1430000,,,,590.00,446.00,134.91,4818,2024/03/28,"2024/02/13 13:24","2024/03/28 09:34",愭暔(拠夘),,桳尷夛幮僟儞儂乕儉,-,"=""090-3672-6069""",嬻桳,,6512124
憅屔,R00175-013689,,,,嬻,傾乕僇僀僽(惉栺),柍,297000,,奒,1990擭10寧,壀嶳導媣暷孲旤嶇挰尨揷偺戄憅屔亂199捸亃,,壀嶳導媣暷孲旤嶇挰尨揷3119-2,,,3.00,1.00,,,,1453.99,661.01,199.95,1486,2024/03/27,"2024/01/15 11:16","2024/03/27 17:08",愭暔(拠夘),,愇尨晄摦嶻姅幃夛幮,-,"=""086-225-1485""",嬻桳,,7093717
憅屔,R00175-013709,,,,嬻,傾乕僇僀僽(惉栺),柍,599000,,奒,1984擭08寧,壀嶳導壀嶳巗杒嬫惵峕俆挌栚偺戄憅屔亂122捸亃,,壀嶳導壀嶳巗杒嬫惵峕俆挌栚24-26,,,,1.00,3.00,,220000,582.74,400.40,121.12,4946,2024/03/27,"2024/01/18 10:42","2024/03/27 16:34",愭暔(拠夘),,桳尷夛幮儕價儞僌僗儁乕僗,-,"=""086-231-2233""",,,7000941
憅屔,R00175-013735,,,,嬻,傾乕僇僀僽(惉栺),柍,330000,,奒,1981擭07寧,戝嶃巗搒搰嬫栄攏挰俀挌栚偺戄憅屔亂45捸亃,,戝嶃晎戝嶃巗搒搰嬫栄攏挰俀挌栚8-13,,,,,1000000,,,,150.00,45.37,7273,2024/01/25,"2024/01/25 11:17","2024/03/22 13:34",愭暔(拠夘),,姅幃夛幮摗杮挿扟岺柋揦,摗杮,"=""06-6921-1539""",柍,,5340001
憅屔,R00175-013778,,,,,傾乕僇僀僽(惉栺),柍,2200000,,奒,1992擭10寧,愛捗巗捁帞拞3挌栚偺戄憅屔亂498捸亃,,戝嶃晎愛捗巗捁帞拞俁挌栚6-38,,,,,6500000,,,2280.00,1647.20,498.27,4416,2024/03/18,"2024/02/13 14:22","2024/03/18 13:29",愭暔(拠夘),,嫤摨晄摦嶻姅幃夛幮,-,"=""072-631-3072""",嬻桳,,5660064
憅屔,R00175-013737,,,,巊梡拞,傾乕僇僀僽(惉栺),柍,924000,,奒,1964擭12寧,堬栘巗孲係挌栚偺戄憅屔亂167捸亃,,戝嶃晎堬栘巗孲係挌栚7-21,,,2772000,924000,,,,,555.00,167.88,5504,2024/03/15,"2024/01/26 14:21","2024/03/15 16:12",愭暔(拠夘),,姅幃夛幮僑乕儖僪僗僞乕,-,"=""06-6318-0021""",柍,,5670072
憅屔,R00175-013675,,,,嬻,傾乕僇僀僽(惉栺),柍,330000,,奒,1992擭05寧,嫗搒晎嫗搒巗拞嫗嬫姠挰偺戄憅屔亂37捸亃,,嫗搒晎嫗搒巗拞嫗嬫崅憅捠擇忦壓傞姠挰541,,,,,2.00,,,,124.07,37.53,8793,2024/03/15,"2024/01/09 14:07","2024/03/15 15:50",愭暔(拠夘),,乮姅乯漭惤幮,-,"=""075-222-0408""",,,6040827
揦曑(寶暔堦妵),R00175-013826,,,,嬻,傾乕僇僀僽(惉栺),柍,495000,,奒,-,戝嶃巗垻攞栰嬫垻攞栰嬝侾挌栚偺戄揦曑亂15捸亃,,戝嶃晎戝嶃巗垻攞栰嬫垻攞栰嬝侾挌栚2-15,,,2.00,2.00,,,,52.62,50.27,15.2,32552,2024/03/07,"2024/03/07 10:30","2024/03/13 18:06",帺幮,堦斒攠夘,姅幃夛幮僙儞僠儏儕乕僟僀僜乕,搰杮,"=""06-6136-0555""",柍,,5450052
憅屔,R00175-013769,,,,嬻,傾乕僇僀僽(惉栺),柍,935000,,奒,2000擭03寧,暫屔導埳扥巗怷杮6挌栚偺戄憅屔亂150捸亃,,暫屔導埳扥巗怷杮俇挌栚53,,,3400000,1700000,,,,,497.12,150.37,6218,2024/02/08,"2024/02/08 15:09","2024/03/08 16:41",愭暔(拠夘),,姅幃夛幮僗儁乕僗丒儕乕僟乕,-,"=""06-6310-7510""",嬻桳,,6640842
憅屔,R00175-013679,,,,抸屻枹擖嫃,傾乕僇僀僽(惉栺),柍,330000,,奒,2023擭03寧,庣岥巗撿帥曽搶捠4挌栚偺戄憅屔亂37捸亃,,戝嶃晎庣岥巗撿帥曽搶捠係挌栚14-22,,,1.00,2.00,,,,,125.58,37.98,8687,2024/01/10,"2024/01/10 13:32","2024/03/07 17:41",愭暔(拠夘),,惗榓晄摦嶻乮姅乯挿揷揦,崅揷,"=""06-6745-8100""",嬻桳,丒搶崋幒,5700043
戄抧,R00175-013674,,,,峏抧,傾乕僇僀僽(惉栺),柍,530000,,奒,-,戝嶃嫹嶳巗抮擵尨侾挌栚偺戄抧亂406捸亃,,戝嶃晎戝嶃嫹嶳巗抮擵尨侾挌栚806,,,2.00,1.00,,,,1344.51,,406.71,1304,2024/03/06,"2024/01/05 11:40","2024/03/06 13:43",愭暔(拠夘),,僞僇儔儂乕儉,暯戲丗090-2062-2856,"=""072-286-3339""",,,5890031
憅屔,R00175-013756,,,,巊梡拞,傾乕僇僀僽(惉栺),柍,385000,,奒,1976擭05寧,悂揷巗撿悂揷1挌栚偺戄憅屔亂53捸亃,,戝嶃晎悂揷巗撿悂揷侾挌栚1-25,,,1400000,770000,,,,286.00,175.22,53,7264,2024/03/05,"2024/02/05 13:06","2024/03/05 09:54",愭暔(拠夘),,姅幃夛幮僗儁乕僗丒儕乕僟乕,-,"=""06-6310-7510""",柍,"2024.3.4 暔妋帪丂宊栺娫嬤

2024.2.19怽偟崬傒1審偁傝乮2斣庤埬撪壜乯曐徹夛幮偺怰嵏捠偭偨偲偙傠偲偺偙偲",5640043
憅屔,R00175-013718,,,,嬻,傾乕僇僀僽(惉栺),柍,770000,,奒,1991擭09寧,敧旜巗嫵嫽帥5挌栚偺戄憅屔亂350捸亃,,戝嶃晎敧旜巗嫵嫽帥俆挌栚2,,,,,5.00,,,1057.00,1157.80,350.23,2199,2024/01/30,"2024/01/19 11:57","2024/02/29 09:09",愭暔(拠夘),,嫤塰抧寶姅幃夛幮,-,"=""072-938-6677""",,"2024.1.30 暔妋帪仺怽偟崬傒桳丂2斣庤傕婛偵偍傜傟偰傑偡",5810874
戄抧,R00175-013685,,,,,傾乕僇僀僽(惉栺),柍,300000,,奒,-,戝嶃巗廧擵峕嬫暯椦杒2挌栚偺戄抧亂131捸亃,,戝嶃晎戝嶃巗廧擵峕嬫暯椦杒俀挌栚8-91,,,,,3.00,,,433.86,,131.24,2286,2024/01/11,"2024/01/11 14:37","2024/02/16 09:43",愭暔(拠夘),,桳尷夛幮儂乕儉儔儞僪,-,"=""06-6682-3991""",,,5590026
岺応,R00175-013701,,,,嬻,傾乕僇僀僽(惉栺),柍,385000,,奒,1981擭01寧,敧旜巗暉枩帥挰2挌栚偺戄岺応亂66捸亃,,戝嶃晎敧旜巗暉枩帥挰俀挌栚71,,,,,1050000,,,,219.75,66.47,5792,2024/01/16,"2024/01/16 14:50","2024/01/26 10:42",愭暔(拠夘),,挬擔僴僂僕儞僌丂乮姅乯挬擔壆,-,"=""0742-52-3130""",,,5810842
