物件種別,物件コード,問合せコード,外部物件区分,外部物件コード,現況,公開状態,エラー,賃料,間取,所在階,築年月,物件名,フリガナ,所在地,管理費,共益費,敷金,礼金,保証金,敷引,更新料,面積（土地）,面積（専有）,坪数(代表),坪単価(代表),物件確認日,登録日,更新日,自社先物,取引態様,業者名,元付担当者,TEL,駐車場,物件メモ,郵便番号
倉庫,R00177-004251,,,,使用中,アーカイブ(成約),無,880000,,階,2004年04月,福岡県宮若市山口の貸倉庫【221坪】,,福岡県宮若市山口771,,,4.00,2.00,,,,2883.07,730.52,220.98,3983,2026/01/27,"2025/07/04 10:17","2026/07/29 17:53",自社,一般媒介,株式会社センチュリーダイソー　福岡支店,-,"=""092-409-0188""",,,8220153
店舗事務所(建物一括),R00177-004587,,,,空,公開可,無,550000,,階,1984年12月,福岡県柳川市本町の貸店舗・事務所【329坪】,,福岡県柳川市本町14-14,,,6.00,,,,,,1088.99,329.41,1670,2026/07/29,"2026/07/29 14:22","2026/07/29 15:57",先物(仲介),,(株)ソリューション,-,"=""092-711-1170""",空有,"元付より掲載依頼：友納様
福岡FYビル　一棟",8320045
倉庫,R00177-004582,,,,空,公開可,無,143000,,階,1979年01月,福岡県古賀市久保の貸倉庫【30坪】,,福岡県古賀市久保500-3,,,2.00,1.00,,,,,101.20,30.61,4672,2026/07/29,"2026/07/24 10:05","2026/07/29 13:41",自社,一般媒介,株式会社センチュリーダイソー　福岡支店,-,"=""092-409-0188""",空有,オーナー反響：㈱アドバンス,8113115
店舗事務所(建物一括),R00177-004574,,,,居住中,公開可,無,715000,,階,1973年02月,福岡県福岡市博多区東光寺町2丁目の貸店舗【101坪】,,福岡県福岡市博多区東光寺町２丁目7-24,,,4.00,1.00,,,,454.00,334.46,101.17,7068,2026/07/29,"2026/07/16 13:27","2026/07/29 13:40",先物(仲介),,（株）ジェイエイ福岡　賃貸管理センター,-,"=""092-711-5615""",空有,店舗内に車の保管不可,8120896
倉庫,R00177-004586,,,,,保留,無,,,階,-,福岡県久留米市大石町の貸倉庫【坪】,,福岡県久留米市大石町582-2,,,,,,,,,,,,2026/07/29,"2026/07/29 10:55","2026/07/29 10:55",自社,一般媒介,株式会社センチュリーダイソー　福岡支店,-,"=""092-409-0188""",,"オーナー反響：㈲三瀬製材所
※賃料・面積なしで登録
道路側倉庫木造、奥側はテント倉庫",8300049
倉庫,R00177-004579,,,,建築中,公開可,無,308000,,階,2027年02月,福岡県宗像市野坂の貸倉庫・事務所【30坪】,,福岡県宗像市野坂2716-2,,,6.00,,,,,,99.45,30.08,10239,2026/07/22,"2026/07/22 14:22","2026/07/29 10:33",先物(仲介),,株式会社大熊建設,-,"=""092-504-3142""",空有,オフィスパレア宗像Ⅱ　B棟,8113423
倉庫,R00177-004578,,,,建築中,公開可,無,594000,,階,2027年02月,福岡県宗像市野坂の貸倉庫・事務所【57坪】,,福岡県宗像市野坂2716-2,,,6.00,,,,,,191.52,57.93,10253,2026/07/22,"2026/07/22 12:00","2026/07/29 10:32",先物(仲介),,株式会社大熊建設,-,"=""092-504-3142""",空有,オフィスパレア宗像Ⅱ　A棟2号室,8113423
倉庫,R00177-004577,,,,建築中,公開可,無,715000,,階,2027年02月,福岡県宗像市野坂の貸倉庫【68坪】,,福岡県宗像市野坂2716-2,,,6.00,,,,,,228.01,68.97,10367,2026/07/22,"2026/07/22 11:58","2026/07/29 10:32",先物(仲介),,株式会社大熊建設,-,"=""092-504-3142""",空有,オフィスパレア宗像Ⅱ　A棟1号室,8113423
倉庫,R00177-004576,,,,建築中,公開可,無,616000,,階,2026年10月,福岡県久留米市東合川6丁目の貸倉庫【93坪】,,福岡県久留米市東合川６丁目3-10,,,6.00,,,,,,309.45,93.6,6581,2026/07/17,"2026/07/17 15:35","2026/07/29 10:27",先物(仲介),,株式会社大熊建設,-,"=""092-504-3142""",空有,オフィスストレージ久留米Ⅰ,8390809
倉庫,R00177-004585,,,,空,公開可,無,770000,,階,2020年01月,福岡県糟屋郡須惠町大字須惠の貸倉庫【224坪】,,福岡県糟屋郡須惠町大字須惠712-1,,,5.00,1.00,,,,,742.00,224.45,3431,2026/07/28,"2026/07/28 10:11","2026/07/29 10:08",先物(仲介),,フィールドジャパン（株）,-,"=""092-573-0822""",空有,,8112113
倉庫,R00177-003952,,,,居住中,公開可,無,660000,,階,1992年01月,福岡県糟屋郡宇美町ゆりが丘3丁目の貸倉庫【210坪】,,福岡県糟屋郡宇美町ゆりが丘３丁目3-20,3850,,3.00,1.00,,,,,696.31,210.63,3134,2026/07/28,"2024/09/11 11:29","2026/07/28 16:18",先物(仲介),,入江不動産株式会社,-,"=""092-933-0001""",空有,前回募集時：用途地域無指定、トイレ倉庫内に1個、2tクレーン,8112108
貸地,R00177-004493,,,,更地,アーカイブ(成約),無,1600000,,階,-,福岡県福岡市中央区那の津3丁目の貸地【399坪】,,福岡県福岡市中央区那の津３丁目12-10,,,2.00,,,,,1321.75,,399.82,4002,2026/07/28,"2026/04/28 11:55","2026/07/28 09:21",先物(仲介),,（株）やず企画,-,"=""092-741-2121""",,"地番：53-8
仲介中",8100071
倉庫,R00177-004584,,,,築後未入居,公開可,無,242000,,階,2026年06月,福岡県福岡市早良区原7丁目の貸倉庫・事務所【30坪】,,福岡県福岡市早良区原７丁目10-31,,5500,1.00,1.00,,,5500,,99.80,30.18,8017,2026/07/27,"2026/07/27 15:30","2026/07/27 15:41",先物(仲介),,（株）リアルティリンク,-,"=""092-283-3855""",空有,"THE　BASE　HARA 3",8140022
倉庫,R00177-004583,,,,空,公開可,無,2178000,,階,1991年12月,福岡県糟屋郡新宮町大字三代の貸倉庫【345坪】,,福岡県糟屋郡新宮町大字三代798-4,,,6.00,,,100.00,11000,,1142.36,345.56,6303,2026/07/27,"2026/07/27 11:39","2026/07/27 15:40",先物(仲介),,共立地所（株）,-,"=""092-521-8111""",空有,,8110111
倉庫,R00177-004319,,,,空,公開可,無,3080000,,階,2025年11月,鹿児島県霧島市国分下井の貸倉庫【560坪】,,鹿児島県霧島市国分下井3215-3,,,6.00,1.00,,,,3239.67,1851.24,560,5500,2026/07/27,"2025/10/14 11:20","2026/07/27 09:36",自社,一般媒介,株式会社センチュリーダイソー　福岡支店,-,"=""092-409-0188""",空有,"オーナー反響：㈱ヤマックス
※非公開、オーナー承認後公開",8994463
倉庫,R00177-004581,,,,空,公開可,無,220000,,階,1997年11月,福岡県福岡市博多区空港前5丁目の貸倉庫・事務所【22坪】,,福岡県福岡市博多区空港前５丁目2-28,,,1760000,,,,11000,,75.57,22.85,9624,2026/07/23,"2026/07/23 12:05","2026/07/23 14:42",先物(仲介),,九州地建（株）,-,"=""092-713-8121""",空有,"ウェルズＩＭＴ 106",8120002
倉庫,R00177-004580,,,,空,公開可,無,1705000,,階,1982年01月,福岡県福岡市博多区金の隈1丁目の貸倉庫【256坪】,,福岡県福岡市博多区金の隈１丁目33-46,,,8.00,,,,,1660.96,848.80,256.76,6641,2026/07/23,"2026/07/23 10:42","2026/07/23 14:42",先物(仲介),,株式会社香飛開発,-,"=""092-674-4313""",空有,,8120863
倉庫,R00177-004375,,,,空,アーカイブ(成約),無,1000000,,階,1968年12月,福岡県うきは市吉井町福益の貸工場【453坪】,,福岡県うきは市吉井町福益90-1,,,,1.00,,,16500,,1500.00,453.75,2204,2026/07/23,"2025/12/23 14:37","2026/07/23 13:49",先物(仲介),,アサヒ住宅情報株式会社,-,"=""0942-36-1818""",空有,,8391332
倉庫,R00177-004516,,,,空,アーカイブ(成約),無,230000,,階,1972年05月,福岡県久留米市藤山町の貸倉庫【98坪】,,福岡県久留米市藤山町1651-65,,,4.00,,,,,,325.00,98.31,2340,2026/07/23,"2026/05/29 10:47","2026/07/23 13:49",先物(仲介),,丸山地所,-,"=""0942-32-7926""",,,8300053
倉庫,R00177-004517,,,,空,公開可,無,1650000,,階,1975年05月,佐賀県鳥栖市安楽寺町の貸倉庫【560坪】,,佐賀県鳥栖市安楽寺町1005,,,4950000,,,,,3728.67,1851.79,560.16,2946,2026/07/22,"2026/06/01 10:58","2026/07/22 17:58",先物(仲介),,(株)マツウラ,-,"=""0944-73-3964""",空有,住宅設備系の板金工場のみ可,8410045
倉庫,R00177-004501,,,,居住中,アーカイブ(成約),無,440000,,階,1997年06月,福岡県飯塚市徳前の貸倉庫・事務所【51坪】,,福岡県飯塚市徳前206-3,,,,,3.00,,19800,180.89,168.71,51.03,8622,2026/06/10,"2026/05/13 15:23","2026/07/22 17:56",先物(仲介),,ＣＩＦＯ（株）福岡支店,-,"=""092-738-3146""",,,8200033
倉庫,R00177-004466,,,,居住中,アーカイブ(成約),無,385000,,階,2002年05月,福岡県春日市一の谷1丁目の貸倉庫・事務所【22坪】,,福岡県春日市一の谷１丁目133,,,6.00,,,,,,73.84,22.33,17237,2026/06/04,"2026/04/07 11:51","2026/07/22 17:44",先物(仲介),,オフィスネットワーク(株),-,"=""092-452-5111""",,,8160852
店舗事務所(建物一括),R00177-004521,,,,空,公開可,無,330000,,階,2014年01月,熊本県玉名郡玉東町大字山口の貸店舗【60坪】,,熊本県玉名郡玉東町大字山口71-1,,,6.00,1.00,,,,,199.41,60.32,5471,2026/07/22,"2026/06/03 14:58","2026/07/22 17:43",先物(仲介),,大坪建設（株）,-,"=""0943-23-5115""",空有,,8690302
倉庫,R00177-003961,,,,空,公開可,無,275000,,階,2004年06月,佐賀県鳥栖市原古賀町の貸倉庫・事務所【53坪】,,佐賀県鳥栖市原古賀町1318,,,2.00,1.00,,,,,176.00,53.24,5166,2026/07/22,"2024/09/20 10:04","2026/07/22 17:40",先物(仲介),,イーグルハウス株式会社鳥栖店,-,"=""0942-81-5901""",空有,"3/31退去、退去後内覧可
倉庫128㎡
事務所48㎡",8410071
倉庫,R00177-004437,,,,使用中,公開可,無,985270,,階,1971年09月,福岡県田川市夏吉の貸倉庫【471坪】,,福岡県田川市大字夏吉4003-1,,51810,,,,,,,1558.44,471.42,2090,2026/07/17,"2026/03/06 16:41","2026/07/22 16:18",自社,一般媒介,株式会社センチュリーダイソー　福岡支店,-,"=""092-409-0188""",空有,"C-4区画
※オーナー希望により工場利用不可
クレーン無し（レールあり）
駐車場：別途契約
2026年内契約でフリーレント、仲手増額キャンペーンあり",8250004
倉庫,R00177-004436,,,,使用中,公開可,無,2037530,,階,1971年09月,福岡県田川市夏吉の貸倉庫【882坪】,,福岡県田川市大字夏吉4003-1,,97020,,,,,,,2916.00,882.09,2310,2026/07/17,"2026/03/06 16:29","2026/07/22 16:15",自社,一般媒介,株式会社センチュリーダイソー　福岡支店,-,"=""092-409-0188""",空有,"A-1区画
※オーナー希望により工場利用不可
クレーン無し（レールあり）
駐車場：別途契約
2026年内契約でフリーレント、仲手増額キャンペーンあり",8250004
貸地,R00177-004572,,,,更地,公開可,無,660800,,階,-,福岡県福岡市東区蒲田4丁目の貸地【420坪】,,福岡県福岡市東区蒲田４丁目387,,,3.00,,,,,1389.78,,420.4,1572,2026/07/22,"2026/07/15 13:54","2026/07/22 16:00",先物(仲介),,（株）コウセイ土地建物,-,"=""092-692-1215""",,7/22物確：設置物不可,8130023
店舗事務所(建物一括),R00177-004511,,,,空,公開可,無,330000,,階,2015年08月,福岡県飯塚市勢田の貸店舗・事務所【60坪】,,福岡県飯塚市勢田2326-1,,,3.00,,,,,2628.20,199.70,60.4,5463,2026/07/22,"2026/05/27 10:53","2026/07/22 16:00",先物(仲介),,大坪建設（株）,-,"=""0943-23-5115""",空有,7/22物確：申込1件あり、7月中を目途に書面出た中からオーナー検討,8201111
倉庫,R00177-004570,,,,居住中,公開可,無,286000,,階,1977年02月,福岡県福岡市南区的場2丁目の貸倉庫・事務所【34坪】,,福岡県福岡市南区的場２丁目19-7,,,3.00,,,,,,115.12,34.82,8213,2026/07/15,"2026/07/15 10:16","2026/07/22 15:39",先物(仲介),,（有）明豊地所,-,"=""092-575-0641""",空有,,8111314
倉庫,R00177-004540,,,,空,アーカイブ(成約),無,1320000,,階,1994年12月,福岡県古賀市谷山の貸倉庫【167坪】,,福岡県古賀市谷山907-1,,,3.00,1.00,,,,2283.32,554.91,167.86,7864,2026/07/22,"2026/06/16 16:33","2026/07/22 10:38",先物(仲介),,（株）タケダコーポレーション九州,-,"=""092-710-6135""",空有,,8113125
倉庫,R00177-004565,,,,空,公開可,無,480000,,階,2019年06月,福岡県北九州市八幡西区京良城町の貸倉庫【72坪】,,福岡県北九州市八幡西区京良城町6-22,,,1.00,1.00,,,,1588.31,238.74,72.21,6647,2026/07/10,"2026/07/10 11:06","2026/07/22 09:47",先物(仲介),,（株）くぼた不動産,-,"=""093-642-0522""",空有,,8060061
倉庫,R00177-004274,,,,空,アーカイブ(成約),無,770000,,階,2026年04月,福岡県糟屋郡新宮町大字下府の貸倉庫・事務所【107坪】,,福岡県糟屋郡新宮町大字下府827,,,6.00,,,,,,355.55,107.55,7160,2026/07/10,"2025/08/06 13:19","2026/07/21 10:33",先物(仲介),,株式会社大熊建設,-,"=""092-504-3142""",空有,"OP新宮Ⅱ　B棟2号室
新宮町下府16街区1（住所：下府大字827近辺）",8110112
倉庫,R00177-004413,,,,建築中,アーカイブ(成約),無,561000,,階,2026年08月,福岡県糟屋郡新宮町大字原上の貸倉庫【78坪】,,福岡県糟屋郡新宮町大字原上1704-1,,,6.00,,,,,,259.35,78.45,7151,2026/07/10,"2026/02/06 11:40","2026/07/21 09:52",先物(仲介),,株式会社大熊建設,-,"=""092-504-3142""",空有,オフィスストレージ新宮Ⅰ　B棟1号室,8110101
倉庫,R00177-004354,,,,居住中,アーカイブ(成約),無,990000,,階,1993年09月,福岡県飯塚市小正の貸倉庫・事務所【177坪】,,福岡県飯塚市小正574-1,,,6.00,,,3.00,,1090.00,587.21,177.63,5574,2026/07/17,"2025/11/25 15:56","2026/07/17 16:17",先物(仲介),,株式会社センチュリーダイソー　福岡支店,田中,"=""092-409-0188""",空有,"おばさ
※中村さん担当物件",8200089
貸地,R00177-004552,,,,更地,公開可,無,330000,,階,-,佐賀県鳥栖市曽根崎町の貸地【325坪】,,佐賀県鳥栖市曽根崎町1350-2,,,3.00,3.00,,,100000,1075.00,,325.18,1015,2026/07/16,"2026/06/24 09:39","2026/07/16 16:27",先物(仲介),,（株）トーマスＲＤ,-,"=""092-739-5044""",,"元付：連絡先 092-405-3211　自動アナウンス 1番選択（売買課へ）
上下水なし
コンテナ置いて使うOK",8410025
貸地,R00177-004575,,,,更地,公開可,無,440000,,階,-,福岡県小郡市福童の貸地【897坪】,,福岡県小郡市福童163-1,,,3.00,1.00,,,,2968.00,,897.82,491,2026/07/16,"2026/07/16 14:33","2026/07/16 14:54",先物(仲介),,イーグルハウス株式会社　小郡店,-,"=""0942-27-7916""",,,8380137
倉庫,R00177-004573,,,,居住中,公開可,無,748000,,階,2019年12月,福岡県福岡市博多区金の隈1丁目の貸倉庫・事務所【84坪】,,福岡県福岡市博多区金の隈１丁目36-13,,,3.00,1.00,,,,,278.23,84.16,8888,2026/07/16,"2026/07/16 11:58","2026/07/16 14:53",先物(仲介),,株式会社アトラクト,-,"=""092-775-0223""",空有,2区画一棟貸し,8120863
倉庫,R00177-004232,,,,居住中,アーカイブ(成約),無,1540000,,階,1989年02月,福岡県北九州市小倉北区西港町の貸倉庫【557坪】,,福岡県北九州市小倉北区西港町92-10,,,2.00,2.00,,,,1656.06,1841.65,557.09,2765,2026/07/15,"2025/06/12 12:02","2026/07/15 14:48",先物(仲介),,株式会社ミクニ,-,"=""093-541-0392""",空有,,8030801
貸地,R00177-004571,,,,古家付,公開可,無,2500000,,階,-,福岡県糟屋郡宇美町障子岳南5丁目の貸地【2233坪】,,福岡県糟屋郡宇美町障子岳南５丁目8,,,3.00,,,,,7382.06,,2233.07,1120,2026/07/15,"2026/07/15 12:09","2026/07/15 14:26",先物(仲介),,（株）田島不動産,-,"=""092-581-0621""",,地番：18,8112126
倉庫,R00177-004458,,,,空,アーカイブ(成約),無,880000,,階,1985年07月,福岡県遠賀郡遠賀町大字若松の貸工場【248坪】,,福岡県遠賀郡遠賀町大字若松647-1,,,1.00,,,,,,820.32,248.14,3547,2026/07/14,"2026/03/25 12:09","2026/07/14 14:37",先物(仲介),,（株）アップウェル,-,"=""093-616-6774""",空有,仲介中,8114304
店舗事務所(建物一部),R00177-004569,,,,居住中,公開可,無,231704,,階,1986年02月,福岡県福岡市西区拾六町5丁目の貸店舗【26坪】,,福岡県福岡市西区拾六町５丁目16-21,,,2106400,,,,,,87.07,26.33,8798,2026/07/14,"2026/07/14 10:48","2026/07/14 13:23",先物(仲介),,株式会社大井不動産,-,"=""092-524-0111""",空無,コンダクトヴィレッジ姪浜サウス,8190041
倉庫,R00177-004412,,,,建築中,公開可,無,935000,,階,2026年08月,福岡県糟屋郡新宮町大字原上の貸倉庫【140坪】,,福岡県糟屋郡新宮町大字原上1707-2,,,6.00,,,,,,465.30,140.75,6643,2026/07/10,"2026/02/06 11:37","2026/07/14 09:38",先物(仲介),,株式会社大熊建設,-,"=""092-504-3142""",空有,オフィスストレージ新宮Ⅰ　A棟,8110101
貸地,R00177-004464,,,,古家付,アーカイブ(成約),無,330000,,階,-,福岡県朝倉市下浦の貸地【798坪】,,福岡県朝倉市下浦2268-1,,,3.00,1.00,,,,2641.00,,798.9,414,2026/05/18,"2026/04/02 11:57","2026/07/14 08:47",先物(仲介),,イーグルハウス㈱,-,"=""0946-22-0773""",,,8380055
店舗事務所(建物一括),R00177-004568,,,,居住中,公開可,無,385000,,階,2017年04月,福岡県嘉麻市岩崎の貸店舗【66坪】,,福岡県嘉麻市岩崎819,,,3.00,,,,,1113.90,220.00,66.55,5786,2026/07/13,"2026/07/13 11:16","2026/07/13 15:17",先物(仲介),,（株）スリーピース不動産,-,"=""0949-52-7002""",空有,売買あり：B00177-000487,8200205
倉庫,R00177-004499,,,,居住中,アーカイブ(成約),無,825000,,階,1980年09月,福岡県糟屋郡志免町南里4丁目の貸工場【129坪】,,福岡県糟屋郡志免町南里４丁目7-15,,,3.00,,,,,,428.88,129.73,6360,2026/07/13,"2026/05/12 15:41","2026/07/13 14:53",先物(仲介),,マルミ不動産合同会社,-,"=""092-719-0584""",空有,,8112207
貸地,R00177-004541,,,,古家付,アーカイブ(成約),無,1746300,,階,-,福岡県糟屋郡志免町別府東3丁目の貸地【1164坪】,,福岡県糟屋郡志免町別府東３丁目1036-9,,,,,5.00,,,3848.62,,1164.2,1500,2026/06/17,"2026/06/17 11:43","2026/07/13 09:25",先物(仲介),,安田地所株式会社,-,"=""052-932-1041""",,"仲介中

元塗料工場として2022年まで利用（同時期に工場部分解体）
土壌汚染調査、実施済み、問題なしとのこと
事務所解体可能→貸主相談可
新たに建てる場合は借主で

あくまで貸地のため、インフラ関係無し（上下水、電気）
※事務所の電気は撤去された工場から電気、水道取っていた
　",8112231
貸地,R00177-004564,,,,更地,公開可,無,330000,,階,-,福岡県糟屋郡志免町大字吉原の貸地【324坪】,,福岡県糟屋郡志免町大字吉原762-4,,,3.00,,,,,1072.00,,324.28,1018,2026/07/09,"2026/07/09 11:13","2026/07/10 18:57",先物(仲介),,株式会社オンリーワンスタジオ,-,"=""092-437-1078""",,,8112208
貸地,R00177-004567,,,,更地,公開可,無,440000,,階,-,福岡県宗像市冨地原の貸地【768坪】,,福岡県宗像市冨地原110-1,,,,,,,,2542.00,,768.95,573,2026/07/10,"2026/07/10 14:31","2026/07/10 17:17",先物(仲介),,トーセツ商事（株）,-,"=""0940-33-0988""",,,8114154
貸地,R00177-004566,,,,古家付,公開可,無,300000,,階,-,福岡県飯塚市片島2丁目の貸地【519坪】,,福岡県飯塚市片島２丁目8-1,,,1.00,1.00,,,,1717.87,,519.65,578,2026/07/24,"2026/07/10 14:03","2026/07/10 17:17",先物(仲介),,（有）坂口不動産,-,"=""0948-22-7293""",,,8200068
倉庫,R00177-004358,,,,空,公開可,無,880000,,階,1987年05月,熊本県荒尾市金山の貸工場【414坪】,,熊本県荒尾市金山1146-1,,,3.00,,,,,2567.00,1371.38,414.84,2122,2026/07/10,"2025/11/27 11:28","2026/07/10 09:17",先物(仲介),,Y．コーポレーション（株）,-,"=""0944-55-5050""",空有,"元縫製工場
エアコン・リフト・防犯カメラ残置あり",8640162
倉庫,R00177-004406,,,,建築中,アーカイブ(成約),無,1155000,,階,2026年06月,福岡県福岡市博多区麦野6丁目の貸倉庫・事務所【87坪】,,福岡県福岡市博多区麦野６丁目22-1,,,6.00,,,,,,288.92,87.39,13216,2026/02/10,"2026/01/30 11:20","2026/07/09 17:29",先物(仲介),,株式会社大熊建設,-,"=""092-504-3142""",空有,"オフィスストレージ博多南Ⅰ
住所：麦野6丁目27-32隣",8120882
倉庫,R00177-004248,,,,空,アーカイブ(成約),無,800000,,階,1977年11月,福岡県北九州市門司区新門司3丁目の貸倉庫【211坪】,,福岡県北九州市門司区新門司３丁目67-11,,,1.00,2.00,,,,3287.44,697.81,211.08,3790,2026/07/09,"2025/06/30 11:47","2026/07/09 17:11",先物(仲介),,協栄興産株式会社　小倉支店,-,"=""093-513-5028""",空有,浄化槽,8000115
倉庫,R00177-004513,,,,居住中,アーカイブ(成約),無,396000,,階,1986年01月,福岡県古賀市青柳町の貸倉庫【72坪】,,福岡県古賀市青柳町95-1,,,1.00,2.00,,,,,238.08,72.01,5499,2026/06/11,"2026/05/28 12:02","2026/07/09 13:51",先物(仲介),,日本開発地所,-,"=""0940-26-0660""",,,8113133
倉庫,R00177-004504,,,,居住中,アーカイブ(成約),無,220000,,階,2017年12月,福岡県八女市龍ケ原の貸倉庫【135坪】,,福岡県八女市龍ケ原46-3,,,,1.00,,,,,448.00,135.52,1624,2026/07/09,"2026/05/15 13:37","2026/07/09 11:10",先物(仲介),,（株）ｚｅｒｏソリューション,-,"=""0942-27-8000""",空有,,8340067
店舗事務所(建物一部),R00177-004485,,,,空,公開可,無,185000,,階,2016年01月,福岡県福岡市西区大字羽根戸の貸店舗・事務所【8坪】,,福岡県福岡市西区大字羽根戸17-20,,,3.00,2.00,,3.00,1.00,200.00,26.50,8.01,23079,2026/07/08,"2026/04/22 11:40","2026/07/08 18:24",先物(仲介),,（株）アシスト地所,-,"=""092-811-2286""",空有,"・敷地内の事務所棟は現在別テナント（新テナントの中古車販売）一部利用中のため
　事務所は一部利用、トイレは共有
・敷地、現在は半分を中古車販売店が使用、
　そのため、利用できる範囲は縦に半分にした片側の範囲
・有効敷地面積は約50坪程度で、乗用車であれば7～8台程度駐車可能
・市街化調整区域内にあり",8190038
店舗事務所(建物一部),R00177-004563,,,,空,公開可,無,275000,,階,1984年09月,福岡県福岡市東区箱崎4丁目の貸店舗・事務所【26坪】,,福岡県福岡市東区箱崎４丁目3-16,,,3.00,1.00,,,137500,,88.35,26.72,10290,2026/07/08,"2026/07/08 15:05","2026/07/08 15:52",先物(仲介),,Ｃｈｅｒｒｙ　Ｉｎｖｅｓｔｍｅｎｔ（株）,-,"=""092-753-9525""",空有,"R The Residence箱崎宮前 1階",8120053
倉庫,R00177-004049,,,,築後未入居,アーカイブ(成約),無,330000,,階,2025年03月,福岡県朝倉郡筑前町原地蔵の貸倉庫【55坪】,,福岡県朝倉郡筑前町原地蔵2306-7,,,5.00,1.00,,,,387.29,183.08,55.38,5959,2026/07/08,"2024/12/06 12:31","2026/07/08 15:16",先物(仲介),,（株）アレシア,-,"=""092-555-3677""",空有,"売買ありB00177-000308
地番：2306番7　2306番8
シャッターサイズ高さ3.4mx横3.0m
天高：6m-5.7m
動力なし、設置工事可",8380824
倉庫,R00177-004307,,,,空,アーカイブ(成約),無,275000,,階,1994年04月,福岡県筑紫野市大字俗明院の貸倉庫・事務所【33坪】,,福岡県筑紫野市大字俗明院11-1,,,1.00,1.00,,,11000,,110.45,33.41,8231,2026/07/08,"2025/09/24 12:09","2026/07/08 13:56",先物(仲介),,（株）アーウイン　ドリームステージ二日市駅前店,-,"=""092-918-0001""",空有,ぞくみょういん,8180067
倉庫,R00177-004348,,,,空,公開可,無,715000,,階,1992年10月,福岡県糟屋郡須惠町大字植木の貸倉庫【129坪】,,福岡県糟屋郡須惠町大字植木201-1,,,,,,,,,429.24,129.84,5507,2026/07/29,"2025/11/19 15:13","2026/07/08 13:14",先物(仲介),,株式会社センチュリーダイソー　福岡支店,中村,"=""092-409-0188""",空有,中村さん担当物件,8112112
倉庫,R00177-004550,,,,空,公開可,無,275000,,階,2003年01月,福岡県久留米市田主丸町以真恵の貸倉庫・工場【46坪】,,福岡県久留米市田主丸町以真恵270-3-2,,,3.00,,,,,,154.75,46.81,5875,2026/07/09,"2026/06/23 11:38","2026/07/08 12:16",先物(仲介),,フラワー住宅（株）,-,"=""0943-72-1519""",空有,1階部分のみ,8391223
倉庫,R00177-004555,,,,空,公開可,無,792000,,階,2002年12月,大分県日田市大字東有田の貸工場【643坪】,,大分県日田市大字東有田2724,,,,,3.00,,,4243.00,2125.90,643.08,1232,2026/06/29,"2026/06/29 11:48","2026/07/08 07:55",先物(仲介),,シナジーワークス株式会社,-,"=""0973-22-6208""",空有,,8770000
店舗事務所(建物一部),R00177-004560,,,,建築中,公開可,無,330000,,階,2026年08月,福岡県福岡市東区松田3丁目の貸倉庫・事務所【32坪】,,福岡県福岡市東区松田３丁目20,,,5.00,,,,,,106.82,32.31,10213,2026/07/03,"2026/07/03 11:49","2026/07/07 17:45",先物(仲介),,株式会社三好不動産,-,"=""092-716-5000""",空有,"ＥＪ松田 Ｅａｓｔ　A室
事務所仕上げ",8120064
倉庫,R00177-004405,,,,建築中,アーカイブ(成約),無,407000,,階,2026年06月,福岡県福岡市博多区麦野2丁目の貸倉庫・事務所【40坪】,,福岡県福岡市博多区麦野２丁目16-26,,,6.00,,,,,,134.53,40.69,10002,2026/02/06,"2026/01/30 10:48","2026/07/07 13:51",先物(仲介),,株式会社大熊建設,-,"=""092-504-3142""",空有,"オフィスパレア博多南Ⅰ　2号室
住所：麦野2丁目15-23隣",8120882
倉庫,R00177-004404,,,,建築中,アーカイブ(成約),無,451000,,階,2026年06月,福岡県福岡市博多区麦野2丁目の貸倉庫・事務所【45坪】,,福岡県福岡市博多区麦野２丁目16-26,,,6.00,,,,,,150.21,45.43,9926,2026/02/26,"2026/01/30 10:46","2026/07/07 13:49",先物(仲介),,株式会社大熊建設,-,"=""092-504-3142""",空有,"オフィスパレア博多南Ⅰ　1号室
住所：麦野2丁目15-23隣",8120882
店舗事務所(建物一括),R00177-004562,,,,空,公開可,無,660000,,階,1984年04月,福岡県久留米市東合川新町の貸店舗・事務所【189坪】,,福岡県久留米市東合川新町11-16,,,3.00,1.00,,,22000,,624.89,189.02,3492,2026/07/07,"2026/07/07 12:03","2026/07/07 13:43",先物(仲介),,（株）ヒトトイエ　,-,"=""0943-30-3311""",空有,,8390808
倉庫,R00177-004559,,,,居住中,公開可,無,330000,,階,2016年03月,福岡県福岡市博多区西月隈2丁目の貸倉庫・事務所【34坪】,,福岡県福岡市博多区西月隈２丁目2-7,,,6.00,,,,,,113.40,34.3,9621,2026/07/10,"2026/07/02 14:59","2026/07/06 17:33",先物(仲介),,株式会社大熊建設,-,"=""092-504-3142""",空有,オフィスパレア西月隈Ⅰ　2号室,8120857
倉庫,R00177-004561,,,,空,公開可,無,330000,,階,1997年03月,福岡県筑紫野市二日市南2丁目の貸倉庫・事務所【66坪】,,福岡県筑紫野市二日市南２丁目11-20,,,3.00,,,,,,221.40,66.97,4928,2026/07/06,"2026/07/06 12:14","2026/07/06 17:21",先物(仲介),,天神ホーム（株）,-,"=""092-922-6012""",,,8180057
倉庫,R00177-004558,,,,建築中,公開可,無,341000,,階,2027年01月,熊本県熊本市東区御領8丁目の貸倉庫・事務所【32坪】,,熊本県熊本市東区御領８丁目306-1,,,6.00,,,,,,108.16,32.71,10423,2026/07/10,"2026/07/02 13:31","2026/07/03 18:30",先物(仲介),,株式会社大熊建設,-,"=""092-504-3142""",空有,オフィスパレア熊本東Ⅰ　B棟5号室,8618035
倉庫,R00177-004551,,,,居住中,公開可,無,253000,,階,1997年03月,福岡県久留米市東合川7丁目の貸倉庫・事務所【50坪】,,福岡県久留米市東合川７丁目2-2,,,3.00,1.00,,,10000,,168.00,50.82,4979,2026/07/03,"2026/06/23 14:26","2026/07/03 17:33",先物(仲介),,（株）不動産Ｒｅａｒｉｄｅ,-,"=""0942-65-3945""",空有,,8390809
貸地,R00177-004502,,,,更地,公開可,無,300000,,階,-,福岡県福岡市早良区東入部8丁目の貸地【299坪】,,福岡県福岡市早良区東入部８丁目1-8,,,3.00,,,,,990.00,,299.47,1002,2026/06/11,"2026/05/14 10:11","2026/07/03 15:44",先物(仲介),,（株）コルソ,-,"=""092-292-3098""",,"地番：357番1
7/3物確：店舗・事業所など建築する場合のみ契約可（更地契約不可）",8111102
貸地,R00177-004548,,,,更地,公開可,無,750000,,階,-,福岡県北九州市小倉南区沼新町1丁目の貸地【473坪】,,福岡県北九州市小倉南区沼新町１丁目1004-50,,,3.00,,,,,1565.74,,473.63,1584,2026/07/03,"2026/06/22 10:53","2026/07/03 15:42",先物(仲介),,有限会社フィンテック,-,"=""093-644-8600""",,"住所：沼新町1丁目1付近
内覧：オーナーが近くにお住まいのため日時だけ事前に連絡くださいとの事",8000218
倉庫,R00177-004524,,,,空,公開可,無,960000,,階,1995年03月,福岡県大牟田市大字手鎌の貸倉庫【319坪】,,福岡県大牟田市大字手鎌1380-13,,,3.00,,,,,,1056.00,319.44,3006,2026/07/22,"2026/06/05 12:05","2026/07/03 11:53",先物(仲介),,株式会社日本ハウジング情報センター,-,"=""096-363-7113""",空有,,8360004
貸地,R00177-004557,,,,更地,公開可,無,374000,,階,-,福岡県大野城市御笠川2丁目の貸地【186坪】,,福岡県大野城市御笠川２丁目5,,,5.00,,,,,618.05,,186.96,2001,2026/07/16,"2026/07/02 11:58","2026/07/02 18:34",先物(仲介),,藤生企画有限会社,-,"=""092-503-5002""",,住所：2丁目5-2裏付近,8160912
倉庫,R00177-004318,,,,居住中,アーカイブ(成約),無,715000,,階,2010年06月,福岡県筑紫野市上古賀4丁目の貸倉庫・事務所【100坪】,,福岡県筑紫野市上古賀４丁目16-7,,,6.00,,,,,,331.20,100.18,7137,2026/05/28,"2025/10/10 12:01","2026/07/02 17:13",先物(仲介),,株式会社大熊建設,-,"=""092-504-3142""",空有,オフィスパレア筑紫野ⅠB棟,8180041
倉庫,R00177-004100,,,,空,公開可,無,286000,,階,2025年10月,山口県下関市清末千房2丁目の貸倉庫・事務所【40坪】,,山口県下関市清末千房２丁目46-1,,,6.00,,,,,993.81,132.61,40.11,7130,2026/07/10,"2025/01/30 17:33","2026/07/02 17:12",先物(仲介),,株式会社大熊建設,-,"=""092-504-3142""",空有,オフィスパレア下関Ⅱ　3号室,7501163
倉庫,R00177-004099,,,,空,公開可,無,286000,,階,2025年10月,山口県下関市清末千房2丁目の貸倉庫・事務所【40坪】,,山口県下関市清末千房２丁目46-1,,,6.00,,,,,993.81,132.61,40.11,7130,2026/07/10,"2025/01/30 17:32","2026/07/02 17:12",先物(仲介),,株式会社大熊建設,-,"=""092-504-3142""",空有,オフィスパレア下関Ⅱ　2号室,7501163
倉庫,R00177-004117,,,,空,アーカイブ(成約),無,770000,,階,2025年10月,福岡県朝倉郡筑前町栗田の貸倉庫【201坪】,,福岡県朝倉郡筑前町栗田2681-4,,,3.00,,,3.00,,1337.67,665.00,201.16,3828,2026/05/28,"2025/02/14 14:44","2026/07/02 17:11",先物(仲介),,株式会社大熊建設,-,"=""092-504-3142""",空有,"オフィスストレージ筑前Ⅰ　A棟
住所：筑前町栗田2680-1の隣
※キャンペーン中、マッチングのみ",8380801
倉庫,R00177-004414,,,,建築中,アーカイブ(成約),無,539000,,階,2026年08月,福岡県糟屋郡新宮町大字原上の貸倉庫【78坪】,,福岡県糟屋郡新宮町大字原上1704-1,,,6.00,,,,,,259.35,78.45,6871,2026/05/28,"2026/02/06 11:54","2026/07/02 17:02",先物(仲介),,株式会社大熊建設,-,"=""092-504-3142""",空有,オフィスストレージ新宮Ⅰ　B棟2号室,8110101
倉庫,R00177-004383,,,,空,公開可,無,385000,,階,1977年10月,福岡県福岡市西区小戸4丁目の貸倉庫【75坪】,,福岡県福岡市西区小戸４丁目31-16,,,6.00,1.00,,,,,250.48,75.77,5082,2026/06/24,"2026/01/14 10:01","2026/07/02 08:50",先物(仲介),,（株）かねしん不動産,-,"=""092-866-0858""",空有,1/16物確：建物が古くアスベスト使用履歴があるため人が常駐するような用途は不可,8190001
店舗事務所(建物一括),R00177-004450,,,,居住中,アーカイブ(成約),無,770000,,階,2014年10月,福岡県糟屋郡久山町大字久原の貸店舗【56坪】,,福岡県糟屋郡久山町大字久原942-1,,,5.00,,,1.00,,1250.22,186.72,56.48,13633,2026/07/01,"2026/03/16 13:50","2026/07/01 16:47",自社,一般媒介,株式会社センチュリーダイソー　福岡支店,豊田,"=""092-409-0188""",空有,"オーナー反響：㈱井上建設（井上精一様）
※マッチングのみ
売買あり：B00177-000451",8112501
倉庫,R00177-004556,,,,築後未入居,公開可,無,242000,,階,2026年06月,福岡県春日市昇町6丁目の貸倉庫・事務所【29坪】,,福岡県春日市昇町６丁目20,,,4.00,,,,,,99.00,29.94,8081,2026/07/01,"2026/07/01 15:18","2026/07/01 15:24",先物(仲介),,ブルーエステート株式会社,-,"=""092-558-0345""",空有,"Ｋ．Ｎ６－２０倉庫事務所 A",8160851
倉庫,R00177-004442,,,,居住中,アーカイブ(成約),無,330000,,階,2016年07月,福岡県北九州市小倉北区上富野1丁目の貸倉庫・事務所【43坪】,,福岡県北九州市小倉北区上富野１丁目4-1-1,,,4.00,,,,,,142.20,43.01,7672,2026/05/28,"2026/03/12 11:40","2026/07/01 09:45",先物(仲介),,株式会社大熊建設,-,"=""092-504-3142""",空有,オフィスパレア上富野Ⅰ　A棟1号室,8020022
貸地,R00177-004518,,,,更地,公開可,無,400000,,階,-,福岡県北九州市小倉南区大字母原の貸地【464坪】,,福岡県北九州市小倉南区大字母原88,,,,3.00,,,,1535.50,,464.48,862,2026/06/30,"2026/06/01 11:43","2026/06/30 16:40",先物(仲介),,株式会社アークヒルズ,-,"=""093-962-8448""",,内覧立ち合い（ワダ様宛）水日休み,8030187
貸地,R00177-004131,,,,更地,アーカイブ(成約),無,550000,,階,-,福岡県北九州市小倉北区西港町の貸地【280坪】,,福岡県北九州市小倉北区西港町15-6,,,1.00,,,,,928.00,,280.72,1960,2026/06/30,"2025/02/26 10:54","2026/06/30 16:39",先物(仲介),,(有)リサーチ,-,"=""093-883-6568""",,,8030801
倉庫,R00177-003950,,,,空,アーカイブ(成約),無,330000,,階,1991年03月,福岡県糟屋郡新宮町美咲1丁目の貸倉庫【44坪】,,福岡県糟屋郡新宮町美咲１丁目3-8,,,3.00,,,,11000,,148.53,44.93,7345,2026/06/29,"2024/09/09 15:01","2026/06/29 11:14",先物(仲介),,（有）ターザン,-,"=""092-753-8566""",空有,仲介中,8110121
倉庫,R00177-004545,,,,居住中,公開可,無,880000,,階,1978年10月,福岡県福岡市東区松島4丁目の貸工場【146坪】,,福岡県福岡市東区松島４丁目6-8,,,2.00,2.00,,,,,484.10,146.44,6010,2026/07/29,"2026/06/18 14:57","2026/06/29 09:33",自社,一般媒介,株式会社センチュリーダイソー　福岡支店,豊田,"=""092-409-0188""",空有,"オーナー反響：ピーアンドディービジネス㈱
※豊田さん担当

産廃・外国籍企業基本的NG
短期貸相談可",8130062
倉庫,R00177-004457,,,,空,公開可,無,450000,,階,1976年01月,福岡県久留米市田主丸町以真恵の貸工場【379坪】,,福岡県久留米市田主丸町以真恵254-2,,,6.00,2.00,,,,,1255.00,379.63,1186,2026/06/23,"2026/03/24 16:50","2026/06/26 18:15",先物(仲介),,えがしら不動産。,-,"=""0942-48-0575""",空有,"サイト掲載不可、マッチングのみ
内覧立ち合い
定借5年（再契約可）
写真撮影不可

①天井、換気扇なし、自然換気のため、屋根と壁の間に隙間あり
　台風や強雨の際は、水が垂れてくる恐れあり
②火災報知器、未設置、契約後オーナーにて設置予定
　天高9mあるため、火災報知器設置後も煙を感知しない可能性あり
　過去、火災の実績はなしだが、オーナー気になるポイントとのこと
③4年前の豪雨により前面道路浸水。物件自体に影響はなし",8391223
倉庫,R00177-004554,,,,築後未入居,公開可,無,250000,,階,2026年05月,福岡県福岡市南区向新町2丁目の貸倉庫・事務所【22坪】,,福岡県福岡市南区向新町２丁目8-28,,,750000,,,,,,75.35,22.79,10969,2026/06/26,"2026/06/26 10:13","2026/06/26 14:57",先物(仲介),,(株)フェリックスアールイー,-,"=""092-533-0115""",空有,FERIX向新町　C,8111345
倉庫,R00177-004553,,,,築後未入居,公開可,無,242000,,階,2025年12月,福岡県福岡市東区和白1丁目の貸倉庫・事務所【19坪】,,福岡県福岡市東区和白１丁目1-29,,,726000,,,,,,64.59,19.53,12386,2026/06/26,"2026/06/26 10:09","2026/06/26 14:57",先物(仲介),,(株)フェリックスアールイー,-,"=""092-533-0115""",空有,"FERIX和白 B",8110202
倉庫,R00177-004543,,,,空,公開可,無,7700,,階,1969年02月,山口県防府市平和町の貸倉庫・事務所【9坪】,,山口県防府市平和町17-11,,,,,,,,,32.05,9.69,795,2026/07/29,"2026/06/17 15:40","2026/06/26 11:37",自社,一般媒介,株式会社センチュリーダイソー　福岡支店,-,"=""092-409-0188""",無,"オーナー反響：江崎内装
建物2階部分
前テナント：2年前くらいまで肥料保管場所として使用",7470043
倉庫,R00177-004465,,,,空,アーカイブ(成約),無,540000,,階,2006年08月,福岡県糟屋郡粕屋町大字柚須の貸倉庫【119坪】,,福岡県糟屋郡粕屋町大字柚須127-4,,,1.00,1.00,,,,,396.00,119.79,4508,2026/05/29,"2026/04/02 15:47","2026/06/25 17:42",先物(仲介),,Aｌｖｉｓアセットマネジメント（株）,-,"=""092-752-3600""",空有,5/1物確：工場利用相談可、定借1年,8112305
倉庫,R00177-004486,,,,空,アーカイブ(成約),無,250800,,階,2026年04月,福岡県那珂川市松木2丁目の貸倉庫・事務所【28坪】,,福岡県那珂川市松木２丁目176,,,3.00,,,,,,92.68,28.03,8946,2026/05/29,"2026/04/22 12:08","2026/06/25 17:36",先物(仲介),,(株)ネクステップ,-,"=""092-953-3040""",空有,"Work Place Nakagawa 2",8111251
倉庫,R00177-004488,,,,空,アーカイブ(成約),無,200000,,階,1990年12月,福岡県糸島市潤3丁目の貸倉庫【31坪】,,福岡県糸島市潤３丁目380,,,3.00,1.00,,,,,105.47,31.9,6269,2026/05/29,"2026/04/23 14:35","2026/06/25 17:00",先物(仲介),,三愛地建（株）,-,"=""092-322-0108""",空有,,8191105
店舗事務所(建物一括),R00177-004188,,,,空,アーカイブ(成約),無,1650000,,階,1994年07月,福岡県古賀市天神4丁目の貸店舗・事務所【236坪】,,福岡県古賀市天神４丁目4-25,,,3.00,,,,,1840.34,781.80,236.49,6977,2026/05/29,"2025/04/16 12:05","2026/06/25 16:27",先物(仲介),,（株）エリアプロジェクト,-,"=""092-738-8858""",空有,4/23　立地ライズへ物確、図面依頼,8113101
倉庫,R00177-004394,,,,居住中,アーカイブ(成約),無,550000,,階,1991年02月,福岡県太宰府市水城1丁目の貸倉庫【96坪】,,福岡県太宰府市水城１丁目6-20,,,4.00,,,,1.00,,319.40,96.61,5693,2026/05/29,"2026/01/23 10:22","2026/06/24 18:05",先物(仲介),,昭和地所開発株式会社,-,"=""092-504-0088""",空有,"住所：水城1丁目6-20
倉庫内のエアコン、天井、壁、現入居者撤去（スケルトン渡し）
敷地内の電柱およびキュービクル撤去　（撤去後電灯は接続予定）
クレーン2t
井戸水
2026.6月以降引渡し",8180131
倉庫,R00177-004190,,,,居住中,アーカイブ(成約),無,528000,,階,2006年03月,福岡県柳川市七ツ家の貸倉庫・工場【205坪】,,福岡県柳川市七ツ家151,,,4.00,2.00,,,,1766.80,678.25,205.17,2574,2026/05/29,"2025/04/17 15:17","2026/06/24 17:54",先物(仲介),,(株)ヤマダエステート,-,"=""0944-72-4810""",空有,"内覧立ち合い
動力あり（共用）、クレーン300kg
奥の建物はオーナ使用、
南側角の敷地は駐車スペースとして使用可",8320087
倉庫,R00177-004243,,,,空,公開可,無,268372,,階,1995年08月,福岡県福岡市博多区西月隈1丁目の貸倉庫・事務所【32坪】,,福岡県福岡市博多区西月隈１丁目6-6,,,6.00,,,,,,107.54,32.53,8250,2026/06/24,"2025/06/25 11:26","2026/06/24 15:47",先物(仲介),,株式会社理創,-,"=""092-461-2333""",空有,三弘エアポートビルⅡ　1号室,8120857
倉庫,R00177-004267,,,,空,アーカイブ(成約),無,660000,,階,1970年06月,福岡県北九州市小倉北区西港町の貸倉庫【193坪】,,福岡県北九州市小倉北区西港町104-2,,,2.00,2.00,,,,,640.00,193.6,3410,2026/05/29,"2025/07/29 11:42","2026/06/24 14:40",先物(仲介),,榎本ビル商事（株）,-,"=""093-531-4488""",空有,"西港町第３倉庫 B倉庫
対面に共有トイレあり　使用可（日本紙運輸様事務所内）
倉庫内：奥行29.8m　横21.2m
間口：横3.7m　高さ4.0m",8030801
倉庫,R00177-004324,,,,空,アーカイブ(成約),無,605000,,階,1975年11月,福岡県福津市西福間3丁目の貸倉庫【198坪】,,福岡県福津市西福間３丁目26-43,,,3.00,1.00,,,,1143.88,657.80,198.98,3041,2026/06/11,"2025/10/17 11:06","2026/06/23 09:41",自社,一般媒介,株式会社センチュリーダイソー　福岡支店,豊田,"=""092-409-0188""",空有,"オーナー反響：力丸様
井戸水（ポンプ稼働しない可能性あり）、トイレ無し
天井高：8.5m",8113219
店舗事務所(建物一部),R00177-004549,,,,建築中,公開可,無,363000,,階,2026年08月,福岡県大野城市栄町3丁目の貸店舗・事務所【29坪】,,福岡県大野城市栄町３丁目1-31,,,1.00,,,,,,98.26,29.72,12213,2026/06/22,"2026/06/22 12:01","2026/06/22 14:24",先物(仲介),,（株）メイク・コーポレーション,-,"=""092-574-8881""",空有,,8160924
倉庫,R00177-004547,,,,居住中,公開可,無,297000,,階,1970年04月,福岡県八女郡広川町大字新代の貸倉庫【98坪】,,福岡県八女郡広川町大字新代1438-6,,,3.00,,,,11000,,326.18,98.66,3011,2026/06/19,"2026/06/19 15:24","2026/06/19 16:45",先物(仲介),,（株）ダイナックス,-,"=""0942-22-1066""",空有,,8340115
貸地,R00177-004546,,,,更地,公開可,無,420000,,階,-,福岡県久留米市上津町の貸地【421坪】,,福岡県久留米市上津町2192-263,,,6.00,1.00,,,22000,1395.00,,421.98,996,2026/06/19,"2026/06/19 11:20","2026/06/19 16:45",先物(仲介),,（株）ホームスター不動産管理,-,"=""0942-65-3504""",,,8300052
店舗事務所(建物一部),R00177-004325,,,,空,公開可,無,704000,,階,1999年10月,福岡県北九州市小倉南区石田南3丁目の貸ビル【483坪】,,福岡県北九州市小倉南区石田南３丁目1-12,,,6.00,,,,,2976.28,1597.77,483.32,1457,2026/06/19,"2025/10/20 13:39","2026/06/19 13:44",先物(仲介),,（株）ニューガイア　北九州営業所,-,"=""093-953-6214""",空有,"6/19物確：住宅街で隣に体調の優れない人が住んでいるため24時間稼働の業種不可（夜は21時頃まで）
元は倉庫として使用",8020836
倉庫,R00177-004124,,,,築後未入居,アーカイブ(成約),無,10630000,,階,2025年02月,福岡県福岡市東区松島4丁目の貸倉庫【2246坪】,,福岡県福岡市東区松島４丁目9-36,,,,,,,,3495.36,7425.21,2246.12,4733,2026/06/11,"2025/02/19 12:01","2026/06/18 18:16",先物(仲介),,株式会社センチュリーダイソー　福岡支店,豊田,"=""092-409-0188""",空有,"※非公開、マッチングのみ
豊田さん担当物件",8130062
倉庫,R00177-004544,,,,空,公開可,無,550000,,階,1997年05月,福岡県那珂川市大字埋金の貸倉庫【112坪】,,福岡県那珂川市大字埋金818,,,3000000,,,,5500,,370.87,112.18,4903,2026/06/18,"2026/06/18 11:58","2026/06/18 16:32",先物(仲介),,新生不動産,-,"=""092-551-2364""",空有,,8111232
倉庫,R00177-004542,,,,空,公開可,無,1980000,,階,1990年02月,福岡県糟屋郡須惠町大字植木の貸工場【267坪】,,福岡県糟屋郡須惠町大字植木1302,,,5.00,,,,,2587.00,884.29,267.49,7402,2026/06/17,"2026/06/17 15:05","2026/06/17 16:03",先物(仲介),,入江不動産株式会社,-,"=""092-933-0001""",空有,,8112112
倉庫,R00177-004533,,,,居住中,公開可,無,2750000,,階,1998年01月,福岡県北九州市小倉北区西港町の貸倉庫・工場【684坪】,,福岡県北九州市小倉北区西港町72-24,,,2.00,2.00,,,,6992.98,2262.56,684.42,4018,2026/06/12,"2026/06/12 15:25","2026/06/17 12:00",先物(仲介),,株式会社ミクニ,-,"=""093-541-0392""",空有,,8030801
店舗事務所(建物一括),R00177-004205,,,,空,公開可,無,770000,,階,1995年05月,福岡県久留米市東合川2丁目の貸事務所【394坪】,,福岡県久留米市東合川２丁目5-27,,,6.00,,,,,1153.77,1303.12,394.19,1954,2026/06/17,"2025/05/07 10:45","2026/06/17 11:38",先物(仲介),,昭和不動産（株）,-,"=""0942-39-2811""",空有,エレベーター無し,8390809
倉庫,R00177-004484,,,,居住中,公開可,無,440000,,階,2006年06月,福岡県うきは市浮羽町浮羽の貸倉庫【114坪】,,福岡県うきは市浮羽町浮羽344-1,,,1320000,,,,,5471.08,378.02,114.35,3848,2026/06/17,"2026/04/21 12:04","2026/06/17 11:07",先物(仲介),,（株）木村不動産事務所,-,"=""092-405-2021""",空有,ポンプ復旧にて井戸水利用可,8391402
倉庫,R00177-004070,,,,空,公開可,無,1419000,,階,1973年04月,福岡県福岡市中央区那の津5丁目の貸倉庫【299坪】,,福岡県福岡市中央区那の津５丁目3-11,,,3.00,,,,,,990.00,299.47,4739,2026/07/09,"2024/12/26 12:12","2026/06/17 10:34",先物(仲介),,岡部不動産（株）,-,"=""092-541-1133""",空有,,8100071
倉庫,R00177-004539,,,,空,公開可,無,300000,,階,1976年07月,福岡県北九州市若松区西天神町の貸倉庫【82坪】,,福岡県北九州市若松区西天神町3-5,,,4.00,1.00,,,,465.11,271.73,82.19,3650,2026/07/14,"2026/06/16 15:57","2026/06/17 08:00",先物(仲介),,株式会社エポック不動産,-,"=""093-751-7234""",空有,,8080101
倉庫,R00177-004532,,,,居住中,アーカイブ(成約),無,770000,,階,1993年08月,福岡県大野城市御笠川6丁目の貸倉庫【108坪】,,福岡県大野城市御笠川６丁目2-3,,,6.00,1.00,,,,,358.34,108.39,7104,2026/06/16,"2026/06/11 11:56","2026/06/16 13:29",先物(仲介),,戸渡不動産,-,"=""092-574-2255""",空有,,8160912
店舗事務所(建物一括),R00177-004538,,,,空,公開可,無,264000,,階,1998年01月,福岡県福岡市早良区小田部7丁目の貸店舗・事務所【30坪】,,福岡県福岡市早良区小田部７丁目6-13,,,4.00,,,,,,99.71,30.16,8753,2026/06/15,"2026/06/15 14:43","2026/06/15 15:03",先物(仲介),,有限会社　愛不動産,-,"=""092-831-2971""",空有,,8140032
倉庫,R00177-004537,,,,空,公開可,無,330000,,階,2001年02月,福岡県飯塚市目尾の貸倉庫【79坪】,,福岡県飯塚市目尾687-1,,3000,4.00,1.00,,,,,263.40,79.67,4142,2026/06/15,"2026/06/15 11:33","2026/06/15 15:03",先物(仲介),,株式会社愛和不動産,-,"=""0948-25-8700""",空有,,8200062
倉庫,R00177-004536,,,,建築中,公開可,無,440000,,階,2026年11月,福岡県大野城市御笠川4丁目の貸倉庫【45坪】,,福岡県大野城市御笠川４丁目3-3,,,6.00,,,,1.00,492.19,150.09,45.4,9692,2026/06/15,"2026/06/15 10:19","2026/06/15 15:03",先物(仲介),,昭和地所開発株式会社,-,"=""092-504-0088""",空有,,8160912
貸地,R00177-004535,,,,更地,公開可,無,400000,,階,-,福岡県飯塚市川津の貸地【478坪】,,福岡県飯塚市川津240-1,,,3.00,,,,,1582.48,,478.7,836,2026/06/12,"2026/06/12 17:05","2026/06/12 17:46",先物(仲介),,（有）ダイワ不動産,-,"=""0948-26-8222""",,,8200067
倉庫,R00177-004534,,,,居住中,公開可,無,400000,,階,1980年05月,福岡県福岡市西区今宿東2丁目の貸倉庫【54坪】,,福岡県福岡市西区今宿東２丁目31-8,,,3.00,,,,,,181.00,54.75,7306,2026/06/12,"2026/06/12 16:07","2026/06/12 17:45",先物(仲介),,入江不動産株式会社,-,"=""092-933-0001""",空有,,8190161
倉庫,R00177-004185,,,,空,公開可,無,935000,,階,1990年06月,福岡県八女市新庄の貸倉庫【426坪】,,福岡県八女市新庄393,,,2.00,1.00,,,,,1409.62,426.41,2193,2026/07/22,"2025/04/14 10:50","2026/06/12 17:32",先物(仲介),,（株）みなつきエステート,-,"=""0943-24-8184""",空有,築年月（謄本）：平成2年6月、令和4年1月構造変更、一部取壊し,8340052
倉庫,R00177-004029,,,,使用中,アーカイブ(成約),無,0,,階,1978年05月,福岡県北九州市小倉北区赤坂海岸の貸倉庫【655坪】,,福岡県北九州市小倉北区赤坂海岸53-1,,,,,,,,2336.63,2166.35,655.32,,2026/06/11,"2024/11/14 14:13","2026/06/12 14:31",先物(仲介),,株式会社センチュリーダイソー　福岡支店,中村,"=""092-409-0188""",空有,"中村さん担当：顧問案件
マッチングメールのみ",8020031
倉庫,R00177-004440,,,,使用中,アーカイブ(成約),無,275000,,階,1989年05月,佐賀県佐賀市鍋島3丁目の貸倉庫・事務所【68坪】,,佐賀県佐賀市鍋島３丁目2-2,,,3.00,1.00,,,,936.84,226.22,68.43,4019,2026/06/11,"2026/03/11 12:07","2026/06/11 18:00",先物(仲介),,株式会社センチュリーダイソー　福岡支店,豊田,"=""092-409-0188""",空有,"天高：約5.2ｍ 中2階天高：約2.2m
中2階梁下：約2.6m　シャッター高：4mx4m
オーナー反響：因幡ちとせ様",8490937
貸地,R00177-004514,,,,更地,アーカイブ(成約),無,550000,,階,-,福岡県古賀市青柳町の貸地【517坪】,,福岡県古賀市青柳町300-3,,,2.00,2.00,,,,1710.70,,517.48,1063,2026/05/28,"2026/05/28 14:23","2026/06/11 17:58",先物(仲介),,日本開発地所,-,"=""0940-26-0660""",,地番：300-3他,8113133
倉庫,R00177-004363,,,,空,アーカイブ(成約),無,330000,,階,1990年05月,福岡県北九州市小倉南区大字母原の貸倉庫・事務所【78坪】,,福岡県北九州市小倉南区大字母原88-1,,,,3.00,,,,,260.00,78.65,4196,2026/05/27,"2025/12/02 11:43","2026/06/11 17:53",先物(仲介),,㈱ホームデザイン,-,"=""093-952-2298""",空有,近隣にオーナー親族の住居があり音の出る業種や夜間作業・整備系NG,8030187
店舗事務所(建物一括),R00177-004508,,,,空,公開可,無,779900,,階,1993年12月,福岡県春日市春日6丁目の貸店舗・事務所【47坪】,,福岡県春日市春日６丁目20,,,5.00,1.00,,,,,156.34,47.29,16491,2026/06/11,"2026/05/26 15:43","2026/06/11 16:40",先物(仲介),,ディプラス株式会社,-,"=""092-526-2711""",空有,,8160814
店舗事務所(建物一部),R00177-004531,,,,空,公開可,無,320419,,10階,2024年10月,長崎スタジアムシティNORTHレンタルオフィス【7坪】,ノースレンタルオフィスツボ,長崎県長崎市幸町6-7-1,,,,,2.00,,,,25.34,7.66,41801,2026/07/22,"2026/06/10 17:52","2026/06/11 16:04",自社,一般媒介,株式会社センチュリーダイソー　福岡支店,-,"=""092-409-0188""",,"長崎スタジアムシティnorth　10Fレンタルオフィス
※掲載依頼：リージョナルクリエーション長崎",8500046
店舗事務所(建物一括),R00177-004530,,,,居住中,公開可,無,935000,,階,2017年03月,福岡県飯塚市弁分の貸店舗・事務所【141坪】,,福岡県飯塚市弁分61-1,,,3.00,1.00,,,,1270.00,469.00,141.87,6591,2026/07/22,"2026/06/10 14:23","2026/06/10 17:37",先物(仲介),,（有）ダイワ不動産,-,"=""0948-26-8222""",空有,,8200088
倉庫,R00177-004509,,,,居住中,公開可,無,550000,,階,1976年05月,福岡県北九州市戸畑区牧山新町の貸工場【264坪】,,福岡県北九州市戸畑区牧山新町6-26,,,2.00,2.00,,,,,873.55,264.24,2082,2026/07/24,"2026/05/26 16:01","2026/06/10 17:33",先物(仲介),,株式会社ミクニ,-,"=""093-541-0392""",,,8040054
貸地,R00177-004526,,,,更地,公開可,無,330000,,階,-,福岡県小郡市二森の貸地【345坪】,,福岡県小郡市二森1708-3,,,3.00,1.00,,,,1143.00,,345.75,955,2026/07/22,"2026/06/08 10:05","2026/06/10 15:19",自社,一般媒介,株式会社センチュリーダイソー　福岡支店,-,"=""092-409-0188""",,"オーナー反響：稗田（ヒエダ）様
■敷地内に電波塔あり。半径2m以内は使用不可",8380126
倉庫,R00177-004030,,,,使用中,公開可,無,495000,,階,1982年05月,福岡県福岡市早良区四箇6丁目の貸倉庫【65坪】,,福岡県福岡市早良区四箇６丁目2-7,,,3.00,1.00,,,,752.03,215.54,65.2,7592,2026/07/29,"2024/11/15 14:52","2026/06/10 09:36",自社,一般媒介,株式会社センチュリーダイソー　福岡支店,豊田,"=""092-409-0188""",空有,"オーナー反響：坂本タイル様（豊田さん担当物件）
調整区域内、建築確認なし、開発許可とれていない、図面・詳細資料なし（謄本図面のみ）
違法建築物
引渡し時期は2025年2・3月頃予定

※（初回反響時にお伝えしておく）開発許可を受けていない建物、調整区域
違法建築物に該当するので営業停止になる可能性あり",8111103
倉庫,R00177-004461,,,,空,公開可,無,162690,,階,1988年07月,福岡県福岡市東区箱崎ふ頭2丁目の貸事務所【22坪】,,福岡県福岡市東区箱崎ふ頭２丁目2-35,,22000,1620000,,,,,,75.20,22.74,7152,2026/07/22,"2026/03/27 16:53","2026/06/09 14:16",先物(仲介),,富永エンタープライズ（株）,-,"=""092-629-3116""",空有,R00177-002500隣接倉庫あり,8120051
倉庫,R00177-004506,,,,居住中,アーカイブ(成約),無,269500,,階,-,福岡県大野城市御笠川1丁目の貸倉庫【59坪】,,福岡県大野城市御笠川１丁目12-2,,,5.00,,,,,,198.01,59.89,4500,2026/06/09,"2026/05/22 16:19","2026/06/09 13:38",先物(仲介),,（株）アップコーポレーション,-,"=""092-321-2828""",空有,,8160912
店舗事務所(建物一括),R00177-004529,,,,居住中,公開可,無,385000,,階,2024年09月,福岡県春日市春日原東町3丁目の貸事務所【28坪】,,福岡県春日市春日原東町３丁目57,,,6.00,2.00,,,,,93.34,28.23,13636,2026/07/22,"2026/06/09 11:56","2026/06/09 12:08",先物(仲介),,九州・アジア・パートナーズ（株）,-,"=""092-736-3737""",空有,,8160801
店舗事務所(建物一括),R00177-004523,,,,空,公開可,無,352000,,階,2015年10月,福岡県大牟田市大字久福木の貸店舗【43坪】,,福岡県大牟田市大字久福木279-1,,,6.00,1.00,,,,,142.18,43,8185,2026/07/22,"2026/06/04 15:44","2026/06/08 15:06",先物(仲介),,大坪建設（株）,-,"=""0943-23-5115""",空有,,8370915
倉庫,R00177-004522,,,,空,公開可,無,770000,,階,1979年07月,福岡県福岡市博多区堅粕4丁目の貸倉庫・事務所【109坪】,,福岡県福岡市博多区堅粕４丁目26-19,,,6.00,,,,,,361.39,109.32,7044,2026/07/22,"2026/06/04 14:48","2026/06/08 15:05",先物(仲介),,（株）エスパネット,-,"=""092-707-2835""",空有,,8120043
店舗事務所(建物一括),R00177-004528,,,,居住中,公開可,無,880000,,階,2014年03月,福岡県久留米市天神町の貸店舗・事務所【59坪】,,福岡県久留米市天神町43-1,,,2.00,1.00,,,,441.10,197.54,59.75,14727,2026/07/22,"2026/06/08 13:43","2026/06/08 15:04",先物(仲介),,西日本産業株式会社,-,"=""0942-39-3211""",空有,,8300033
倉庫,R00177-004527,,,,空,公開可,無,275000,,階,1991年01月,福岡県春日市岡本1丁目の貸倉庫・事務所【44坪】,,福岡県春日市岡本１丁目107,,1000,4.00,,,,,,146.88,44.43,6190,2026/07/22,"2026/06/08 12:02","2026/06/08 14:14",先物(仲介),,（株）ビジネス・ワン賃貸管理,-,"=""092-534-7213""",空有,,8160861
倉庫,R00177-004336,,,,空,公開可,無,303000,,階,2025年12月,佐賀県鳥栖市曽根崎町の貸倉庫・事務所【37坪】,,佐賀県鳥栖市曽根崎町1479-1,,,4.00,,,,,,125.13,37.85,8005,2026/07/06,"2025/10/30 15:08","2026/06/08 09:14",先物(仲介),,（株）ワイズプランニング,-,"=""092-532-1123""",空有,,8410025
倉庫,R00177-004334,,,,空,公開可,無,198000,,階,2026年04月,福岡県久留米市東櫛原町の貸倉庫・事務所【20坪】,,福岡県久留米市東櫛原町295-1,,,,,,,11000,,68.31,20.66,9582,2026/06/24,"2025/10/29 15:17","2026/06/05 17:37",先物(仲介),,（株）Ｎａｓｕｋｏｔｏ,-,"=""092-405-7771""",空有,"モデューロ久留米Ⅰ
住所：東櫛原296-1の隣",8300003
倉庫,R00177-004520,,,,空,公開可,無,4400000,,階,1977年01月,熊本県熊本市北区植木町有泉の貸倉庫【416坪】,,熊本県熊本市北区植木町有泉853,,,,1.00,,,,9590.00,1377.68,416.74,10558,2026/07/22,"2026/06/03 12:04","2026/06/05 16:31",先物(仲介),,株式会社タケダコーポレーション,-,"=""096-227-6282""",空有,,8610123
倉庫,R00177-004409,,,,居住中,公開可,無,550000,,階,2001年04月,福岡県北九州市若松区大字安瀬の貸倉庫・事務所【59坪】,,福岡県北九州市若松区大字安瀬61-3,,,2.00,2.00,,,,1080.18,196.00,59.29,9277,2026/06/11,"2026/02/04 14:36","2026/06/05 15:51",先物(仲介),,株式会社ミクニ,-,"=""093-541-0392""",空有,"3/6　クレーン設置なし
右倉庫、天高：5.8m
右シャッター間口：高さ3.9m　横4.5m",8080022
店舗事務所(建物一部),R00177-004390,,,,空,公開可,無,242000,,階,2026年04月,福岡県那珂川市道善5丁目の貸店舗・事務所【23坪】,,福岡県那珂川市道善５丁目69,,6600,3.00,2.00,,,,,79.16,23.94,10107,2026/07/22,"2026/01/20 10:25","2026/06/05 15:11",先物(仲介),,（株）エスポート,-,"=""092-555-8082""",空有,,8111254
倉庫,R00177-004525,,,,空,公開可,無,1250000,,階,1974年03月,福岡県福岡市博多区板付5丁目の貸倉庫【270坪】,,福岡県福岡市博多区板付５丁目15-29,,,5.00,,,,,,895.24,270.81,4616,2026/07/22,"2026/06/05 14:15","2026/06/05 14:38",先物(仲介),,中市興産株式会社,-,"=""092-272-2500""",空有,,8120888
倉庫,R00177-004271,,,,空,公開可,無,264000,,階,2026年04月,福岡県糟屋郡新宮町大字下府の貸倉庫・事務所【36坪】,,福岡県糟屋郡新宮町大字下府16-1,,,6.00,,,,,,119.25,36.07,7319,2026/07/10,"2025/08/06 10:17","2026/06/04 17:39",先物(仲介),,株式会社大熊建設,-,"=""092-504-3142""",空有,"OP新宮Ⅱ　A棟3号室
新宮町下府16街区1（住所：下府大字827近辺）",8110112
倉庫,R00177-004443,,,,居住中,アーカイブ(成約),無,990000,,階,1993年10月,福岡県糟屋郡粕屋町大字仲原の貸倉庫【240坪】,,福岡県糟屋郡粕屋町大字仲原2760-1,,,4.00,,,,,,795.23,240.55,4116,2026/06/04,"2026/03/12 12:11","2026/06/04 10:52",先物(仲介),,（株）ロッキーコーポレーション,-,"=""092-612-2922""",空有,"粕屋倉庫（2棟一括）
A棟：R00177-00
B棟：R00177-00
5月末退去予定、引渡し6月中旬～7月頃",8112304
倉庫,R00177-004444,,,,居住中,アーカイブ(成約),無,550000,,階,1993年10月,福岡県糟屋郡粕屋町大字仲原の貸倉庫【138坪】,,福岡県糟屋郡粕屋町大字仲原2760-1,,,4.00,,,,,,458.63,138.73,3965,2026/05/29,"2026/03/12 13:27","2026/06/04 09:09",先物(仲介),,（株）ロッキーコーポレーション,-,"=""092-612-2922""",空有,"粕屋倉庫　A棟
2棟一括：R00177-004443
　  B棟：R00177-004445
5月末退去予定、引渡し6月中旬～7月頃",8112304
倉庫,R00177-004445,,,,居住中,アーカイブ(成約),無,440000,,階,2023年10月,福岡県糟屋郡粕屋町大字仲原の貸倉庫【101坪】,,福岡県糟屋郡粕屋町大字仲原2760-1,,,4.00,,,,,,336.60,101.82,4322,2026/05/29,"2026/03/12 14:18","2026/06/04 09:08",先物(仲介),,（株）ロッキーコーポレーション,-,"=""092-612-2922""",空有,"粕屋倉庫　B棟
2棟一括：R00177-004443
　  A棟：R00177-004444
5月末退去予定、引渡し6月中旬～7月頃",8112304
倉庫,R00177-004519,,,,空,公開可,無,770000,,階,1996年01月,福岡県那珂川市松木4丁目の貸倉庫・事務所【117坪】,,福岡県那珂川市松木４丁目7-20,,,4.00,,,,,530.00,388.80,117.61,6547,2026/07/06,"2026/06/02 16:38","2026/06/03 16:24",先物(仲介),,(株)ネクステップ,-,"=""092-953-3040""",空有,,8111251
貸地,R00177-004434,,,,更地,公開可,無,1440000,,階,-,福岡県宮若市小伏の貸地【1800坪】,,福岡県宮若市小伏,,,3.00,2.00,,,,6148.00,,1859.77,775,2026/07/22,"2026/03/04 14:53","2026/06/03 14:12",自社,一般媒介,株式会社センチュリーダイソー　福岡支店,中村,"=""092-409-0188""",,"※地番非公開（1798-1,1798-2）、場所は伝えず中村さんへ
オーナー：岡野広宣様（日之出産業㈱？）
現況渡し（土）、契約より6ヶ月後引渡
中村さん担当
公簿：6185㎡（1870.96坪）",8220132
倉庫,R00177-004419,,,,空,アーカイブ(成約),無,200000,,階,1975年04月,福岡県福岡市早良区弥生2丁目の貸倉庫【74坪】,,福岡県福岡市早良区弥生２丁目4-6,,,5.00,,,,,,246.96,74.7,2678,2026/06/02,"2026/02/13 09:46","2026/06/02 14:53",先物(仲介),,(株)ラーク,-,"=""092-523-0038""",無,駐車場なし（1階倉庫部分に駐車は可）,8140014
倉庫,R00177-004352,,,,居住中,公開可,無,487300,,階,2020年02月,福岡県福岡市博多区榎田2丁目の貸倉庫・事務所【44坪】,,福岡県福岡市博多区榎田２丁目3-55,,,8.00,,,,,,146.45,44.3,11000,2026/07/22,"2025/11/20 13:47","2026/06/01 11:54",先物(仲介),,株式会社理創,-,"=""092-461-2333""",空有,"クレール福岡　1号室
",8120004
貸地,R00177-004490,,,,古家付,アーカイブ(成約),無,590000,,階,-,福岡県宮若市龍徳の貸地【901坪】,,福岡県宮若市龍徳31-4,,,2.00,1.00,,,,2980.00,,901.45,655,2026/05/29,"2026/04/27 10:23","2026/05/29 18:18",自社,一般媒介,株式会社センチュリーダイソー　福岡支店,田中,"=""092-409-0188""",,田中さん担当,8230001
倉庫,R00177-004266,,,,空,アーカイブ(成約),無,550000,,階,1981年12月,熊本県熊本市東区御領6丁目の貸倉庫【130坪】,,熊本県熊本市東区御領６丁目9-31,,,3.00,,,,,,432.97,130.97,4200,2026/04/15,"2025/07/25 11:16","2026/05/29 17:35",先物(仲介),,株式会社愛和不動産,-,"=""096-378-7888""",空有,9/8物確：空き、10月末退去（退去後内覧可）、図面なし、天井高不明,8618035
倉庫,R00177-004317,,,,居住中,アーカイブ(成約),無,250000,,階,1992年12月,佐賀県三養基郡みやき町大字中津隈の貸工場【127坪】,,佐賀県三養基郡みやき町大字中津隈4082-10,,,3.00,1.00,,,,781.00,420.00,127.05,1968,2026/04/15,"2025/10/09 13:15","2026/05/29 17:33",先物(仲介),,（株）二葉地所,-,"=""092-553-2093""",空有,,8490114
貸地,R00177-004247,,,,更地,アーカイブ(成約),無,530000,,階,-,福岡県京都郡苅田町大字南原の貸地【704坪】,,福岡県京都郡苅田町大字南原2084-1,,,12.00,1.00,,,,2330.00,,704.82,752,2026/04/15,"2025/06/26 15:16","2026/05/29 17:29",先物(仲介),,西日本不動産開発（株）北九州支店,-,"=""093-531-4271""",,地番2084-1、2085-5,8000355
貸地,R00177-004345,,,,更地,アーカイブ(成約),無,700000,,階,-,福岡県三井郡大刀洗町大字山隈の貸地【1003坪】,,福岡県三井郡大刀洗町大字山隈48-1,,,4.00,,,,,3318.83,,1003.94,698,2026/04/07,"2025/11/14 10:39","2026/05/29 17:27",先物(仲介),,（株）エースハウジング,-,"=""0942-77-4123""",,地番[48-1他２筆],8301226
貸地,R00177-004043,,,,更地,アーカイブ(成約),無,430000,,階,-,福岡県朝倉郡筑前町中牟田の貸地【537坪】,,福岡県朝倉郡筑前町中牟田541,,,6.00,,,,,1775.71,,537.15,801,2026/04/15,"2024/12/02 11:54","2026/05/29 17:26",先物(仲介),,ナガタ建設（株）,-,"=""092-924-5881""",,,8380226
倉庫,R00177-004222,,,,空,アーカイブ(成約),無,2476210,,階,1985年01月,福岡県糟屋郡新宮町大字立花口の貸倉庫【933坪】,,福岡県糟屋郡新宮町大字立花口429-1,,,3.00,,,,,,3086.60,933.69,2653,2026/04/08,"2025/05/29 17:25","2026/05/29 17:22",先物(仲介),,（株）コウセイ土地建物,-,"=""092-692-1215""",空有,"クレーン2基（前テナントは使用しておらず、稼働確認必要）
シャッター高さ4.4mx横8m
確認済証等資料なし（営業倉庫不可）
前テナント：木炭保管（5月末まで入居）",8110102
倉庫,R00177-004446,,,,空,アーカイブ(成約),無,660000,,階,1991年07月,福岡県糟屋郡志免町田富2丁目の貸倉庫・事務所【102坪】,,福岡県糟屋郡志免町田富２丁目10-2,,,3.00,1.00,,1.00,,1096.00,337.60,102.12,6463,2026/04/08,"2026/03/13 11:04","2026/05/29 17:20",先物(仲介),,明日商事（株）,-,"=""092-482-8422""",空有,,8112204
店舗事務所(建物一部),R00177-004429,,,,居住中,アーカイブ(成約),無,253000,,階,2024年09月,福岡県那珂川市中原6丁目の貸店舗・事務所【19坪】,,福岡県那珂川市中原６丁目12-22,,,3.00,2.00,,,20000,,63.26,19.13,13222,2026/04/08,"2026/02/27 10:49","2026/05/29 17:05",先物(仲介),,APAMAN（株）九州支社,-,"=""092-433-8522""",空有,"ラ・ヴィ・クレール博多南 0101",8111213
店舗事務所(建物一括),R00177-004187,,,,空,アーカイブ(成約),無,400000,,階,1995年08月,福岡県嘉麻市鴨生の貸店舗・事務所【46坪】,,福岡県嘉麻市鴨生409-1,,,,2.00,,,,,153.94,46.56,8590,2026/04/08,"2025/04/15 15:56","2026/05/29 17:02",先物(仲介),,株式会社チェック・リーシング,-,"=""0947-85-8411""",空有,,8200206
店舗事務所(建物一括),R00177-004371,,,,空,アーカイブ(成約),無,396000,,階,2018年10月,福岡県古賀市花見南1丁目の貸店舗・事務所【35坪】,,福岡県古賀市花見南１丁目12-18,,,6.00,396000,,,11000,332.69,118.39,35.81,11058,2026/04/01,"2025/12/17 11:52","2026/05/29 16:55",先物(仲介),,野仲ビル株式会社,-,"=""092-662-7711""",空有,,8113111
倉庫,R00177-003941,,,,居住中,アーカイブ(成約),無,440000,,階,2024年07月,福岡県太宰府市宰府5丁目の貸倉庫【60坪】,,福岡県太宰府市宰府５丁目23,,,4.00,,,,1.00,842.48,199.44,60.33,7294,2026/04/08,"2024/08/30 10:48","2026/05/29 16:49",先物(仲介),,昭和地所開発株式会社,-,"=""092-504-0088""",空有,"宰府5丁目23-23付近
内覧：立ち合い",8180117
倉庫,R00177-004353,,,,空,アーカイブ(成約),無,550000,,階,1997年01月,福岡県太宰府市大字北谷の貸倉庫【69坪】,,福岡県太宰府市大字北谷1016-10,,,4.00,,,,,1394.62,229.65,69.46,7918,2026/04/08,"2025/11/25 12:08","2026/05/29 16:48",先物(仲介),,(有)パイルコーポレーション,-,"=""092-452-2233""",空有,,8180114
店舗事務所(建物一括),R00177-004496,,,,空,アーカイブ(成約),無,352000,,階,2000年12月,福岡県大野城市南ケ丘2丁目の貸店舗【29坪】,,福岡県大野城市南ケ丘２丁目29-3,,,5.00,1.00,,,,,97.71,29.55,11910,2026/04/30,"2026/04/30 11:27","2026/05/29 16:46",先物(仲介),,（株）三和地所,-,"=""092-431-4488""",空有,,8160964
倉庫,R00177-004301,,,,空,アーカイブ(成約),無,363000,,階,2026年01月,福岡県大野城市仲畑1丁目の貸倉庫・事務所【38坪】,,福岡県大野城市仲畑１丁目38-16,,,5.00,1.00,,,,,126.00,38.11,9524,2026/04/08,"2025/09/10 11:18","2026/05/29 16:44",先物(仲介),,（株）オーリック不動産　福岡支店,-,"=""092-475-0055""",空有,"地番：仲畑1丁目99-1,100-1,100-2",8160921
倉庫,R00177-004337,,,,空,アーカイブ(成約),無,363000,,階,1991年12月,福岡県久留米市東合川5丁目の貸倉庫・事務所【82坪】,,福岡県久留米市東合川５丁目6-43,,,3.00,1.00,,,,,273.72,82.8,4385,2026/04/08,"2025/11/04 11:24","2026/05/29 16:36",先物(仲介),,（株）Sｉプラス,-,"=""0942-36-7520""",空有,,8390809
店舗事務所(建物一括),R00177-004376,,,,空,アーカイブ(成約),無,550000,,階,2006年03月,福岡県久留米市国分町の貸店舗・事務所【51坪】,,福岡県久留米市国分町946-3,,,3.00,1.00,,,,747.74,170.24,51.49,10681,2026/04/08,"2025/12/24 12:01","2026/05/29 16:18",先物(仲介),,（有）永松商事不動産,-,"=""0942-22-5279""",空有,,8390863
倉庫,R00177-004327,,,,空,公開可,無,302500,,階,2026年01月,福岡県福岡市南区的場2丁目の貸倉庫・事務所【34坪】,,福岡県福岡市南区的場２丁目40-20,,,6.00,,,,,,101.19,30.6,9883,2026/06/24,"2025/10/21 11:57","2026/05/29 15:46",先物(仲介),,オフィスネットワーク(株),-,"=""092-452-5111""",空有,"ジョイナス的場office＆stock 　2号室",8111314
倉庫,R00177-004007,,,,築後未入居,公開可,無,363000,,階,2024年09月,福岡県福岡市博多区金の隈2丁目の貸倉庫・事務所【45坪】,,福岡県福岡市博多区金の隈２丁目140-1,,,4.00,1.00,,,,,149.53,45.23,8026,2026/06/24,"2024/10/23 14:02","2026/05/29 15:39",先物(仲介),,入江不動産株式会社,-,"=""092-933-0001""",空有,"Vordering（フォルデラン）　Een（Ⅰ）
耐荷重不明、内覧方法等はリアプロBBをご確認くださいとの事",8120863
倉庫,R00177-004369,,,,空,アーカイブ(成約),無,385000,,階,1993年01月,福岡県福岡市博多区大井2丁目の貸倉庫・事務所【47坪】,,福岡県福岡市博多区大井２丁目10-18,,,4.00,,,,,,158.40,47.91,8035,2026/04/08,"2025/12/16 12:02","2026/05/29 15:32",先物(仲介),,ハッピーハウス（株）吉塚店,-,"=""092-612-6850""",空有,,8120001
倉庫,R00177-004477,,,,建築中,公開可,無,317889,,階,2026年08月,福岡県福岡市博多区井相田1丁目の貸倉庫・事務所【32坪】,,福岡県福岡市博多区井相田１丁目8-13,,,6.00,,,,,,106.17,32.11,9899,2026/06/24,"2026/04/16 13:53","2026/05/29 15:31",先物(仲介),,オフィスネットワーク(株),-,"=""092-452-5111""",空有,"A棟1号室
担当：島田様（概要書持ち込み）",8120881
倉庫,R00177-004481,,,,建築中,公開可,無,520740,,階,2026年08月,福岡県福岡市博多区井相田1丁目の貸倉庫・事務所【52坪】,,福岡県福岡市博多区井相田１丁目8-8,,,6.00,,,,,,173.91,52.6,9899,2026/06/24,"2026/04/16 15:24","2026/05/29 15:28",先物(仲介),,オフィスネットワーク(株),-,"=""092-452-5111""",空有,"B棟2・3号室
担当：島田様（概要書持ち込み）",8120881
倉庫,R00177-004480,,,,建築中,公開可,無,370260,,階,2026年08月,福岡県福岡市博多区井相田1丁目の貸倉庫・事務所【37坪】,,福岡県福岡市博多区井相田１丁目8-8,,,6.00,,,,,,123.68,37.41,9897,2026/06/24,"2026/04/16 15:12","2026/05/29 15:27",先物(仲介),,オフィスネットワーク(株),-,"=""092-452-5111""",空有,"B棟1号室
担当：島田様（概要書持ち込み）",8120881
倉庫,R00177-004478,,,,建築中,公開可,無,408474,,階,2026年08月,福岡県福岡市博多区井相田1丁目の貸倉庫・事務所【41坪】,,福岡県福岡市博多区井相田１丁目8-13,,,6.00,,,,,,136.41,41.26,9900,2026/06/24,"2026/04/16 14:07","2026/05/29 15:23",先物(仲介),,オフィスネットワーク(株),-,"=""092-452-5111""",空有,"A棟2・3号室
担当：島田様（概要書持ち込み）",8120881
倉庫,R00177-004482,,,,建築中,アーカイブ(成約),無,324940,,階,2026年08月,福岡県福岡市博多区井相田1丁目の貸倉庫・事務所【31坪】,,福岡県福岡市博多区井相田１丁目8-8,,,6.00,,,,,,104.06,31.47,10323,2026/04/16,"2026/04/16 15:32","2026/05/29 15:03",先物(仲介),,オフィスネットワーク(株),-,"=""092-452-5111""",空有,"B棟4号室
担当：島田様（概要書持ち込み）",8120881
倉庫,R00177-004479,,,,建築中,アーカイブ(成約),無,272910,,階,2026年08月,福岡県福岡市博多区井相田1丁目の貸倉庫・事務所【26坪】,,福岡県福岡市博多区井相田１丁目8-13,,,6.00,,,,,,86.72,26.23,10404,2026/04/16,"2026/04/16 14:17","2026/05/29 15:03",先物(仲介),,オフィスネットワーク(株),-,"=""092-452-5111""",空有,"A棟4号室
担当：島田様（概要書持ち込み）",8120881
店舗事務所(建物一部),R00177-004356,,,,空,公開可,無,880000,,階,2016年07月,福岡県福岡市東区和白丘1丁目の貸店舗・事務所【58坪】,,福岡県福岡市東区和白丘１丁目23-5,,,6.00,1.00,,,,,193.20,58.44,15058,2026/06/24,"2025/11/26 15:50","2026/05/29 14:54",先物(仲介),,大坪建設（株）,-,"=""0943-23-5115""",空有,,8110213
倉庫,R00177-004256,,,,空,公開可,無,990000,,階,2025年10月,福岡県福岡市東区社領2丁目の貸倉庫・事務所【91坪】,,福岡県福岡市東区社領２丁目13-8,,,8.00,,,,,347.47,302.01,91.35,10837,2026/06/24,"2025/07/11 10:33","2026/05/29 14:41",先物(仲介),,オフィスネットワーク(株),-,"=""092-452-5111""",空有,ON-S社領,8120068
店舗事務所(建物一括),R00177-004492,,,,空,公開可,無,605000,,階,2008年11月,福岡県北九州市八幡西区御開3丁目の貸店舗【47坪】,,福岡県北九州市八幡西区御開３丁目11-27,,,6.00,1.00,,,,,156.90,47.46,12747,2026/06/15,"2026/04/27 12:04","2026/05/29 14:40",先物(仲介),,株式会社イムズパートナー,-,"=""092-735-7020""",空有,,8070806
店舗事務所(建物一括),R00177-004428,,,,居住中,アーカイブ(成約),無,990000,,階,2016年02月,福岡県北九州市小倉南区東貫3丁目の貸店舗・事務所【55坪】,,福岡県北九州市小倉南区東貫３丁目22-22,,,4.00,,,3.00,,1169.94,184.30,55.75,17758,2026/04/07,"2026/02/26 15:17","2026/05/29 14:27",先物(仲介),,有限会社　不動産エイジェンシー,-,"=""093-965-7755""",空有,,8000224
倉庫,R00177-004302,,,,空,公開可,無,220000,,階,2003年01月,福岡県北九州市小倉南区長野1丁目の貸倉庫・事務所【43坪】,,福岡県北九州市小倉南区長野１丁目8-22,,,,,,,,195.57,144.62,43.74,5029,2026/06/24,"2025/09/12 10:18","2026/05/29 14:25",先物(仲介),,（有）立花興産,-,"=""093-471-2848""",空有,"※非公開、マッチング不可
前テナント：解体業（オーナー使用）",8000228
倉庫,R00177-004515,,,,空,公開可,無,957000,,階,1968年08月,福岡県福岡市博多区金の隈1丁目の貸倉庫・事務所【156坪】,,福岡県福岡市博多区金の隈１丁目36-7,,,,2.00,,,1.00,,518.00,156.69,6108,2026/06/24,"2026/05/29 09:36","2026/05/29 14:04",先物(仲介),,昭和地所開発株式会社,-,"=""092-504-0088""",空有,,8120863
倉庫,R00177-004512,,,,使用中,公開可,無,495000,,階,1971年05月,福岡県直方市大字知古の貸工場【118坪】,,福岡県直方市大字知古712-9,,,2.00,1.00,,,,,391.51,118.43,4180,2026/07/29,"2026/05/27 12:04","2026/05/29 13:52",自社,一般媒介,株式会社センチュリーダイソー　福岡支店,田中,"=""092-409-0188""",空有,田中さん担当,8220022
倉庫,R00177-004467,,,,空,アーカイブ(成約),無,286000,,階,1999年09月,福岡県北九州市小倉北区片野新町2丁目の貸倉庫・事務所【43坪】,,福岡県北九州市小倉北区片野新町２丁目8-24,,,2.00,2.00,,,,,142.56,43.12,6632,2026/04/08,"2026/04/08 10:41","2026/05/29 13:39",先物(仲介),,株式会社ミクニ,-,"=""093-541-0392""",空有,,8020062
倉庫,R00177-004167,,,,居住中,公開可,無,880000,,階,-,福岡県北九州市若松区響町1丁目の貸倉庫・工場【249坪】,,福岡県北九州市若松区響町１丁目73,,,2.00,2.00,,,,,824.10,249.29,3531,2026/06/24,"2025/03/28 11:16","2026/05/29 13:37",先物(仲介),,株式会社ミクニ,-,"=""093-541-0392""",,※未登記の為築年月不明,8080021
倉庫,R00177-004500,,,,空,公開可,無,395000,,階,1994年08月,福岡県鞍手郡小竹町大字赤地の貸倉庫・事務所【131坪】,ノカシソウコジムショツボ,福岡県鞍手郡小竹町大字赤地1030-3,,,2.00,1.00,,,,,433.54,131.14,3012,2026/07/06,"2026/05/13 14:42","2026/05/28 19:09",自社,一般媒介,株式会社センチュリーダイソー　福岡支店,田中,"=""092-409-0188""",空有,田中さん担当,8201102
倉庫,R00177-004459,,,,建築中,公開可,無,770000,,階,2026年10月,福岡県北九州市八幡西区本城東4丁目の貸倉庫【86坪】,,福岡県北九州市八幡西区本城東４丁目321-11,,,6.00,,,,,,287.50,86.96,8854,2026/07/10,"2026/03/26 14:33","2026/05/28 09:36",先物(仲介),,株式会社大熊建設,-,"=""092-504-3142""",空有,"オフィスストレージ本城東Ⅰ　A棟
住所：本城東4丁目9-1付近",8070815
倉庫,R00177-004279,,,,空,アーカイブ(成約),無,382800,,階,2026年03月,熊本県熊本市西区松尾2丁目の貸倉庫・事務所【46坪】,,熊本県熊本市西区松尾２丁目244,,,6.00,,,,,,153.30,46.37,8255,2026/05/28,"2025/08/06 16:23","2026/05/28 09:32",先物(仲介),,株式会社大熊建設,-,"=""092-504-3142""",空有,OP熊本西Ⅱ　B棟3号室,8615280
倉庫,R00177-004278,,,,空,公開可,無,267300,,階,2026年03月,熊本県熊本市西区松尾2丁目の貸倉庫・事務所【32坪】,,熊本県熊本市西区松尾２丁目244,,,6.00,,,,,,107.10,32.39,8251,2026/07/10,"2025/08/06 16:17","2026/05/28 09:32",先物(仲介),,株式会社大熊建設,-,"=""092-504-3142""",空有,OP熊本西Ⅱ　B棟1・2号室,8615280
倉庫,R00177-004277,,,,空,公開可,無,382800,,階,2026年03月,熊本県熊本市西区松尾2丁目の貸倉庫・事務所【46坪】,,熊本県熊本市西区松尾２丁目244,,,6.00,,,,,,153.30,46.37,8255,2026/07/10,"2025/08/06 15:59","2026/05/28 09:30",先物(仲介),,株式会社大熊建設,-,"=""092-504-3142""",空有,OP熊本西Ⅱ　A棟3号室,8615280
倉庫,R00177-004276,,,,空,公開可,無,267300,,階,2026年03月,熊本県熊本市西区松尾2丁目の貸倉庫・事務所【32坪】,,熊本県熊本市西区松尾２丁目244,,,6.00,,,,,,107.10,32.39,8251,2026/07/10,"2025/08/06 15:53","2026/05/28 09:29",先物(仲介),,株式会社大熊建設,-,"=""092-504-3142""",空有,OP熊本西Ⅱ　A棟2号室,8615280
倉庫,R00177-004098,,,,空,アーカイブ(成約),無,286000,,階,2025年10月,山口県下関市清末千房2丁目の貸倉庫・事務所【40坪】,,山口県下関市清末千房２丁目46-1,,,6.00,,,,,993.81,132.61,40.11,7130,2026/04/21,"2025/01/30 17:21","2026/05/28 09:26",先物(仲介),,株式会社大熊建設,-,"=""092-504-3142""",空有,オフィスパレア下関Ⅱ　1号室,7501163
倉庫,R00177-004455,,,,使用中,公開可,無,110000,,階,1986年07月,福岡県田川市大字位登の貸倉庫【21坪】,,福岡県田川市大字位登283-14,,,3.00,1.00,,,,356.00,71.67,21.68,5074,2026/07/29,"2026/03/24 09:52","2026/05/27 18:03",自社,一般媒介,株式会社センチュリーダイソー　福岡支店,田中,"=""092-409-0188""",無,オーナー反響：㈱スキロジー,8260044
倉庫,R00177-004454,,,,空,公開可,無,363000,,階,1991年10月,福岡県福岡市東区香椎駅前3丁目の貸倉庫・事務所【29坪】,,福岡県福岡市東区香椎駅前３丁目22-16,,,3.00,,,,,,97.52,29.49,12306,2026/06/11,"2026/03/23 15:50","2026/05/27 18:01",先物(仲介),,（株）日佳商事,-,"=""092-292-3419""",空有,,8130013
店舗事務所(建物一括),R00177-004510,,,,空,公開可,無,220000,,階,1991年08月,福岡県飯塚市平塚の貸店舗・事務所【46坪】,,福岡県飯塚市平塚85-1,,,2.00,2.00,,,,,152.19,46.03,4779,2026/06/11,"2026/05/27 10:44","2026/05/27 14:30",先物(仲介),,株式会社愛和不動産,-,"=""0948-25-8700""",空有,,8200702
倉庫,R00177-004355,,,,空,公開可,無,380000,,階,1992年09月,福岡県鞍手郡鞍手町大字室木の貸倉庫【135坪】,,福岡県鞍手郡鞍手町大字室木766-54,,,,2.00,,,1.00,1387.00,447.71,135.43,2806,2026/06/25,"2025/11/26 15:24","2026/05/27 10:13",先物(仲介),,（株）ｋｉｍｉｎｉ不動産,-,"=""093-280-2190""",空有,,8071307
倉庫,R00177-004180,,,,築後未入居,アーカイブ(成約),無,143000,,階,2024年11月,福岡県北九州市八幡西区茶屋の原2丁目の貸倉庫・事務所【30坪】,,福岡県北九州市八幡西区茶屋の原２丁目13-2,,,3.00,,,,,821.25,99.81,30.19,4737,2026/04/21,"2025/04/08 14:56","2026/05/26 14:37",先物(仲介),,株式会社大熊建設,-,"=""092-504-3142""",空有,"OP八幡西Ⅰ　B棟4号室
※キャンペーン中、マッチングのみ

",8071134
倉庫,R00177-004507,,,,空,公開可,無,350000,,階,1974年03月,福岡県田川市大字奈良の貸倉庫【189坪】,,福岡県田川市大字奈良258-2,7400,,,2.00,,,,,625.29,189.15,1851,2026/06/11,"2026/05/25 15:46","2026/05/25 16:34",先物(仲介),,(有)諸隈不動産,-,"=""0947-42-5001""",空有,,8260043
倉庫,R00177-004421,,,,空,アーカイブ(成約),無,450000,,階,1983年01月,福岡県田川市大字伊加利の貸倉庫【122坪】,,福岡県田川市大字伊加利1772,,,3.00,1.00,,,,,406.39,122.93,3661,2026/02/18,"2026/02/18 13:47","2026/05/25 14:00",先物(仲介),,依依（株）,-,"=""092-231-0839""",空有,売買ありB00177-000462,8250001
倉庫,R00177-004402,,,,空,公開可,無,1298000,,階,2001年09月,福岡県北九州市戸畑区牧山海岸の貸工場【66坪】,,福岡県北九州市戸畑区牧山海岸2-24,,,2.00,2.00,,,,,221.10,66.88,19408,2026/07/29,"2026/01/28 10:14","2026/05/25 10:00",先物(仲介),,株式会社センチュリーダイソー　福岡支店,豊田,"=""092-409-0188""",,"※豊田さん担当

賃貸可能日は未定（オーナー使用中で本業、?忙のため）
1年後の可能性もあり、掲載を下げる可能性も大いにある
上記、元付ミクニには伝えていない

テナントの問合わせ状況によって、オーナー検討行う
賃料値下げなし
",8040077
倉庫,R00177-004165,,,,空,公開可,無,308000,,階,1976年04月,福岡県北九州市八幡西区引野1丁目の貸倉庫【72坪】,,福岡県北九州市八幡西区引野１丁目18-21,,,3.00,,,1.00,,360.60,238.68,72.2,4266,2026/06/11,"2025/03/27 09:14","2026/05/25 09:19",先物(仲介),,トリノ・リーシング,-,"=""093-616-0501""",空有,,8060067
貸地,R00177-004483,,,,更地,公開可,無,308000,,階,-,福岡県宮若市沼口の貸地【400坪】,,福岡県宮若市沼口1366-6,,,3.00,1.00,,,,1322.34,,400,770,2026/07/29,"2026/04/21 11:52","2026/05/23 18:35",自社,一般媒介,株式会社センチュリーダイソー　福岡支店,豊田,"=""092-409-0188""",,"オーナー：岡垣興業
住所：沼口1441向かい付近
5月中は整地工事予定",8220152
貸地,R00177-004505,,,,更地,公開可,無,290000,,階,-,福岡県糟屋郡篠栗町大字乙犬の貸地【298坪】,,福岡県糟屋郡篠栗町大字乙犬970-5,,,3.00,1.00,,,,986.91,,298.54,972,2026/06/22,"2026/05/22 12:11","2026/05/22 16:28",先物(仲介),,（有）ウエル総合企画,-,"=""092-947-5233""",,,8112412
貸地,R00177-004341,,,,古家付,アーカイブ(成約),無,880000,,階,-,福岡県福岡市博多区西月隈3丁目の貸地【426坪】,,福岡県福岡市博多区西月隈３丁目3-15,,,4.00,2.00,,,,1411.00,,426.82,2062,2026/01/27,"2025/11/11 16:36","2026/05/22 11:09",自社,一般媒介,株式会社センチュリーダイソー　福岡支店,田中,"=""092-409-0188""",,"田中さん担当
建物使用不可（未登記）",8120857
倉庫,R00177-004460,,,,居住中,アーカイブ(成約),無,650000,,階,1986年03月,福岡県北九州市若松区南二島2丁目の貸工場【85坪】,,福岡県北九州市若松区南二島２丁目18-8,,,,2.00,,,,,282.77,85.53,7599,2026/03/27,"2026/03/27 11:33","2026/05/20 10:50",先物(仲介),,株式会社不動産きんぐ,-,"=""093-631-0877""",空有,,8080109
倉庫,R00177-004494,,,,空,公開可,無,440000,,階,2021年11月,福岡県京都郡苅田町大字与原の貸倉庫【136坪】,,福岡県京都郡苅田町大字与原2042-1,32340,,6.00,1.00,,,,,450.68,136.33,3228,2026/06/25,"2026/04/28 12:13","2026/05/18 18:29",先物(仲介),,株式会社岩久興産,-,"=""092-282-9780""",空有,"テント倉庫
前面道路、大型通行規制あり",8000323
店舗事務所(建物一括),R00177-004503,,,,空,公開可,無,341000,,階,2022年11月,福岡県福岡市博多区金の隈2丁目の貸店舗・事務所【40坪】,,福岡県福岡市博多区金の隈２丁目3-50,,11000,2.00,2.00,,,33000,,134.13,40.57,8405,2026/06/11,"2026/05/15 10:32","2026/05/18 17:51",先物(仲介),,株式会社スペースＲデザイン,-,"=""092-720-2122""",空有,ＡＲＫ　ＢＡＳＥ　ＨＡＫＡＴＡ,8120863
倉庫,R00177-004173,,,,空,アーカイブ(成約),無,250000,,階,1993年04月,佐賀県小城市芦刈町芦溝の貸倉庫【98坪】,,佐賀県小城市芦刈町芦溝1146-1,,,4.00,4.00,,4.00,,1104.76,327.21,98.98,2526,2026/04/23,"2025/04/03 11:51","2026/05/18 16:15",先物(仲介),,（株）東武住販　春日原駅東口店,-,"=""092-915-7887""",空有,"敷地内に上下水引き込みはありだが、
水道、トイレなし（設置の場合は工事して良いか貸主相談、費用は借主負担）
過去資材置き場としてオーナー使用
シャッター前にある住居、別オーナー",8490311
倉庫,R00177-004468,,,,居住中,アーカイブ(成約),無,3676200,,階,1989年04月,福岡県糟屋郡久山町大字久原の貸倉庫【1113坪】,,福岡県糟屋郡久山町大字久原2904-2,,,3.00,1.00,,,,,3682.00,1113.8,3301,2026/04/08,"2026/04/08 11:06","2026/05/18 13:00",先物(仲介),,(有)パイルコーポレーション,-,"=""092-452-2233""",空有,"D区画のみ2.8tクレーンあり
分割可（一区画約300坪）
庇下：坪1000円別途必要",8112501
倉庫,R00177-004392,,,,空,アーカイブ(成約),無,275000,,階,1988年01月,福岡県北九州市小倉南区下城野3丁目の貸倉庫【90坪】,,福岡県北九州市小倉南区下城野３丁目2-8-4,,,,2.00,,,,,300.00,90.75,3031,2026/05/16,"2026/01/22 13:34","2026/05/16 10:26",先物(仲介),,（株）オーリー不動産,-,"=""093-932-7888""",空有,,8020804
倉庫,R00177-004470,,,,空,公開可,無,1800000,,階,2000年07月,福岡県嘉麻市上の貸倉庫【1347坪】,,福岡県嘉麻市上237-1,,,2.00,,,1.00,,,4453.00,1347.03,1337,2026/06/11,"2026/04/09 15:32","2026/05/15 09:18",先物(仲介),,（有）西部不動産,-,"=""0948-25-3343""",空有,"こたつやソファー等の製造工場として過去使用
2026.5 キュービクルあり　（半年前まで使用）故障の場合は貸主修繕相談可
天高、1F：約3.8m　2F：約2.8m　3F：約3.2m-4.2m
庇下、約4.1m",8200311
倉庫,R00177-004349,,,,居住中,公開可,無,1353000,,階,1995年03月,福岡県古賀市小山田の貸倉庫【410坪】,,福岡県古賀市小山田170-2,,,4.00,2.00,,,,,1358.40,410.91,3293,2026/07/29,"2025/11/19 15:49","2026/05/14 14:50",先物(仲介),,株式会社センチュリーダイソー　福岡支店,中村,"=""092-409-0188""",空有,中村さん担当物件,8113126
倉庫,R00177-004441,,,,空,アーカイブ(成約),無,1320000,,階,2026年03月,佐賀県鳥栖市永吉町の貸倉庫【35～450坪】,,佐賀県鳥栖市永吉町540-1,,,6.00,,,,,3234.07,120.00,36.3,36364,2026/05/14,"2026/03/11 16:31","2026/05/14 13:38",自社,一般媒介,株式会社センチュリーダイソー　福岡支店,中村,"=""092-409-0188""",空有,"オーナー反響物件：ゲートサービス様
貸地：R00177-003448",8410011
倉庫,R00177-004462,,,,空,アーカイブ(成約),無,440000,,階,2004年04月,佐賀県鳥栖市立石町の貸倉庫・事務所【91坪】,,佐賀県鳥栖市立石町1050-2,,,,2.00,,,22000,,301.62,91.24,4823,2026/05/14,"2026/04/01 16:06","2026/05/14 10:30",先物(仲介),,悠悠ホーム（株）春日原店,-,"=""092-581-1644""",空有,,8410075
貸地,R00177-004487,,,,更地,アーカイブ(成約),無,550000,,階,-,福岡県福岡市東区多々良2丁目の貸地【501坪】,,福岡県福岡市東区多々良２丁目542-1,,,3.00,,,,,1657.00,,501.24,1098,2026/05/13,"2026/04/23 12:05","2026/05/13 15:08",先物(仲介),,福岡市東部農業協同組合JRハウジングセンター,-,"=""092-621-4699""",,仲介中,8130033
貸地,R00177-004427,,,,更地,アーカイブ(成約),無,720000,,階,-,福岡県福岡市博多区半道橋2丁目の貸地【119坪】,,福岡県福岡市博多区半道橋２丁目13-36,,,8.00,,,,,394.00,,119.18,6042,2026/04/08,"2026/02/26 12:10","2026/05/13 15:08",先物(仲介),,（株）八紘堂,-,"=""092-522-8508""",,,8120897
店舗事務所(建物一括),R00177-004420,,,,居住中,アーカイブ(成約),無,660000,,階,2000年05月,福岡県那珂川市中原3丁目の貸店舗・事務所【60坪】,,福岡県那珂川市中原３丁目70-1,,,6.00,,,,,,198.35,60,11000,2026/05/12,"2026/02/17 11:54","2026/05/12 15:54",先物(仲介),,ＡＣＲＥ（株）福岡支社,-,"=""092-292-9688""",空有,,8111213
倉庫,R00177-004291,,,,,アーカイブ(成約),無,539000,,階,1970年02月,福岡県飯塚市伊岐須の貸倉庫【250坪】,,福岡県飯塚市伊岐須486-1,,,3.00,1.00,,,,,829.14,250.81,2149,2026/05/11,"2025/08/28 13:47","2026/05/11 18:06",自社,一般媒介,株式会社センチュリーダイソー　福岡支店,豊田,"=""092-409-0188""",空有,オーナー反響：西日本運送㈱,8200053
倉庫,R00177-004290,,,,,アーカイブ(成約),無,572000,,階,1996年01月,福岡県飯塚市伊岐須の貸倉庫【200坪】,,福岡県飯塚市伊岐須486-1,,,3.00,1.00,,,,,661.41,200.07,2859,2026/05/11,"2025/08/28 13:41","2026/05/11 18:06",自社,一般媒介,株式会社センチュリーダイソー　福岡支店,豊田,"=""092-409-0188""",空有,"オーナー反響：西日本運送㈱
動力あり
トイレなし、仮設トイレの設置：借主
（オーナートイレの使用は相談）",8200053
倉庫,R00177-004304,,,,築後未入居,アーカイブ(成約),無,1056000,,階,2025年08月,福岡県筑後市大字溝口の貸倉庫【300坪】,,福岡県筑後市大字溝口4,,,3.00,1.00,,,,,998.37,302,3497,2026/05/11,"2025/09/16 10:55","2026/05/11 18:06",自社,一般媒介,株式会社センチュリーダイソー　福岡支店,豊田,"=""092-409-0188""",空有,"オーナー反響：宝生流通システム㈱
上水：井戸水（汲み上げポンプあり）
下水なし、
トイレなし、事務所なし（設置相談可）
・オーナーにてトイレ設置検討中
・駐車場も5台程度は確保可能
・賃貸区画は一番左の区画（隣２つはオーナー使用）",8330012
貸地,R00177-004498,,,,更地,公開可,無,3500000,,階,-,福岡県北九州市若松区響町1丁目の貸地【3487坪】,,福岡県北九州市若松区響町１丁目1,,,3.00,,,,,11528.54,,3487.38,1004,2026/06/11,"2026/05/11 13:58","2026/05/11 14:04",先物(仲介),,（株）メイヴス,-,"=""092-400-2341""",,地番：13-5,8080021
倉庫,R00177-004439,,,,居住中,アーカイブ(成約),無,400000,,階,-,福岡県古賀市天神4丁目の貸倉庫【64坪】,,福岡県古賀市天神４丁目13-28,,,5.00,,,,,571.73,213.55,64.59,6193,2026/05/11,"2026/03/11 11:54","2026/05/11 10:00",先物(仲介),,花鶴不動産商事,-,"=""092-942-7669""",空有,,8113101
店舗事務所(建物一括),R00177-004396,,,,空,アーカイブ(成約),無,290000,,階,1998年07月,福岡県太宰府市高雄1丁目の貸店舗・事務所【19坪】,,福岡県太宰府市高雄１丁目3668-5,,,3.00,,,,,,63.74,19.28,15041,2026/04/08,"2026/01/26 11:33","2026/05/07 13:18",先物(仲介),,青山地建（株）,-,"=""092-924-4111""",空有,,8180122
倉庫,R00177-004270,,,,建築中,アーカイブ(成約),無,198000,,階,2026年04月,福岡県糟屋郡新宮町大字下府の貸倉庫・事務所【25坪】,,福岡県糟屋郡新宮町大字下府,,,6.00,,,,,,84.27,25.49,7768,2026/01/14,"2025/08/05 17:47","2026/05/01 19:17",先物(仲介),,株式会社大熊建設,-,"=""092-504-3142""",空有,"OP新宮Ⅱ　A棟1・2号室
新宮町下府16街区1（住所：下府大字827近辺）",8110112
倉庫,R00177-004272,,,,建築中,アーカイブ(成約),無,264000,,階,2026年04月,福岡県糟屋郡新宮町大字下府の貸倉庫・事務所【36坪】,,福岡県糟屋郡新宮町大字下府,,,6.00,,,,,,119.25,36.07,7319,2026/03/13,"2025/08/06 10:20","2026/05/01 19:14",先物(仲介),,株式会社大熊建設,-,"=""092-504-3142""",空有,"OP新宮Ⅱ　A棟4・5・6号室
新宮町下府16街区1（住所：下府大字827近辺）",8110112
倉庫,R00177-004273,,,,建築中,アーカイブ(成約),無,440000,,階,2026年04月,福岡県糟屋郡新宮町大字下府の貸倉庫・事務所【61坪】,,福岡県糟屋郡新宮町大字下府,,,6.00,,,,,,202.22,61.17,7193,2025/11/18,"2025/08/06 10:31","2026/05/01 19:10",先物(仲介),,株式会社大熊建設,-,"=""092-504-3142""",空有,"OP新宮Ⅱ　B棟1号室
新宮町下府16街区1（住所：下府大字827近辺）",8110112
倉庫,R00177-004269,,,,居住中,公開可,無,495000,,階,1988年02月,福岡県福岡市博多区東那珂3丁目の貸倉庫・事務所【61坪】,,福岡県福岡市博多区東那珂３丁目6-16,19250,,3.00,2.00,,,33000,,202.02,61.11,8101,2026/06/24,"2025/08/04 12:02","2026/05/01 14:21",先物(仲介),,（株）アイディエス　店舗アップ福岡,-,"=""092-791-7935""",空有,"駐車場について：将来的に、前面道路の拡張工事が行われ、駐車スペースがなくなる予定
　　　　　　　　駐車場なくなった後は、倉庫内に駐車をお願いするとのこと",8120892
店舗事務所(建物一括),R00177-004497,,,,居住中,公開可,無,330000,,階,1981年02月,福岡県大野城市御笠川6丁目の貸事務所【46坪】,,福岡県大野城市御笠川６丁目5-12,,,4.00,,,,1.00,330.60,152.46,46.11,7156,2026/06/29,"2026/04/30 12:08","2026/04/30 14:04",先物(仲介),,昭和地所開発株式会社,-,"=""092-504-0088""",空有,8月末日退去予定,8160912
倉庫,R00177-004495,,,,築後未入居,公開可,無,258500,,階,2026年03月,福岡県大野城市南ケ丘3丁目の貸倉庫・事務所【32坪】,,福岡県大野城市南ケ丘３丁目1-11,,,,1.00,,,,,109.00,32.97,7840,2026/06/24,"2026/04/30 10:12","2026/04/30 14:04",先物(仲介),,（株）田島不動産,-,"=""092-581-0621""",空有,ベリッシモ大野城A,8160964
倉庫,R00177-004378,,,,使用中,アーカイブ(成約),無,2200000,,階,1979年10月,福岡県柳川市三橋町枝光の貸倉庫【684坪】,,福岡県柳川市三橋町枝光4-2,,,5.00,1.00,,,,5293.62,2262.00,684.25,3216,2025/12/25,"2025/12/25 12:05","2026/04/29 12:47",先物(仲介),,株式会社センチュリーダイソー　福岡支店,-,"=""092-409-0188""",空有,"オーナー反響：ダイワプランニング
※非公開、オーナー承認後公開
用途変更不可（鉄工所もしくは倉庫のみ）
築年数一番古い建物で登録",8320807
貸地,R00177-004491,,,,更地,公開可,無,290000,,階,-,福岡県宮若市龍徳の貸地【535坪】,,福岡県宮若市龍徳31-4,,,2.00,1.00,,,,1770.00,,535.42,542,2026/07/29,"2026/04/27 10:34","2026/04/28 15:54",自社,一般媒介,株式会社センチュリーダイソー　福岡支店,田中,"=""092-409-0188""",,田中さん担当,8230001
貸地,R00177-004489,,,,更地,公開可,無,935000,,階,-,熊本県熊本市東区下南部3丁目の貸地【747坪】,,熊本県熊本市東区下南部３丁目251-1,,,3000000,,,,,2470.50,,747.32,1252,2026/06/26,"2026/04/24 10:19","2026/04/24 14:24",先物(仲介),,古荘都市開発株式会社,-,"=""096-355-6428""",,駐車場、資材置き場として利用可,8618019
倉庫,R00177-004408,,,,空,アーカイブ(成約),無,715000,,階,1990年09月,福岡県糟屋郡新宮町上府北3丁目の貸倉庫【193坪】,,福岡県糟屋郡新宮町上府北３丁目776-27,,,3.00,1.00,,,,1006.00,640.85,193.85,3689,2026/04/24,"2026/02/03 14:35","2026/04/24 13:31",先物(仲介),,常盤商事株式会社　福岡支店,-,"=""092-281-3040""",空有,"※仲介中
定期借家契約5年
トイレ・事務所なし（水道引込無）
シャッター真ん中不調（原因不明）
クレーン梁下約5.3m
シャッター：高さ約4mx横約3.9m
中二階サイズ：横14mx奥行4.4m（1階高さ2.3m）",8110123
倉庫,R00177-004469,,,,空,公開可,無,1320000,,階,1980年11月,福岡県八女市龍ケ原の貸工場【1112坪】,,福岡県八女市龍ケ原214,,,2.00,,,,,,3677.04,1112.3,1187,2026/06/11,"2026/04/09 14:28","2026/04/21 17:58",先物(仲介),,西日本産業（株）Ｓｍｉｌｅ　Ｈｏｍｅ　Ｔｏｗｎ,-,"=""0942-39-5727""",空有,,8340067
倉庫,R00177-004169,,,,空,公開可,無,990000,,階,2025年11月,福岡県太宰府市梅香苑1丁目の貸倉庫・事務所【112坪】,,福岡県太宰府市梅香苑１丁目3657,,,6.00,,,,,,373.50,112.98,8763,2026/07/10,"2025/04/01 11:54","2026/04/21 17:43",先物(仲介),,株式会社大熊建設,-,"=""092-504-3142""",空有,"JHQビル
※完成予定図のネイビーの建物1棟
※事務所面積は201㎡
住所：梅香苑1丁目19-6",8180124
倉庫,R00177-004343,,,,空,アーカイブ(成約),無,330000,,階,2003年06月,福岡県糸島市篠原東3丁目の貸倉庫・事務所【14坪】,,福岡県糸島市篠原東３丁目3-55,,,3.00,1.00,,,,,47.71,14.43,22866,2026/04/21,"2025/11/13 11:20","2026/04/21 16:54",先物(仲介),,株式会社吉住開発,-,"=""092-323-4672""",空有,認証工場取れない,8191128
倉庫,R00177-004374,,,,使用中,アーカイブ(成約),無,1100000,,階,1982年02月,福岡県福岡市東区原田1丁目の貸倉庫【200坪】,,福岡県福岡市東区原田１丁目22-40,,,2.00,1.00,,,,,661.16,200,5500,2026/04/21,"2025/12/22 16:41","2026/04/21 14:52",自社,一般媒介,株式会社センチュリーダイソー　福岡支店,豊田,"=""092-409-0188""",空有,"※非公開、マッチングのみ
転貸（トランスネット）
敷地一部共有",8120063
倉庫,R00177-004260,,,,空,アーカイブ(成約),無,880000,,階,1977年11月,福岡県福岡市早良区荒江2丁目の貸倉庫・事務所【231坪】,,福岡県福岡市早良区荒江２丁目8-28,,,6.00,,,,,,766.00,231.71,3798,2026/04/21,"2025/07/17 14:10","2026/04/21 14:52",先物(仲介),,(株)福住テナント営業部,-,"=""092-712-0255""",空有,"定借10年まで相談可
倉庫事務所のみ可（庫内作業のある業種?）",8140021
店舗事務所(建物一括),R00177-004476,,,,空,公開可,無,770000,,階,1997年05月,福岡県北九州市八幡西区浅川日の峯2丁目の貸店舗【124坪】,,福岡県北九州市八幡西区浅川日の峯２丁目27-33,,,10.00,,,,,,413.00,124.93,6164,2026/06/24,"2026/04/16 11:47","2026/04/16 18:19",先物(仲介),,株式会社立地ライズ,-,"=""092-292-5681""",空有,,8070876
店舗事務所(建物一括),R00177-004473,,,,空,公開可,無,330000,,階,1997年09月,福岡県北九州市八幡東区諏訪1丁目の貸事務所【14坪】,,福岡県北九州市八幡東区諏訪１丁目9-17,,,2.00,1.00,,,,515.70,46.37,14.02,23527,2026/07/24,"2026/04/13 15:56","2026/04/16 17:44",先物(仲介),,あす･はーと株式会社,-,"=""093-662-6867""",空有,,8050006
店舗事務所(建物一部),R00177-004451,,,,居住中,アーカイブ(成約),無,1386000,,階,1991年12月,福岡県筑紫野市杉塚2丁目の貸店舗・事務所【144坪】,,福岡県筑紫野市杉塚２丁目14-8,,,10.00,1.00,,,,,477.83,144.54,9589,2026/04/16,"2026/03/17 10:06","2026/04/16 17:11",先物(仲介),,ディプラス株式会社,-,"=""092-526-2711""",空有,,8180054
店舗事務所(建物一部),R00177-004472,,,,空,公開可,無,880000,,階,1997年11月,福岡県遠賀郡岡垣町野間2丁目の貸店舗【172坪】,,福岡県遠賀郡岡垣町野間２丁目285-1,,,10.00,,,,,,570.56,172.59,5099,2026/06/25,"2026/04/10 14:52","2026/04/16 16:49",先物(仲介),,（有）ヤマシタ産業,-,"=""0942-42-3001""",空有,サンリーショッピングタウン,8114233
貸地,R00177-004474,,,,古家付,公開可,無,269500,,階,-,福岡県糟屋郡志免町大字吉原の貸地【161坪】,,福岡県糟屋郡志免町大字吉原175-1,,,3.00,,,,,532.48,,161.07,1674,2026/07/16,"2026/04/15 11:41","2026/04/16 16:43",先物(仲介),,パシフィックジャパン（株）,-,"=""092-611-6464""",,,8112208
倉庫,R00177-004475,,,,空,公開可,無,440000,,階,1994年05月,福岡県三井郡大刀洗町大字上高橋の貸倉庫【107坪】,,福岡県三井郡大刀洗町大字上高橋1121-1,,,5.00,,,,,,355.97,107.68,4087,2026/06/25,"2026/04/15 12:06","2026/04/15 17:25",先物(仲介),,オフィスネットワーク(株),-,"=""092-452-5111""",空有,,8301222
店舗事務所(建物一括),R00177-004227,,,,空,アーカイブ(成約),無,1320000,,階,2001年01月,佐賀県三養基郡上峰町大字坊所の貸店舗・事務所【200坪】,,佐賀県三養基郡上峰町大字坊所1570-88,,,5.00,,,,,,661.16,200,6600,2026/03/12,"2025/06/04 11:57","2026/04/15 17:22",先物(仲介),,久栄商事（有）,-,"=""0942-38-3838""",空有,"11/20物確：動力あり、プロパンガス、公共上下水
引渡し4/1～可",8490123
店舗事務所(建物一括),R00177-004298,,,,空,アーカイブ(成約),無,180000,,階,1982年10月,福岡県八女郡広川町大字太田の貸店舗・事務所【46坪】,,福岡県八女郡広川町大字太田415-1,,,5.00,1.00,,,11000,,154.04,46.59,3863,2026/03/12,"2025/09/08 16:11","2026/04/15 17:16",先物(仲介),,（株）ダイナックス,-,"=""0942-22-1066""",空有,,8340114
店舗事務所(建物一括),R00177-004448,,,,空,アーカイブ(成約),無,380000,,階,1986年09月,福岡県福岡市博多区諸岡2丁目の貸事務所【38坪】,,福岡県福岡市博多区諸岡２丁目4-6,,,8.00,,,,,,126.00,38.11,9970,2026/03/16,"2026/03/16 11:38","2026/04/15 17:10",先物(仲介),,丸善不動産（株）,-,"=""092-411-5001""",空有,"諸岡山﨑事務所 101
店舗不可",8120894
倉庫,R00177-004463,,,,空,アーカイブ(成約),無,209000,,階,2002年05月,福岡県福岡市博多区上牟田2丁目の貸倉庫・事務所【22坪】,,福岡県福岡市博多区上牟田２丁目7-1,,,6.00,,,,,,74.98,22.68,9215,2026/04/03,"2026/04/01 16:38","2026/04/15 11:03",先物(仲介),,(有)パイルコーポレーション,-,"=""092-452-2233""",空有,仲介中,8120006
倉庫,R00177-004407,,,,空,公開可,無,528000,,階,1994年04月,福岡県那珂川市片縄2丁目の貸倉庫・事務所【106坪】,,福岡県那珂川市片縄２丁目32,,,6.00,,,,,,352.63,106.67,4950,2026/07/06,"2026/02/03 10:41","2026/04/13 17:57",先物(仲介),,(株)筑紫不動産リードハウス,-,"=""092-591-7888""",空有,,8111201
倉庫,R00177-004471,,,,居住中,公開可,無,530000,,階,2024年01月,福岡県宮若市山口の貸倉庫【134坪】,,福岡県宮若市山口1306-2,,,3.00,3.00,,,,,445.50,134.76,3933,2026/06/25,"2026/04/10 14:13","2026/04/13 17:22",先物(仲介),,(株)福岡住宅センター,-,"=""092-715-0636""",空有,張力膜屋根平屋建,8220153
倉庫,R00177-004391,,,,空,公開可,無,0,,階,2026年02月,佐賀県三養基郡基山町大字長野の貸倉庫【2047坪～】,,佐賀県三養基郡基山町大字長野149,,,6.00,,,,,,6768.89,2047.58,,2026/07/29,"2026/01/21 16:50","2026/04/10 17:12",自社,一般媒介,株式会社センチュリーダイソー　福岡支店,-,"=""092-409-0188""",空有,"オーナー反響：ESR阿部様
基山町ディストリビューションセンター
賃料相談で掲載
※最小賃貸区画（F区画）で記載、全8区画

倉庫・バース 1-2階区画　4,050円/坪（共益費込、税別）
　　　　　　 3-4階区画　3,950円/坪（共益費込、税別）
事務所　　　          　　   7,500円/坪（共益費込、税別）
乗用車駐車場　　　　　　　3,500円/台（税別）

梁下有効高さ　5.5～6.9m
床荷重　1階 2.5t/㎡、2～4階 1.5t/㎡",8410202
倉庫,R00177-004025,,,,居住中,公開可,無,550000,,階,1996年05月,福岡県福岡市東区原田1丁目の貸倉庫【78坪】,,福岡県福岡市東区原田１丁目41-18,,,6.00,,,,,,259.96,78.63,6995,2026/06/24,"2024/11/11 15:29","2026/04/10 09:32",先物(仲介),,コミュニケーション･クリエイト,-,"=""092-643-7741""",空有,,8120063
店舗事務所(建物一括),R00177-003927,,,,空,アーカイブ(成約),無,495000,,階,1989年07月,福岡県遠賀郡水巻町立屋敷1丁目の貸店舗・事務所【60坪】,,福岡県遠賀郡水巻町立屋敷１丁目16-5,,,,,,1.00,,847.89,199.93,60.47,8185,2026/03/12,"2024/08/21 15:30","2026/04/08 18:10",先物(仲介),,栄和興産株式会社,-,"=""093-551-1644""",空有,"図面確認中9/24
090-5473-3093",8070051
倉庫,R00177-003969,,,,築後未入居,アーカイブ(成約),無,797500,,階,2024年05月,福岡県糟屋郡須惠町大字植木の貸倉庫【132坪】,,福岡県糟屋郡須惠町大字植木431-1,,,5.00,,,,,,439.20,132.85,6003,2026/03/12,"2024/09/26 14:48","2026/04/08 18:06",先物(仲介),,入江不動産株式会社,-,"=""092-933-0001""",空有,"第50　MPL須恵Ⅰ　Ｂ棟5・6号室
事務所設置可
定借10年
シャッター　高さ：4m　横3ｍ
天井高　7ｍ~6.1m",8112112
貸地,R00177-004335,,,,古家付,公開可,無,500000,,階,-,福岡県筑紫野市大字山家の貸地【636坪】,,福岡県筑紫野市大字山家2505,,,6.00,,,,,2102.99,,636.15,786,2026/06/24,"2025/10/30 11:47","2026/04/08 17:55",先物(仲介),,株式会社立地ライズ,-,"=""092-292-5681""",,,8180003
倉庫,R00177-004214,,,,空,アーカイブ(成約),無,462000,,階,1988年11月,福岡県八女市本村の貸倉庫【123坪】,,福岡県八女市本村924-2,,,3.00,1.00,,,,,409.14,123.76,3733,2026/03/11,"2025/05/15 10:31","2026/04/08 17:34",先物(仲介),,福岡八女農業協同組合,-,"=""0943-23-1155""",空有,6月以降内覧可,8340063
倉庫,R00177-004151,,,,空,アーカイブ(成約),無,275000,,階,1996年02月,福岡県柳川市間の貸倉庫・工場【167坪】,,福岡県柳川市間1572-2,,,4.00,2.00,,,,805.00,554.24,167.65,1641,2026/03/12,"2025/03/10 10:21","2026/04/08 17:31",先物(仲介),,(株)ヤマダエステート,-,"=""0944-72-4810""",空有,"内覧立ち合い
動力あり（共用）、クレーン300kg
奥の建物はオーナ使用、
南側角の敷地は駐車スペースとして使用可",8320088
貸地,R00177-004418,,,,更地,アーカイブ(成約),無,380000,,階,-,福岡県福岡市西区今宿青木の貸地【447坪】,,福岡県福岡市西区今宿青木1055-1,,,4.00,,,,,1478.39,,447.21,850,2026/03/10,"2026/02/12 13:41","2026/04/08 16:46",先物(仲介),,株式会社立地ライズ,-,"=""092-292-5681""",,住所：1058-1付近,8190162
店舗事務所(建物一部),R00177-004416,,,,空,公開可,無,990000,,階,1997年07月,福岡県福岡市南区向野1丁目の貸事務所【99坪】,,福岡県福岡市南区向野１丁目13-9,,,5.00,,,,,,329.26,99.6,9940,2026/06/24,"2026/02/10 14:34","2026/04/08 16:44",先物(仲介),,株式会社データランド,-,"=""092-553-1688""",空有,"森藤不動産第6ビル1,2F",8150035
倉庫,R00177-004170,,,,居住中,アーカイブ(成約),無,385000,,階,1979年06月,福岡県福岡市博多区諸岡3丁目の貸倉庫・事務所【25坪】,,福岡県福岡市博多区諸岡３丁目25-4,,,3.00,,,,,,85.83,25.96,14829,2026/03/06,"2025/04/01 12:04","2026/04/08 16:29",先物(仲介),,（株）オクゼン不動産　大橋店,-,"=""092-554-6789""",空有,売買ありB00177-000435,8120894
倉庫,R00177-004438,,,,空,アーカイブ(成約),無,207900,,階,2005年01月,福岡県福岡市博多区東那珂1丁目の貸倉庫・事務所【19坪】,,福岡県福岡市博多区東那珂１丁目9-7,,,6.00,,,,,,65.00,19.66,10574,2026/03/10,"2026/03/10 12:01","2026/04/08 16:27",先物(仲介),,（株）エキナン地所,-,"=""092-710-5331""",空有,,8120892
貸地,R00177-004403,,,,更地,アーカイブ(成約),無,400000,,階,-,福岡県北九州市八幡西区則松2丁目の貸地【286坪】,,福岡県北九州市八幡西区則松２丁目7,,,2.00,2.00,,,,948.00,,286.77,1395,2026/03/06,"2026/01/29 11:37","2026/04/08 16:26",先物(仲介),,株式会社ミクニ,-,"=""093-541-0392""",,,8070831
倉庫,R00177-004415,,,,空,アーカイブ(成約),無,660000,,階,1994年01月,福岡県北九州市若松区南二島1丁目の貸倉庫【208坪】,,福岡県北九州市若松区南二島１丁目6-14,,,6.00,1.00,,,,,688.50,208.27,3169,2026/03/06,"2026/02/10 13:50","2026/04/08 16:23",先物(仲介),,（株）不動産のデパートひろた　本社,-,"=""093-663-3939""",,,8080109
倉庫,R00177-004127,,,,空,アーカイブ(成約),無,286000,,階,2025年07月,福岡県筑紫野市塔原東3丁目の貸倉庫・事務所【37坪】,,福岡県筑紫野市塔原東３丁目509-1,,,6.00,,,,,1383.95,124.50,37.66,7595,2026/03/13,"2025/02/20 15:19","2026/04/08 15:21",先物(仲介),,株式会社大熊建設,-,"=""092-504-3142""",空有,"オフィスパレア筑紫野Ⅷ　2号室
駐車場　1・2号室7台、3号室6台",8180059
倉庫,R00177-004107,,,,空,アーカイブ(成約),無,429000,,階,2025年12月,福岡県大野城市御笠川3丁目の貸倉庫・事務所【46坪】,,福岡県大野城市御笠川３丁目3-15,,,6.00,,,,,918.00,153.58,46.45,9235,2026/03/13,"2025/02/06 14:58","2026/04/08 15:16",先物(仲介),,株式会社大熊建設,-,"=""092-504-3142""",空有,オフィスパレア御笠川15　2号室,8160912
倉庫,R00177-004119,,,,空,公開可,無,770000,,階,2025年10月,福岡県朝倉郡筑前町栗田の貸倉庫【201坪】,,福岡県朝倉郡筑前町栗田2681-4,,,3.00,,,3.00,,1229.64,665.00,201.16,3828,2026/07/10,"2025/02/14 15:26","2026/04/08 14:57",先物(仲介),,株式会社大熊建設,-,"=""092-504-3142""",空有,"オフィスストレージ筑前Ⅰ　C棟
住所：筑前町栗田2680-1の隣
※キャンペーン中、マッチングのみ",8380801
倉庫,R00177-004118,,,,空,公開可,無,770000,,階,2025年10月,福岡県朝倉郡筑前町栗田の貸倉庫【200坪】,,福岡県朝倉郡筑前町栗田2681-4,,,3.00,,,3.00,,1229.71,663.00,200.55,3840,2026/07/10,"2025/02/14 15:21","2026/04/08 14:57",先物(仲介),,株式会社大熊建設,-,"=""092-504-3142""",空有,"オフィスストレージ筑前Ⅰ　B棟
住所：筑前町栗田2680-1の隣
※キャンペーン中、マッチングのみ",8380801
倉庫,R00177-004178,,,,築後未入居,公開可,無,165000,,階,2024年11月,福岡県北九州市八幡西区茶屋の原2丁目の貸倉庫・事務所【30坪】,,福岡県北九州市八幡西区茶屋の原２丁目13-3,,,3.00,,,,,821.25,99.81,30.19,5465,2026/07/10,"2025/04/08 14:41","2026/04/08 14:54",先物(仲介),,株式会社大熊建設,-,"=""092-504-3142""",空有,"OP八幡西Ⅰ　A棟2～4号室
※キャンペーン中、マッチングのみ
",8071134
倉庫,R00177-004384,,,,空,公開可,無,187000,,階,2019年03月,佐賀県佐賀市新栄東1丁目の貸倉庫・事務所【26坪】,,佐賀県佐賀市新栄東１丁目4-8,,,6.00,,,,,,88.31,26.71,7001,2026/07/10,"2026/01/15 10:55","2026/04/08 14:52",先物(仲介),,株式会社大熊建設,-,"=""092-504-3142""",空有,オフィスパレア佐賀Ⅰ　5号室,8400850
店舗事務所(建物一部),R00177-004385,,,,空,公開可,無,220000,,階,2008年11月,福岡県春日市下白水北6丁目の貸店舗・事務所【18坪】,,福岡県春日市下白水北６丁目144-1,,,6.00,,,,,,62.51,18.9,11635,2026/07/10,"2026/01/15 11:53","2026/04/08 14:52",先物(仲介),,株式会社大熊建設,-,"=""092-504-3142""",空有,柴田店舗　B・C号,8160854
倉庫,R00177-003929,,,,空,公開可,無,209000,,階,2024年08月,長崎県長崎市京泊3丁目の貸倉庫・事務所【115坪】,,長崎県長崎市京泊３丁目7-20,,,2.00,,,2.00,,1332.70,383.34,115.96,1803,2026/07/10,"2024/08/22 11:43","2026/04/08 14:52",先物(仲介),,株式会社大熊建設,-,"=""092-504-3142""",空有,OP長崎Ⅱ　A棟2号室,8512211
倉庫,R00177-004411,,,,居住中,アーカイブ(成約),無,660000,,階,1978年09月,福岡県大野城市御笠川3丁目の貸倉庫【99坪】,,福岡県大野城市御笠川３丁目6-8,,,4.00,,,,1.00,,330.00,99.82,6612,2026/03/18,"2026/02/05 11:50","2026/04/08 10:13",先物(仲介),,昭和地所開発株式会社,-,"=""092-504-0088""",空有,"浅利倉庫
2026/3/2　現状2社申込有、先着ではなく、一旦募集募り（3月中）、貸主がテナント選定行う
2026/3/18　申込あり、ほぼ決まる
",8160912
倉庫,R00177-004083,,,,居住中,アーカイブ(成約),無,660000,,階,1987年11月,福岡県北九州市八幡西区引野3丁目の貸倉庫・事務所【144坪】,,福岡県北九州市八幡西区引野３丁目17-22,,,,1.00,,,,416.00,477.52,144.44,4570,2026/02/18,"2025/01/16 16:19","2026/04/07 18:10",先物(仲介),,（株）不動産のデパートひろた　本社,-,"=""093-663-3939""",空有,元付複数あり：REH　HAUS,8060067
倉庫,R00177-004386,,,,空,アーカイブ(成約),無,385000,,階,1994年11月,福岡県北九州市八幡西区永犬丸3丁目の貸倉庫・事務所【120坪】,,福岡県北九州市八幡西区永犬丸３丁目10-8,,,3.00,1.00,,,,737.00,397.43,120.22,3203,2026/02/18,"2026/01/16 11:04","2026/04/07 18:08",先物(仲介),,ハッピーハウス（株）北九州店,-,"=""093-616-9725""",空有,,8070851
倉庫,R00177-004080,,,,空,アーカイブ(成約),無,1980000,,階,1981年05月,福岡県北九州市若松区南二島2丁目の貸倉庫・工場【333坪】,,福岡県北九州市若松区南二島２丁目16-11,,,4000000,2000000,,,,,1101.58,333.22,5942,2026/02/18,"2025/01/14 10:40","2026/04/07 17:56",先物(仲介),,（株）不動産のデパートひろた　本社,-,"=""093-663-3939""",,ATBB掲載,8080109
倉庫,R00177-004381,,,,空,公開可,無,1080000,,階,1989年01月,福岡県北九州市門司区大字猿喰の貸工場【518坪】,,福岡県北九州市門司区大字猿喰708-1,33000,,1.00,2.00,,,,2552.00,1713.00,518.18,2085,2026/06/24,"2026/01/07 11:30","2026/04/07 17:54",先物(仲介),,有限会社ミツワ総建,-,"=""093-475-8648""",空有,,8000102
貸地,R00177-004168,,,,更地,アーカイブ(成約),無,350000,,階,-,福岡県小郡市干潟の貸地【1013坪】,,福岡県小郡市干潟1275-1,,,,1.00,,,,3350.33,,1013.47,346,2026/02/16,"2025/03/31 11:26","2026/04/07 16:36",先物(仲介),,（株）ｚｅｒｏソリューション,-,"=""0942-27-8000""",,プレハブ事務所使用可,8380112
倉庫,R00177-003932,,,,空,アーカイブ(成約),無,156750,,階,2024年08月,長崎県長崎市京泊3丁目の貸倉庫・事務所【86坪】,,長崎県長崎市京泊３丁目7-18,,,2.00,,,2.00,,1332.70,286.55,86.68,1809,2026/04/02,"2024/08/22 13:53","2026/04/02 13:50",先物(仲介),,株式会社大熊建設,-,"=""092-504-3142""",空有,OP長崎Ⅱ　B棟2号室,8512211
店舗事務所(建物一部),R00177-004226,,,,空,公開可,無,297000,,階,2001年06月,福岡県福岡市東区和白2丁目の貸店舗・事務所【24坪】,,福岡県福岡市東区和白２丁目9-33,,,6.00,,,,,,80.00,24.2,12273,2026/06/24,"2025/06/04 11:32","2026/04/01 16:55",先物(仲介),,福岡市東部農業協同組合JRハウジングセンター,-,"=""092-621-4699""",空有,"駐車場：建物向かって左手の3区画分は全て使用可
倉庫利用不可",8110202
倉庫,R00177-004364,,,,空,アーカイブ(成約),無,1210000,,階,1971年02月,福岡県直方市大字植木の貸倉庫【523坪】,,福岡県直方市大字植木1140-1,,,3.00,2.00,,,,4331.93,1729.82,523.27,2313,2026/03/12,"2025/12/05 10:45","2026/03/31 13:47",先物(仲介),,センチュリー21(株)みずほ不動産,-,"=""092-431-3933""",空有,"2026.03.31 貸主都合で募集落とし
※前面道路大型車通行止め標識あり
イマス貸主",8220031
倉庫,R00177-004199,,,,築後未入居,公開可,無,536580,,階,2025年05月,福岡県福岡市博多区吉塚8丁目の貸倉庫・事務所【48坪】,,福岡県福岡市博多区吉塚８丁目2-15,,,8.00,,,,,,161.25,48.77,11001,2026/07/29,"2025/05/01 15:45","2026/03/31 11:33",自社,一般媒介,株式会社センチュリーダイソー　福岡支店,中村,"=""092-409-0188""",空有,"オーナー反響：西日本新聞様
20251112現在　B棟2.3.4号室空き
吉塚スクエア　タイプ1（A棟2・3号室、B棟2～6号室）",8120041
貸地,R00177-004261,,,,更地,公開可,無,280000,,階,-,福岡県嘉麻市漆生の貸地【938坪】,,福岡県嘉麻市漆生189,,,3.00,,,,,3103.00,,938.65,299,2026/07/29,"2025/07/18 17:26","2026/03/31 11:32",自社,一般媒介,株式会社センチュリーダイソー　福岡支店,豊田,"=""092-409-0188""",,"オーナー反響：㈱ベルエア様
うるしお",8200201
倉庫,R00177-004149,,,,築後未入居,アーカイブ(成約),無,0,,階,2024年09月,福岡県北九州市小倉北区西港町の貸倉庫【6900坪】,,福岡県北九州市小倉北区西港町15-76,,,,,,,,35439.27,22809.92,6900,,2026/03/31,"2025/03/07 15:33","2026/03/31 11:31",自社,一般媒介,株式会社センチュリーダイソー　福岡支店,-,"=""092-409-0188""",,"戸畑物流㈱様物件
※非公開、マッチング可",8030801
倉庫,R00177-004143,,,,空,公開可,無,220000,,階,1990年01月,福岡県飯塚市忠隈の貸倉庫【38坪】,,福岡県飯塚市忠隈521-1,,,3.00,1.00,,,,,128.75,38.94,5649,2026/07/29,"2025/03/03 16:09","2026/03/31 11:31",自社,一般媒介,株式会社センチュリーダイソー　福岡支店,田中,"=""092-409-0188""",空有,"店舗利用可
※種別倉庫で再登録",8200071
倉庫,R00177-004281,,,,使用中,公開可,無,495000,,階,1985年10月,福岡県福岡市博多区半道橋2丁目の貸倉庫【45坪】,,福岡県福岡市博多区半道橋２丁目6-59,,,4.00,2.00,,,,,150.00,45.37,10910,2026/07/29,"2025/08/07 11:41","2026/03/31 11:28",自社,一般媒介,株式会社センチュリーダイソー　福岡支店,田中,"=""092-409-0188""",空有,"オーナー：九州シントー様
前面道路4m以下の為、大型車不可（4tまで）・工場利用不可、電気・水道なし
住所：半道橋2丁目6-29",8120897
倉庫,R00177-004338,,,,空,公開可,無,957000,,階,1998年02月,福岡県久留米市三潴町西牟田の貸倉庫【319坪】,,福岡県久留米市三潴町西牟田804-1,,,3.00,1.00,,,,1578.24,1057.60,319.92,2992,2026/07/29,"2025/11/05 11:23","2026/03/31 11:28",自社,一般媒介,株式会社センチュリーダイソー　福岡支店,豊田,"=""092-409-0188""",空有,"オーナー反響：㈱大地商会

住所：三潴町西牟田804-1
下水汲取り、和式簡易水洗トイレ、テーブルリフトあり

物件完成当時は無指定地域も、2,3年後に第一低層住居および第一種住居地域が設定された（補助金絡み）
電話ではあるが役所確認して、倉庫利用であれば問題ないとのことで回答あり
",8300111
倉庫,R00177-004347,,,,空,公開可,無,660000,,階,1993年10月,福岡県大牟田市大字唐船の貸倉庫【250坪】,,福岡県大牟田市大字唐船65-7,,,3.00,1.00,,,,,826.45,250,2640,2026/07/29,"2025/11/17 14:29","2026/03/31 11:25",自社,一般媒介,株式会社センチュリーダイソー　福岡支店,中村,"=""092-409-0188""",空有,"オーナー反響：市村運送様
倉庫内改装工事中、事務所棟は解体し駐車場予定
3/6　1階使用中のため、
2階の250坪倉庫と1階事務所・トイレ部分のみの募集
１棟貸し(元の条件)も契約後１年間いただければ対応可能",8360003
倉庫,R00177-004000,,,,,公開可,無,0,,4階,2023年03月,福岡県古賀市青柳町新城の貸倉庫【1000坪】,,福岡県古賀市青柳町105-36,,,,,,,,,3305.79,1000,,2026/07/29,"2024/10/18 16:43","2026/03/31 11:20",自社,一般媒介,株式会社センチュリーダイソー　福岡支店,中村,"=""092-409-0188""",空有,"中村さん担当：顧問案件
ロジシティ古賀　4F　
募集面積800～1000坪
＠3500",8113133
店舗事務所(建物一括),R00177-004252,,,,空,公開可,無,870000,,階,2006年04月,福岡県宗像市村山田の貸店舗・事務所【193坪】,,福岡県宗像市村山田171-3,,,3.00,1.00,,,,,639.62,193.48,4497,2026/07/29,"2025/07/04 11:46","2026/03/31 11:19",先物(仲介),,株式会社センチュリーダイソー　福岡支店,田中,"=""092-409-0188""",空有,,8113434
倉庫,R00177-004189,,,,使用中,公開可,無,264000,,階,1979年01月,福岡県北九州市小倉北区赤坂海岸の貸倉庫【106坪】,,福岡県北九州市小倉北区赤坂海岸9-7,,,2.00,1.00,,,,,350.90,106.14,2488,2026/07/29,"2025/04/17 14:35","2026/03/31 11:18",自社,一般媒介,株式会社センチュリーダイソー　福岡支店,豊田,"=""092-409-0188""",無,"オーナー反響：赤川紙㈱

約半分の部分貸し（シャッター仕切り）
築月不明
駐車スペースなし
・朝7時～９時の間はメーカーからの製品入庫や
　配送トラック等の出荷があり、危険が伴うので避けてほしい
・契約後約３ヶ月後の引き渡し予定（変更可能性あり）
・鍵、貸主と共有（同じ鍵）",8020031
貸地,R00177-004367,,,,更地,公開可,無,440000,,階,-,山口県山口市阿東徳佐下の貸地【445坪】,,山口県山口市阿東徳佐下37-1,,,3.00,1.50,,,1.00,1472.03,,445.28,989,2026/07/29,"2025/12/10 17:17","2026/03/31 11:15",自社,一般媒介,株式会社センチュリーダイソー　福岡支店,豊田,"=""092-409-0188""",,"オーナー反響：柴原様
店舗可（敷金と別途で保証金300万円程度要、退去時返金）
読み：あとうとくさしも
国道315（警察署側）からは進入不可（フェンスあり）
国道9号（ガソスタ側）より通行可（賃貸範囲外、同オーナー所有地）",7591513
倉庫,R00177-004122,,,,空,公開可,無,440000,,階,1996年07月,福岡県直方市大字上境の貸倉庫【123坪】,,福岡県直方市大字上境665-3,,,3.00,1.00,,1.00,,,407.70,123.32,3568,2026/07/29,"2025/02/18 09:42","2026/03/31 11:14",先物(仲介),,株式会社センチュリーダイソー　福岡支店,豊田,"=""092-409-0188""",,R00177-004216　クレーン付き工場棟と2棟一括貸し,8220006
倉庫,R00177-003912,,,,空,公開可,無,220000,,階,1974年01月,大分県中津市大字永添の貸倉庫【100坪】,,大分県中津市大字永添2333-14,,,2.00,1.00,,,,602.06,332.13,100.46,2190,2026/07/29,"2024/08/02 15:29","2026/03/31 11:12",自社,一般媒介,株式会社センチュリーダイソー　福岡支店,豊田,"=""092-409-0188""",空有,オーナー反響：東明様,8710162
倉庫,R00177-004275,,,,建築中,アーカイブ(成約),無,214500,,階,2026年03月,熊本県熊本市西区松尾2丁目の貸倉庫・事務所【32坪】,,熊本県熊本市西区松尾２丁目244,,,6.00,,,,,,107.10,32.39,6621,2026/02/10,"2025/08/06 15:18","2026/03/30 12:10",先物(仲介),,株式会社大熊建設,-,"=""092-504-3142""",空有,OP熊本西Ⅱ　A棟1号室,8615280
倉庫,R00177-004233,,,,空,アーカイブ(成約),無,300000,,階,1997年08月,福岡県北九州市門司区新門司2丁目の貸倉庫【84坪】,,福岡県北九州市門司区新門司２丁目9-6,,,,2.00,,,,,279.92,84.67,3543,2026/03/30,"2025/06/13 10:43","2026/03/30 10:32",先物(仲介),,(有)三井住宅管理,-,"=""093-342-8665""",空有,内覧：鍵預り,8000115
倉庫,R00177-004097,,,,空,アーカイブ(成約),無,990000,,階,1980年01月,福岡県糟屋郡粕屋町大字仲原の貸倉庫【191坪】,,福岡県糟屋郡粕屋町大字仲原2774-6,,,6.00,,,,,579.83,633.06,191.5,5170,2026/03/26,"2025/01/29 09:23","2026/03/26 13:34",先物(仲介),,株式会社岩久興産,-,"=""092-282-9780""",空有,,8112304
倉庫,R00177-004210,,,,居住中,公開可,無,1200000,,階,2004年12月,大分県大分市大分流通業務団地2丁目の貸倉庫【285坪】,,大分県大分市大分流通業務団地２丁目7-8,,,3.00,,,,,,944.10,285.59,4202,2026/06/26,"2025/05/12 16:23","2026/03/26 10:15",先物(仲介),,株式会社豊後夢工房,-,"=""097-594-1481""",空有,"残置物撤去して引渡し
外に残置のコンテナ撤去予定
前テナント：魚の餌など製造

倉庫①【2階建て倉庫】
1階天井高：約6.0m
2階天井高：約6.7m
倉庫②
天井高：約4.3m-3.5m",8700319
倉庫,R00177-004456,,,,空,公開可,無,245025,,階,2026年01月,福岡県春日市昇町8丁目の貸倉庫・事務所【24坪】,,福岡県春日市昇町８丁目65-1,,,6.00,,,,,,81.82,24.75,9900,2026/06/11,"2026/03/24 16:14","2026/03/24 17:29",先物(仲介),,株式会社三好不動産,-,"=""092-716-5000""",空有,"昇町８丁目Ｅ倉庫事務所 １号室",8160851
店舗事務所(建物一括),R00177-004453,,,,空,公開可,無,220000,,階,1984年12月,福岡県飯塚市庄司の貸店舗・事務所【51坪】,,福岡県飯塚市庄司351-2,,,1.00,2.00,,,,,169.05,51.13,4303,2026/06/11,"2026/03/23 15:04","2026/03/23 16:24",先物(仲介),,株式会社愛和不動産,-,"=""0948-25-8700""",空有,,8200051
店舗事務所(建物一括),R00177-004401,,,,使用中,公開可,無,580000,,1階,2020年04月,フィル・パーク　キャナルシティサイド｜１F,,福岡県福岡市博多区住吉２丁目16-38,,,580000,,,,,,55.30,16.72,34672,2026/07/29,"2026/01/27 15:20","2026/03/23 13:16",自社,一般媒介,株式会社センチュリーダイソー,明石,"=""06-6136-0555""",無,"9/1入居予定
造作譲渡相談可（美容室居抜き）",8120018
倉庫,R00177-004452,,,,居住中,公開可,無,770000,,階,1988年01月,福岡県大野城市仲畑2丁目の貸倉庫・工場【129坪】,,福岡県大野城市仲畑２丁目11-22,,,8.00,2.00,,,,,428.10,129.5,5946,2026/07/29,"2026/03/17 11:57","2026/03/19 19:54",先物(仲介),,(株)イマス　福岡営業所,-,"=""092-414-8150""",空有,,8160921
倉庫,R00177-004435,,,,空,アーカイブ(成約),無,0,,階,1980年06月,熊本県熊本市西区蓮台寺1丁目の貸倉庫・事務所【129坪】,,熊本県熊本市西区蓮台寺１丁目14-25,,,,,,,,578.00,427.26,129.24,,2026/03/18,"2026/03/05 11:47","2026/03/18 18:28",先物(仲介),,株式会社センチュリーダイソー　福岡支店,-,"=""092-409-0188""",空有,,8600055
倉庫,R00177-004449,,,,居住中,公開可,無,990000,,階,1982年09月,福岡県糟屋郡須惠町大字植木の貸倉庫・工場【70坪】,,福岡県糟屋郡須惠町大字植木1358-1,,,5.00,1.00,,,,,234.60,70.96,13951,2026/06/25,"2026/03/16 12:00","2026/03/16 17:52",先物(仲介),,(株)福住テナント営業部,-,"=""092-712-0255""",空有,,8112112
倉庫,R00177-004447,,,,居住中,公開可,無,1540000,,階,1989年07月,福岡県糟屋郡須惠町大字上須惠の貸工場【352坪】,,福岡県糟屋郡須惠町大字上須惠1339-1,,,5.00,1.00,,,,,1166.75,352.94,4364,2026/06/25,"2026/03/13 12:00","2026/03/16 17:49",先物(仲介),,(株)福住テナント営業部,-,"=""092-712-0255""",空有,,8112114
倉庫,R00177-004372,,,,居住中,アーカイブ(成約),無,550000,,階,2012年07月,熊本県玉名郡南関町大字上坂下の貸工場【245坪】,,熊本県玉名郡南関町大字下坂下1961-9,,,4.00,2.00,,,,,810.00,245.02,2245,2026/01/27,"2025/12/19 12:13","2026/03/12 17:52",先物(仲介),,（株）Ｆｉｔ,-,"=""0944-59-3997""",空有,,8610821
倉庫,R00177-004357,,,,居住中,アーカイブ(成約),無,220000,,階,2012年10月,福岡県朝倉郡筑前町山隈の貸倉庫【27坪】,,福岡県朝倉郡筑前町山隈1482-1,,,4.00,1.00,,,1.00,556.18,90.00,27.22,8081,2026/01/27,"2025/11/27 10:18","2026/03/12 17:33",先物(仲介),,昭和地所開発株式会社,-,"=""092-504-0088""",空有,,8380823
倉庫,R00177-004315,,,,空,アーカイブ(成約),無,880000,,階,2023年10月,福岡県古賀市薦野の貸倉庫【154坪】,,福岡県古賀市薦野1135-1-1,,,2.00,1.00,,,,994.38,509.65,154.16,5709,2026/02/13,"2025/10/08 10:49","2026/03/12 16:42",先物(仲介),,日本開発地所,-,"=""0940-26-0660""",,,8113122
倉庫,R00177-004314,,,,空,アーカイブ(成約),無,770000,,階,2023年10月,福岡県古賀市薦野の貸倉庫【134坪】,,福岡県古賀市薦野1135-1-2,,,2.00,1.00,,,,1369.95,444.00,134.31,5734,2026/02/13,"2025/10/08 10:48","2026/03/12 16:42",先物(仲介),,日本開発地所,-,"=""0940-26-0660""",,,8113122
貸地,R00177-004329,,,,更地,アーカイブ(成約),無,250000,,階,-,福岡県古賀市薦野の貸地【166坪】,,福岡県古賀市薦野1138-1,,,2.00,1.00,,,,549.43,,166.2,1505,2026/02/13,"2025/10/23 11:26","2026/03/12 16:42",先物(仲介),,日本開発地所,-,"=""0940-26-0660""",,,8113122
倉庫,R00177-004303,,,,空,アーカイブ(成約),無,418000,,階,1994年01月,福岡県筑紫野市大字永岡の貸倉庫・事務所【143坪】,,福岡県筑紫野市大字永岡920-1,,,6.00,,,,,,473.07,143.1,2921,2026/01/27,"2025/09/16 10:13","2026/03/12 15:35",先物(仲介),,青山地建（株）,-,"=""092-924-4111""",空有,"※非公開、マッチング不可
※精米所とその店舗としての利用のみ可",8180066
店舗事務所(建物一部),R00177-004065,,,,空,アーカイブ(成約),無,275000,,階,2006年03月,福岡県飯塚市綱分の貸店舗・事務所【45坪】,,福岡県飯塚市綱分584-2,,,2.00,,,,,,151.53,45.83,6000,2026/01/26,"2024/12/17 16:18","2026/03/12 15:14",先物(仲介),,(有)あんしん,-,"=""0948-21-1155""",,,8200101
倉庫,R00177-004312,,,,居住中,アーカイブ(成約),無,440000,,階,1999年04月,福岡県飯塚市目尾の貸倉庫【200坪】,,福岡県飯塚市目尾903,,,3.00,1.00,,,1.00,,662.00,200.25,2198,2026/02/10,"2025/10/06 12:12","2026/03/12 15:10",先物(仲介),,（株）Sｉプラス,-,"=""0942-36-7520""",空有,担当：ナガノ様,8200062
貸地,R00177-004225,,,,更地,公開可,無,350000,,階,-,福岡県久留米市東合川7丁目の貸地【297坪】,,福岡県久留米市東合川７丁目13-30,,,10.00,,,,,983.00,,297.35,1178,2026/06/24,"2025/06/03 12:05","2026/03/12 15:04",先物(仲介),,丸山地所,-,"=""0942-32-7926""",,,8390809
倉庫,R00177-004262,,,,居住中,アーカイブ(成約),無,418000,,階,2023年03月,福岡県福岡市博多区吉塚7丁目の貸倉庫・事務所【40坪】,,福岡県福岡市博多区吉塚７丁目2-23,,,6.00,,,,,,132.60,40.11,10421,2025/10/20,"2025/07/22 09:40","2026/03/12 14:19",先物(仲介),,株式会社フェリスマネジメント,-,"=""092-710-7885""",空有,"フェリシア吉塚ロジックス　B棟2号室
",8120041
店舗事務所(建物一括),R00177-004112,,,,居住中,アーカイブ(成約),無,621170,,階,2013年09月,佐賀県佐賀市兵庫北6丁目の貸店舗・事務所【56坪】,,佐賀県佐賀市兵庫北６丁目11-36,,,10.00,,,,,,186.69,56.47,11000,2025/02/07,"2025/02/07 12:10","2026/03/10 09:58",先物(仲介),,アルゴノート,-,"=""092-710-1610""",空有,,8490919
貸地,R00177-004417,,,,古家付,公開可,無,756000,,階,-,福岡県久留米市国分町の貸地【629坪】,,福岡県久留米市国分町763-2,,,6.00,,,,,2082.44,,629.93,1201,2026/06/24,"2026/02/12 10:43","2026/03/09 18:42",先物(仲介),,和不動産,-,"=""092-957-6600""",,,8390863
店舗事務所(建物一括),R00177-004130,,,,空,公開可,無,2750000,,階,1978年10月,福岡県福岡市博多区諸岡3丁目の貸店舗・事務所【258坪】,,福岡県福岡市博多区諸岡３丁目6-21,,,,,,,,748.77,853.34,258.13,10654,2026/06/24,"2025/02/25 11:05","2026/03/06 17:03",先物(仲介),,(株)ウィンズヒル,-,"=""093-561-1777""",空有,"物販、飲食店、スポーツジムなどは利用不可
売買ありB00177-000334",8120894
店舗事務所(建物一部),R00177-004217,,,,空,アーカイブ(成約),無,350000,,階,1999年12月,福岡県福岡市中央区地行1丁目の貸店舗・事務所【36坪】,,福岡県福岡市中央区地行１丁目15-6,,50000,2.00,1.00,,,,,121.85,36.85,9496,2026/03/06,"2025/05/23 14:29","2026/03/06 10:11",先物(仲介),,（株）ＢＡＹＬＥＡＦ,-,"=""092-332-1800""",無,,8100064
店舗事務所(建物一括),R00177-004320,,,,空,アーカイブ(成約),無,385000,,階,2025年08月,佐賀県佐賀市諸富町大字山領の貸店舗・事務所【44坪】,,佐賀県佐賀市諸富町大字山領459-10,,,3.00,1.00,,,,,146.00,44.16,8718,2026/03/05,"2025/10/15 15:57","2026/03/05 17:15",先物(仲介),,（株）財託承継,-,"=""0952-36-9608""",空有,"元付より掲載依頼（カワチ様）090-4988-6088
info@zaitaku-shokei.com
現地キーありNO.0055",8402106
店舗事務所(建物一括),R00177-004430,,,,空,公開可,無,550000,,階,2017年02月,福岡県八女市立花町兼松の貸店舗・事務所【60坪】,,福岡県八女市立花町兼松200-2,,,6.00,1.00,,,,,199.70,60.4,9105,2026/06/24,"2026/02/27 13:32","2026/03/05 12:16",先物(仲介),,大坪建設（株）,-,"=""0943-23-5115""",空有,,8340082
貸地,R00177-004433,,,,更地,公開可,無,330000,,階,-,福岡県福岡市西区田尻3丁目の貸地【299坪】,,福岡県福岡市西区田尻３丁目,,,3.00,,,,,991.00,,299.77,1101,2026/06/24,"2026/03/04 13:45","2026/03/04 15:24",先物(仲介),,（株）ハートエステート,-,"=""092-406-5145""",,住所：田尻3丁目437の向かい,8190383
倉庫,R00177-003937,,,,空,アーカイブ(成約),無,550000,,階,2017年11月,福岡県北九州市八幡西区本城東2丁目の貸倉庫・事務所【71坪】,,福岡県北九州市八幡西区本城東２丁目2-7,,,3.00,,,3.00,,528.69,235.87,71.35,7709,2026/03/04,"2024/08/28 14:51","2026/03/04 15:11",先物(仲介),,きくち不動産,-,"=""093-592-6565""",空有,,8070815
店舗事務所(建物一括),R00177-004432,,,,空,公開可,無,550000,,階,1994年09月,宮崎県宮崎市吉村町ハシテ甲の貸店舗・事務所【234坪】,,宮崎県宮崎市吉村町ハシテ2386-129,,,3.00,,,,,759.68,773.66,234.03,2351,2026/07/29,"2026/03/03 14:45","2026/03/04 09:04",先物(仲介),,株式会社センチュリーダイソー　福岡支店,田中,"=""092-409-0188""",空有,"田中さん担当
※マッチングのみ
物件アーカイブに写真あり",8800841
店舗事務所(建物一括),R00177-004115,,,,空,公開可,無,220000,,階,2022年04月,宮崎県日向市亀崎西1丁目の貸店舗・事務所【20坪】,,宮崎県日向市亀崎西１丁目77,,,,,,,,3302.98,69.20,20.93,10510,2026/07/29,"2025/02/13 11:47","2026/03/03 16:54",先物(仲介),,株式会社センチュリーダイソー　福岡支店,田中,"=""092-409-0188""",空有,"田中さん担当
3/3　オーナーが半分コインランドリーを始めたらしく、面積半分で賃料税抜き200,000で募集しているとのこと",8830068
倉庫,R00177-004017,,,,居住中,アーカイブ(成約),無,400000,,階,2001年08月,福岡県八女市本村の貸倉庫・事務所【49坪】,,福岡県八女市本村558-5,,,3.00,,,,,,165.00,49.91,8015,2026/03/03,"2024/10/31 16:47","2026/03/03 08:52",先物(仲介),,若菜エステート株式会社,-,"=""0942-30-7555""",空有,"※仲介中
現状渡し
上水：井戸水
店舗横にある住居はオーナー居住中のため賃貸外
営業時間20時くらいまで可能
2/14物確：次のテナントが決まってから退去のため引渡まで3ヶ月程度要、退去予告3ヶ月前、内覧可、敷地現地要確認（担当：アマモト様）",8340063
店舗事務所(建物一部),R00177-004373,,,,使用中,アーカイブ(成約),無,297000,,階,2013年04月,福岡県福岡市博多区井相田2丁目の貸事務所【29坪】,,福岡県福岡市博多区井相田２丁目10-28,,,6.00,,,,,1778.00,95.89,29,10240,2026/02/06,"2025/12/22 11:31","2026/02/26 17:28",先物(仲介),,株式会社大熊建設,-,"=""092-504-3142""",空有,"■オフィスパレア井相田Ⅱ B棟2号室",8120881
店舗事務所(建物一部),R00177-004400,,,,居住中,アーカイブ(成約),無,165000,,階,2021年01月,福岡県春日市下白水北3丁目の貸店舗・事務所【16坪】,,福岡県春日市下白水北３丁目82-1,,,6.00,,,,,,54.40,16.45,10027,2026/02/06,"2026/01/27 10:25","2026/02/26 17:25",先物(仲介),,株式会社大熊建設,-,"=""092-504-3142""",空有,オフィスパレア春日Ⅳ　2F,8160854
貸地,R00177-004340,,,,更地,アーカイブ(成約),無,150000,,階,-,佐賀県佐賀市嘉瀬町大字扇町の貸地【265坪】,,佐賀県佐賀市嘉瀬町大字扇町2499-1,,,1.00,2.00,,,,878.72,,265.81,565,2026/02/26,"2025/11/11 15:25","2026/02/26 16:36",先物(仲介),,（株）財託承継,-,"=""0952-36-9608""",,"元付より掲載依頼（カワチ様）090-4988-6088
info@zaitaku-shokei.com
536坪貸しあり：R00177-004339",8400862
貸地,R00177-004339,,,,更地,アーカイブ(成約),無,300000,,階,-,佐賀県佐賀市嘉瀬町大字扇町の貸地【536坪】,,佐賀県佐賀市嘉瀬町大字扇町2499-1,,,1.00,2.00,,,,1771.94,,536.01,560,2026/02/26,"2025/11/07 17:10","2026/02/26 16:35",先物(仲介),,（株）財託承継,-,"=""0952-36-9608""",,"元付より掲載依頼（カワチ様）090-4988-6088
info@zaitaku-shokei.com
265坪：R00177-004340",8400862
倉庫,R00177-004387,,,,空,アーカイブ(成約),無,605000,,階,1965年04月,福岡県福岡市博多区半道橋2丁目の貸倉庫【47坪】,,福岡県福岡市博多区半道橋２丁目1-31,,,2.00,1.00,,,,,155.40,47,12871,2026/02/26,"2026/01/16 11:56","2026/02/26 12:15",先物(仲介),,（有）山一住宅,-,"=""092-411-7051""",空有,,8120897
倉庫,R00177-004377,,,,空,アーカイブ(成約),無,660000,,階,1973年09月,大分県中津市大字犬丸の貸倉庫【272坪】,,大分県中津市大字犬丸236,,,,1.00,,,,2046.28,899.71,272.16,2426,2026/02/26,"2025/12/25 11:09","2026/02/26 10:41",先物(仲介),,有限会社中津リアルエステートセンター,-,"=""0979-23-6077""",空有,,8790105
倉庫,R00177-004313,,,,使用中,アーカイブ(成約),無,680000,,階,1959年09月,福岡県北九州市戸畑区牧山新町の貸工場【171坪】,,福岡県北九州市戸畑区牧山新町5-19,,,2.00,2.00,,,,,568.00,171.82,3958,2025/12/04,"2025/10/07 11:55","2026/02/25 16:14",先物(仲介),,株式会社ミクニ,-,"=""093-541-0392""",空有,,8040054
倉庫,R00177-004426,,,,空,公開可,無,1210000,,階,1980年03月,熊本県宇土市松山町の貸倉庫・工場【499坪】,,熊本県宇土市松山町876-2,,,2.00,1.00,,,,2248.00,1650.00,499.12,2425,2026/06/26,"2026/02/25 10:37","2026/02/25 11:28",先物(仲介),,株式会社ハピネス,-,"=""096-388-5088""",空有,,8690416
店舗事務所(建物一括),R00177-004425,,,,空,公開可,無,1540000,,階,1983年04月,福岡県福岡市東区和白丘3丁目の貸店舗【169坪】,,福岡県福岡市東区和白丘３丁目1-20,,,10.00,1.00,,,,1725.32,560.35,169.5,9086,2026/06/24,"2026/02/25 10:17","2026/02/25 11:28",先物(仲介),,（株）三和地所,-,"=""092-431-4488""",空有,,8110213
店舗事務所(建物一括),R00177-004322,,,,空,アーカイブ(成約),無,275000,,階,2000年07月,福岡県福岡市博多区諸岡3丁目の貸店舗・事務所【9坪】,,福岡県福岡市博多区諸岡３丁目6-1,,,5.00,,,,,180.00,33.00,9.98,27549,2026/02/25,"2025/10/17 10:03","2026/02/25 11:13",先物(仲介),,（株）ハト興産,-,"=""092-591-8153""",空有,仲介中,8120894
倉庫,R00177-004344,,,,空,アーカイブ(成約),無,300000,,階,1998年09月,福岡県直方市大字感田の貸倉庫・工場【45坪】,,福岡県直方市大字感田1265,,,,4.00,,,,,150.00,45.37,6612,2026/02/25,"2025/11/13 11:48","2026/02/25 10:04",先物(仲介),,（株）ネクストーン,-,"=""093-742-1777""",空有,,8220001
店舗事務所(建物一括),R00177-004346,,,,空,アーカイブ(成約),無,297000,,階,1998年01月,福岡県北九州市八幡西区力丸町の貸店舗・事務所【32坪】,,福岡県北九州市八幡西区力丸町7-2,,,,3.00,,,,438.77,105.99,32.06,9264,2026/02/24,"2025/11/14 11:38","2026/02/24 11:25",先物(仲介),,（株）フロントゲート,-,"=""0948-52-5555""",空有,,8070802
倉庫,R00177-004398,,,,使用中,公開可,無,968000,,階,1973年02月,熊本県熊本市西区二本木5丁目の貸倉庫【296坪】,,熊本県熊本市西区二本木５丁目6-1,,,3.00,1.00,,,,,978.52,296,3271,2026/07/29,"2026/01/26 11:57","2026/02/20 17:35",自社,一般媒介,株式会社センチュリーダイソー　福岡支店,田中,"=""092-409-0188""",,"田中さん担当
B棟

A棟：R00177-004397
二棟一括：R00177-004393",8600051
倉庫,R00177-004393,,,,使用中,公開可,無,1452000,,階,1973年02月,熊本県熊本市西区二本木5丁目の貸倉庫【443坪】,,熊本県熊本市西区二本木５丁目6-1,,,3.00,1.00,,,,,1464.47,443,3278,2026/07/29,"2026/01/22 14:11","2026/02/20 17:34",自社,一般媒介,株式会社センチュリーダイソー　福岡支店,田中,"=""092-409-0188""",,"田中さん担当

A棟：R00177-004397
B棟：R00177-004398",8600051
倉庫,R00177-004397,,,,使用中,公開可,無,484000,,階,1989年06月,熊本県熊本市西区二本木5丁目の貸倉庫【147坪】,,熊本県熊本市西区二本木５丁目6-1,,,3.00,1.00,,,,,485.96,147,3293,2026/07/29,"2026/01/26 11:42","2026/02/20 17:34",自社,一般媒介,株式会社センチュリーダイソー　福岡支店,田中,"=""092-409-0188""",,"田中さん担当
A棟

B棟：R00177-004398
2棟一括：R00177-004393",8600051
倉庫,R00177-004342,,,,空,アーカイブ(成約),無,200000,,階,1996年01月,福岡県北九州市小倉北区高尾2丁目の貸倉庫・事務所【54坪】,,福岡県北九州市小倉北区高尾２丁目6-10,,,,2.00,,,,,180.20,54.51,3670,2026/02/20,"2025/11/12 16:09","2026/02/20 17:08",先物(仲介),,株式会社センチュリーダイソー　福岡支店,-,"=""092-409-0188""",空有,オーナー反響：エボル㈱,8030853
倉庫,R00177-004361,,,,居住中,アーカイブ(成約),無,257400,,階,1967年12月,福岡県福岡市早良区荒江3丁目の貸倉庫【87坪】,,福岡県福岡市早良区荒江３丁目22-16,,,1500000,,,,,,288.00,87.12,2955,2026/02/20,"2025/12/01 10:21","2026/02/20 15:00",先物(仲介),,株式会社三好不動産,-,"=""092-716-5000""",無,"㈱大野紙器１(1F)
倉庫利用のみ",8140021
倉庫,R00177-004423,,,,空,アーカイブ(成約),無,770000,,階,1999年02月,熊本県熊本市南区江越2丁目の貸倉庫・事務所【83坪】,,熊本県熊本市南区江越２丁目7-5,,,3.00,,,,,483.00,277.05,83.8,9188,2026/02/20,"2026/02/19 16:03","2026/02/20 14:45",先物(仲介),,（株）ハイコム　不動産事業部,-,"=""096-383-2112""",空有,,8600834
倉庫,R00177-004422,,,,空,公開可,無,660000,,階,1986年05月,熊本県熊本市東区下南部3丁目の貸倉庫【422坪】,,熊本県熊本市東区下南部３丁目10-26,,,2.00,1.00,,,,,1397.60,422.77,1562,2026/06/26,"2026/02/19 10:38","2026/02/19 17:05",先物(仲介),,御領開発株式会社,-,"=""096-389-1110""",空有,,8618019
倉庫,R00177-004389,,,,居住中,アーカイブ(成約),無,363000,,階,1983年03月,福岡県大野城市御笠川2丁目の貸倉庫【59坪】,,福岡県大野城市御笠川２丁目5-5,,,3.00,,,,,,198.00,59.89,6061,2026/02/19,"2026/01/19 15:02","2026/02/19 13:59",先物(仲介),,不動産サービス福岡（株）,-,"=""092-595-8830""",空有,,8160912
倉庫,R00177-004074,,,,築後未入居,アーカイブ(成約),無,468270,,階,2025年02月,福岡県福岡市博多区東那珂2丁目の貸倉庫・事務所【38坪】,,福岡県福岡市博多区東那珂２丁目4-41,,,5.00,,,,,,128.24,38.79,12072,2026/01/23,"2025/01/08 12:01","2026/02/18 18:03",先物(仲介),,株式会社大井不動産,-,"=""092-524-0111""",空有,内覧立ち合い,8120892
店舗事務所(建物一部),R00177-004285,,,,空,アーカイブ(成約),無,2200000,,階,1988年01月,福岡県福岡市博多区千代5丁目の貸店舗・事務所【278坪】,,福岡県福岡市博多区千代５丁目3-19,,,12.00,,,,,,920.99,278.59,7897,2026/01/23,"2025/08/25 10:09","2026/02/18 17:57",先物(仲介),,九州リアルティ・アソシエイツ(株),-,"=""092-473-6011""",空有,"1-2階部分
検査済み無し
3階駐車スペースあるが、カーリフト壊れてるため使用不可
",8120044
店舗事務所(建物一括),R00177-004332,,,,空,アーカイブ(成約),無,297000,,階,2013年09月,福岡県北九州市小倉南区東貫2丁目の貸店舗・事務所【15坪】,,福岡県北九州市小倉南区東貫２丁目15-22,,,3.00,,,,,387.00,49.68,15.02,19763,2026/01/23,"2025/10/28 13:15","2026/02/18 17:40",先物(仲介),,（株）よかタウン,-,"=""092-292-9019""",空有,,8000224
貸地,R00177-004379,,,,更地,アーカイブ(成約),無,360000,,階,-,福岡県糟屋郡久山町大字山田の貸地【362坪】,,福岡県糟屋郡久山町大字山田2296-8,,,5.00,1.00,,,,1198.10,,362.42,994,2026/02/17,"2026/01/05 10:12","2026/02/17 14:47",先物(仲介),,（株）岩住,-,"=""092-931-2800""",,電気・上水道引込あり、プレハブは撤去,8112502
店舗事務所(建物一括),R00177-004380,,,,使用中,アーカイブ(成約),無,550000,,階,2005年01月,福岡県福岡市西区今宿駅前1丁目の貸店舗・事務所【49坪】,,福岡県福岡市西区今宿駅前１丁目9-2,,,3.00,1.00,,,,773.37,165.19,49.96,11007,2026/02/16,"2026/01/05 11:18","2026/02/16 14:00",先物(仲介),,（株）住吉ハウジング,-,"=""092-843-6123""",空有,,8190168
倉庫,R00177-003930,,,,空,アーカイブ(成約),無,181500,,階,2024年08月,長崎県長崎市京泊3丁目の貸倉庫・事務所【100坪】,,長崎県長崎市京泊３丁目7-20,,,2.00,,,2.00,,1332.70,332.33,100.52,1806,2026/01/20,"2024/08/22 11:50","2026/02/13 10:21",先物(仲介),,株式会社大熊建設,-,"=""092-504-3142""",空有,OP長崎Ⅱ　A棟3号室,8512211
倉庫,R00177-004321,,,,空,アーカイブ(成約),無,863000,,階,1996年11月,福岡県大野城市仲畑2丁目の貸倉庫【189坪】,,福岡県大野城市仲畑２丁目11-20,,,2.00,1.00,,,,1004.30,626.00,189.36,4558,2026/02/12,"2025/10/16 11:18","2026/02/12 15:05",先物(仲介),,（株）ｅｓｔアドバイザリーサービス,-,"=""092-724-8338""",空有,"仲介中

元自動車整備工場、倉庫内に塗装ブース残置、オーナー撤去可能
作業場で登録、倉庫業で使う場合は用途変更必要
自社の製品等置くのであれば用途変更必要なし

隣地、砂利敷駐車場、別途賃料必要、元付違うところ",8160921
店舗事務所(建物一部),R00177-004399,,,,居住中,アーカイブ(成約),無,187000,,階,2021年01月,福岡県春日市下白水北3丁目の貸店舗・事務所【14坪】,,福岡県春日市下白水北３丁目82-1,,,6.00,,,,,,46.40,14.03,13323,2026/02/10,"2026/01/27 10:23","2026/02/10 17:21",先物(仲介),,株式会社大熊建設,-,"=""092-504-3142""",空有,オフィスパレア春日Ⅳ　1F,8160854
倉庫,R00177-004382,,,,空,アーカイブ(成約),無,250000,,階,1970年12月,福岡県福岡市博多区西月隈1丁目の貸倉庫【89坪】,,福岡県福岡市博多区西月隈１丁目2-21,,,1.00,,,,,,297.52,89.99,2778,2026/01/08,"2026/01/08 14:57","2026/02/09 10:14",先物(仲介),,新出光不動産（株）,-,"=""092-262-5422""",空有,,8120857
倉庫,R00177-004410,,,,空,公開可,無,990000,,階,1992年05月,福岡県北九州市若松区北湊町の貸事務所【258坪】,,福岡県北九州市若松区北湊町9-1,,,,3.00,,,,2136.35,855.14,258.67,3828,2026/06/24,"2026/02/04 16:09","2026/02/04 16:22",先物(仲介),,（株）ｔｏｂｉｒａ,-,"=""093-742-3993""",空有,,8080027
倉庫,R00177-004395,,,,居住中,アーカイブ(成約),無,385000,,階,1977年12月,福岡県福岡市西区上山門3丁目の貸倉庫・事務所【88坪】,,福岡県福岡市西区上山門３丁目16-50,,,3.00,,,,,,291.06,88.04,4373,2026/01/30,"2026/01/23 11:12","2026/02/03 16:51",先物(仲介),,（株）ハローグッバイ,-,"=""092-553-5533""",空有,"未登記部分あり（ショールーム・道路側倉庫部分）
倉庫側、第二種住居地域
1/30物確
※現在オーナー様にて営業中、既に2件の内覧が済んでおり2社とも申込出すと言っているとの事。
他にも内覧予定があり今回で5社目、ふれんずの掲載は落としており、今回分くらいで目途をつけて申込が出た中から選定予定との事で先着順ではない",8190054
倉庫,R00177-004103,,,,築後未入居,アーカイブ(成約),無,1105500,,階,2024年05月,熊本県菊池市泗水町吉富の貸倉庫【225坪】,,熊本県菊池市泗水町吉富3031,,,3.00,1.00,,,1.00,1289.00,746.20,225.72,4898,2025/11/17,"2025/02/03 11:01","2026/01/27 17:55",先物(仲介),,株式会社フジ開発,-,"=""096-345-1800""",,"内覧立ち合い（担当：うえだ様）
※売買も同時募集中で、自社使用での買い付けが入った場合は売却優先になる可能性あり",8611201
倉庫,R00177-004081,,,,居住中,アーカイブ(成約),無,440000,,階,2006年12月,福岡県京都郡苅田町鳥越町の貸倉庫・事務所【72坪】,,福岡県京都郡苅田町鳥越町10-25,,,2.00,,,,,787.52,240.79,72.83,6041,2025/11/18,"2025/01/14 11:32","2026/01/27 17:38",先物(仲介),,株式会社ミクニ,-,"=""093-541-0392""",空有,"住所：鳥越町10-25の隣
仲介手数料 折半",8000304
倉庫,R00177-004309,,,,居住中,公開可,無,400000,,階,1972年10月,福岡県八女郡広川町大字日吉の貸倉庫・工場【117坪】,,福岡県八女郡広川町大字日吉476,,,1.00,,,,,3695.78,731.12,221.16,1809,2026/06/25,"2025/09/26 14:46","2026/01/27 17:18",先物(仲介),,若菜エステート株式会社,-,"=""0942-30-7555""",空有,,8340111
倉庫,R00177-004211,,,,空,アーカイブ(成約),無,390000,,階,1972年01月,福岡県朝倉郡筑前町依井の貸倉庫【165坪】,,福岡県朝倉郡筑前町依井1906-1,,,2.00,1.00,,,,,547.04,165.47,2357,2025/11/17,"2025/05/13 12:39","2026/01/27 16:51",先物(仲介),,青山地建（株）,-,"=""092-924-4111""",空有,元付変更あり,8380813
倉庫,R00177-004057,,,,空,アーカイブ(成約),無,550000,,階,1995年01月,福岡県遠賀郡水巻町頃末北4丁目の貸倉庫・事務所【93坪】,,福岡県遠賀郡水巻町頃末北４丁目5-27,,,6.00,,,,,,307.70,93.07,5909,2025/11/17,"2024/12/11 14:54","2026/01/27 16:46",先物(仲介),,（株）コミュニティサービス,-,"=""092-738-5777""",空有,,8070022
倉庫,R00177-004330,,,,建築中,アーカイブ(成約),無,214500,,階,2026年01月,福岡県那珂川市恵子3丁目の貸倉庫・事務所【26坪】,,福岡県那珂川市恵子３丁目134-1,,,2.00,,,,,,86.90,26.28,8160,2025/11/17,"2025/10/23 14:26","2026/01/27 16:41",先物(仲介),,(株)ネクステップ,-,"=""092-953-3040""",空有,えこ,8111255
店舗事務所(建物一部),R00177-004289,,,,空,アーカイブ(成約),無,561000,,階,2021年10月,福岡県春日市星見ヶ丘5丁目の貸店舗・事務所【36坪】,,福岡県春日市星見ヶ丘５丁目248-1,,5000,6.00,1.00,,,,,119.17,36.04,15563,2025/12/05,"2025/08/28 12:08","2026/01/27 13:53",先物(仲介),,株式会社立地ライズ,-,"=""092-292-5681""",空有,,8160849
倉庫,R00177-004365,,,,空,アーカイブ(成約),無,380000,,階,2001年06月,福岡県筑紫野市大字永岡の貸倉庫【60坪】,,福岡県筑紫野市大字永岡1559-1,,,3.00,,,,,,199.98,60.49,6282,2025/12/08,"2025/12/08 11:54","2026/01/27 13:48",先物(仲介),,青山地建（株）,-,"=""092-924-4111""",空有,,8180066
倉庫,R00177-004368,,,,空,アーカイブ(成約),無,440000,,階,1981年07月,福岡県飯塚市花瀬の貸倉庫【144坪】,,福岡県飯塚市花瀬70,,,3.00,2.00,,,,1603.00,476.41,144.11,3054,2025/12/15,"2025/12/15 11:55","2026/01/26 17:10",先物(仲介),,(有)あんしん,-,"=""0948-21-1155""",空有,,8200045
店舗事務所(建物一括),R00177-004331,,,,空,アーカイブ(成約),無,290000,,1階,2010年06月,福岡県久留米市山川追分2丁目の貸店舗・事務所【75坪】,,福岡県久留米市山川追分２丁目6-51,,,3.00,,,,,,248.00,75.02,3866,2025/12/05,"2025/10/28 11:25","2026/01/26 16:54",先物(仲介),,西日本産業（株）Ｓｍｉｌｅ　Ｈｏｍｅ　Ｔｏｗｎ,-,"=""0942-39-5727""",空有,グランクリュ山川,8390814
店舗事務所(建物一括),R00177-003976,,,,空,アーカイブ(成約),無,550000,,階,2013年05月,福岡県久留米市善導寺町与田の貸店舗・事務所【47坪】,,福岡県久留米市善導寺町与田155-7,,,10.00,,,,,1515.50,157.00,47.49,11581,2025/12/05,"2024/10/02 11:36","2026/01/26 16:49",先物(仲介),,株式会社立地ライズ,-,"=""092-292-5681""",空有,"2/13物確：空き、即引き渡し可（現況スケルトン）過去浸水歴なし
前テナント：うどん屋",8390823
倉庫,R00177-004362,,,,居住中,アーカイブ(成約),無,455000,,階,1985年08月,福岡県福岡市早良区原1丁目の貸倉庫【119坪】,,福岡県福岡市早良区原１丁目11-11,,,2481960,,,,,,396.00,119.79,3799,2025/12/18,"2025/12/01 10:29","2026/01/26 16:47",先物(仲介),,株式会社三好不動産,-,"=""092-716-5000""",空有,"㈱大野紙器2
前面駐車スペース使用可（5台程度）
トイレ・空調なし
倉庫利用のみ",8140022
店舗事務所(建物一括),R00177-004350,,,,空,アーカイブ(成約),無,275000,,階,1980年06月,福岡県福岡市早良区有田7丁目の貸店舗・事務所【42坪】,,福岡県福岡市早良区有田７丁目19-35,,,3.00,,,3.00,,,142.00,42.95,6403,2025/11/20,"2025/11/20 12:02","2026/01/26 16:45",先物(仲介),,三幸不動産,-,"=""092-885-8500""",無,,8140033
店舗事務所(建物一部),R00177-004333,,,,空,アーカイブ(成約),無,220000,,1階,1988年09月,福岡県福岡市城南区神松寺1丁目の貸店舗・事務所【31坪】,,福岡県福岡市城南区神松寺１丁目21-13,,,3.00,1.00,,,,,104.37,31.57,6969,2025/12/05,"2025/10/29 11:13","2026/01/26 16:32",先物(仲介),,オフィスネットワーク(株),-,"=""092-452-5111""",空有,,8140121
倉庫,R00177-004308,,,,空,アーカイブ(成約),無,350000,,階,2005年02月,福岡県福岡市南区三宅3丁目の貸倉庫・工場【37坪】,,福岡県福岡市南区三宅３丁目11-22,,,3.00,1.00,,,16500,,125.48,37.95,9221,2026/01/26,"2025/09/25 09:55","2026/01/26 16:31",先物(仲介),,（株）アイムホーム,-,"=""092-555-4813""",空有,,8111344
倉庫,R00177-004360,,,,居住中,アーカイブ(成約),無,275000,,階,1982年05月,福岡県大野城市中1丁目の貸倉庫【29坪】,,福岡県大野城市中１丁目2-20,,,4.00,,,,1.00,264.00,99.00,29.94,9183,2026/01/26,"2025/11/28 12:01","2026/01/26 15:22",先物(仲介),,昭和地所開発株式会社,-,"=""092-504-0088""",空有,,8160906
店舗事務所(建物一括),R00177-004370,,,,居住中,アーカイブ(成約),無,495000,,階,1988年11月,福岡県那珂川市松木3丁目の貸店舗・事務所【69坪】,,福岡県那珂川市松木３丁目2,,,6.00,1.00,,,30000,,230.97,69.86,7085,2026/01/26,"2025/12/16 16:19","2026/01/26 14:08",先物(仲介),,APAMAN（株）九州支社,-,"=""092-433-8522""",無,"児島貸店舗 0101",8111251
倉庫,R00177-004388,,,,空,公開可,無,500000,,階,1990年03月,福岡県福岡市博多区立花寺2丁目の貸倉庫・事務所【125坪】,,福岡県福岡市博多区立花寺２丁目20-1,,,1.00,2.00,,,,493.23,415.32,125.63,3980,2026/06/24,"2026/01/19 11:26","2026/01/23 18:30",先物(仲介),,三真不動産株式会社,-,"=""092-836-5105""",空有,,8120862
店舗事務所(建物一部),R00177-004286,,,,空,アーカイブ(成約),無,198000,,階,2019年06月,福岡県福岡市博多区那珂4丁目の貸店舗・事務所【15坪】,,福岡県福岡市博多区那珂４丁目14-25,,,5.00,1.00,,,,,51.00,15.42,12835,2025/12/04,"2025/08/26 09:34","2026/01/23 17:58",先物(仲介),,（株）三和地所,-,"=""092-431-4488""",空有,"駐車場はお客様専用駐車場のため
従業員やスタッフは駐車できない",8120893
倉庫,R00177-004351,,,,居住中,アーカイブ(成約),無,445795,,階,2020年02月,福岡県福岡市博多区榎田2丁目の貸倉庫・事務所【42坪】,,福岡県福岡市博多区榎田２丁目3-55,,,8.00,,,,,,141.03,42.66,10450,2025/11/20,"2025/11/20 13:37","2026/01/23 17:15",先物(仲介),,株式会社理創,-,"=""092-461-2333""",空有,"クレール福岡　5号室
",8120004
店舗事務所(建物一部),R00177-004234,,,,居住中,アーカイブ(成約),無,363000,,階,1993年07月,福岡県福岡市東区八田2丁目の貸店舗・事務所【43坪】,,福岡県福岡市東区八田２丁目16-25,,,3.00,,,,,,144.00,43.56,8334,2025/12/04,"2025/06/16 11:37","2026/01/23 16:59",先物(仲介),,舞松原不動産（株）本店,-,"=""092-671-7171""",,,8130031
倉庫,R00177-004022,,,,空,アーカイブ(成約),無,770000,,6階,1983年10月,福岡県福岡市東区多の津4丁目の貸倉庫【161坪】,,福岡県福岡市東区多の津４丁目5-12,,16500,1.00,1.00,,,,,532.31,161.02,4782,2025/11/26,"2024/11/07 12:02","2026/01/23 16:58",先物(仲介),,（株）Ｒｅｖｏ,-,"=""092-409-4398""",空有,LIZビル　6F,8130034
店舗事務所(建物一部),R00177-004242,,,,空,アーカイブ(成約),無,303600,,階,1993年09月,福岡県糟屋郡粕屋町長者原東6丁目の貸店舗・事務所【27坪】,,福岡県糟屋郡粕屋町長者原東６丁目15-12,,10000,6.00,,,,,,91.08,27.55,11020,2026/01/22,"2025/06/25 11:24","2026/01/22 17:26",先物(仲介),,株式会社ハウスメイトショップ　箱崎駅前店,-,"=""092-645-1166""",空有,ツインリー102,8112317
倉庫,R00177-004069,,,,使用中,アーカイブ(成約),無,4950000,,階,2017年05月,福岡県宮若市小伏の貸倉庫【989坪】,,福岡県宮若市小伏1592-1,,,,,,,,5182.24,3270.80,989.41,5003,2026/01/19,"2024/12/25 11:00","2026/01/19 17:10",自社,,株式会社センチュリーダイソー　福岡支店,-,"=""092-409-0188""",空有,オーナー反響：エーケーカンパニー様,8220132
店舗事務所(建物一部),R00177-004328,,,,空,アーカイブ(成約),無,330000,,1階,1996年04月,福岡県太宰府市水城2丁目の貸店舗・事務所【37坪】,,福岡県太宰府市水城２丁目31-13,,,10.00,,,,,,122.47,37.04,8908,2026/01/14,"2025/10/22 15:28","2026/01/14 10:43",先物(仲介),,株式会社大熊建設,-,"=""092-504-3142""",空有,,8180131
貸地,R00177-004300,,,,更地,アーカイブ(成約),無,3370650,,階,-,福岡県福岡市中央区那の津5丁目の貸地【754坪】,,福岡県福岡市中央区那の津５丁目3,,,12.00,,,,,2493.00,,754.13,4470,2026/01/09,"2025/09/09 15:37","2026/01/09 17:30",先物(仲介),,（株）トリビュート,-,"=""092-292-2313""",,,8100071
倉庫,R00177-004236,,,,空,アーカイブ(成約),無,180000,,階,2025年05月,福岡県北九州市八幡西区町上津役西4丁目の貸倉庫・事務所【25坪】,,福岡県北九州市八幡西区町上津役西４丁目7-23,,,2.00,,,,,140.00,84.94,25.69,7006,2025/12/04,"2025/06/17 11:28","2026/01/05 16:34",先物(仲介),,きくち不動産,-,"=""093-592-6565""",空有,オフィスアス町上津役西（まちこうじゃくにし）,8070074
倉庫,R00177-004101,,,,建築中,アーカイブ(成約),無,330000,,階,2025年10月,山口県下関市清末千房2丁目の貸倉庫・事務所【50坪】,,山口県下関市清末千房２丁目46-1,,,6.00,,,,,993.81,166.11,50.24,6568,2025/10/06,"2025/01/30 17:38","2026/01/05 08:18",先物(仲介),,株式会社大熊建設,-,"=""092-504-3142""",空有,オフィスパレア下関Ⅱ　4号室,7501163
倉庫,R00177-004106,,,,建築中,アーカイブ(成約),無,344520,,階,2025年12月,福岡県大野城市御笠川3丁目の貸倉庫・事務所【39坪】,,福岡県大野城市御笠川３丁目3-7,,,6.00,,,,,918.00,129.20,39.08,8816,2025/03/12,"2025/02/06 14:34","2025/12/23 10:16",先物(仲介),,株式会社大熊建設,-,"=""092-504-3142""",空有,オフィスパレア御笠川15　1号室,8160912
倉庫,R00177-004108,,,,建築中,アーカイブ(成約),無,440000,,階,2025年12月,福岡県大野城市御笠川3丁目の貸倉庫・事務所【47坪】,,福岡県大野城市御笠川３丁目3-7,,,6.00,,,,,918.00,158.40,47.91,9183,2025/03/12,"2025/02/06 15:05","2025/12/23 10:15",先物(仲介),,株式会社大熊建設,-,"=""092-504-3142""",空有,オフィスパレア御笠川15　3号室,8160912
倉庫,R00177-004109,,,,建築中,アーカイブ(成約),無,264000,,階,2025年12月,福岡県大野城市御笠川3丁目の貸倉庫・事務所【41坪】,,福岡県大野城市御笠川３丁目3-7,,,6.00,,,,,918.00,137.49,41.59,6348,2025/03/12,"2025/02/06 15:13","2025/12/23 10:14",先物(仲介),,株式会社大熊建設,-,"=""092-504-3142""",空有,オフィスパレア御笠川15　4号室,8160912
倉庫,R00177-004366,,,,空,公開可,無,275000,,階,1990年10月,福岡県嘉麻市飯田の貸倉庫【48坪】,,福岡県嘉麻市飯田1004-14,,,6.00,,,,,1050.77,160.00,48.4,5682,2026/06/25,"2025/12/09 11:59","2025/12/22 16:31",先物(仲介),,舞松原不動産（株）本店,-,"=""092-671-7171""",空有,"建物未登記
売買あり：B00177-000416",8200501
倉庫,R00177-003933,,,,空,アーカイブ(成約),無,129250,,階,2024年08月,長崎県長崎市京泊3丁目の貸倉庫・事務所【71坪】,,長崎県長崎市京泊３丁目7-18,,,2.00,,,2.00,,1332.70,235.51,71.24,1815,2025/12/22,"2024/08/22 14:03","2025/12/22 12:00",先物(仲介),,株式会社大熊建設,-,"=""092-504-3142""",空有,OP長崎Ⅱ　B棟3号室,8512211
貸地,R00177-004359,,,,更地,アーカイブ(成約),無,450000,,階,-,福岡県糟屋郡篠栗町津波黒3丁目の貸地【384坪】,,福岡県糟屋郡篠栗町津波黒３丁目6-19,,,4.00,1.00,,,,1272.00,,384.78,1170,2025/12/19,"2025/11/28 10:48","2025/12/19 09:59",先物(仲介),,入江不動産株式会社,-,"=""092-933-0001""",,"地目：山林
12/19物確：オーナー都合により一旦募集停止中との事",8112415
倉庫,R00177-003971,,,,空,アーカイブ(成約),無,440000,,階,1992年02月,福岡県久留米市山川安居野3丁目の貸倉庫【110坪】,,福岡県久留米市山川安居野３丁目11-20,,,3.00,,,,,470.84,363.64,110,4000,2025/12/15,"2024/09/27 15:30","2025/12/15 12:54",自社,,株式会社センチュリーダイソー　福岡支店,中村,"=""092-409-0188""",空有,部分貸し　A区画（1-2F倉庫のみ）,8390812
倉庫,R00177-004306,,,,空,アーカイブ(成約),無,990000,,階,1967年06月,福岡県北九州市小倉南区下城野1丁目の貸倉庫・事務所【208坪】,,福岡県北九州市小倉南区下城野１丁目17-37,,,3.00,2.00,,,,1778.00,688.00,208.12,4757,2025/12/11,"2025/09/19 16:53","2025/12/11 11:17",先物(仲介),,?縣産業株式会社,-,"=""093-923-0130""",空有,普通借は応相談、5年未満の短期不可,8020804
倉庫,R00177-004297,,,,空,アーカイブ(成約),無,253000,,階,1989年03月,福岡県福岡市東区馬出4丁目の貸倉庫【37坪】,,福岡県福岡市東区馬出４丁目1-38,,10000,3.00,1.00,,,,,122.35,37.01,6836,2025/11/13,"2025/09/05 12:06","2025/12/05 13:29",先物(仲介),,（株）県庁前不動産,-,"=""092-643-5966""",空有,"未登記物件（税金は支払いしてる）
2Fのみ
1Fはオーナー使用（リサイクル業）トイレは2Fに無いため1F共用
内覧：鍵預り",8120054
倉庫,R00177-004206,,,,居住中,アーカイブ(成約),無,280500,,階,2016年09月,福岡県大野城市仲畑1丁目の貸倉庫・事務所【36坪】,,福岡県大野城市仲畑１丁目10-9,,,8.00,1.00,,,,,120.25,36.37,7712,2025/11/14,"2025/05/08 11:35","2025/12/05 11:59",先物(仲介),,株式会社立地ライズ,-,"=""092-292-5681""",空有,オフィスアーク空港南　3・4号室,8160921
倉庫,R00177-004254,,,,空,アーカイブ(成約),無,495000,,階,2025年08月,福岡県大野城市御笠川2丁目の貸倉庫・事務所【52坪】,,福岡県大野城市御笠川２丁目8-15,,,6.00,,,,,231.25,173.00,52.33,9459,2025/11/14,"2025/07/09 14:45","2025/12/05 11:57",先物(仲介),,コミュニケーション･クリエイト,-,"=""092-643-7741""",空有,,8160912
倉庫,R00177-004220,,,,居住中,アーカイブ(成約),無,450000,,階,1969年09月,福岡県北九州市八幡西区夕原町の貸倉庫・工場【59坪】,,福岡県北九州市八幡西区夕原町11-2,,,1350000,1.00,,,,,197.75,59.81,7523,2025/11/13,"2025/05/29 09:45","2025/12/04 10:48",先物(仲介),,（有）三佳興産,-,"=""093-642-2342""",空有,,8070813
倉庫,R00177-003934,,,,築後未入居,アーカイブ(成約),無,473000,,階,2024年08月,長崎県長崎市京泊3丁目の貸倉庫・事務所【64坪】,,長崎県長崎市京泊３丁目7-18,,,3.00,,,3.00,,1332.70,212.31,64.22,7365,2025/12/03,"2024/08/22 14:48","2025/12/03 16:26",先物(仲介),,株式会社大熊建設,-,"=""092-504-3142""",空有,OP長崎Ⅱ　B棟4号室,8512211
倉庫,R00177-003931,,,,築後未入居,アーカイブ(成約),無,506000,,階,2024年08月,長崎県長崎市京泊3丁目の貸倉庫・事務所【78坪】,,長崎県長崎市京泊３丁目7-18,,,3.00,,,3.00,,1332.70,258.70,78.25,6466,2025/12/03,"2024/08/22 12:01","2025/12/03 16:24",先物(仲介),,株式会社大熊建設,-,"=""092-504-3142""",空有,OP長崎Ⅱ　B棟1号室,8512211
倉庫,R00177-004201,,,,空,アーカイブ(成約),無,411900,,階,2025年05月,福岡県福岡市博多区吉塚8丁目の貸倉庫・事務所【41坪】,,福岡県福岡市博多区吉塚８丁目2-15,,,8.00,,,,,,136.18,41.19,9999,2025/11/12,"2025/05/01 15:58","2025/12/02 17:17",自社,一般媒介,株式会社センチュリーダイソー　福岡支店,-,"=""092-409-0188""",空有,"オーナー反響：西日本新聞様
20251112現在　B棟2.3.4号室あき
吉塚スクエア　タイプ3（B棟7号室）",8120041
倉庫,R00177-004200,,,,空,アーカイブ(成約),無,422700,,階,2025年05月,福岡県福岡市博多区吉塚8丁目の貸倉庫・事務所【42坪】,,福岡県福岡市博多区吉塚８丁目2-15,,,8.00,,,,,,139.75,42.27,9999,2025/11/12,"2025/05/01 15:46","2025/12/02 17:16",自社,一般媒介,株式会社センチュリーダイソー　福岡支店,-,"=""092-409-0188""",空有,"オーナー反響：西日本新聞様
20251112現在　B棟2.3.4号室あき
吉塚スクエア　タイプ2（A棟4号室、B棟1号室）",8120041
店舗事務所(建物一括),R00177-004294,,,,空,アーカイブ(成約),無,330000,,階,1993年04月,福岡県朝倉郡筑前町朝日の貸店舗・事務所【48坪】,,福岡県朝倉郡筑前町朝日532-10,,,,,8.00,,,981.61,159.60,48.27,6836,2025/12/01,"2025/08/29 16:32","2025/12/01 09:44",先物(仲介),,（株）フロム・ゼロ,-,"=""03-6384-0200""",空有,仲介中,8380227
倉庫,R00177-003928,,,,空,アーカイブ(成約),無,148500,,階,2024年08月,長崎県長崎市京泊3丁目の貸倉庫・事務所【82坪】,,長崎県長崎市京泊３丁目7-20,,,2.00,,,2.00,,1332.70,273.05,82.59,1798,2025/11/18,"2024/08/22 11:34","2025/11/18 09:23",先物(仲介),,株式会社大熊建設,-,"=""092-504-3142""",空有,OP長崎Ⅱ　A棟1号室,8512211
倉庫,R00177-004263,,,,空,アーカイブ(成約),無,453530,,階,1990年05月,福岡県みやま市瀬高町本郷の貸倉庫【274坪】,,福岡県みやま市瀬高町本郷49-2,,,6.00,,,,,,908.61,274.85,1651,2025/10/08,"2025/07/22 12:13","2025/11/17 17:11",先物(仲介),,（株）ＡＪ・コーポレーション,-,"=""0942-42-3333""",空有,"浸水履歴1回あり
平成14年に堤防決壊、敷地内が浸水、倉庫内は無事
現在、堤防直しており、14年以降浸水なし
立ち合いにて内覧可、図面なし",8350021
倉庫,R00177-004305,,,,空,アーカイブ(成約),無,350000,,階,1981年12月,福岡県大野城市御笠川6丁目の貸倉庫・工場【44坪】,,福岡県大野城市御笠川６丁目6-10,,,4.00,,,,1.00,381.11,148.12,44.8,7812,2025/10/17,"2025/09/17 11:50","2025/11/17 17:05",先物(仲介),,昭和地所開発株式会社,-,"=""092-504-0088""",空有,,8160912
倉庫,R00177-004249,,,,居住中,アーカイブ(成約),無,286000,,階,1990年11月,福岡県大野城市御笠川5丁目の貸倉庫・事務所【42坪】,,福岡県大野城市御笠川５丁目3-7,,,6.00,1.00,,,11000,,139.20,42.1,6793,2025/10/08,"2025/07/01 14:55","2025/11/14 18:14",先物(仲介),,(株)泰山タイザンホーム薬院店,-,"=""092-781-7755""",空有,パックス御笠川　1号室,8160912
倉庫,R00177-004257,,,,空,アーカイブ(成約),無,220000,,階,1980年01月,福岡県久留米市山川沓形町の貸倉庫【59坪】,,福岡県久留米市山川沓形町1-18,,,2.00,,,,,,195.88,59.25,3713,2025/10/08,"2025/07/14 10:19","2025/11/14 17:43",先物(仲介),,（有）豊福外森不動産,-,"=""0942-43-3437""",空有,くつがたまち,8390815
倉庫,R00177-004140,,,,空,公開可,無,306900,,階,2025年09月,福岡県久留米市御井旗崎3丁目の貸倉庫・事務所【42坪】,,福岡県久留米市御井旗崎３丁目5-1,,,8.00,1.00,,,,,139.50,42.19,7273,2026/06/24,"2025/02/28 16:53","2025/11/14 17:41",先物(仲介),,株式会社立地ライズ,-,"=""092-292-5681""",空有,BLESS久留米Ⅱ　Bタイプ,8390841
倉庫,R00177-004139,,,,空,公開可,無,294800,,階,2025年09月,福岡県久留米市御井旗崎3丁目の貸倉庫・事務所【40坪】,,福岡県久留米市御井旗崎３丁目5-1,,,8.00,1.00,,,,,133.92,40.51,7278,2026/06/24,"2025/02/28 16:14","2025/11/14 17:41",先物(仲介),,株式会社立地ライズ,-,"=""092-292-5681""",空有,BLESS久留米Ⅱ　A・Cタイプ,8390841
倉庫,R00177-004316,,,,居住中,アーカイブ(成約),無,583000,,階,2011年03月,福岡県久留米市東合川3丁目の貸店舗・事務所【89坪】,,福岡県久留米市東合川３丁目13-5,,,6.00,1.00,,,,992.33,295.04,89.24,6533,2025/10/09,"2025/10/09 10:24","2025/11/14 17:39",先物(仲介),,株式会社立地ライズ,-,"=""092-292-5681""",空有,,8390809
店舗事務所(建物一括),R00177-004196,,,,空,アーカイブ(成約),無,352000,,階,1990年01月,福岡県久留米市東合川2丁目の貸店舗・事務所【84坪】,,福岡県久留米市東合川２丁目5-15,,,3.00,1.00,,,16500,277.80,277.80,84.03,4189,2025/10/08,"2025/04/24 12:05","2025/11/14 17:38",先物(仲介),,アサヒ住宅情報株式会社,-,"=""0942-36-1818""",空有,,8390809
倉庫,R00177-004326,,,,空,アーカイブ(成約),無,280000,,階,1993年06月,福岡県久留米市津福今町の貸倉庫【76坪】,,福岡県久留米市津福今町386-3-2,,,2.00,1.00,,,,,254.07,76.85,3644,2025/10/21,"2025/10/21 10:11","2025/11/14 17:18",先物(仲介),,(株)カミング,-,"=""0942-48-1979""",空有,,8300061
倉庫,R00177-004255,,,,居住中,アーカイブ(成約),無,238700,,階,1996年10月,福岡県福岡市博多区東那珂1丁目の貸倉庫・事務所【22坪】,,福岡県福岡市博多区東那珂１丁目6-37,,,5.00,,,4.00,8800,,75.56,22.85,10444,2025/10/08,"2025/07/10 15:06","2025/11/13 17:46",先物(仲介),,株式会社ハッピーエステート,-,"=""092-533-8844""",空有,"ふれんず住所「那珂1丁目」で登録あり
アコーンズ東那珂　11号室
※受付不可　　：　自動車整備、ショールーム、レンタカー事業は不可。
※受付不可　　：　外国籍、生き物・生ものなどの保管を目的とする内容等。
※契約形態　　：　法人契約限定　+　連帯保証人必須（法人代表者）
※サービス品　：　【瞬間湯沸かし器】【ブラインド一式】
※ネット環境　：　賃借人様にて確認　
※駐　車　場　：　3台目以降の空きは御座いません。",8120892
倉庫,R00177-004136,,,,建築中,アーカイブ(成約),無,258500,,階,2025年09月,福岡県久留米市御井旗崎3丁目の貸倉庫・事務所【33坪】,,福岡県久留米市御井旗崎３丁目5-1,,,8.00,1.00,,,,,110.60,33.45,7727,2025/06/19,"2025/02/28 15:54","2025/11/13 17:28",先物(仲介),,株式会社立地ライズ,-,"=""092-292-5681""",空有,久留米連棟オフィス　A区画　Aタイプ,8390841
倉庫,R00177-004223,,,,空,アーカイブ(成約),無,385000,,階,1973年01月,福岡県北九州市八幡西区夕原町の貸倉庫・工場【72坪】,,福岡県北九州市八幡西区夕原町3-21,,,,770000,,,,,240.00,72.6,5304,2025/10/07,"2025/05/30 09:59","2025/11/13 17:25",先物(仲介),,?縣産業株式会社,-,"=""093-923-0130""",空有,"クレーン2.8t（物件資料に写真あり）
天高：9m-5.6m
クレーン下：6.3m
床コンクリート、耐荷重不明",8070813
貸地,R00177-004311,,,,古家付,公開可,無,1800000,,階,-,福岡県北九州市小倉南区大字朽網の貸地【1946坪】,,福岡県北九州市小倉南区大字朽網3914-51,,,4.00,2.00,,,,6433.41,,1946.1,925,2026/06/24,"2025/10/02 10:30","2025/11/13 17:05",先物(仲介),,株式会社ミクニ,-,"=""093-541-0392""",,,8000231
倉庫,R00177-004237,,,,空,アーカイブ(成約),無,297000,,階,1990年09月,福岡県北九州市小倉北区若富士町の貸倉庫・事務所【55坪】,,福岡県北九州市小倉北区若富士町7-10,,,,2.00,,,,,182.90,55.32,5369,2025/11/13,"2025/06/18 11:56","2025/11/13 17:03",先物(仲介),,?縣産業株式会社,-,"=""093-923-0130""",空有,"R00177-004245　A区画
R00177-004246　A・B区画",8020063
店舗事務所(建物一括),R00177-004158,,,,空,アーカイブ(成約),無,550000,,階,2022年06月,宮崎県宮崎市大字恒久の貸店舗・事務所【38坪】,,宮崎県宮崎市大字恒久735-1,,,5000000,,,,,796.35,128.00,38.72,14205,2025/11/13,"2025/03/18 12:07","2025/11/13 16:17",先物(仲介),,株式会社センチュリーダイソー　福岡支店,-,"=""092-409-0188""",空有,,8800916
貸地,R00177-004197,,,,更地,アーカイブ(成約),無,2800000,,階,-,福岡県朝倉郡筑前町栗田の貸地【4515坪】,,福岡県朝倉郡筑前町栗田2736-1,,,10.00,,,,,14928.00,,4515.72,621,2025/10/06,"2025/04/25 10:41","2025/11/12 17:36",先物(仲介),,（株）シンセイ・プラスワン,-,"=""092-791-1184""",,売買あり：B00177-000353,8380801
倉庫,R00177-004235,,,,空,アーカイブ(成約),無,374000,,階,1992年08月,福岡県久留米市東合川7丁目の貸倉庫・事務所【99坪】,,福岡県久留米市東合川７丁目8-30,,,3.00,,,,,,328.07,99.24,3769,2025/09/10,"2025/06/17 10:35","2025/11/08 14:49",先物(仲介),,株式会社駅前不動産　久留米インター店,-,"=""0942-45-8848""",空有,"仲介中

クレーン：2t（写真あり）
過去3回床上浸水履歴あり（最大で男性の腰くらい、直近2～3年前）
水道メーターにキーボックスあり【1704】
担当：キヤマ様
応接室エアコンは古いため交換予定
8月末現在：オーナー、定借に変更するか検討中（将来取り壊しの検討もしている）
　具体的に方向性定まっていないとのことで、ふれんず落としている状況
9月5日：定借20年で変更予定、途中解約あり（違約金：1年未満2ヶ月、2年未満1ヶ月）
　　　ふれんず掲載まで一旦条件変更待ちとの依頼",8390809
倉庫,R00177-004224,,,,空,アーカイブ(成約),無,990000,,階,1969年11月,福岡第4倉庫／A棟1階【345坪】,,福岡県久留米市上津町1890-3,110000,,4.00,2.00,,,,2096.00,1143.55,345.92,2862,2025/10/29,"2025/05/30 14:09","2025/10/29 10:10",自社,代理,株式会社センチュリーダイソー　福岡支店,-,"=""092-409-0188""",空有,"1階のみ
倉庫　1042.81㎡　天井高3.8～4.5ｍ　シャッターW4.4　H3.7
事務所（中2階）100.74㎡　天井高2.1～2.4ｍ
プラットフォーム高さ90cm

[接道]・西側国道　幅員約15～16ｍ　・防火指定：法22条区域・権利：所有権、地目：宅地、建ぺい率60％、容積率200％・平成18年3月増築　・電気ガス：調査中、水道排水：公営・特別用途地区：大規模集客施設制限地区・住居誘導区域、景観計画（市街地部：周辺市街地地域）・付属建物：倉庫/鉄筋コンクリート造陸屋根4階建、2,573.26m2（約778.41坪）昭和56年10月築
",8300052
貸地,R00177-004120,,,,更地,公開可,無,200000,,階,-,福岡県糸島市新田の貸地【355坪】,,福岡県糸島市新田35-1,,,6.00,1.00,,,,1176.00,,355.74,563,2026/06/25,"2025/02/17 12:00","2025/10/24 10:43",先物(仲介),,（株）へいせい　福岡西店,-,"=""092-807-8555""",,前面道路水道あり、電気使用可,8191114
倉庫,R00177-004175,,,,築後未入居,公開可,無,550000,,階,2025年06月,福岡県福岡市東区原田3丁目の貸倉庫・事務所【53坪】,,福岡県福岡市東区原田３丁目7-55,,11000,6.00,,,,,,177.38,53.65,10251,2026/06/11,"2025/04/07 13:57","2025/10/23 17:08",先物(仲介),,（株）特建,-,"=""092-512-1980""",空有,"20251023　3～6号室　空き
FLAGS箱崎公園前　2～6号室",8120063
倉庫,R00177-004116,,,,使用中,アーカイブ(成約),無,143000,,階,1988年01月,福岡県大川市中木室の貸倉庫【84坪】,,福岡県大川市大字中木室99,,,3.00,,,,,,278.30,84.18,1699,2025/10/07,"2025/02/13 17:24","2025/10/21 17:33",自社,一般媒介,株式会社センチュリーダイソー　福岡支店,-,"=""092-409-0188""",空有,"オーナー反響：水落様
売買不可、築月不明（1975年築）
別途倉庫あり（左手水色の倉庫）別途契約相談可
20251009 成約済みとの事で連絡",8310014
倉庫,R00177-004310,,,,居住中,アーカイブ(成約),無,495000,,階,1979年04月,福岡県福岡市東区社領2丁目の貸工場・事務所【68坪】,,福岡県福岡市東区社領２丁目21-31,,,4.00,2.00,,,,278.00,226.30,68.45,7231,2025/10/17,"2025/10/01 12:05","2025/10/17 16:22",先物(仲介),,株式会社ＥＳＴＡＳ,-,"=""092-534-8866""",空有,,8120068
貸地,R00177-004323,,,,更地,公開可,無,450000,,階,-,福岡県久留米市国分町の貸地【211坪】,,福岡県久留米市国分町1168-6,,,3.00,,,,,700.00,,211.75,2126,2026/06/24,"2025/10/17 10:43","2025/10/17 16:03",先物(仲介),,（株）ダイナックス,-,"=""0942-22-1066""",,奥側の砂利敷き部分のみ,8390863
倉庫,R00177-004292,,,,居住中,アーカイブ(成約),無,440000,,階,2012年03月,福岡県大野城市仲畑1丁目の貸倉庫・事務所【51坪】,,福岡県大野城市仲畑１丁目35-19,,,6.00,,,,,,168.87,51.08,8614,2025/10/16,"2025/08/28 17:47","2025/10/16 17:05",先物(仲介),,株式会社大熊建設,-,"=""092-504-3142""",空有,オフィスパレア仲畑Ⅲ　2号室,8160921
店舗事務所(建物一括),R00177-004161,,,,使用中,アーカイブ(成約),無,464200,,3階,2020年04月,フィル・パーク　キャナルシティサイド｜3F,,福岡県福岡市博多区住吉２丁目16-38,,,6.00,1.00,,,,,77.42,23.41,19822,2025/10/07,"2025/03/24 16:26","2025/10/14 17:51",自社,一般媒介,株式会社センチュリーダイソー　福岡支店,-,"=""092-409-0188""",無,"9/1入居予定
造作譲渡相談可（美容室居抜き）",8120018
倉庫,R00177-004142,,,,居住中,アーカイブ(成約),無,990000,,階,1990年10月,福岡県福岡市博多区東光寺町2丁目の貸倉庫【155坪】,,福岡県福岡市博多区東光寺町２丁目9-60,,,,,,,,,514.08,155.5,6367,2025/10/14,"2025/03/03 11:15","2025/10/14 14:40",先物(仲介),,センチュリー21(株)みずほ不動産,-,"=""092-431-3933""",,"クレーン1t
※専任：理創より元付変更の連絡ありのためアーカイブ設定
　オーナー様の条件が厳しいとの事
2025/7/25　みずほ不動産元付にて再掲載",8120896
店舗事務所(建物一括),R00177-004295,,,,居住中,アーカイブ(成約),無,320000,,階,2004年08月,福岡県筑紫野市原田3丁目の貸店舗・事務所【33坪】,,福岡県筑紫野市原田３丁目19-1,,,640000,320000,,,,,111.42,33.7,9495,2025/10/09,"2025/09/02 13:37","2025/10/09 09:10",先物(仲介),,青山地建（株）,-,"=""092-924-4111""",空有,,8180024
倉庫,R00177-004288,,,,空,公開可,無,380000,,階,1980年12月,福岡県築上郡吉富町大字直江の貸倉庫【98坪】,,福岡県築上郡吉富町大字直江595,,,,,,,,3105.43,325.10,98.34,3865,2026/06/25,"2025/08/27 11:24","2025/10/08 15:17",先物(仲介),,則本不動産,-,"=""0979-82-1463""",空有,,8710831
倉庫,R00177-004268,,,,空,アーカイブ(成約),無,660000,,階,1981年08月,福岡県糟屋郡宇美町平和1丁目の貸倉庫【251坪】,,福岡県糟屋郡宇美町平和１丁目16-1,,,2.00,,,,,,830.83,251.32,2627,2025/09/03,"2025/07/31 11:21","2025/10/08 14:52",先物(仲介),,（株）東部不動産センター,-,"=""092-681-0884""",空有,"1Fのみ
駐車場4～5台",8112121
店舗事務所(建物一括),R00177-004095,,,,空,アーカイブ(成約),無,253000,,階,2024年11月,福岡県春日市昇町8丁目の貸店舗・事務所【20坪】,,福岡県春日市昇町８丁目65-3,,,3.00,2.00,,,,,66.24,20.03,12627,2025/09/12,"2025/01/23 11:43","2025/10/08 14:36",先物(仲介),,（株）志岐不動産,-,"=""092-552-3700""",空有,,8160851
店舗事務所(建物一括),R00177-004046,,,,築後未入居,アーカイブ(成約),無,242000,,階,2024年03月,福岡県春日市昇町1丁目の貸店舗・事務所【17坪】,,福岡県春日市昇町１丁目23-2,,,,,,,,152.07,57.96,17.53,13803,2025/09/12,"2024/12/04 12:25","2025/10/08 14:35",先物(仲介),,株式会社緒方不動産,-,"=""092-565-2193""",空有,3/24物確：空き、内覧現地キー,8160851
店舗事務所(建物一括),R00177-004104,,,,空,アーカイブ(成約),無,330000,,階,2006年12月,福岡県久留米市山川野口町の貸店舗・事務所【55坪】,,福岡県久留米市山川野口町16-43,,,2000000,,,,,718.00,184.55,55.82,5912,2025/09/02,"2025/02/04 09:49","2025/10/08 13:49",先物(仲介),,（有）豊福外森不動産,-,"=""0942-43-3437""",空有,飲食店不可,8390816
倉庫,R00177-004299,,,,居住中,アーカイブ(成約),無,253000,,階,1988年05月,福岡県福岡市博多区金の隈1丁目の貸倉庫・事務所【36坪】,,福岡県福岡市博多区金の隈１丁目28-45,,,3.00,,,,,,119.52,36.15,6998,2025/09/09,"2025/09/09 12:04","2025/10/08 13:16",先物(仲介),,不動産サービス福岡（株）,-,"=""092-595-8830""",空有,ゼロス金隈　103,8120863
倉庫,R00177-004001,,,,空,アーカイブ(成約),無,770000,,階,2005年02月,福岡県福岡市博多区西月隈3丁目の貸倉庫・事務所【76坪】,,福岡県福岡市博多区西月隈３丁目1-39,,,3.00,1.00,,,,,254.02,76.84,10021,2025/09/12,"2024/10/21 10:32","2025/10/07 18:07",先物(仲介),,（株）エー・エヌ・ホーム,-,"=""092-512-2122""",空有,元付複数あり,8120857
倉庫,R00177-004244,,,,空,アーカイブ(成約),無,775016,,階,1995年08月,福岡県福岡市博多区西月隈1丁目の貸倉庫・事務所【88坪】,,福岡県福岡市博多区西月隈１丁目6-6,,,8.00,,,,,,291.15,88.07,8800,2025/09/12,"2025/06/25 11:48","2025/10/07 18:06",先物(仲介),,株式会社理創,-,"=""092-461-2333""",空有,三弘エアポートビルⅡ　3・4号室,8120857
倉庫,R00177-004166,,,,空,アーカイブ(成約),無,1305392,,階,1995年08月,福岡県福岡市博多区西月隈1丁目の貸倉庫・事務所【148坪】,,福岡県福岡市博多区西月隈１丁目6-6,,,8.00,,,,,,490.38,148.33,8801,2025/09/12,"2025/03/27 12:09","2025/10/07 18:05",先物(仲介),,株式会社理創,-,"=""092-461-2333""",空有,三弘エアポートビルⅡ　一棟,8120857
店舗事務所(建物一括),R00177-004293,,,,空,アーカイブ(成約),無,200000,,階,1994年02月,福岡県北九州市八幡西区三ケ森4丁目の貸店舗・事務所【25坪】,,福岡県北九州市八幡西区三ケ森４丁目2-20,,,2.00,2.00,,,,,85.85,25.96,7702,2025/09/08,"2025/08/29 14:41","2025/10/07 16:34",先物(仲介),,（有）三ヶ森不動産センター,-,"=""093-613-5755""",空有,,8070843
倉庫,R00177-004088,,,,空,アーカイブ(成約),無,482790,,階,2025年02月,福岡県福岡市博多区堅粕4丁目の貸事務所【39坪】,,福岡県福岡市博多区堅粕４丁目1,,87780,6.00,,,,,,131.92,39.9,12099,2025/09/30,"2025/01/17 15:16","2025/10/02 17:42",先物(仲介),,株式会社理創,-,"=""092-461-2333""",空有,"嶋井ビジネスパーク　D（南3・4）
3号室空き",8120043
倉庫,R00177-004138,,,,空,公開可,無,276100,,階,2025年09月,福岡県久留米市御井旗崎3丁目の貸倉庫・事務所【35坪】,,福岡県久留米市御井旗崎３丁目5-1,,,8.00,1.00,,,,,118.50,35.84,7703,2026/06/24,"2025/02/28 16:05","2025/10/01 17:28",先物(仲介),,株式会社立地ライズ,-,"=""092-292-5681""",空有,BLESS久留米Ⅰ　Cタイプ,8390841
倉庫,R00177-004137,,,,空,公開可,無,265100,,階,2025年09月,福岡県久留米市御井旗崎3丁目の貸倉庫・事務所【34坪】,,福岡県久留米市御井旗崎３丁目5-1,,,8.00,1.00,,,,,113.76,34.41,7704,2026/06/24,"2025/02/28 15:55","2025/10/01 17:18",先物(仲介),,株式会社立地ライズ,-,"=""092-292-5681""",空有,BLESS久留米Ⅰ　Bタイプ,8390841
倉庫,R00177-004287,,,,居住中,アーカイブ(成約),無,990000,,階,1999年10月,福岡県太宰府市水城2丁目の貸倉庫【120坪】,,福岡県太宰府市水城２丁目18-45,,,4.00,,,,1.00,1526.06,399.00,120.69,8203,2025/09/24,"2025/08/27 09:55","2025/09/24 11:23",先物(仲介),,昭和地所開発株式会社,-,"=""092-504-0088""",空有,申込１件あり、２番手不可2025.9.22,8180131
倉庫,R00177-004296,,,,空,アーカイブ(成約),無,242000,,階,1991年07月,福岡県糟屋郡粕屋町大字仲原の貸倉庫・工場【43坪】,,福岡県糟屋郡粕屋町大字仲原1779-1,,,3.00,1.00,,3.00,,256.00,144.30,43.65,5545,2025/09/18,"2025/09/05 11:54","2025/09/18 10:31",自社,一般媒介,株式会社センチュリーダイソー　福岡支店,-,"=""092-409-0188""",空有,"仲介中
部分貸し
9/11　元付センチュリーダイソーへ変更",8112304
貸地,R00177-004239,,,,更地,アーカイブ(成約),無,900000,,階,-,福岡県古賀市筵内の貸地【1331坪】,,福岡県古賀市筵内2039-1,,,1.00,,,,,4400.00,,1331,677,2025/08/26,"2025/06/20 11:58","2025/09/12 14:43",先物(仲介),,株式会社　東聖ハウジング,-,"=""092-963-5720""",,"むしろうち
※建築不可（調整区域＋オーナー意向）、スクラップ工場不可",8113121
店舗事務所(建物一括),R00177-004283,,,,空,アーカイブ(成約),無,715000,,階,1989年11月,福岡県古賀市新原の貸店舗・事務所【112坪】,,福岡県古賀市新原983-13,,,,,8.00,,,935.52,371.62,112.41,6361,2025/08/19,"2025/08/19 10:52","2025/09/12 14:41",先物(仲介),,（株）フロム・ゼロ,-,"=""03-6384-0200""",空有,,8113127
倉庫,R00177-004176,,,,使用中,アーカイブ(成約),無,1485000,,階,2006年08月,福岡県太宰府市大佐野3丁目の貸倉庫【401坪】,,福岡県太宰府市大佐野３丁目1-11,,,6.00,2.00,,,,1856.52,1328.76,401.94,3695,2025/08/26,"2025/04/08 10:51","2025/09/12 13:19",先物(仲介),,(株)イマス　福岡営業所,-,"=""092-414-8150""",空有,"現在10月末退去予定　（前後の可能性あり）
内覧OK、日程調整の上
広告料あり（満額の場合）
検査済証あり",8180134
倉庫,R00177-004250,,,,空,アーカイブ(成約),無,495000,,階,2005年03月,福岡県福岡市博多区博多駅南4丁目の貸倉庫・事務所【45坪】,,福岡県福岡市博多区博多駅南４丁目13-15,,,8.00,,,,,,150.62,45.56,10865,2025/08/25,"2025/07/02 16:02","2025/09/12 11:33",先物(仲介),,センチュリー21(株)みずほ不動産,-,"=""092-431-3933""",空有,,8120016
倉庫,R00177-004284,,,,空,アーカイブ(成約),無,330000,,階,1971年01月,福岡県北九州市門司区大里本町2丁目の貸工場・事務所【155坪】,,福岡県北九州市門司区大里本町２丁目3-12,,,,2.00,,,,337.62,512.78,155.11,2128,2025/09/12,"2025/08/21 10:31","2025/09/12 11:06",先物(仲介),,海京不動産,-,"=""093-331-8801""",空有,"9/1物確：引き合い1件あり、回答期限が9/14なので
お客様への紹介は14日以降にお願いしますとの事

8/22物確：駐車場は川沿いに縦列2台のみ
クレーン重量不明、設置物すべて借主にて管理
内装工事可",8000063
倉庫,R00177-004253,,,,空,公開可,無,330000,,階,1976年04月,福岡県飯塚市川津の貸倉庫・事務所【49坪】,,福岡県飯塚市川津204-1,,,2.00,1.00,,,,387.00,164.48,49.75,6633,2026/06/22,"2025/07/07 10:12","2025/09/10 10:46",先物(仲介),,（株）サムライフ,-,"=""0948-43-2640""",空有,,8200067
倉庫,R00177-004230,,,,空,アーカイブ(成約),無,253000,,階,2024年08月,福岡県福岡市早良区重留4丁目の貸倉庫・事務所【34坪】,,福岡県福岡市早良区重留４丁目2-68,,,3.00,,,,,,114.10,34.51,7331,2025/09/08,"2025/06/10 14:45","2025/09/08 17:37",先物(仲介),,（株）Ｔｅｓｈｉｍａ　Ｎｅｘｔ　Ｈｏｍｅ,-,"=""092-845-7525""",空有,"タツノコベース　C（向かって右）
退去済、現地キー設置予定",8111101
倉庫,R00177-004087,,,,空,アーカイブ(成約),無,461494,,階,2025年02月,福岡県福岡市博多区堅粕4丁目の貸事務所【38坪】,,福岡県福岡市博多区堅粕４丁目1,,83908,6.00,,,,,,126.10,38.14,12099,2025/09/08,"2025/01/17 15:07","2025/09/08 15:37",先物(仲介),,株式会社理創,-,"=""092-461-2333""",空有,嶋井ビジネスパーク　C（南5）,8120043
倉庫,R00177-004204,,,,空,アーカイブ(成約),無,350000,,階,1996年09月,福岡県遠賀郡遠賀町大字鬼津の貸倉庫・工場【61坪】,,福岡県遠賀郡遠賀町大字鬼津3147-1,,,,1.00,,,,,203.42,61.53,5688,2025/09/05,"2025/05/07 10:07","2025/09/05 10:05",先物(仲介),,(株)アンサー倶楽部,-,"=""093-953-9950""",空有,"クレーン：おそらく2.8t
2025/7/22物確：現地キーボックスあり「6139」事務所横
内覧日程を093-951-6161へ連絡
",8114341
倉庫,R00177-004152,,,,,アーカイブ(成約),無,0,,階,1975年02月,福岡県糟屋郡粕屋町長者原東7丁目の貸倉庫【299坪】,,福岡県糟屋郡粕屋町長者原東７丁目15-1,,,,,,,,,988.80,299.11,,2025/09/01,"2025/03/10 11:53","2025/09/01 18:16",自社,一般媒介,株式会社センチュリーダイソー　福岡支店,A中村,"=""092-409-0188""",空有,"中村さん担当：顧問案件
※非公開、マッチング可
敷地一部共用あり",8112317
倉庫,R00177-004182,,,,空,アーカイブ(成約),無,1980000,,階,1980年12月,佐賀県神埼郡吉野ヶ里町吉田の貸倉庫【1100坪】,,佐賀県神埼郡吉野ヶ里町吉田2275-1,,,,1.00,,,,,3639.00,1100.79,1799,2025/08/28,"2025/04/09 11:51","2025/08/28 15:39",先物(仲介),,アサヒ住宅情報株式会社,-,"=""0942-36-1818""",空有,,8420031
貸地,R00177-004035,,,,,アーカイブ(成約),無,2300000,,階,-,福岡県糟屋郡新宮町三代西1丁目の貸地【1087坪】,,福岡県糟屋郡新宮町三代西１丁目827-1,,,12.00,,,,,3593.82,,1087.13,2116,2025/08/27,"2024/11/26 12:06","2025/08/27 17:13",先物(仲介),,福岡市東部農業協同組合JRハウジングセンター,-,"=""092-621-4699""",,"地番827番1、827番2、827番3
みしろにし",8110125
倉庫,R00177-004259,,,,居住中,アーカイブ(成約),無,330000,,階,1972年01月,福岡県北九州市小倉北区西港町の貸倉庫【98坪】,,福岡県北九州市小倉北区西港町72-13,,,4.00,1.00,,,,488.35,325.03,98.32,3357,2025/08/27,"2025/07/17 13:22","2025/08/27 16:41",先物(仲介),,有限会社　藤原不動産,-,"=""093-921-2129""",空有,仲介中,8030801
倉庫,R00177-004134,,,,空,公開可,無,7700000,,階,1988年09月,熊本県熊本市南区流通団地1丁目の貸倉庫【2881坪】,,熊本県熊本市南区流通団地１丁目48,,,5.00,1.00,,,,2851.12,9524.00,2881.01,2673,2026/06/26,"2025/02/27 15:13","2025/08/27 16:22",先物(仲介),,株式会社メイワリーベル,-,"=""096-322-8803""",空有,分割の場合は半分～（仕切り設備無し）,8620967
倉庫,R00177-004258,,,,使用中,アーカイブ(成約),無,3500000,,階,1992年03月,熊本県熊本市東区平山町の貸倉庫【391坪】,,熊本県熊本市東区平山町3006-6,,,,,,,,7499.29,1295.00,391.73,8935,2025/07/16,"2025/07/16 11:57","2025/08/26 11:37",先物(仲介),,株式会社タケダコーポレーション,-,"=""096-227-6282""",,,8618012
倉庫,R00177-004264,,,,空,アーカイブ(成約),無,220000,,階,-,福岡県八女市立花町山崎の貸倉庫【122坪】,,福岡県八女市立花町山崎2372,,,1.00,2.00,,,,,406.01,122.81,1792,2025/07/23,"2025/07/23 11:05","2025/08/26 10:22",先物(仲介),,（株）ヒトトイエ　久留米店,-,"=""0942-48-3686""",空有,,8340081
倉庫,R00177-004238,,,,空,アーカイブ(成約),無,847000,,階,2025年07月,福岡県八女市今福の貸倉庫【290坪】,,福岡県八女市今福1070-1,,,2.00,1.00,,,,,960.00,290.4,2917,2025/07/16,"2025/06/18 14:54","2025/08/26 10:18",先物(仲介),,（株）みなつきエステート,-,"=""0943-24-8184""",空有,,8340061
貸地,R00177-003994,,,,古家付,アーカイブ(成約),無,1500000,,階,-,福岡県福岡市博多区立花寺1丁目の貸地【675坪】,,福岡県福岡市博多区立花寺１丁目7-34,,,10.00,1.00,,,,2233.54,,675.64,2221,2025/07/08,"2024/10/16 15:32","2025/08/25 18:11",先物(仲介),,（株）三和地所,-,"=""092-431-4488""",,貸店舗ありR00177-003993,8120862
店舗事務所(建物一括),R00177-003993,,,,空,アーカイブ(成約),無,1650000,,階,1996年07月,福岡県福岡市博多区立花寺1丁目の貸店舗【66坪】,,福岡県福岡市博多区立花寺１丁目7-34,,,6.00,1.00,,,,2233.54,221.00,66.85,24682,2025/07/08,"2024/10/16 14:47","2025/08/25 18:11",先物(仲介),,（株）三和地所,-,"=""092-431-4488""",空有,貸地ありR00177-003994,8120862
倉庫,R00177-003987,,,,空,アーカイブ(成約),無,297000,,階,1990年03月,福岡県福岡市博多区東光2丁目の貸事務所【48坪】,,福岡県福岡市博多区東光２丁目9-19,,22000,8.00,,,,,,161.00,48.7,6099,2025/07/08,"2024/10/10 11:19","2025/08/25 18:04",先物(仲介),,三新不動産,-,"=""092-411-3029""",空有,平野ビル　2号室,8120008
倉庫,R00177-003986,,,,空,アーカイブ(成約),無,352000,,階,1990年03月,福岡県福岡市博多区東光2丁目の貸事務所【59坪】,,福岡県福岡市博多区東光２丁目9-19,,22000,8.00,,,,,,196.00,59.29,5937,2025/07/08,"2024/10/10 11:17","2025/08/25 18:04",先物(仲介),,三新不動産,-,"=""092-411-3029""",空有,"平野ビル　1号室
内覧は12月以降",8120008
倉庫,R00177-004246,,,,空,アーカイブ(成約),無,682000,,階,1990年09月,福岡県北九州市小倉北区若富士町の貸倉庫・事務所【134坪】,,福岡県北九州市小倉北区若富士町7-10,,,,2.00,,,,,445.40,134.73,5062,2025/07/28,"2025/06/26 11:42","2025/08/25 17:38",先物(仲介),,?縣産業株式会社,-,"=""093-923-0130""",空有,"R00177-004245　B区画
R00177-004245　A区画",8020063
倉庫,R00177-004245,,,,空,アーカイブ(成約),無,385000,,階,1990年09月,福岡県北九州市小倉北区若富士町の貸倉庫・事務所【79坪】,,福岡県北九州市小倉北区若富士町7-10,,,,2.00,,,,,262.50,79.4,4849,2025/08/25,"2025/06/26 11:16","2025/08/25 17:37",先物(仲介),,?縣産業株式会社,-,"=""093-923-0130""",空有,"R00177-004245　B区画
R00177-004246　A・B区画",8020063
貸地,R00177-003959,,,,更地,アーカイブ(成約),無,230000,,階,-,福岡県朝倉郡筑前町原地蔵の貸地【1612坪】,,福岡県朝倉郡筑前町原地蔵2387,,,,,,,,5332.00,,1612.93,143,2025/07/04,"2024/09/18 12:02","2025/08/20 17:41",先物(仲介),,（株）ｚｅｒｏソリューション,-,"=""0942-27-8000""",,,8380824
倉庫,R00177-004282,,,,空,公開可,無,330000,,階,1985年08月,福岡県筑後市大字高江の貸倉庫【271坪】,,福岡県筑後市大字高江300-1,,,10.00,1.00,,,,750.00,897.56,271.51,1216,2026/06/24,"2025/08/18 14:37","2025/08/18 14:46",先物(仲介),,（株）アドバイス不動産,-,"=""0944-72-3333""",空有,,8330052
倉庫,R00177-004280,,,,空,公開可,無,1407670,,階,1992年06月,熊本県八代市敷川内町の貸倉庫【511坪】,,熊本県八代市敷川内町2333-1,,,1.00,,,,,3405.07,1692.18,511.88,2750,2026/06/26,"2025/08/07 10:04","2025/08/10 06:26",先物(仲介),,（株）ＡＪ・コーポレーション,-,"=""0942-42-3333""",空有,,8695151
倉庫,R00177-004240,,,,空,アーカイブ(成約),無,550000,,階,1969年03月,福岡県福岡市博多区博多駅南3丁目の貸倉庫・事務所【186坪】,,福岡県福岡市博多区博多駅南３丁目14-8,,,5.00,,,,,,616.00,186.34,2952,2025/08/09,"2025/06/23 10:51","2025/08/09 15:28",先物(仲介),,センチュリー21(株)みずほ不動産,-,"=""092-431-3933""",空有,"申込１件あり　２番手案内不可　2025.8.8

担当：大久保様
※定借5年、建物が古いため取壊しの可能性あり
建物向かって右端から2区画",8120016
倉庫,R00177-003982,,,,建築中,アーカイブ(成約),無,550000,,階,2025年03月,福岡県北九州市小倉南区大字朽網の貸倉庫【83坪】,,福岡県北九州市小倉南区大字朽網3914-50,,,5.00,,,,,2481.72,276.18,83.54,6584,2024/10/24,"2024/10/08 14:42","2025/08/08 09:30",先物(仲介),,株式会社大熊建設,-,"=""092-504-3142""",空有,オフィスストレージ朽網Ⅰ　3号室,8000231
倉庫,R00177-003981,,,,建築中,アーカイブ(成約),無,550000,,階,2025年03月,福岡県北九州市小倉南区大字朽網の貸倉庫【84坪】,,福岡県北九州市小倉南区大字朽網3914-50,,,5.00,,,,,2481.72,280.56,84.86,6481,2025/03/10,"2024/10/08 14:35","2025/08/08 09:27",先物(仲介),,株式会社大熊建設,-,"=""092-504-3142""",空有,オフィスストレージ朽網Ⅰ　2号室,8000231
倉庫,R00177-003980,,,,空,アーカイブ(成約),無,770000,,階,2025年03月,福岡県北九州市小倉南区大字朽網の貸倉庫【122坪】,,福岡県北九州市小倉南区大字朽網3914-50,,,5.00,,,,,2481.72,404.88,122.47,6287,2025/06/03,"2024/10/08 14:28","2025/08/08 09:25",先物(仲介),,株式会社大熊建設,-,"=""092-504-3142""",空有,オフィスストレージ朽網Ⅰ　1号室,8000231
倉庫,R00177-004215,,,,空,アーカイブ(成約),無,250000,,階,2022年10月,福岡県鞍手郡鞍手町大字中山の貸倉庫・事務所【29坪】,,福岡県鞍手郡鞍手町大字中山136-1,,,6.00,,,,,,96.00,29.04,8609,2025/08/07,"2025/05/19 11:32","2025/08/07 10:42",先物(仲介),,（株）アスリート,-,"=""092-292-1189""",空有,,8071312
倉庫,R00177-004020,,,,空,アーカイブ(成約),無,495000,,階,1967年11月,福岡県福岡市博多区東那珂2丁目の貸倉庫【67坪】,,福岡県福岡市博多区東那珂２丁目17-28,,,6.00,,,,,433.47,224.64,67.95,7285,2025/07/31,"2024/11/05 11:19","2025/07/31 14:17",先物(仲介),,株式会社ジェイエイ福岡　不動産部　開発センター,-,"=""092-711-5625""",空有,"不可業種（飲食関係、自動車バイク関係）
7/7物確：サンエイ不動産は元付から外れたとの事で変更",8120892
店舗事務所(建物一括),R00177-004265,,,,空,公開可,無,440000,,階,-,福岡県田川市大字伊田の貸店舗・事務所【59坪】,,福岡県田川市大字伊田3557-2,,,2.00,1.00,,,,,195.50,59.13,7441,2026/06/24,"2025/07/24 11:45","2025/07/29 17:33",先物(仲介),,（株）エー・エヌ・エフ,-,"=""0947-46-2808""",空有,,8250002
倉庫,R00177-004241,,,,空,アーカイブ(成約),無,825000,,階,1994年11月,福岡県北九州市小倉北区泉台2丁目の貸倉庫【157坪】,,福岡県北九州市小倉北区泉台２丁目18-1,,,2.00,2.00,,,,1653.21,520.98,157.59,5235,2025/06/24,"2025/06/24 10:42","2025/07/28 10:27",先物(仲介),,株式会社ミクニ,-,"=""093-541-0392""",空有,,8030842
倉庫,R00177-003965,,,,使用中,アーカイブ(成約),無,0,,3階,1991年01月,福岡県古賀市谷山の貸倉庫【232坪】,,福岡県古賀市谷山912,,,,,,,,,768.00,232.32,,2025/07/25,"2024/09/20 17:47","2025/07/25 12:47",自社,一般媒介,株式会社センチュリーダイソー　福岡支店,-,"=""092-409-0188""",空有,"中村さん担当：顧問案件
※3Fのみ
",8113125
倉庫,R00177-004071,,,,使用中,アーカイブ(成約),無,0,,階,1997年03月,福岡県古賀市青柳の貸倉庫【380坪】,,福岡県古賀市青柳町55-1,,,,,,,,,1259.10,380.87,,2025/07/25,"2025/01/06 15:00","2025/07/25 12:47",自社,一般媒介,株式会社センチュリーダイソー　福岡支店,-,"=""092-409-0188""",,"中村さん担当：顧問案件
",8113133
店舗事務所(建物一括),R00177-003924,,,,空,アーカイブ(成約),無,660000,,階,2003年07月,熊本県熊本市北区植木町岩野の貸店舗・事務所【47坪】,,熊本県熊本市北区植木町岩野27-4,,,5.00,770000,,,,2095.71,156.77,47.42,13918,2025/06/20,"2024/08/19 16:02","2025/07/25 12:07",先物(仲介),,株式会社タケダコーポレーション,-,"=""096-227-6282""",空有,,8610136
倉庫,R00177-004213,,,,空,アーカイブ(成約),無,682000,,階,1989年04月,福岡県那珂川市片縄3丁目の貸倉庫【139坪】,,福岡県那珂川市片縄３丁目61,,11000,3.00,2.00,,,33000,,461.46,139.59,4886,2025/06/20,"2025/05/15 10:19","2025/07/25 11:56",先物(仲介),,カナオウ不動産,-,"=""092-332-8161""",空有,,8111201
倉庫,R00177-004207,,,,空,アーカイブ(成約),無,264000,,階,1993年05月,福岡県うきは市浮羽町高見の貸倉庫【210坪】,,福岡県うきは市浮羽町高見236-1,,,4.00,1.00,,,,,696.88,210.8,1253,2025/06/20,"2025/05/08 12:01","2025/07/25 11:54",先物(仲介),,イーグルハウス㈱,-,"=""0946-22-0773""",空有,,8391406
倉庫,R00177-004228,,,,居住中,アーカイブ(成約),無,660000,,階,1981年12月,福岡県大野城市御笠川3丁目の貸倉庫・事務所【51坪】,,福岡県大野城市御笠川３丁目10-3,,,4.00,,,,1.00,490.44,170.74,51.64,12779,2025/07/22,"2025/06/09 11:57","2025/07/22 11:56",先物(仲介),,昭和地所開発株式会社,-,"=""092-504-0088""",空有,,8160912
倉庫,R00177-004150,,,,空,アーカイブ(成約),無,0,,階,2014年03月,福岡県北九州市小倉北区西港町の貸倉庫【2600坪】,,福岡県北九州市小倉北区西港町9-3,,,,,,,,,8595.05,2600,,2025/07/17,"2025/03/07 15:41","2025/07/17 18:37",自社,一般媒介,株式会社センチュリーダイソー　福岡支店,-,"=""092-409-0188""",,"戸畑物流㈱様物件
※非公開、マッチング可",8030801
店舗事務所(建物一部),R00177-004048,,,,空,アーカイブ(成約),無,660000,,階,1991年03月,福岡県大野城市下大利1丁目の貸店舗・事務所【95坪】,,福岡県大野城市下大利１丁目20-25,,,5.00,,,,,,314.60,95.16,6936,2025/06/19,"2024/12/05 15:14","2025/07/17 18:01",先物(仲介),,株式会社小笠原,-,"=""092-572-2121""",空有,"アドリーム下大利 1F",8160952
倉庫,R00177-004084,,,,居住中,アーカイブ(成約),無,711568,,階,2005年02月,福岡県大野城市乙金2丁目の貸倉庫【161坪】,,福岡県大野城市乙金２丁目8-1,,,6.00,,,,,,534.60,161.71,4401,2025/06/19,"2025/01/17 09:52","2025/07/17 17:58",先物(仲介),,株式会社三好不動産,-,"=""092-716-5000""",空有,■建物内給排水設備なし,8160902
倉庫,R00177-003963,,,,使用中,アーカイブ(成約),無,0,,階,1993年02月,福岡県糟屋郡篠栗町大字篠栗の貸倉庫【146坪】,,福岡県糟屋郡篠栗町大字篠栗3757-1,,,,,,,,,482.80,146.04,,2025/07/04,"2024/09/20 17:00","2025/07/16 18:58",自社,一般媒介,株式会社センチュリーダイソー　福岡支店,-,"=""092-409-0188""",空有,"中村さん担当：顧問案件
",8112405
倉庫,R00177-003964,,,,使用中,アーカイブ(成約),無,0,,階,1993年07月,福岡県糟屋郡須惠町大字植木の貸倉庫【170坪】,,福岡県糟屋郡須惠町大字植木185-31,,,,,,,,,561.98,169.99,,2025/07/04,"2024/09/20 17:32","2025/07/16 18:58",自社,一般媒介,株式会社センチュリーダイソー　福岡支店,-,"=""092-409-0188""",空有,"中村さん担当：顧問案件
■部分貸し
",8112112
倉庫,R00177-004153,,,,使用中,アーカイブ(成約),無,0,,階,1976年01月,福岡県糟屋郡宇美町宇美東3丁目の貸倉庫・工場【377坪】,,福岡県糟屋郡宇美町宇美東３丁目1738-2,,,,,,,,,1246.80,377.15,,2025/07/04,"2025/03/10 13:41","2025/07/16 18:58",自社,一般媒介,株式会社センチュリーダイソー　福岡支店,A中村,"=""092-409-0188""",空有,"中村さん担当：顧問案件
※非公開、マッチング可
敷地一部共用あり
築月日不明",8112125
倉庫,R00177-003945,,,,空,アーカイブ(成約),無,825000,,階,2018年07月,福岡県八女市室岡の貸倉庫【296坪】,,福岡県八女市室岡1302-11,,,2.00,1.00,,,,,980.00,296.45,2783,2025/07/16,"2024/09/04 11:36","2025/07/16 10:13",先物(仲介),,（株）みなつきエステート,-,"=""0943-24-8184""",空有,,8340066
倉庫,R00177-004193,,,,空,アーカイブ(成約),無,438900,,階,1991年06月,福岡県久留米市東合川3丁目の貸倉庫・事務所【89坪】,,福岡県久留米市東合川３丁目1,,,6.00,,,,,404.00,295.76,89.46,4906,2025/06/19,"2025/04/22 14:59","2025/07/11 12:53",先物(仲介),,久栄商事（有）,-,"=""0942-38-3838""",空有,,8390809
倉庫,R00177-004174,,,,建築中,アーカイブ(成約),無,1100000,,階,2025年06月,福岡県福岡市東区原田3丁目の貸倉庫・事務所【108坪】,,福岡県福岡市東区原田３丁目7-55,,11000,6.00,,,,,,358.78,108.53,10136,2025/06/17,"2025/04/07 12:05","2025/07/10 08:24",先物(仲介),,（株）特建,-,"=""092-512-1980""",空有,FLAGS箱崎公園前　7号室,8120063
倉庫,R00177-004039,,,,空,アーカイブ(成約),無,220000,,階,2024年11月,福岡県北九州市八幡西区茶屋の原2丁目の貸倉庫・事務所【27坪】,,福岡県北九州市八幡西区茶屋の原２丁目13-3,,,3.00,,,3.00,,821.25,89.68,27.12,8110,2025/07/09,"2024/11/27 18:01","2025/07/09 17:51",先物(仲介),,株式会社大熊建設,-,"=""092-504-3142""",空有,OP八幡西Ⅰ　A棟1号室,8071134
倉庫,R00177-004179,,,,空,アーカイブ(成約),無,242000,,階,2024年11月,福岡県北九州市八幡西区茶屋の原2丁目の貸倉庫・事務所【30坪】,,福岡県北九州市八幡西区茶屋の原２丁目13-2,,,3.00,,,3.00,,821.25,99.81,30.19,8016,2025/07/09,"2025/04/08 14:48","2025/07/09 17:46",先物(仲介),,株式会社大熊建設,-,"=""092-504-3142""",空有,OP八幡西Ⅰ　B棟1号室,8071134
倉庫,R00177-004141,,,,空,アーカイブ(成約),無,1210000,,階,1986年11月,福岡県大野城市御笠川2丁目の貸倉庫【212坪】,,福岡県大野城市御笠川２丁目9-3,,,5.00,,,,,,703.70,212.86,5685,2025/07/04,"2025/03/03 10:37","2025/07/08 18:26",先物(仲介),,青山地建（株）,-,"=""092-924-4111""",空有,"天高5.5m-6.6m
倉庫部分（実測） 15.1mx18.4m （277.84㎡/84.04坪）",8160912
店舗事務所(建物一部),R00177-004229,,,,空,アーカイブ(成約),無,209000,,階,2003年09月,福岡県福岡市博多区博多駅南3丁目の貸事務所【18坪】,,福岡県福岡市博多区博多駅南３丁目13-27,,,7.00,,,,,,60.03,18.15,11510,2025/06/09,"2025/06/09 16:02","2025/07/04 17:07",先物(仲介),,丸善不動産（株）,-,"=""092-411-5001""",空有,,8120016
倉庫,R00177-004219,,,,空,アーカイブ(成約),無,300000,,階,1995年01月,福岡県田川郡福智町金田の貸倉庫【201坪】,,福岡県田川郡福智町金田640-6,,,1.00,2.00,,,,1576.00,667.00,201.76,1487,2025/06/25,"2025/05/28 10:43","2025/07/04 09:39",先物(仲介),,Ｇトラスト不動産,-,"=""0947-47-3555""",空有,"2025.6.25、元付より、ロジコロ掲載削除依頼あり
　　   7.5　 元付より、再度掲載削除依頼あり、対応
倉庫（工場）、住居付き店舗あり
※倉庫利用優先（オーナー希望）
外クレーン 1t、倉庫クレーン2t",8221201
貸地,R00177-004218,,,,更地,公開可,無,330000,,階,-,福岡県北九州市門司区片上海岸の貸地【407坪】,,福岡県北九州市門司区片上海岸5-25,,,2.00,2.00,,,,1348.29,,407.85,810,2026/06/24,"2025/05/27 10:40","2025/06/27 10:49",先物(仲介),,株式会社ミクニ,-,"=""093-541-0392""",,"港湾法（商港区）、契約年数相談可
担当：ヨシタカ様",8000061
店舗事務所(建物一括),R00177-004032,,,,空,公開可,無,275000,,階,1984年11月,福岡県久留米市国分町の貸店舗・事務所【69坪】,,福岡県久留米市国分町1324-6,,,750000,250000,,,,410.22,229.44,69.4,3963,2026/06/24,"2024/11/19 11:49","2025/06/23 12:09",先物(仲介),,（株）駅前不動産　西鉄津福店,-,"=""0942-36-2020""",空有,,8390863
倉庫,R00177-003909,,,,空,アーカイブ(成約),無,253000,,階,2016年10月,大分県大分市大字下郡の貸倉庫・事務所【33坪】,,大分県大分市大字下郡3462-42,,,6.00,,,,,1099.40,111.09,33.6,7529,2025/05/13,"2024/08/01 14:50","2025/06/20 16:46",先物(仲介),,株式会社大熊建設,-,"=""092-504-3142""",空有,オフィスパレア下郡Ⅰ　2号室,8700951
貸地,R00177-004171,,,,古家付,アーカイブ(成約),無,900000,,階,-,福岡県田川郡福智町金田の貸地【1500坪】,,福岡県田川郡福智町金田786-1,,,8.00,1800000,,,,4960.00,,1500.4,600,2025/05/15,"2025/04/02 14:54","2025/06/20 16:10",先物(仲介),,（株）リブイン,-,"=""092-404-0455""",,,8221201
倉庫,R00177-004162,,,,空,アーカイブ(成約),無,770000,,階,2025年02月,福岡県朝倉郡筑前町朝日の貸倉庫【99坪】,,福岡県朝倉郡筑前町朝日720-1,,,10.00,2.00,,,385000,788.74,330.00,99.82,7714,2025/05/15,"2025/03/25 11:59","2025/06/20 15:57",先物(仲介),,福入不動産（株）,-,"=""092-400-8287""",空有,,8380227
貸地,R00177-004064,,,,更地,アーカイブ(成約),無,710000,,階,-,福岡県宮若市沼口の貸地【889坪】,,福岡県宮若市沼口856-1,,,6.00,781000,,,,2941.00,,889.65,799,2025/05/15,"2024/12/13 10:33","2025/06/20 15:09",先物(仲介),,ルナタウン（株）,中村さん担当,"=""092-931-5550""",,中村さん担当,8220152
倉庫,R00177-004091,,,,居住中,アーカイブ(成約),無,330000,,階,1988年11月,福岡県那珂川市中原5丁目の貸倉庫【58坪】,,福岡県那珂川市中原５丁目102,,,3.00,1.00,,,,,192.77,58.31,5660,2025/05/15,"2025/01/20 14:34","2025/06/20 15:07",先物(仲介),,ｈｏｍｅ　ｓｔｏｒｙ（株）,-,"=""092-775-7442""",空有,,8111213
店舗事務所(建物一括),R00177-004148,,,,空,アーカイブ(成約),無,550000,,階,2007年02月,福岡県糸島市荻浦3丁目の貸店舗・事務所【53坪】,,福岡県糸島市荻浦３丁目1-11,,,3000000,,,,,1353.00,175.68,53.14,10350,2025/05/15,"2025/03/07 10:38","2025/06/20 15:05",先物(仲介),,（株）二日市不動産,-,"=""092-922-2455""",空有,,8191121
倉庫,R00177-004026,,,,空,アーカイブ(成約),無,700000,,階,1994年07月,福岡県福津市勝浦の貸倉庫・事務所【223坪】,,福岡県福津市勝浦598,,,3.00,2.00,,,,6949.00,738.49,223.39,3134,2025/05/15,"2024/11/12 14:23","2025/06/20 14:47",先物(仲介),,（株）ＡｓＤａｉｃｈｉ,-,"=""092-624-5050""",空有,,8113521
倉庫,R00177-004181,,,,空,アーカイブ(成約),無,550000,,階,2013年02月,福岡県大野城市御笠川5丁目の貸倉庫・事務所【70坪】,,福岡県大野城市御笠川５丁目9-9,,,4.00,1.00,,,,224.20,232.63,70.37,7816,2025/05/15,"2025/04/09 10:26","2025/06/19 17:41",先物(仲介),,入江不動産株式会社,-,"=""092-933-0001""",空有,,8160912
倉庫,R00177-004034,,,,空,アーカイブ(成約),無,660000,,階,1981年05月,福岡県大川市大字三丸の貸倉庫【402坪】,,福岡県大川市大字三丸1527-1,,4400,1800000,,,,,,1330.76,402.55,1640,2025/05/15,"2024/11/26 11:18","2025/06/19 17:35",先物(仲介),,株式会社　中央開発,-,"=""0944-87-3642""",空有,分割貸し不可,8310026
倉庫,R00177-004092,,,,空,アーカイブ(成約),無,220000,,階,1996年08月,福岡県遠賀郡遠賀町遠賀川1丁目の貸倉庫・事務所【58坪】,,福岡県遠賀郡遠賀町遠賀川１丁目4-35,,,3.00,,,,20000,,192.34,58.18,3782,2025/06/18,"2025/01/21 14:47","2025/06/18 11:54",先物(仲介),,（株）えんコーポレーション,-,"=""092-751-2050""",空有,,8114307
倉庫,R00177-004129,,,,居住中,アーカイブ(成約),無,2420000,,階,1962年03月,福岡県北九州市小倉北区末広2丁目の貸倉庫【569坪】,,福岡県北九州市小倉北区末広２丁目3-5,,,2.00,1.00,,,,5639.37,1883.11,569.64,4249,2025/05/09,"2025/02/25 10:10","2025/06/17 17:18",先物(仲介),,山懸産業（株）,-,"=""093-923-0130""",空有,,8020012
貸地,R00177-004121,,,,更地,アーカイブ(成約),無,1473700,,階,-,福岡県北九州市門司区大字伊川の貸地【2947坪】,,福岡県北九州市門司区大字伊川,,,1.00,2.00,,,,9743.82,,2947.5,500,2025/05/09,"2025/02/17 15:05","2025/06/17 17:03",先物(仲介),,(株)山十開発,-,"=""093-473-3700""",,住所詳細不明：伊川1859付近,8000101
貸地,R00177-004212,,,,更地,アーカイブ(成約),無,380000,,階,-,福岡県福岡市東区土井2丁目の貸地【378坪】,,福岡県福岡市東区土井２丁目430-3,,,3.00,,,,,1252.00,,378.73,1004,2025/06/13,"2025/05/14 10:32","2025/06/13 10:37",先物(仲介),,多の津不動産,-,"=""092-621-9481""",,,8130032
店舗事務所(建物一部),R00177-004231,,,,居住中,公開可,無,605000,,階,2008年09月,福岡県福岡市博多区諸岡3丁目の貸店舗・事務所【45坪】,,福岡県福岡市博多区諸岡３丁目6-15,,,5.00,,,,,,148.90,45.04,13432,2026/06/24,"2025/06/11 10:28","2025/06/11 18:11",先物(仲介),,"株式会社クリフ 管理部",-,"=""092-752-5180""",空有,,8120894
倉庫,R00177-004221,,,,空,アーカイブ(成約),無,968000,,階,1979年11月,福岡県福岡市東区箱崎ふ頭5丁目の貸倉庫【250坪】,,福岡県福岡市東区箱崎ふ頭５丁目8-3,,,4.00,,,,,,828.00,250.47,3865,2025/06/09,"2025/05/29 10:39","2025/06/09 17:49",先物(仲介),,岡部不動産（株）,-,"=""092-541-1133""",空有,"天高：9.1m~5.3m
庇：低い所4.5m",8120051
貸地,R00177-004132,,,,更地,アーカイブ(成約),無,450000,,階,-,福岡県北九州市小倉北区西港町の貸地【299坪】,,福岡県北九州市小倉北区西港町15-6,,,5.00,,,,,990.00,,299.47,1503,2025/06/09,"2025/02/26 10:56","2025/06/09 14:36",先物(仲介),,(有)リサーチ,-,"=""093-883-6568""",,,8030801
倉庫,R00177-004194,,,,空,アーカイブ(成約),無,250000,,階,1992年10月,福岡県久留米市東合川8丁目の貸倉庫・事務所【65坪】,,福岡県久留米市東合川８丁目6-35,,,1.00,1.00,,,,,218.75,66.17,3779,2025/05/16,"2025/04/23 16:13","2025/05/30 14:41",先物(仲介),,（株）ラフィングHOME,-,"=""0942-80-8068""",空有,"過去浸水履歴1度あり
内覧：鍵預り",8390809
倉庫,R00177-004008,,,,空,アーカイブ(成約),無,913000,,階,2020年08月,福岡県古賀市薦野の貸倉庫【109坪】,,福岡県古賀市薦野1134-1,,,3.00,2.00,,,,2104.97,360.89,109.16,8364,2025/05/29,"2024/10/23 14:43","2025/05/29 11:10",先物(仲介),,日本開発地所,-,"=""0940-26-0660""",空有,5/29物確　賃貸中、2026年4月までの契約との事,8113122
店舗事務所(建物一括),R00177-004096,,,,空,アーカイブ(成約),無,715000,,階,2008年09月,福岡県福岡市東区名島3丁目の貸事務所【36坪】,,福岡県福岡市東区名島３丁目2-10,,,3.00,,,,,,119.68,36.2,19750,2025/05/29,"2025/01/24 12:05","2025/05/29 10:45",先物(仲介),,舞松原不動産（株）本店,-,"=""092-671-7171""",空有,,8130043
倉庫,R00177-004144,,,,居住中,アーカイブ(成約),無,379500,,階,1988年09月,福岡県福岡市博多区東光2丁目の貸倉庫・事務所【46坪】,,福岡県福岡市博多区東光２丁目20-16,,,8.00,,,,,,152.07,46,8250,2025/05/01,"2025/03/04 13:37","2025/05/28 17:47",先物(仲介),,株式会社理創,-,"=""092-461-2333""",空有,"第2SKビル
退去予定5/31　
退去後、外装およびシャッター塗装工事実施予定　
工程によるが最短7月入居可能",8120008
店舗事務所(建物一括),R00177-004202,,,,空,アーカイブ(成約),無,253000,,階,2010年05月,福岡県太宰府市五条2丁目の貸店舗・事務所【21坪】,,福岡県太宰府市五条２丁目10-26,,,4.00,,,,,371.76,69.52,21.02,12031,2025/05/28,"2025/05/01 16:47","2025/05/28 14:10",先物(仲介),,昭和地所開発株式会社,-,"=""092-504-0088""",空有,,8180125
倉庫,R00177-004209,,,,空,アーカイブ(成約),無,550000,,階,1981年04月,福岡県福岡市南区清水4丁目の貸倉庫・事務所【81坪】,,福岡県福岡市南区清水４丁目6-33,,,6.00,,,,,,270.37,81.78,6725,2025/05/28,"2025/05/12 10:44","2025/05/28 09:11",先物(仲介),,株式会社センチュリーダイソー　福岡支店,-,"=""092-409-0188""",空有,田中さん担当,8150031
倉庫,R00177-004186,,,,居住中,アーカイブ(成約),無,385000,,階,1984年01月,福岡県大野城市仲畑2丁目の貸倉庫【59坪】,,福岡県大野城市仲畑２丁目10-43,,,4.00,,,,1.00,429.00,198.00,59.89,6428,2025/05/27,"2025/04/15 15:10","2025/05/27 13:57",先物(仲介),,昭和地所開発株式会社,-,"=""092-504-0088""",空有,4/16物確　向かって右側の倉庫のみ賃貸、前面の白いプレハブは撤去,8160921
倉庫,R00177-004102,,,,使用中,アーカイブ(成約),無,0,,階,2018年03月,宮崎県宮崎市港東1丁目の貸倉庫【100坪】,,宮崎県宮崎市港東１丁目10-1,,,,,,,,,330.60,100,,2025/05/28,"2025/01/31 11:47","2025/05/27 12:47",先物(仲介),,株式会社センチュリーダイソー　福岡支店,-,"=""092-409-0188""",,"100坪部分貸し
賃料・敷金・礼金：相談",8800851
貸地,R00177-004058,,,,その他,アーカイブ(成約),無,285000,,階,-,福岡県太宰府市大字大佐野の貸地【763坪】,,福岡県太宰府市大字大佐野589-1,,,6.00,1.00,,,,2524.00,,763.51,374,2025/05/27,"2024/12/11 15:20","2025/05/27 12:44",先物(仲介),,（有）アイワ不動産,-,"=""092-924-5700""",,12/19物確：空き、現地確認する場合は立ち合い,8180134
倉庫,R00177-004195,,,,居住中,アーカイブ(成約),無,238000,,階,2019年10月,福岡県春日市小倉1丁目の貸倉庫・事務所【31坪】,,福岡県春日市小倉１丁目86-2,,,4.00,,,,,,104.34,31.56,7541,2025/04/24,"2025/04/24 11:40","2025/05/26 17:52",先物(仲介),,（株）小倉不動産,-,"=""092-582-1000""",空有,オフィスエル2,8160824
倉庫,R00177-004192,,,,空,アーカイブ(成約),無,3630000,,階,2007年07月,福岡県久留米市宮ノ陣町若松の貸倉庫【852坪】,,福岡県久留米市宮ノ陣町若松1-44,,,2.00,1.00,,,,4000.62,2817.19,852.19,4260,2025/04/22,"2025/04/22 13:22","2025/05/26 17:41",先物(仲介),,アサヒ住宅情報株式会社,-,"=""0942-36-1818""",空有,,8390804
倉庫,R00177-004133,,,,空,アーカイブ(成約),無,2200000,,階,1993年12月,福岡県八女市津江の貸倉庫【952坪】,,福岡県八女市津江711,,,4.00,,,,,,3147.80,952.2,2311,2025/05/26,"2025/02/26 11:30","2025/05/26 16:49",先物(仲介),,福岡商事（株）,-,"=""092-715-6292""",空有,,8340024
倉庫,R00177-004216,,,,居住中,アーカイブ(成約),無,1000000,,階,1990年12月,福岡県直方市大字上境の貸倉庫・工場【248坪】,,福岡県直方市大字上境665-3,,,,,2.00,,,,823.00,248.95,4017,2025/05/20,"2025/05/20 14:04","2025/05/26 13:08",先物(仲介),,株式会社センチュリーダイソー　福岡支店,-,"=""092-409-0188""",空有,"2棟一括貸し（築年数などは工場条件にて入力）
R00177-004122　一棟貸し",8220006
店舗事務所(建物一括),R00177-004076,,,,空,アーカイブ(成約),無,440000,,階,2018年02月,福岡県福岡市東区和白2丁目の貸店舗・事務所【30坪】,,福岡県福岡市東区和白２丁目5-26,,,6.00,,,,,,99.51,30.1,14618,2025/05/21,"2025/01/09 10:48","2025/05/21 08:34",先物(仲介),,福岡市東部農業協同組合JRハウジングセンター,-,"=""092-621-4699""",空有,,8110202
倉庫,R00177-004163,,,,居住中,アーカイブ(成約),無,212058,,階,1996年08月,福岡県福岡市博多区西月隈5丁目の貸倉庫・事務所【22坪】,,福岡県福岡市博多区西月隈５丁目7-28-2,,,10.00,,,,,,74.98,22.68,9350,2025/05/20,"2025/03/26 10:58","2025/05/20 16:46",先物(仲介),,（株）エスパネット,-,"=""092-707-2835""",空有,パンリバース11　4号室,8120857
店舗事務所(建物一括),R00177-004208,,,,空,公開可,無,330000,,階,1991年10月,福岡県鞍手郡鞍手町大字小牧の貸店舗・事務所【44坪】,,福岡県鞍手郡鞍手町大字小牧2079-5,,,,2.00,,,,826.58,148.75,44.99,7334,2026/06/25,"2025/05/09 12:00","2025/05/19 17:50",先物(仲介),,（株）アイルハウジング,-,"=""093-614-3180""",空有,,8071311
倉庫,R00177-003975,,,,使用中,アーカイブ(成約),無,275000,,階,1986年06月,佐賀県神埼市神埼町本告牟田の貸倉庫【173坪】,,佐賀県神埼市神埼町本告牟田1270-2,,,6.00,,,,1.00,1755.00,574.97,173.92,1582,2025/03/31,"2024/10/01 10:26","2025/05/15 18:07",先物(仲介),,株式会社山崎不動産,-,"=""0952-53-3747""",空有,かんざきまちもとおりむた,8420013
店舗事務所(建物一括),R00177-004128,,,,空,アーカイブ(成約),無,600000,,階,1996年01月,福岡県京都郡苅田町鳥越町の貸事務所【58坪】,,福岡県京都郡苅田町鳥越町1-46,,,3.00,1.00,,,,1955.76,191.80,58.01,10342,2025/03/31,"2025/02/21 12:00","2025/05/15 18:04",先物(仲介),,株式会社田村ビルズ　小倉店,-,"=""093-980-3200""",空有,,8000304
店舗事務所(建物一括),R00177-003926,,,,空,アーカイブ(成約),無,200000,,階,1991年05月,福岡県遠賀郡水巻町中央の貸店舗・事務所【28坪】,,福岡県遠賀郡水巻町中央7-21,,,3.00,1.00,,,,317.47,93.55,28.29,7068,2025/04/07,"2024/08/21 14:56","2025/05/15 17:19",先物(仲介),,コンダクト不動産（株）,-,"=""093-512-0008""",空有,,8070023
貸地,R00177-004172,,,,更地,アーカイブ(成約),無,290000,,階,-,福岡県太宰府市御笠1丁目の貸地【384坪】,,福岡県太宰府市御笠１丁目9,,,6.00,,,,,1270.00,,384.17,755,2025/04/02,"2025/04/02 15:32","2025/05/15 16:35",先物(仲介),,入江不動産株式会社,-,"=""092-933-0001""",,,8180110
倉庫,R00177-004077,,,,空,アーカイブ(成約),無,220000,,階,2025年02月,福岡県大野城市畑ケ坂1丁目の貸倉庫・事務所【27坪】,,福岡県大野城市畑ケ坂１丁目8-10,,,5.00,1.00,,,,267.47,91.50,27.67,7949,2025/03/28,"2025/01/09 16:02","2025/05/15 16:31",先物(仲介),,（株）山築舎,-,"=""0940-62-5757""",空有,,8160982
倉庫,R00177-004177,,,,居住中,アーカイブ(成約),無,550000,,階,1974年11月,福岡県大野城市仲畑4丁目の貸倉庫・事務所【176坪】,,福岡県大野城市仲畑４丁目4-1,,,6.00,,,5.00,,,584.34,176.76,3112,2025/04/08,"2025/04/08 11:51","2025/05/15 16:28",先物(仲介),,(有)パイルコーポレーション,-,"=""092-452-2233""",空有,,8160921
店舗事務所(建物一部),R00177-004184,,,,空,アーカイブ(成約),無,1848000,,階,1990年03月,福岡県大野城市大字瓦田の貸店舗・事務所【257坪】,,福岡県大野城市大字瓦田3-13-10,,,6.00,,,,,,850.70,257.33,7182,2025/04/11,"2025/04/11 10:02","2025/05/15 16:26",先物(仲介),,三陽不動産（株）,-,"=""092-501-5554""",空有,"かわらだ
ステイタスMⅡ　1-2階",8160932
貸地,R00177-004113,,,,更地,アーカイブ(成約),無,950000,,階,-,福岡県筑紫野市大字原田の貸地【1582坪】,,福岡県筑紫野市大字原田832-49,,,,,,,,5231.87,,1582.64,601,2025/03/28,"2025/02/12 17:44","2025/05/15 14:46",先物(仲介),,九州電力送配電（株）福岡支社,-,"=""092-733-6785""",,,8180024
店舗事務所(建物一括),R00177-004164,,,,居住中,アーカイブ(成約),無,530000,,階,1994年10月,福岡県柳川市三橋町今古賀の貸店舗・事務所【90坪】,,福岡県柳川市三橋町今古賀143-5,,,6.00,,,,,,298.31,90.23,5874,2025/03/26,"2025/03/26 11:53","2025/05/15 14:06",先物(仲介),,（株）やまがみ不動産,-,"=""0944-75-6610""",空有,,8320823
倉庫,R00177-004159,,,,空,アーカイブ(成約),無,770000,,階,1991年05月,福岡県久留米市御井旗崎2丁目の貸倉庫【255坪】,,福岡県久留米市御井旗崎２丁目26-12,,,6.00,,,,,1145.00,845.60,255.79,3011,2025/03/19,"2025/03/19 11:42","2025/05/14 17:46",先物(仲介),,エム・エーコーポレーション（株）,-,"=""092-404-5020""",空有,,8390841
店舗事務所(建物一括),R00177-004157,,,,空,アーカイブ(成約),無,325000,,階,1998年03月,福岡県久留米市東合川3丁目の貸店舗・事務所【72坪】,,福岡県久留米市東合川３丁目14-4,,,3.00,,,,,,238.49,72.14,4505,2025/03/18,"2025/03/18 11:54","2025/05/14 17:45",先物(仲介),,うめの地所（株）,-,"=""0942-35-1111""",空有,,8390809
貸地,R00177-004093,,,,古家付,アーカイブ(成約),無,550000,,階,-,福岡県久留米市東櫛原町の貸地【343坪】,,福岡県久留米市東櫛原町283-1,,,6.00,,,,,1134.24,,343.1,1603,2025/03/27,"2025/01/21 15:36","2025/05/14 17:42",先物(仲介),,西日本産業株式会社,-,"=""0942-39-3211""",,,8300003
店舗事務所(建物一括),R00177-004053,,,,空,アーカイブ(成約),無,550000,,階,2000年03月,福岡県福岡市城南区七隈7丁目の貸店舗・事務所【12坪】,,福岡県福岡市城南区七隈７丁目2-7,,,6.00,1.00,,,,411.99,41.40,12.52,43918,2025/03/31,"2024/12/09 12:09","2025/05/14 17:33",先物(仲介),,（株）三和地所,-,"=""092-431-4488""",空有,,8140133
倉庫,R00177-003990,,,,空,アーカイブ(成約),無,462000,,階,1979年10月,福岡県福岡市博多区東光2丁目の貸倉庫・事務所【69坪】,,福岡県福岡市博多区東光２丁目22-33,,,8.00,,,,,,231.00,69.87,6612,2025/03/27,"2024/10/15 14:34","2025/05/14 15:26",先物(仲介),,三新不動産,-,"=""092-411-3029""",空有,"平野事務所倉庫
内覧は12月以降",8120008
倉庫,R00177-004147,,,,居住中,アーカイブ(成約),無,996996,,階,1977年02月,福岡県福岡市東区松島5丁目の貸倉庫【151坪】,,福岡県福岡市東区松島５丁目1-8,,,8.00,,,,,,499.37,151.05,6601,2025/04/03,"2025/03/06 11:07","2025/05/13 18:02",先物(仲介),,（株）真頼不動産,-,"=""092-781-3563""",空有,,8130062
倉庫,R00177-004082,,,,空,アーカイブ(成約),無,440000,,階,2025年03月,福岡県福岡市東区土井3丁目の貸倉庫・事務所【45坪】,,福岡県福岡市東区土井３丁目2-18,,,3.00,,,,,,150.00,45.37,9697,2025/03/27,"2025/01/15 09:58","2025/05/13 17:59",先物(仲介),,舞松原不動産（株）本店,-,"=""092-671-7171""",空有,"住所不確定：土井3丁目2-18？（アサヒガラス隣？）
2/18物確：3月以降内覧可",8130032
貸地,R00177-004154,,,,その他,アーカイブ(成約),無,275000,,階,-,福岡県京都郡苅田町幸町の貸地【195坪】,,福岡県京都郡苅田町幸町17-1,,,5.00,1.00,,,,647.00,,195.71,1406,2025/03/11,"2025/03/11 14:52","2025/05/13 17:50",先物(仲介),,Ｍ＆Ｍ（株）,-,"=""093-513-7430""",空有,,8000314
貸地,R00177-004068,,,,更地,アーカイブ(成約),無,474700,,階,-,福岡県朝倉郡筑前町依井の貸地【949坪】,,福岡県朝倉郡筑前町依井1345-1,,,6.00,,,,,3138.50,,949.39,501,2025/05/12,"2024/12/20 14:41","2025/05/12 17:20",先物(仲介),,株式会社センチュリーダイソー　福岡支店,田中,"=""092-409-0188""",,,8380813
店舗事務所(建物一括),R00177-004037,,,,空,アーカイブ(成約),無,550000,,階,2011年08月,福岡県北九州市八幡東区川淵町の貸店舗・事務所【44坪】,,福岡県北九州市八幡東区川淵町8-2,,,6.00,1.00,,,22000,560.00,148.13,44.8,12275,2025/03/31,"2024/11/27 15:17","2025/05/09 17:42",先物(仲介),,（株）デザイナーズラボ福岡,-,"=""093-883-1320""",,,8050012
倉庫,R00177-004089,,,,空,アーカイブ(成約),無,636218,,階,2025年02月,福岡県福岡市博多区堅粕4丁目の貸倉庫・事務所【52坪】,,福岡県福岡市博多区堅粕４丁目1,,115676,6.00,,,,,,173.84,52.58,12099,2025/05/07,"2025/01/17 15:28","2025/05/07 14:12",先物(仲介),,株式会社理創,-,"=""092-461-2333""",空有,嶋井ビジネスパーク　E（南2）,8120043
倉庫,R00177-004086,,,,空,アーカイブ(成約),無,549703,,階,2025年02月,福岡県福岡市博多区堅粕4丁目の貸倉庫・事務所【45坪】,,福岡県福岡市博多区堅粕４丁目1,,99946,6.00,,,,,,150.20,45.43,12099,2025/05/07,"2025/01/17 14:50","2025/05/07 13:47",先物(仲介),,株式会社理創,-,"=""092-461-2333""",空有,嶋井ビジネスパーク　B,8120043
倉庫,R00177-004085,,,,空,アーカイブ(成約),無,509410,,階,2025年02月,福岡県福岡市博多区堅粕4丁目の貸倉庫・事務所【42坪】,,福岡県福岡市博多区堅粕４丁目1,,92620,6.00,,,,,,139.20,42.1,12098,2025/05/07,"2025/01/17 14:49","2025/05/07 13:46",先物(仲介),,株式会社理創,-,"=""092-461-2333""",空有,嶋井ビジネスパーク　A,8120043
倉庫,R00177-004203,,,,使用中,アーカイブ(成約),無,198000,,階,2012年07月,福岡県福岡市博多区那珂4丁目の貸倉庫・事務所【20坪】,,福岡県福岡市博多区那珂４丁目23-1,,,6.00,,,,,,69.29,20.96,9447,2025/05/02,"2025/05/01 17:12","2025/05/02 17:38",先物(仲介),,株式会社大熊建設,-,"=""092-504-3142""",空有,オフィスパレア板付Ⅰ　2号室,8120893
倉庫,R00177-004198,,,,居住中,アーカイブ(成約),無,286000,,階,2013年02月,福岡市博多区金の隈1丁目の貸倉庫・事務所【28坪】,,福岡県福岡市博多区金の隈１丁目22-8,,,6.00,,,,,2110.92,95.40,28.85,9911,2025/05/02,"2025/04/25 11:57","2025/05/02 17:38",先物(仲介),,株式会社大熊建設,-,"=""092-504-3142""",空有,オフィスパレア金の隈Ⅰ　A棟2号室,8120863
倉庫,R00177-004125,,,,空,アーカイブ(成約),無,330000,,階,1998年03月,福岡県福岡市博多区東那珂3丁目の貸倉庫・事務所【44坪】,,福岡県福岡市博多区東那珂３丁目2-20,,,8.00,,,,,,147.27,44.54,7408,2025/05/01,"2025/02/19 15:11","2025/05/01 10:05",先物(仲介),,センチュリー21(株)みずほ不動産,-,"=""092-431-3933""",空有,第3ヒロタビル　3号室,8120892
店舗事務所(建物一括),R00177-004059,,,,空,アーカイブ(成約),無,220000,,階,2025年01月,福岡県大野城市筒井2丁目の貸店舗・事務所【17坪】,,福岡県大野城市筒井２丁目5,,,5.00,,,,,90.35,56.39,17.05,12898,2025/02/07,"2024/12/11 15:52","2025/04/30 17:23",先物(仲介),,戸渡不動産,-,"=""092-574-2255""",空有,水道の引込み管は２０mm,8160931
倉庫,R00177-004066,,,,空,アーカイブ(成約),無,395000,,階,1983年09月,佐賀県鳥栖市幸津町の貸倉庫【79坪】,,佐賀県鳥栖市幸津町1402-1,,,790000,395000,,,,,261.28,79.03,4998,2025/04/28,"2024/12/18 10:37","2025/04/28 10:26",先物(仲介),,有限会社太陽不動産,-,"=""0942-83-3451""",空有,,8410062
貸地,R00177-004191,,,,更地,アーカイブ(成約),無,380000,,階,-,福岡県糟屋郡志免町南里6丁目の貸地【290坪】,,福岡県糟屋郡志免町南里６丁目509-1,,,6.00,,,,,961.93,,290.98,1306,2025/04/24,"2025/04/21 14:14","2025/04/24 14:52",先物(仲介),,入江不動産株式会社,-,"=""092-933-0001""",,4/24物確：申込2件あり,8112207
倉庫,R00177-003944,,,,建築中,アーカイブ(成約),無,440000,,階,2025年01月,福岡県八女市宅間田の貸倉庫【168坪】,,福岡県八女市宅間田94-1,,,3.00,1.00,,,,,556.80,168.43,2613,2024/11/13,"2024/09/04 09:31","2025/04/24 12:13",先物(仲介),,（株）みなつきエステート,-,"=""0943-24-8184""",空有,元付もう1社あり（ATBB),8340001
倉庫,R00177-004111,,,,空,アーカイブ(成約),無,357500,,階,2024年05月,福岡県糟屋郡須惠町大字植木の貸倉庫【55坪】,,福岡県糟屋郡須惠町大字植木431-1,,,5.00,,,,,,183.50,55.5,6441,2025/04/24,"2025/02/07 09:42","2025/04/24 10:02",先物(仲介),,入江不動産株式会社,-,"=""092-933-0001""",空有,第50　MPL須恵Ⅰ　A-2,8112112
倉庫,R00177-004160,,,,使用中,アーカイブ(成約),無,550000,,階,2002年06月,福岡県築上郡築上町有安の貸倉庫【199坪】,,福岡県築上郡築上町大字有安374-3,,,1.00,1.00,,,,2459.08,660.48,199.79,2753,2025/04/22,"2025/03/24 10:42","2025/04/22 16:18",自社,一般媒介,株式会社センチュリーダイソー　福岡支店,-,"=""092-409-0188""",空有,オーナー：アドバンテージ物流様,8290313
貸地,R00177-004183,,,,更地,公開可,無,340000,,階,-,福岡県筑紫野市大字古賀の貸地【475坪】,,福岡県筑紫野市大字古賀207-2,,,2.00,,,,,1572.00,,475.53,715,2026/06/22,"2025/04/10 15:36","2025/04/18 16:42",先物(仲介),,株式会社岩久興産,-,"=""092-282-9780""",,,8180047
倉庫,R00177-003983,,,,空,アーカイブ(成約),無,418000,,階,1983年03月,福岡県大野城市仲畑2丁目の貸工場【43坪】,,福岡県大野城市仲畑２丁目4-38,,,5.00,,,3.00,,438.00,142.47,43.09,9700,2025/04/11,"2024/10/08 15:48","2025/04/11 11:14",先物(仲介),,（有）クリエイティブハウス,-,"=""092-572-5299""",空有,,8160921
店舗事務所(建物一括),R00177-004050,,,,空,アーカイブ(成約),無,880000,,階,1984年03月,福岡県糟屋郡志免町別府1丁目の貸店舗・事務所【118坪】,,福岡県糟屋郡志免町別府１丁目9-1,,,6.00,,,,,936.28,391.37,118.38,7434,2025/03/04,"2024/12/06 15:52","2025/04/07 15:35",先物(仲介),,不動商事（株）,-,"=""092-471-1687""",空有,"分割貸し可
■店舗①のみ：144.45㎡（43.70坪）家賃420,000円（税別）
■店舗①＋②：205.21㎡（62.07坪）家賃560,000円（税別）
■店舗③のみ：47.06㎡＋2階139.10㎡（計56.31坪）家賃350,000円（税別）
※店舗②のみの賃貸は不可",8112205
倉庫,R00177-004110,,,,居住中,アーカイブ(成約),無,220000,,階,2011年07月,福岡県福岡市東区松島3丁目の貸倉庫【25坪】,,福岡県福岡市東区松島３丁目14-6,,,6.00,,,,,589.15,84.33,25.5,8625,2025/04/07,"2025/02/06 15:44","2025/04/07 09:48",先物(仲介),,株式会社大熊建設,-,"=""092-504-3142""",空有,オフィスパレア松島Ⅰ　B棟4号室,8130062
倉庫,R00177-004146,,,,空,アーカイブ(成約),無,275000,,階,1982年06月,福岡県福岡市博多区東光2丁目の貸倉庫・事務所【55坪】,,福岡県福岡市博多区東光２丁目22-30,,,5.00,,,,,,184.80,55.9,4920,2025/03/10,"2025/03/05 10:57","2025/04/03 17:23",先物(仲介),,株式会社三好不動産,-,"=""092-716-5000""",空有,御馬所倉庫付事務所,8120008
店舗事務所(建物一部),R00177-003962,,,,空,アーカイブ(成約),無,363000,,階,1989年04月,福岡県福岡市東区和白3丁目の貸店舗・事務所【39坪】,,福岡県福岡市東区和白３丁目17-5,,,4.00,,,,11000,,132.22,39.99,9076,2025/02/26,"2024/09/20 12:08","2025/03/31 17:42",先物(仲介),,有限会社丸美不動産,-,"=""092-606-2838""",空有,サンライズ和白,8110202
店舗事務所(建物一括),R00177-003985,,,,空,アーカイブ(成約),無,495000,,階,1992年04月,福岡県福岡市博多区山王1丁目の貸事務所【63坪】,,福岡県福岡市博多区山王１丁目8-18,,,3.00,2.00,,,33000,,209.97,63.51,7794,2025/02/26,"2024/10/09 16:13","2025/03/31 17:41",先物(仲介),,株式会社ワイズパートナー,-,"=""092-432-6330""",空有,YSP山王,8120015
店舗事務所(建物一括),R00177-004045,,,,空,アーカイブ(成約),無,550000,,階,2000年11月,福岡県福岡市博多区東公園の貸店舗・事務所【20坪】,,福岡県福岡市博多区東公園2-22,,,6.00,,,,,125.77,69.30,20.96,26237,2025/02/26,"2024/12/03 12:11","2025/03/31 17:38",先物(仲介),,（株）ミニテック西日本　西新店,-,"=""092-845-0002""",空有,,8120045
店舗事務所(建物一括),R00177-004042,,,,空,アーカイブ(成約),無,380000,,階,1989年01月,福岡県福岡市西区大字羽根戸の貸店舗・事務所【40坪】,,福岡県福岡市西区大字羽根戸93-1,,,3.00,1.00,,,,1488.00,132.50,40.08,9481,2025/02/26,"2024/11/29 15:46","2025/03/31 17:22",先物(仲介),,（有）マコト産業,-,"=""092-833-4144""",空有,,8190038
店舗事務所(建物一括),R00177-004041,,,,居住中,アーカイブ(成約),無,242000,,階,2003年05月,福岡県久留米市山川安居野3丁目の貸店舗【20坪】,,福岡県久留米市山川安居野３丁目12-21,,,3.00,1.00,,,,323.71,66.40,20.08,12049,2025/02/14,"2024/11/29 12:03","2025/03/31 17:19",先物(仲介),,（株）ジャスティスアンドパートナーズ,-,"=""0942-33-1151""",,2/14物確：空き（荷物撤去中）,8390812
店舗事務所(建物一括),R00177-004021,,,,空,アーカイブ(成約),無,467500,,階,1984年04月,佐賀県鳥栖市藤木町の貸事務所【46坪】,,佐賀県鳥栖市藤木町3-18,,,6.00,,,,,,153.36,46.39,10078,2025/02/12,"2024/11/05 11:55","2025/03/31 17:01",先物(仲介),,（株）ＴＣＩ,-,"=""0942-85-8170""",空有,,8410048
倉庫,R00177-003989,,,,空,アーカイブ(成約),無,352000,,階,2006年06月,福岡県糟屋郡須惠町大字須惠の貸倉庫【25坪】,,福岡県糟屋郡須惠町大字須惠972-1,,,8.00,2.00,,,1.00,,85.53,25.87,13606,2025/02/12,"2024/10/11 12:22","2025/03/31 16:29",先物(仲介),,（株）桜ネクステージ,-,"=""092-719-0877""",空有,,8112113
倉庫,R00177-004075,,,,居住中,アーカイブ(成約),無,440000,,階,1997年07月,福岡県春日市春日7丁目の貸店舗・倉庫【61坪】,,福岡県春日市春日７丁目95,,,4.00,,,,55000,414.69,204.72,61.92,7106,2025/02/26,"2025/01/08 12:08","2025/03/31 16:24",先物(仲介),,昭和地所開発株式会社,-,"=""092-504-0088""",空有,,8160814
倉庫,R00177-004073,,,,使用中,アーカイブ(成約),無,660000,,階,2007年03月,福岡県福岡市東区二又瀬の貸倉庫・事務所【79坪】,,福岡県福岡市東区二又瀬1-17,,,6.00,2.00,,,,596.00,264.00,79.86,8265,2025/03/27,"2025/01/07 12:09","2025/03/28 17:11",先物(仲介),,株式会社センチュリーダイソー　福岡支店,-,"=""092-409-0188""",空有,,8120066
倉庫,R00177-003991,,,,空,アーカイブ(成約),無,330000,,階,2024年09月,福岡県大野城市南ケ丘1丁目の貸倉庫・事務所【37坪】,,福岡県大野城市南ケ丘１丁目1-5,,,4.00,,,,,,124.21,37.57,8783,2025/03/28,"2024/10/15 16:12","2025/03/28 16:06",先物(仲介),,青山地建（株）,-,"=""092-924-4111""",空有,"南ケ丘倉庫事務所 A
連絡なしで内覧可
現地キー　敷地内支柱電線にキーボックス「0703」　シャッター1本・勝手口1本",8160964
倉庫,R00177-004012,,,,空,アーカイブ(成約),無,880000,,階,1997年04月,福岡県久留米市荒木町白口の貸倉庫【308坪】,,福岡県久留米市荒木町白口1981-2,,,3.00,1.00,,,,,1020.80,308.79,2850,2025/02/12,"2024/10/29 12:06","2025/03/27 18:04",先物(仲介),,（株）みなつきエステート,-,"=""0943-24-8184""",空有,,8300062
倉庫,R00177-004023,,,,居住中,アーカイブ(成約),無,880000,,階,1974年12月,福岡県福岡市南区若久6丁目の貸倉庫【160坪】,,福岡県福岡市南区若久６丁目8-23,,,6.00,,,,,,530.40,160.44,5485,2025/02/12,"2024/11/07 14:16","2025/03/27 18:00",先物(仲介),,松嵜産興(株),-,"=""092-561-1111""",空有,,8150042
倉庫,R00177-004090,,,,空,公開可,無,990000,,階,1974年05月,福岡県福岡市東区多の津1丁目の貸倉庫・事務所【268坪】,,福岡県福岡市東区多の津１丁目8-5,,,3.00,,,,,,886.30,268.1,3693,2026/06/24,"2025/01/20 11:55","2025/03/27 17:40",先物(仲介),,舞松原不動産（株）本店,-,"=""092-671-7171""",空有,,8130034
店舗事務所(建物一括),R00177-003999,,,,空,アーカイブ(成約),無,792000,,階,2000年08月,福岡県福岡市東区箱崎6丁目の貸店舗・事務所【187坪】,,福岡県福岡市東区箱崎６丁目15-1,,,5.00,,,,,,621.28,187.93,4215,2025/03/25,"2024/10/18 16:04","2025/03/25 10:34",先物(仲介),,株式会社大井不動産,-,"=""092-524-0111""",空有,内覧方法:大井不動産HP(リアプロ)より内覧調整、現地キー,8120053
店舗事務所(建物一括),R00177-004123,,,,居住中,アーカイブ(成約),無,250000,,階,2015年10月,福岡県直方市大字中泉の貸店舗・事務所【57坪】,,福岡県直方市大字中泉1182-30,,,6.00,,,,,,191.10,57.8,4325,2025/03/24,"2025/02/18 15:44","2025/03/24 09:17",先物(仲介),,（株）フィナンシャル・マネジメント九州,-,"=""092-726-3336""",空有,"3/21物確　1番手申込あり、ほぼ決まり(2番手不可)
2/19物確：運送会社の事務所として使用中、立ち合いにて内覧可
普通借×、定借年数相談可",8220011
店舗事務所(建物一括),R00177-004016,,,,空,アーカイブ(成約),無,550000,,階,1975年01月,福岡県福岡市博多区博多駅南5丁目の貸店舗・事務所【25坪】,,福岡県福岡市博多区博多駅南５丁目4-3,,,4.00,1.00,,,,,85.00,25.71,21391,2025/03/18,"2024/10/31 12:03","2025/03/18 11:05",先物(仲介),,(株)プライムワン,-,"=""092-791-5526""",空有,,8120016
倉庫,R00177-004155,,,,空,アーカイブ(成約),無,0,,階,2016年11月,福岡県行橋市大字福丸の貸倉庫・工場【371坪】,,福岡県行橋市大字福丸770-1,,,,,,,,2578.34,1228.14,371.51,,2025/03/17,"2025/03/12 11:43","2025/03/17 12:49",先物(仲介),,三井不動産リアルティ九州,-,"=""092-711-3031""",空有,"※非公開
第一工場
各棟に2.8tクレーン1基あり",8240073
倉庫,R00177-004156,,,,空,アーカイブ(成約),無,0,,階,2016年11月,福岡県行橋市大字福丸の貸倉庫・工場【564坪】,,福岡県行橋市大字福丸737-1,,,,,,,,6437.77,1867.52,564.92,,2025/03/17,"2025/03/12 13:47","2025/03/17 12:49",先物(仲介),,三井不動産リアルティ九州,-,"=""092-711-3031""",空有,"※非公開
第二工場
2.8tクレーン2基あり",8240073
倉庫,R00177-004135,,,,建築中,アーカイブ(成約),無,374000,,階,2025年03月,福岡県福岡市博多区吉塚6丁目の貸倉庫・事務所【43坪】,,福岡県福岡市博多区吉塚６丁目6-69,,,6.00,,,,,,143.50,43.4,8616,2025/03/13,"2025/02/28 11:13","2025/03/13 14:35",先物(仲介),,(有)パイルコーポレーション,-,"=""092-452-2233""",空有,"SUMIKAビル
仲介中",8120041
倉庫,R00177-004126,,,,空,アーカイブ(成約),無,297000,,階,1994年03月,福岡県福岡市博多区豊1丁目の貸倉庫・事務所【43坪】,,福岡県福岡市博多区豊１丁目9-11,,,8.00,,,5.00,,,142.56,43.12,6888,2025/03/13,"2025/02/20 10:47","2025/03/13 14:30",先物(仲介),,（株）幸上不動産,-,"=""092-624-3710""",空有,岩源第2ビル,8120042
倉庫,R00177-003953,,,,使用中,アーカイブ(成約),無,7512274,,階,2006年10月,福岡県福岡市東区蒲田3丁目の貸倉庫【1951坪】,,福岡県福岡市東区蒲田３丁目9-12,,,,,,,,,6450.40,1951.24,3850,2025/03/12,"2024/09/12 11:31","2025/03/12 20:21",自社,一般媒介,株式会社センチュリーダイソー　福岡支店,-,"=""092-409-0188""",,"中村さん担当：顧問案件
B棟のみ
㈱九州丸和ロジスティクス",8130023
倉庫,R00177-004114,,,,使用中,アーカイブ(成約),無,242000,,階,2015年04月,福岡県福岡市東区多の津5丁目の貸倉庫・事務所【27坪】,,福岡県福岡市東区多の津５丁目23-18,,,6.00,,,,,471.22,90.23,27.29,8867,2025/03/10,"2025/02/13 10:56","2025/03/10 15:57",先物(仲介),,株式会社大熊建設,-,"=""092-504-3142""",空有,オフィスパレア多の津ⅡC　1号室,8130034
倉庫,R00177-004145,,,,居住中,アーカイブ(成約),無,330000,,階,2016年03月,福岡県福岡市東区松島3丁目の貸倉庫【37坪】,,福岡県福岡市東区松島３丁目8-13,,,6.00,,,,,1972.33,122.53,37.06,8904,2025/03/10,"2025/03/05 09:50","2025/03/10 15:56",先物(仲介),,株式会社大熊建設,-,"=""092-504-3142""",空有,オフィスパレア松島Ⅱ　B棟3号室,8130062
倉庫,R00177-004047,,,,空,アーカイブ(成約),無,220000,,階,2024年11月,福岡県福岡市南区曰佐5丁目の貸倉庫・事務所【22坪】,,福岡県福岡市南区曰佐５丁目12,,11000,,1.00,,,,,75.44,22.82,9641,2025/03/03,"2024/12/05 14:32","2025/03/03 11:12",先物(仲介),,三真不動産株式会社,-,"=""092-836-5105""",空有,"SunGarage曰佐 2号室
住所：曰佐5丁目12",8111313
店舗事務所(建物一部),R00177-003921,,,,築後未入居,アーカイブ(成約),無,1656369,,階,2024年07月,福岡県福岡市博多区博多駅前2丁目の貸店舗・事務所【45坪】,,福岡県福岡市博多区博多駅前２丁目5-7,,,12.00,,,,,,150.85,45.63,36299,2025/02/07,"2024/08/08 17:55","2025/02/26 15:55",先物(仲介),,清水総合開発㈱福岡管理室,-,"=""092-233-6705""",,I-FOREST博多駅前　1F,8120011
倉庫,R00177-004052,,,,居住中,アーカイブ(成約),無,350000,,階,1982年09月,福岡県大野城市大池1丁目の貸倉庫【49坪】,,福岡県大野城市大池１丁目5-26,,,4.00,,,,1.00,330.00,165.14,49.95,7007,2025/02/21,"2024/12/09 11:35","2025/02/21 14:27",先物(仲介),,昭和地所開発株式会社,-,"=""092-504-0088""",空有,,8160904
店舗事務所(建物一括),R00177-004038,,,,居住中,アーカイブ(成約),無,660000,,階,1999年12月,福岡県糟屋郡志免町別府2丁目の貸店舗・事務所【40坪】,,福岡県糟屋郡志免町別府２丁目17-8,,,8.00,,,,,,135.53,40.99,16099,2025/02/21,"2024/11/27 15:45","2025/02/21 13:40",先物(仲介),,株式会社三好不動産,-,"=""092-716-5000""",空有,"12/4物確：2月末退去、退去後内覧可
引渡し予定最短で4月頃、図面はふれんず掲載分のみ",8112205
店舗事務所(建物一括),R00177-004005,,,,,アーカイブ(成約),無,495000,,階,1996年02月,福岡県福岡市早良区野芥3丁目の貸店舗・事務所【31坪】,,福岡県福岡市早良区野芥３丁目30-587-4,,,6.00,1.00,,,,,103.52,31.31,15808,2025/02/21,"2024/10/22 12:05","2025/02/21 13:40",先物(仲介),,（株）三和地所,-,"=""092-431-4488""",空有,,8140171
倉庫,R00177-003955,,,,,アーカイブ(成約),無,0,,階,1991年01月,福岡県久留米市北野町中の貸倉庫【211坪】,,福岡県久留米市北野町中1702,,,,,,,,,699.15,211.49,,2025/02/21,"2024/09/13 17:36","2025/02/21 13:28",自社,一般媒介,株式会社センチュリーダイソー　福岡支店,中村,"=""092-409-0188""",,中村さん担当：顧問案件,8301113
倉庫,R00177-004051,,,,空,アーカイブ(成約),無,440000,,階,2003年08月,福岡県直方市大字植木の貸倉庫・工場【165坪】,,福岡県直方市大字植木1212,,,3.00,,,,,1942.88,546.50,165.31,2662,2025/02/21,"2024/12/09 10:53","2025/02/21 11:54",先物(仲介),,（株）不動産のデパートひろた　本社,-,"=""093-663-3939""",空有,クレーン2基（t数、動くかは不明。前テナント11月退去までは使用していたとの事）,8220031
倉庫,R00177-003972,,,,空,アーカイブ(成約),無,110000,,階,1992年02月,福岡県久留米市山川安居野3丁目の貸事務所【22坪】,,福岡県久留米市山川安居野３丁目11-20,,,3.00,,,,,470.84,72.73,22,5000,2025/02/21,"2024/09/27 16:12","2025/02/21 11:52",自社,,株式会社センチュリーダイソー　福岡支店,中村,"=""092-409-0188""",無,部分貸し　B区画（1F右側の事務所のみ）,8390812
店舗事務所(建物一括),R00177-004078,,,,居住中,アーカイブ(成約),無,330000,,階,1982年11月,福岡県福岡市東区二又瀬の貸店舗・事務所【41坪】,,福岡県福岡市東区二又瀬20-10,,11000,3.00,,,2.00,,268.00,135.80,41.07,8034,2025/02/21,"2025/01/10 11:50","2025/02/21 09:45",先物(仲介),,有限会社エムワン,-,"=""092-612-8677""",空有,,8120066
倉庫,R00177-004079,,,,居住中,アーカイブ(成約),無,240000,,階,1978年01月,福岡県福岡市東区二又瀬の貸倉庫・事務所【40坪】,,福岡県福岡市東区二又瀬3-15,,,4.00,,,3.00,1.00,230.93,132.64,40.12,5982,2025/02/21,"2025/01/10 12:19","2025/02/21 09:43",先物(仲介),,有限会社エムワン,-,"=""092-612-8677""",空有,"定借（最長5年）、内覧立ち合いにて可
木工所可",8120066
倉庫,R00177-004014,,,,空,アーカイブ(成約),無,330000,,階,1971年08月,福岡県筑後市大字西牟田の貸倉庫【525坪】,,福岡県筑後市大字西牟田5755-1,,,3.00,1.00,,,,2666.48,1736.36,525.24,629,2025/02/19,"2024/10/30 11:24","2025/02/19 20:33",先物(仲介),,(株)ヤマダエステート,-,"=""0944-72-4810""",空有,"11/20物確：現地キーボックス　1127
右手の倉庫入り口扉、雨どいに設置
注意事項：現状渡し、維持管理工事等全て借主負担
建物が広大なので消防点検の実施が必要になると思います、設備の点検・実施費用も貸主負担
物件向かいにオーナー使用中の倉庫があり、駐車場はオーナーと共用",8330053
倉庫,R00177-004018,,,,使用中,アーカイブ(成約),無,5950000,,階,2023年02月,福岡県朝倉市入地の貸倉庫【1704坪】,,福岡県朝倉市入地2428-1,,,1.00,1.00,,,,,5634.71,1704.49,3491,2025/02/14,"2024/11/01 14:12","2025/02/14 09:08",自社,一般媒介,株式会社センチュリーダイソー　福岡支店,中村さん担当,"=""092-409-0188""",,中村さん担当,8381315
貸地,R00177-004003,,,,更地,アーカイブ(成約),無,240000,,階,-,福岡県朝倉郡筑前町原地蔵の貸地【652坪】,,福岡県朝倉郡筑前町原地蔵2203-2,,,2.00,,,,,2157.00,,652.49,368,2025/01/08,"2024/10/21 15:59","2025/02/12 17:30",先物(仲介),,株式会社井本不動産,-,"=""0946-22-0256""",,,8380824
倉庫,R00177-004105,,,,居住中,アーカイブ(成約),無,660000,,階,2020年03月,福岡県大野城市仲畑3丁目の貸倉庫・事務所【81坪】,,福岡県大野城市仲畑３丁目2-10,,,6.00,,,,,444.00,270.01,81.67,8081,2025/02/06,"2025/02/06 11:28","2025/02/12 16:58",先物(仲介),,株式会社大熊建設,-,"=""092-504-3142""",空有,オフィスパレア?,8160921
倉庫,R00177-004054,,,,空,アーカイブ(成約),無,250000,,階,2000年01月,福岡県柳川市高島の貸倉庫【199坪】,,福岡県柳川市高島191-1,,,2.00,1.00,,,,,660.00,199.65,1253,2025/01/10,"2024/12/10 12:20","2025/02/12 16:57",先物(仲介),,(株)ヤマダエステート,-,"=""0944-72-4810""",空有,,8320002
倉庫,R00177-003960,,,,空,アーカイブ(成約),無,385000,,階,1989年06月,佐賀県鳥栖市鎗田町の貸倉庫・事務所【90坪】,,佐賀県鳥栖市鎗田町386,,,,,3.00,,,436.52,298.10,90.17,4270,2025/01/17,"2024/09/19 16:08","2025/02/12 11:44",先物(仲介),,株式会社大和ホールディングス,-,"=""0942-83-1851""",空有,,8410031
倉庫,R00177-004061,,,,空,アーカイブ(成約),無,330000,,階,1971年01月,福岡県久留米市大橋町常持の貸倉庫【200坪】,,福岡県久留米市大橋町常持869-3,,,6.00,,,,,,664.29,200.94,1643,2025/01/10,"2024/12/12 14:42","2025/02/10 16:35",先物(仲介),,（株）ツカサホーム,-,"=""0942-52-0800""",空有,,8390833
店舗事務所(建物一括),R00177-003988,,,,空,アーカイブ(成約),無,770000,,階,1990年11月,福岡県那珂川市片縄8丁目の貸店舗・事務所【124坪】,,福岡県那珂川市片縄８丁目136,35000,,6.00,1.00,,,,,412.57,124.8,6170,2024/12/26,"2024/10/11 11:45","2025/02/07 17:52",先物(仲介),,（株）フィナンシャル・マネジメント九州,-,"=""092-726-3336""",空有,複数業者掲載あり,8111201
店舗事務所(建物一部),R00177-003910,,,,空,アーカイブ(成約),無,220000,,階,1997年07月,福岡県福岡市博多区那珂6丁目の貸店舗・事務所【20坪】,,福岡県福岡市博多区那珂６丁目1-39,,,8.00,,,,,,66.12,20,11000,2024/12/24,"2024/08/02 10:45","2025/02/07 17:05",先物(仲介),,大産開発（有）,-,"=""092-715-1222""",空有,,8120893
倉庫,R00177-004027,,,,空,アーカイブ(成約),無,550000,,階,1973年07月,福岡県北九州市小倉北区西港町の貸倉庫・事務所【58坪】,,福岡県北九州市小倉北区西港町122-10,,,3.00,1.00,,1.00,,,191.85,58.03,9478,2024/12/24,"2024/11/12 15:00","2025/02/07 16:51",先物(仲介),,（株）ＡＸＩＳ,-,"=""093-661-7781""",空有,,8030801
倉庫,R00177-003951,,,,空,アーカイブ(成約),無,3300000,,階,1987年11月,福岡県福岡市博多区榎田2丁目の貸倉庫【283坪】,,福岡県福岡市博多区榎田２丁目2-22,,,6.00,1.00,,,,3266.79,936.00,283.14,11656,2025/01/10,"2024/09/10 14:10","2025/02/03 09:25",自社,一般媒介,株式会社センチュリーダイソー　福岡支店,-,"=""092-409-0188""",空有,"内覧:現地キー　
オーナー反響：㈱よしむら/吉村様
092-577-0819
080-4274-1116
天高：約9.75m-6.55m
梁下：8.1m-5.2m
シャッター開口：W5.7m??H3m
プラットフォーム高さ：60cm",8120004
倉庫,R00177-003918,,,,空,アーカイブ(成約),無,990000,,階,1991年02月,福岡県朝倉市下浦の貸倉庫・工場【282坪】,,福岡県朝倉市下浦2332-3,,10000,6.00,,,,,,933.99,282.53,3505,2025/02/01,"2024/08/07 13:37","2025/02/01 09:58",先物(仲介),,トライ不動産（株）,-,"=""0946-23-9900""",空有,"大福工場（2332番の3の建物）
天高：10.4m（梁下頂点）",8380055
倉庫,R00177-003917,,,,空,アーカイブ(成約),無,2970000,,階,2005年12月,福岡県朝倉市下浦の貸倉庫・工場【818坪】,,福岡県朝倉市下浦2327-1,,10000,6.00,,,,,,2707.39,818.98,3627,2025/02/01,"2024/08/07 12:01","2025/02/01 09:57",先物(仲介),,トライ不動産（株）,-,"=""0946-23-9900""",空有,"大福工場
①メイン工場：2,224.28㎡（672坪）
②事務所・工場：483.11㎡（146坪）
天高：11.4m（梁下頂点）
10/30物確：売買で検討客あり、申し込みはまだなので紹介可",8380055
倉庫,R00177-004015,,,,空,アーカイブ(成約),無,363000,,階,2024年10月,福岡県福岡市博多区那珂3丁目の貸倉庫・事務所【36坪】,,福岡県福岡市博多区那珂３丁目6-12,,,7.00,,,,,,122.00,36.9,9837,2024/12/24,"2024/10/30 12:23","2025/01/31 15:54",先物(仲介),,センチュリー21(株)みずほ不動産,-,"=""092-431-3933""",空有,アベイユ那珂1F,8120893
店舗事務所(建物一部),R00177-003967,,,,居住中,アーカイブ(成約),無,253000,,階,1996年06月,福岡県福岡市早良区昭代1丁目の貸店舗・事務所【23坪】,,福岡県福岡市早良区昭代１丁目16-3,,,5.00,,,,,,76.36,23.09,10953,2025/01/31,"2024/09/25 11:46","2025/01/31 11:28",先物(仲介),,マツマル（株）,-,"=""092-841-0501""",無,,8140012
貸地,R00177-003977,,,,更地,アーカイブ(成約),無,770000,,階,-,福岡県福岡市博多区半道橋2丁目の貸駐車場【400坪】,,福岡県福岡市博多区半道橋２丁目6-57,,,3.00,1.00,,,,1322.34,,400,1925,2025/01/29,"2024/10/02 16:16","2025/01/29 10:01",自社,一般媒介,株式会社センチュリーダイソー　福岡支店,-,"=""092-409-0188""",,"管理物件：九州シントー月極駐車場
※前面道路が狭く基準に満たないため建築基準おりない（建物建築不可）",8120897
倉庫,R00177-003956,,,,,アーカイブ(成約),無,0,,階,1983年06月,福岡県福岡市早良区荒江3丁目の貸倉庫【67坪】,,福岡県福岡市早良区荒江３丁目26-26,,,,,,,,,224.00,67.76,,2025/01/28,"2024/09/13 17:46","2025/01/28 18:01",自社,一般媒介,株式会社センチュリーダイソー　福岡支店,中村,"=""092-409-0188""",,中村さん担当：顧問案件,8140021
倉庫,R00177-004094,,,,空,アーカイブ(成約),無,385000,,階,1987年07月,福岡県福岡市東区多の津4丁目の貸倉庫・事務所【58坪】,,福岡県福岡市東区多の津４丁目19-5,,,5.00,,,,,,194.30,58.77,6551,2025/01/28,"2025/01/22 12:01","2025/01/28 17:27",先物(仲介),,ライフ（株）,-,"=""092-292-9151""",空有,,8130034
貸地,R00177-003942,,,,更地,アーカイブ(成約),無,448200,,階,-,福岡県福岡市東区蒲田5丁目の貸地【497坪】,,福岡県福岡市東区蒲田５丁目2,,,2.00,,,,,1646.22,,497.98,901,2025/01/10,"2024/09/02 15:41","2025/01/23 17:57",先物(仲介),,入江不動産株式会社,-,"=""092-933-0001""",,,8130023
貸地,R00177-004067,,,,更地,アーカイブ(成約),無,380000,,階,-,福岡県糟屋郡粕屋町戸原西4丁目の貸地【381坪】,,福岡県糟屋郡粕屋町戸原西４丁目3,,,2.00,,,,,1262.00,,381.75,996,2025/01/23,"2024/12/18 14:56","2025/01/23 15:43",先物(仲介),,ライフ（株）,-,"=""092-292-9151""",,,8112319
倉庫,R00177-004072,,,,居住中,アーカイブ(成約),無,297000,,階,1982年11月,福岡県福岡市博多区金の隈2丁目の貸倉庫・事務所【35坪】,,福岡県福岡市博多区金の隈２丁目18-28,,,5.00,1.00,,,,,117.34,35.49,8368,2025/01/20,"2025/01/07 11:14","2025/01/20 17:10",先物(仲介),,（有）不動産システム,-,"=""092-513-0805""",空有,内覧可、立ち合い,8120863
店舗事務所(建物一括),R00177-003922,,,,空,アーカイブ(成約),無,330000,,階,2001年01月,福岡県八女市蒲原の貸店舗・事務所【57坪】,,福岡県八女市蒲原1087-7,,,6.00,,,,,672.91,190.62,57.66,5723,2025/01/20,"2024/08/09 09:45","2025/01/20 09:29",先物(仲介),,有限会社仁賀木不動産,-,"=""0943-24-2369""",空有,,8340064
貸地,R00177-003970,,,,更地,アーカイブ(成約),無,660000,,階,-,福岡県那珂川市大字道善の貸地【461坪】,,福岡県那珂川市大字道善,,,10.00,,,,,1526.77,,461.84,1430,2024/11/08,"2024/09/27 11:33","2025/01/17 17:58",先物(仲介),,(株)ワカタケ不動産,-,"=""092-836-5669""",,那珂川市道善257-1（なかがわ保育園の隣）,8111254
倉庫,R00177-003998,,,,空,アーカイブ(成約),無,330000,,階,1988年06月,福岡県朝倉市三奈木の貸工場【45坪】,,福岡県朝倉市三奈木2817,,,2.00,2.00,,,11000,1747.32,148.80,45.01,7332,2024/11/14,"2024/10/18 15:20","2025/01/17 17:54",先物(仲介),,イーグルハウス㈱,-,"=""0946-22-0773""",,,8380023
貸地,R00177-003978,,,,更地,アーカイブ(成約),無,845791,,階,-,佐賀県鳥栖市轟木町の貸地【845坪】,,佐賀県鳥栖市轟木町1810,,,6.00,,,,,2796.00,,845.79,1001,2024/11/08,"2024/10/03 15:33","2025/01/17 16:37",先物(仲介),,(株)マツウラ,-,"=""0944-73-3964""",,,8410061
店舗事務所(建物一部),R00177-003957,,,,空,アーカイブ(成約),無,275000,,階,1992年06月,福岡県北九州市若松区片山1丁目の貸店舗・事務所【96坪】,,福岡県北九州市若松区片山１丁目3-5,,,,3.00,,,,,318.67,96.39,2853,2024/11/06,"2024/09/17 10:56","2025/01/17 16:06",先物(仲介),,株式会社ミクニ,-,"=""093-541-0392""",空有,1-2階部分貸し（一棟貸しの場合35万（税別））,8080106
倉庫,R00177-004002,,,,空,アーカイブ(成約),無,880000,,階,1988年06月,佐賀県鳥栖市藤木町の貸倉庫【304坪】,,佐賀県鳥栖市藤木町1-38,,,6.00,,,,,1008.06,1008.00,304.92,2887,2024/10/21,"2024/10/21 11:52","2025/01/16 09:28",先物(仲介),,（株）ＴＣＩ,-,"=""0942-85-8170""",空有,,8410048
倉庫,R00177-004010,,,,使用中,アーカイブ(成約),無,2746975,,階,1991年01月,福岡県福岡市博多区東那珂2丁目の貸倉庫【713坪】,,福岡県福岡市博多区東那珂２丁目21-23,,,,,,,,2293.00,2358.68,713.5,3850,2025/01/15,"2024/10/28 10:57","2025/01/15 17:21",先物(仲介),,株式会社理創,-,"=""092-461-2333""",空有,,8120892
貸地,R00177-003923,,,,更地,アーカイブ(成約),無,300000,,階,-,福岡県小郡市寺福童の貸地【580坪】,,福岡県小郡市寺福童6-1,,,,1.00,,,,1920.00,,580.8,517,2024/11/13,"2024/08/19 14:48","2025/01/10 17:59",先物(仲介),,（株）ｚｅｒｏソリューション,-,"=""0942-27-8000""",,,8380138
倉庫,R00177-004031,,,,空,アーカイブ(成約),無,242000,,階,1979年12月,福岡県筑後市大字野町の貸倉庫【151坪】,,福岡県筑後市大字野町250-1,,,,2.00,,,,,500.28,151.33,1600,2024/11/18,"2024/11/18 14:58","2025/01/10 17:57",先物(仲介),,（株）アドバイス不動産　筑後支店,-,"=""0942-53-0033""",空有,,8330032
倉庫,R00177-003939,,,,空,アーカイブ(成約),無,385000,,階,1999年01月,福岡県田川市大字夏吉の貸倉庫【176坪】,,福岡県田川市大字夏吉1792,,,,2.00,,,,1599.00,583.25,176.43,2183,2024/11/13,"2024/08/29 11:10","2025/01/10 17:16",先物(仲介),,(有)諸隈不動産,-,"=""0947-42-5001""",空有,,8250004
店舗事務所(建物一括),R00177-004040,,,,空,アーカイブ(成約),無,330000,,階,2009年10月,福岡県久留米市山川追分2丁目の貸店舗・事務所【43坪】,,福岡県久留米市山川追分２丁目4-11,,,6.00,1.00,,,,400.00,144.40,43.68,7555,2024/11/28,"2024/11/28 12:25","2025/01/10 17:14",先物(仲介),,（株）ヒトトイエ　久留米店,-,"=""0942-48-3686""",空有,,8390814
倉庫,R00177-004024,,,,空,アーカイブ(成約),無,390000,,階,1975年02月,福岡県福岡市東区多の津1丁目の貸倉庫・事務所【80坪】,,福岡県福岡市東区多の津１丁目8-4,,30000,3.00,1.00,,,,,266.92,80.74,4831,2024/12/05,"2024/11/08 12:08","2025/01/10 16:16",先物(仲介),,（株）Ｇ－ＣＯＲＰＯＲＡＴＩＯＮ,-,"=""092-791-8188""",空有,"福岡流通センター内ビル　1F
売買ありB00177-000301
12/5物確、申し込み入ったばかりなので紹介可との事",8130034
倉庫,R00177-004011,,,,空,アーカイブ(成約),無,1430000,,階,1995年08月,福岡県糟屋郡宇美町貴船3丁目の貸倉庫【183坪】,,福岡県糟屋郡宇美町貴船３丁目6-15,,,5.00,,,,,2114.50,605.09,183.03,7813,2024/10/29,"2024/10/29 11:10","2025/01/10 14:56",先物(仲介),,入江不動産株式会社,-,"=""092-933-0001""",空有,,8112131
倉庫,R00177-004056,,,,居住中,アーカイブ(成約),無,330000,,階,2000年01月,福岡県大野城市山田4丁目の貸倉庫・事務所【44坪】,,福岡県大野城市山田４丁目18-8,,,3.00,,,,,,147.13,44.5,7415,2025/01/08,"2024/12/10 15:36","2025/01/08 17:31",先物(仲介),,青山地建（株）,-,"=""092-924-4111""",空有,,8160922
貸地,R00177-003920,,,,,アーカイブ(成約),無,500000,,階,-,福岡県糟屋郡粕屋町大字柚須の貸地【211坪】,,福岡県糟屋郡粕屋町大字柚須148-5,,,2.00,1.00,,,,700.05,,211.76,2362,2025/01/06,"2024/08/08 14:14","2025/01/06 11:11",先物(仲介),,(株)フェリックスアールイー,-,"=""092-533-0115""",,"内覧は自由に可、移動できるものなら設置可
HPパスワード：3170
担当：カワハラ様",8112305
倉庫,R00177-004062,,,,空,アーカイブ(成約),無,2200000,,階,1985年08月,福岡第5倉庫　1-2階【513坪】,,福岡県福岡市東区多の津２丁目5-5,,22000,4.00,2.00,,,,1651.05,1698.10,513.67,4283,2024/12/27,"2024/12/12 17:41","2024/12/27 04:31",自社,一般媒介,株式会社センチュリーダイソー　福岡支店,-,"=""092-409-0188""",空有,"福岡第5倉庫　分割（1.2階）
契約年数相談可（定借のみ）
流通業務地区（工場×）
駐車場15台程度
営業倉庫取得について（前テナントは取得なし、台帳記載事項に検査番号の記載あり、検査済証原本なし）

内覧：立ち合い
NG業種：なし（申し込み後オーナー判断）
AD：満額契約であれば1ヶ月

シャッターH4、W5
庇　長さ4ｍ

EVサイズ
幅1.7ｍ×奥行2.3ｍ×高さ2.3ｍ
（入口幅1.4ｍ、高さ2.1ｍ）/耐荷重1t

天井高
1F　4.3ｍ
2F　3ｍ
3F　3～3.7ｍ

事務所
1F　8.5坪
3F　86.79坪

",8130034
倉庫,R00177-004063,,,,空,アーカイブ(成約),無,550000,,階,1985年08月,福岡第5倉庫　3階【258坪】,,福岡県福岡市東区多の津２丁目5-5,,22000,4.00,2.00,,,,1651.05,855.60,258.81,2126,2024/12/27,"2024/12/12 17:57","2024/12/27 04:31",自社,一般媒介,株式会社センチュリーダイソー　福岡支店,-,"=""092-409-0188""",空有,"福岡第5倉庫　分割（3階）
契約年数相談可（定借のみ）
流通業務地区（工場×）
駐車場15台程度
営業倉庫取得について（前テナントは取得なし、台帳記載事項に検査番号の記載あり、検査済証原本なし）

内覧：立ち合い
NG業種：なし（申し込み後オーナー判断）
AD：満額契約であれば1ヶ月

シャッターH4、W5
庇　長さ4ｍ

EVサイズ
幅1.7ｍ×奥行2.3ｍ×高さ2.3ｍ
（入口幅1.4ｍ、高さ2.1ｍ）/耐荷重1t

天井高
1F　4.3ｍ
2F　3ｍ
3F　3～3.7ｍ

事務所
1F　8.5坪
3F　86.79坪

",8130034
店舗事務所(建物一部),R00177-003996,,,,空,アーカイブ(成約),無,440000,,階,1997年07月,福岡県福岡市博多区那珂6丁目の貸店舗・事務所【40坪】,,福岡県福岡市博多区那珂６丁目1-39,,,8.00,,,,,,132.24,40,11000,2024/11/13,"2024/10/17 17:30","2024/12/24 17:54",先物(仲介),,大産開発（有）,-,"=""092-715-1222""",空有,,8120893
店舗事務所(建物一括),R00177-004019,,,,居住中,アーカイブ(成約),無,935000,,階,1987年05月,福岡県福岡市東区松崎4丁目の貸店舗・事務所【118坪】,,福岡県福岡市東区松崎４丁目31-23,,,8.00,,,,,1322.31,392.00,118.58,7885,2024/11/01,"2024/11/01 16:07","2024/12/24 17:09",先物(仲介),,株式会社立地ライズ,-,"=""092-292-5681""",空有,,8130035
貸地,R00177-004060,,,,空,公開可,無,500000,,階,-,福岡県古賀市天神1丁目の貸地【210坪】,,福岡県古賀市天神１丁目10-12,,,6.00,,,,,696.00,,210.54,2375,2026/06/25,"2024/12/12 14:02","2024/12/18 17:56",先物(仲介),,花鶴不動産商事,-,"=""092-942-7669""",,地番[753],8113101
貸地,R00177-004033,,,,更地,アーカイブ(成約),無,840000,,階,-,福岡県糟屋郡粕屋町戸原西1丁目の貸地【1399坪】,,福岡県糟屋郡粕屋町戸原西１丁目9,,,5.00,,,,,4627.00,,1399.66,601,2024/12/17,"2024/11/25 10:13","2024/12/17 13:41",先物(仲介),,ＡＤＤＲＥＳＳ（株）,-,"=""092-410-0850""",,管理看板：粕屋殖産㈱賃貸事業部（Googleストリートより）,8112319
倉庫,R00177-004055,,,,空,公開可,無,264000,,階,1973年09月,福岡県北九州市小倉北区井堀3丁目の貸倉庫・事務所【82坪】,,福岡県北九州市小倉北区井堀３丁目5-25,,,1.00,3.00,,,,,272.34,82.38,3205,2026/06/24,"2024/12/10 14:38","2024/12/16 16:11",先物(仲介),,山懸産業（株）,-,"=""093-923-0130""",空有,,8030835
倉庫,R00177-003946,,,,空,アーカイブ(成約),無,660000,,階,1984年11月,福岡県北九州市若松区南二島2丁目の貸倉庫【127坪】,,福岡県北九州市若松区南二島２丁目5-14,,,3.00,1.00,,,,661.29,422.19,127.71,5168,2024/12/13,"2024/09/05 11:46","2024/12/13 14:47",先物(仲介),,（株）不動産のデパートひろた　本社,-,"=""093-663-3939""",空有,"9/13物確：空き、内覧立ち合い
クレーン重さ・数は把握していないので現地確認くださいとの事（おそらく1基）
担当：北崎様（080-3936-3938）",8080109
店舗事務所(建物一括),R00177-004044,,,,居住中,公開可,無,770000,,階,1985年06月,福岡県飯塚市新飯塚の貸ビル【296坪】,,福岡県飯塚市新飯塚19-7,,,,2.00,,,,,981.41,296.87,2594,2026/06/24,"2024/12/03 12:02","2024/12/06 16:08",先物(仲介),,（株）サムライフ,-,"=""0948-43-2640""",空有,,8200005
倉庫,R00177-003948,,,,使用中,アーカイブ(成約),無,0,,階,1972年08月,福岡県糟屋郡粕屋町大字仲原の貸倉庫【200坪】,,福岡県糟屋郡粕屋町大字仲原2662-1,,,,,,,,,661.16,200,,2024/11/28,"2024/09/06 17:17","2024/11/28 17:12",自社,一般媒介,株式会社センチュリーダイソー　福岡支店,-,"=""092-409-0188""",空有,"中村さん担当：顧問案件
",8112304
倉庫,R00177-003911,,,,空,アーカイブ(成約),無,396000,,階,1984年02月,大分県宇佐市大字下高の貸倉庫【305坪】,,大分県宇佐市大字下高655-3,,,2.00,,,,,3681.08,1010.06,305.54,1297,2024/11/26,"2024/08/02 11:51","2024/11/26 13:35",先物(仲介),,株式会社ワールド九州　不動産窓口,-,"=""0979-23-9090""",空有,内覧：現地キーボックスあり,8790317
貸地,R00177-003995,,,,更地,アーカイブ(成約),無,500000,,階,-,福岡県福岡市西区福重2丁目の貸地【393坪】,,福岡県福岡市西区福重２丁目25-1,,,3.00,,,,,1300.00,,393.25,1272,2024/11/21,"2024/10/17 12:06","2024/11/21 16:48",先物(仲介),,（株）地栄不動産,-,"=""092-834-4404""",,,8190022
店舗事務所(建物一部),R00177-004009,,,,居住中,アーカイブ(成約),無,990000,,階,2009年09月,福岡県福岡市博多区井相田1丁目の貸倉庫【147坪】,,福岡県福岡市博多区井相田１丁目9-37,,,6.00,,,,,657.52,489.22,147.98,6690,2024/10/25,"2024/10/25 13:56","2024/11/20 16:25",先物(仲介),,株式会社大熊建設,-,"=""092-504-3142""",空有,"オフィスパレア井相田Ⅰ A棟",8120881
貸地,R00177-004013,,,,更地,アーカイブ(成約),無,497000,,階,-,福岡県福岡市博多区西月隈4丁目の貸地【414坪】,,福岡県福岡市博多区西月隈４丁目919-1,10000,,3.00,2.00,,,,1369.34,,414.22,1200,2024/11/20,"2024/10/29 15:00","2024/11/20 13:15",先物(仲介),,（株）共栄興産,-,"=""092-938-5873""",,,8120857
倉庫,R00177-004028,,,,居住中,アーカイブ(成約),無,550000,,階,1998年10月,福岡県大野城市御笠川4丁目の貸倉庫【90坪】,,福岡県大野城市御笠川４丁目10-4,,,6.00,,,,,706.89,297.68,90.04,6108,2024/11/15,"2024/11/13 11:56","2024/11/15 13:16",先物(仲介),,株式会社大熊建設,-,"=""092-504-3142""",空有,柴山倉庫,8160912
倉庫,R00177-003997,,,,居住中,アーカイブ(成約),無,242000,,階,1991年04月,福岡県大野城市中2丁目の貸倉庫・事務所【44坪】,,福岡県大野城市中２丁目13-33,,,3.00,,,,,,146.88,44.43,5447,2024/10/18,"2024/10/18 11:55","2024/11/14 18:05",先物(仲介),,不動産サービス福岡（株）,-,"=""092-595-8830""",空有,,8160906
倉庫,R00177-003973,,,,居住中,アーカイブ(成約),無,1108800,,階,1992年04月,福岡県福岡市中央区大宮1丁目の貸倉庫・事務所【126坪】,,福岡県福岡市中央区大宮１丁目5-28,,,8.00,,,,,,416.71,126.05,8797,2024/10/17,"2024/09/30 12:10","2024/11/13 17:53",先物(仲介),,中央地所（株）,-,"=""092-751-1711""",空有,"天高：
1F：2.5m~2.9m
2F：2.5m",8100013
倉庫,R00177-003984,,,,空,アーカイブ(成約),無,464000,,階,1978年03月,福岡県福岡市博多区博多駅南6丁目の貸倉庫・事務所【44坪】,,福岡県福岡市博多区博多駅南６丁目6-28,,,6.00,,,,,,148.75,44.99,10312,2024/10/09,"2024/10/09 11:42","2024/11/13 17:46",先物(仲介),,（株）エキナン地所,-,"=""092-710-5331""",空有,,8120016
倉庫,R00177-003908,,,,空,アーカイブ(成約),無,1100000,,階,2010年04月,福岡県福岡市東区二又瀬新町の貸倉庫【124坪】,,福岡県福岡市東区二又瀬新町9-18,,,6.00,,,,,993.19,412.13,124.66,8824,2024/10/17,"2024/08/01 11:43","2024/11/13 17:43",先物(仲介),,株式会社みぞえ,-,"=""092-715-1451""",空有,,8120065
倉庫,R00177-004006,,,,空,アーカイブ(成約),無,1265000,,階,2009年10月,福岡県糟屋郡粕屋町仲原3丁目の貸倉庫【151坪】,,福岡県糟屋郡粕屋町仲原３丁目7-17,,,6.00,,,,,1965.82,499.62,151.13,8370,2024/10/23,"2024/10/23 12:06","2024/11/09 16:09",先物(仲介),,(株)筑紫不動産リードハウス,-,"=""092-591-7888""",空有,,8112304
倉庫,R00177-003958,,,,空,アーカイブ(成約),無,275000,,階,1980年03月,福岡県福岡市博多区吉塚3丁目の貸倉庫・事務所【72坪】,,福岡県福岡市博多区吉塚３丁目4-3,,,6.00,,,,,,239.74,72.52,3792,2024/10/15,"2024/09/17 13:50","2024/11/06 17:02",先物(仲介),,（有）コアネット,-,"=""092-434-1735""",空有,"10/15　入居者との打ち合わせできておらず状況変わりなし。延期後の打ち合わせ日時も決まってなく、そのまま逃げる可能性あり。
10/3　入居者との打ち合わせ10/10にて予定 10~15日の間に鍵返却ある予定。それ以降の内覧申込受付。退去日延びており、確定していない
9/18　入居中のため内覧は10月以降できるようになるかも、との事。
外観確認のみで引き合いが複数あり",8120041
倉庫,R00177-004004,,,,使用中,アーカイブ(成約),無,550000,,階,1990年02月,福岡県北九州市小倉北区中井1丁目の貸倉庫【261坪】,,福岡県北九州市小倉北区中井１丁目1-28,,,3.00,1.00,,,,486.46,865.05,261.67,2102,2024/11/05,"2024/10/22 11:49","2024/11/05 10:06",先物(仲介),,株式会社ミクニ,-,"=""093-541-0392""",空有,,8030836
倉庫,R00177-003947,,,,使用中,アーカイブ(成約),無,0,,階,1990年09月,福岡県糟屋郡粕屋町大字大隈の貸倉庫【429坪】,,福岡県糟屋郡粕屋町大字大隈404,,,,,,,,,1419.25,429.32,,2024/11/05,"2024/09/06 14:57","2024/11/05 09:57",自社,一般媒介,株式会社センチュリーダイソー　福岡支店,-,"=""092-409-0188""",空有,"中村さん担当：顧問案件
地番：418-1、424-1他
※倉庫2のみ募集

倉庫1：2680㎡
倉庫2：1419.25㎡
事務所：70.03㎡
（ポンプ室8.93㎡※合計面積に含まず）",8112302
店舗事務所(建物一括),R00177-003949,,,,空,アーカイブ(成約),無,1155000,,階,1987年10月,福岡県福岡市博多区上牟田1丁目の貸倉庫・事務所【210坪】,,福岡県福岡市博多区上牟田１丁目18-5,,,10.00,,,,,,695.21,210.3,5493,2024/10/29,"2024/09/09 10:08","2024/10/29 13:41",先物(仲介),,株式会社三好不動産,-,"=""092-716-5000""",空有,"10.18 申込1件あり、オーナー判断の為引き続き募集",8120006
店舗事務所(建物一括),R00177-003992,,,,居住中,アーカイブ(成約),無,418000,,階,1997年10月,福岡県那珂川市片縄5丁目の貸店舗・事務所【67坪】,,福岡県那珂川市片縄５丁目134,,,6.00,,,,,,221.50,67,6239,2024/10/16,"2024/10/16 12:03","2024/10/17 18:06",先物(仲介),,西部ハウジング（有）,-,"=""092-511-8447""",空有,,8111201
倉庫,R00177-003974,,,,使用中,アーカイブ(成約),無,1210000,,階,2002年04月,福岡県糟屋郡須惠町大字旅石の貸倉庫【286坪】,,福岡県糟屋郡須惠町大字旅石225-1,,,4.00,,,,,,946.12,286.2,4228,2024/10/16,"2024/09/30 16:32","2024/10/16 11:25",先物(仲介),,西久大運輸倉庫株式会社,-,"=""092-409-4302""",空有,10/16掲載不可反響あり,8112221
倉庫,R00177-003925,,,,空,アーカイブ(成約),無,275000,,階,1991年08月,福岡県筑紫野市大字山家の貸倉庫【70坪】,,福岡県筑紫野市大字山家2194-12,,,3.00,1.00,,,,,233.66,70.68,3891,2024/10/15,"2024/08/20 12:12","2024/10/15 11:19",先物(仲介),,オールハート不動案,-,"=""092-591-0844""",空有,売買で決まったとの事,8180003
倉庫,R00177-003979,,,,居住中,アーカイブ(成約),無,242000,,階,2005年07月,福岡県八女市宅間田の貸倉庫【122坪】,,福岡県八女市宅間田270-1,,,3.00,1.00,,,,,405.65,122.7,1973,2024/10/10,"2024/10/07 11:34","2024/10/10 10:10",先物(仲介),,（株）みなつきエステート,-,"=""0943-24-8184""",空有,,8340001
倉庫,R00177-003915,,,,空,アーカイブ(成約),無,990000,,階,1976年03月,福岡県古賀市青柳の貸倉庫【200坪】,,福岡県古賀市青柳526-1,,,6.00,,,,,,664.12,200.89,4928,2024/09/05,"2024/08/06 11:29","2024/10/07 17:22",先物(仲介),,(有)グリーンエステート,-,"=""092-605-7375""",空有,,8113134
倉庫,R00177-003913,,,,居住中,アーカイブ(成約),無,385000,,階,2016年07月,福岡県八女市宅間田の貸倉庫【173坪】,,福岡県八女市宅間田95-1,,,3.00,1.00,,,,,575.00,173.93,2214,2024/10/07,"2024/08/05 14:38","2024/10/07 10:02",先物(仲介),,（株）みなつきエステート,-,"=""0943-24-8184""",空有,"中村さん仲介中

・業種
　食品加工工場としての使用可
・階高
　7500mm（うち床の厚さ約130ｍｍ）
・インフラ設備
　電気あり、プロパンガス
　水道（上水：井戸水　下水：トイレ用浄化槽）
※隣地に新築倉庫の建設予定あり、上水の引込工事可、
　下水は本下水管が通っていないため浄化槽設置予定",8340001
倉庫,R00177-003943,,,,居住中,アーカイブ(成約),無,2420000,,階,2006年04月,福岡県福岡市東区松島5丁目の貸倉庫【487坪】,,福岡県福岡市東区松島５丁目3-3,,,6.00,,,,,,1613.22,487.99,4960,2024/10/05,"2024/09/03 12:06","2024/10/05 00:05",先物(仲介),,(有)パイルコーポレーション,-,"=""092-452-2233""",空有,20240913貸主より運送業NG(契約直前で運送会社よりキャンセルされた為),8130062
倉庫,R00177-003936,,,,使用中,アーカイブ(成約),無,770000,,階,2010年02月,福岡県春日市桜ヶ丘1丁目の貸倉庫・事務所【99坪】,,福岡県春日市桜ヶ丘１丁目23-2,,,6.00,,,,,,329.96,99.81,7715,2024/10/03,"2024/08/28 11:53","2024/10/03 16:38",先物(仲介),,株式会社大熊建設,-,"=""092-504-3142""",空有,OP春日Ⅰ　B棟,8160872
倉庫,R00177-003954,,,,空,アーカイブ(成約),無,275000,,階,2017年04月,福岡県福岡市早良区重留1丁目の貸倉庫【22坪】,,福岡県福岡市早良区重留１丁目8-12,,,6.00,,,,,,72.96,22.07,12461,2024/09/30,"2024/09/12 13:42","2024/09/30 15:06",先物(仲介),,有限会社　エステート友丘,-,"=""092-863-3036""",空有,,8111101
倉庫,R00177-003966,,,,居住中,アーカイブ(成約),無,528000,,階,1988年09月,福岡県糟屋郡篠栗町大字尾仲の貸倉庫・事務所【200坪】,,福岡県糟屋郡篠栗町大字尾仲608-1,,,4.00,2.00,,,,768.00,663.20,200.61,2632,2024/09/25,"2024/09/24 11:28","2024/09/30 14:20",先物(仲介),,（株）ミドリエステート,-,"=""092-401-1720""",空有,"9/25物確：空き、図面資料はふれんずの平面図のみ
内覧立ち合い（平日のみ）",8112413
倉庫,R00177-003968,,,,,アーカイブ(成約),無,396000,,階,1972年10月,福岡県北九州市八幡西区夕原町の貸工場【74坪】,,福岡県北九州市八幡西区夕原町12-2,,,3.00,,,3.00,,,246.47,74.55,5312,2024/09/26,"2024/09/26 11:02","2024/09/26 11:38",先物(仲介),,（株）不動産のデパートひろた　本社,-,"=""093-663-3939""",空有,仲介中,8070813
倉庫,R00177-003935,,,,使用中,アーカイブ(成約),無,0,,階,1990年04月,福岡県糟屋郡粕屋町大字大隈の貸倉庫【46坪】,,福岡県糟屋郡粕屋町大字大隈441-1,,,,,,,,590.00,152.25,46.05,,2024/09/05,"2024/08/23 17:46","2024/09/13 22:17",自社,一般媒介,株式会社センチュリーダイソー　福岡支店,-,"=""092-409-0188""",空有,中村さん担当：顧問案件,8112302
店舗事務所(建物一括),R00177-003940,,,,居住中,アーカイブ(成約),無,262900,,階,1988年02月,福岡県八女市室岡の貸店舗【131坪】,,福岡県八女市室岡48-1,,,,,3.00,,,826.79,434.62,131.47,2000,2024/09/09,"2024/08/30 09:41","2024/09/09 11:21",先物(仲介),,ＣＩＦＯ（株）福岡支店,-,"=""092-738-3146""",空有,売買ありB00177-000265,8340066
倉庫,R00177-003938,,,,空,アーカイブ(成約),無,242000,,階,1978年01月,福岡県福津市津屋崎7丁目の貸倉庫【35坪】,,福岡県福津市津屋崎７丁目16-1,,,2.00,2.00,,1.00,,353.46,117.96,35.68,6782,2024/09/09,"2024/08/29 10:12","2024/09/09 10:11",先物(仲介),,（株）ｅｓｔアドバイザリーサービス,-,"=""092-724-8338""",空有,,8113304
倉庫,R00177-003919,,,,空,アーカイブ(成約),無,429000,,階,1992年06月,福岡県朝倉市下浦の貸倉庫・工場【117坪】,,福岡県朝倉市下浦2333-1,,10000,6.00,,,,,,389.52,117.82,3641,2024/08/07,"2024/08/07 15:17","2024/09/05 14:59",先物(仲介),,トライ不動産（株）,-,"=""0946-23-9900""",空有,大福工場（2333番の1の建物）,8380055
店舗事務所(建物一括),R00177-003914,,,,空,アーカイブ(成約),無,385000,,階,2012年11月,福岡県北九州市八幡西区大平1丁目の貸店舗・事務所【43坪】,,福岡県北九州市八幡西区大平１丁目11-7,,,4.00,1.00,,,,339.00,144.54,43.72,8806,2024/09/03,"2024/08/05 15:49","2024/09/03 18:11",先物(仲介),,（株）リブスマイル,-,"=""093-883-9358""",空有,,8070083
倉庫,R00177-003916,,,,空,アーカイブ(成約),無,590000,,階,1993年03月,福岡県糟屋郡新宮町大字立花口の貸倉庫【892坪】,,福岡県糟屋郡新宮町大字立花口1001-1,60000,,3.00,1.00,,,50000,,2950.00,892.37,662,2024/08/29,"2024/08/06 12:10","2024/09/02 16:51",先物(仲介),,楽HOUSE（株）福岡支店,-,"=""092-409-3363""",空有,"内覧：鍵預り
図面等資料無し、元付も現地確認していないので天井高など不明との事
9月2日　申込はいり成約",8110102
